DateTime,RightMouseLocation
2026/1/29 12:00:00,side
2026/1/29 12:38:34,corridor
2026/1/29 12:38:36,middle
2026/1/29 12:38:36,mid-sep
2026/1/29 12:38:37,middle
2026/1/29 12:38:45,corridor
2026/1/29 12:38:46,side
2026/1/29 12:39:33,corridor
2026/1/29 12:39:34,middle
2026/1/29 12:39:35,mid-sep
2026/1/29 12:39:39,middle
2026/1/29 12:39:42,corridor
2026/1/29 12:39:43,side
2026/1/29 14:16:34,corridor
2026/1/29 14:16:34,middle
2026/1/29 14:16:35,mid-sep
2026/1/29 14:16:36,middle
2026/1/29 14:16:40,mid-sep
2026/1/29 14:16:48,middle
2026/1/29 14:18:45,mid-sep
2026/1/29 14:19:22,middle
2026/1/29 14:21:06,corridor
2026/1/29 14:21:09,side
2026/1/29 14:21:41,corridor
2026/1/29 14:21:42,middle
2026/1/29 14:21:43,mid-sep
2026/1/29 14:22:12,middle
2026/1/29 14:22:14,corridor
2026/1/29 14:22:14,side
2026/1/29 14:26:33,corridor
2026/1/29 14:26:33,middle
2026/1/29 14:26:34,mid-sep
2026/1/29 14:26:35,middle
2026/1/29 14:26:36,corridor
2026/1/29 14:26:37,side
2026/1/29 14:28:16,corridor
2026/1/29 14:28:17,middle
2026/1/29 14:28:18,corridor
2026/1/29 14:28:18,side
2026/1/29 14:28:42,corridor
2026/1/29 14:28:43,side
2026/1/29 14:31:52,corridor
2026/1/29 14:31:53,middle
2026/1/29 14:31:55,mid-sep
2026/1/29 14:32:12,middle
2026/1/29 14:32:15,corridor
2026/1/29 14:32:15,side
2026/1/29 14:35:01,corridor
2026/1/29 14:35:02,middle
2026/1/29 14:40:21,mid-sep
2026/1/29 14:40:35,middle
2026/1/29 14:40:57,mid-sep
2026/1/29 14:41:08,middle
2026/1/29 14:41:13,corridor
2026/1/29 14:41:13,side
2026/1/29 16:06:11,corridor
2026/1/29 16:06:12,middle
2026/1/29 16:06:16,mid-sep
2026/1/29 16:06:25,middle
2026/1/29 16:06:36,mid-sep
2026/1/29 16:07:01,middle
2026/1/29 16:07:10,mid-sep
2026/1/29 16:07:17,middle
2026/1/29 16:07:21,corridor
2026/1/29 16:07:24,side
2026/1/29 16:07:39,corridor
2026/1/29 16:07:39,middle
2026/1/29 16:12:52,mid-sep
2026/1/29 16:13:11,middle
2026/1/29 16:13:46,mid-sep
2026/1/29 16:14:16,middle
2026/1/29 16:14:24,corridor
2026/1/29 16:14:25,side
2026/1/29 16:15:03,corridor
2026/1/29 16:15:03,middle
2026/1/29 16:15:04,mid-sep
2026/1/29 16:15:13,middle
2026/1/29 16:15:14,corridor
2026/1/29 16:15:14,side
2026/1/29 16:16:27,corridor
2026/1/29 16:16:27,middle
2026/1/29 16:16:28,mid-sep
2026/1/29 16:16:31,middle
2026/1/29 16:16:32,corridor
2026/1/29 16:16:32,side
2026/1/29 16:21:30,corridor
2026/1/29 16:21:30,middle
2026/1/29 16:21:33,mid-sep
2026/1/29 16:21:42,middle
2026/1/29 16:21:47,corridor
2026/1/29 16:21:48,side
2026/1/29 16:25:30,corridor
2026/1/29 16:25:30,middle
2026/1/29 16:25:31,mid-sep
2026/1/29 16:25:42,middle
2026/1/29 16:25:43,corridor
2026/1/29 16:25:44,side
2026/1/29 16:27:13,corridor
2026/1/29 16:27:14,middle
2026/1/29 16:27:16,corridor
2026/1/29 16:27:16,side
2026/1/29 16:29:44,corridor
2026/1/29 16:29:44,middle
2026/1/29 16:32:23,mid-sep
2026/1/29 16:32:43,middle
2026/1/29 16:32:47,mid-sep
2026/1/29 16:33:10,middle
2026/1/29 16:33:12,corridor
2026/1/29 16:33:13,side
2026/1/29 16:34:01,corridor
2026/1/29 16:34:02,middle
2026/1/29 16:34:03,mid-sep
2026/1/29 16:34:08,middle
2026/1/29 16:34:25,mid-sep
2026/1/29 16:34:26,middle
2026/1/29 16:40:26,mid-sep
2026/1/29 16:40:30,middle
2026/1/29 16:40:32,corridor
2026/1/29 16:40:33,side
2026/1/29 16:43:13,corridor
2026/1/29 16:43:13,middle
2026/1/29 16:43:14,mid-sep
2026/1/29 16:43:39,middle
2026/1/29 16:43:41,mid-sep
2026/1/29 16:44:09,middle
2026/1/29 16:44:10,corridor
2026/1/29 16:44:10,side
2026/1/29 16:44:39,corridor
2026/1/29 16:44:39,middle
2026/1/29 16:44:40,mid-sep
2026/1/29 16:44:53,middle
2026/1/29 16:44:53,corridor
2026/1/29 16:44:53,side
2026/1/29 16:45:16,corridor
2026/1/29 16:45:16,middle
2026/1/29 16:45:18,mid-sep
2026/1/29 16:45:21,middle
2026/1/29 16:45:22,corridor
2026/1/29 16:45:22,side
2026/1/29 16:46:06,corridor
2026/1/29 16:46:06,middle
2026/1/29 16:46:06,mid-sep
2026/1/29 16:46:16,middle
2026/1/29 16:46:16,corridor
2026/1/29 16:46:17,side
2026/1/29 16:49:48,corridor
2026/1/29 16:49:48,middle
2026/1/29 16:49:50,mid-sep
2026/1/29 16:50:26,middle
2026/1/29 16:50:29,corridor
2026/1/29 16:50:30,side
2026/1/29 16:52:24,corridor
2026/1/29 16:52:24,middle
2026/1/29 16:52:25,mid-sep
2026/1/29 16:52:40,middle
2026/1/29 16:52:42,corridor
2026/1/29 16:52:43,side
2026/1/29 16:55:07,corridor
2026/1/29 16:55:08,middle
2026/1/29 16:55:09,mid-sep
2026/1/29 16:55:36,middle
2026/1/29 16:56:14,mid-sep
2026/1/29 16:56:22,middle
2026/1/29 16:56:25,corridor
2026/1/29 16:56:26,side
2026/1/29 16:57:01,corridor
2026/1/29 16:57:02,middle
2026/1/29 16:57:02,mid-sep
2026/1/29 16:57:13,middle
2026/1/29 16:57:26,mid-sep
2026/1/29 16:57:56,middle
2026/1/29 16:58:07,mid-sep
2026/1/29 16:58:11,middle
2026/1/29 17:03:29,mid-sep
2026/1/29 17:03:36,middle
2026/1/29 17:03:38,corridor
2026/1/29 17:03:38,side
2026/1/29 17:06:26,corridor
2026/1/29 17:06:26,middle
2026/1/29 17:06:27,mid-sep
2026/1/29 17:06:36,middle
2026/1/29 17:07:21,mid-sep
2026/1/29 17:07:31,middle
2026/1/29 17:07:34,corridor
2026/1/29 17:07:34,side
2026/1/29 17:12:49,corridor
2026/1/29 17:12:49,middle
2026/1/29 17:12:52,mid-sep
2026/1/29 17:12:57,middle
2026/1/29 17:13:04,mid-sep
2026/1/29 17:13:46,middle
2026/1/29 17:14:00,corridor
2026/1/29 17:14:00,side
2026/1/29 17:15:03,corridor
2026/1/29 17:15:03,middle
2026/1/29 17:15:03,mid-sep
2026/1/29 17:15:12,middle
2026/1/29 17:15:14,corridor
2026/1/29 17:15:14,side
2026/1/29 17:16:38,corridor
2026/1/29 17:16:38,middle
2026/1/29 17:16:39,mid-sep
2026/1/29 17:17:16,middle
2026/1/29 17:17:25,mid-sep
2026/1/29 17:17:52,middle
2026/1/29 17:17:52,corridor
2026/1/29 17:17:53,side
2026/1/29 17:19:33,corridor
2026/1/29 17:19:34,middle
2026/1/29 17:19:35,mid-sep
2026/1/29 17:20:19,middle
2026/1/29 17:20:22,corridor
2026/1/29 17:20:22,side
2026/1/29 17:20:30,corridor
2026/1/29 17:20:30,middle
2026/1/29 17:20:31,mid-sep
2026/1/29 17:20:36,middle
2026/1/29 17:20:36,corridor
2026/1/29 17:20:36,side
2026/1/29 17:21:45,corridor
2026/1/29 17:21:45,middle
2026/1/29 17:21:46,mid-sep
2026/1/29 17:22:10,middle
2026/1/29 17:22:12,corridor
2026/1/29 17:22:13,side
2026/1/29 17:23:42,corridor
2026/1/29 17:23:43,middle
2026/1/29 17:23:44,mid-sep
2026/1/29 17:23:48,middle
2026/1/29 17:23:49,corridor
2026/1/29 17:23:49,side
2026/1/29 17:25:45,corridor
2026/1/29 17:25:45,middle
2026/1/29 17:25:46,mid-sep
2026/1/29 17:26:22,middle
2026/1/29 17:28:01,mid-sep
2026/1/29 17:28:11,middle
2026/1/29 17:28:21,mid-sep
2026/1/29 17:28:23,middle
2026/1/29 17:28:27,mid-sep
2026/1/29 17:28:31,middle
2026/1/29 17:28:44,mid-sep
2026/1/29 17:28:48,middle
2026/1/29 17:29:02,corridor
2026/1/29 17:29:03,side
2026/1/29 17:31:51,corridor
2026/1/29 17:31:51,middle
2026/1/29 17:31:52,mid-sep
2026/1/29 17:32:05,middle
2026/1/29 17:32:12,mid-sep
2026/1/29 17:32:14,middle
2026/1/29 17:32:17,corridor
2026/1/29 17:32:17,side
2026/1/29 17:33:02,corridor
2026/1/29 17:33:02,middle
2026/1/29 17:33:03,mid-sep
2026/1/29 17:33:10,middle
2026/1/29 17:33:58,mid-sep
2026/1/29 17:34:09,middle
2026/1/29 17:34:21,corridor
2026/1/29 17:34:22,side
2026/1/29 17:39:10,corridor
2026/1/29 17:39:10,middle
2026/1/29 17:39:12,mid-sep
2026/1/29 17:39:16,middle
2026/1/29 17:39:21,mid-sep
2026/1/29 17:39:28,middle
2026/1/29 17:39:30,corridor
2026/1/29 17:39:31,side
2026/1/29 17:40:31,corridor
2026/1/29 17:40:32,middle
2026/1/29 17:40:33,mid-sep
2026/1/29 17:40:36,middle
2026/1/29 17:40:41,corridor
2026/1/29 17:40:42,side
2026/1/29 17:41:25,corridor
2026/1/29 17:41:25,middle
2026/1/29 17:41:28,mid-sep
2026/1/29 17:41:43,middle
2026/1/29 17:41:48,corridor
2026/1/29 17:41:49,side
2026/1/29 17:47:38,corridor
2026/1/29 17:47:38,middle
2026/1/29 17:47:40,mid-sep
2026/1/29 17:48:06,middle
2026/1/29 17:48:07,corridor
2026/1/29 17:48:07,side
2026/1/29 17:50:28,corridor
2026/1/29 17:50:29,middle
2026/1/29 17:50:30,mid-sep
2026/1/29 17:50:50,middle
2026/1/29 17:50:51,corridor
2026/1/29 17:50:52,side
2026/1/29 17:52:52,corridor
2026/1/29 17:52:53,middle
2026/1/29 17:52:54,mid-sep
2026/1/29 17:53:05,middle
2026/1/29 17:53:08,corridor
2026/1/29 17:53:08,side
2026/1/29 17:53:36,corridor
2026/1/29 17:53:36,middle
2026/1/29 17:53:38,mid-sep
2026/1/29 17:53:59,middle
2026/1/29 17:54:20,mid-sep
2026/1/29 17:54:54,middle
2026/1/29 17:55:13,mid-sep
2026/1/29 17:55:19,middle
2026/1/29 17:55:29,corridor
2026/1/29 17:55:30,side
2026/1/29 17:55:41,corridor
2026/1/29 17:55:41,middle
2026/1/29 17:55:42,mid-sep
2026/1/29 17:55:43,middle
2026/1/29 17:55:53,mid-sep
2026/1/29 17:55:59,middle
2026/1/29 17:56:03,corridor
2026/1/29 17:56:04,side
2026/1/29 18:15:39,corridor
2026/1/29 18:15:39,middle
2026/1/29 18:15:40,mid-sep
2026/1/29 18:16:00,middle
2026/1/29 18:16:21,mid-sep
2026/1/29 18:16:27,middle
2026/1/29 18:16:33,mid-sep
2026/1/29 18:16:40,middle
2026/1/29 18:17:47,mid-sep
2026/1/29 18:17:49,middle
2026/1/29 18:18:04,mid-sep
2026/1/29 18:18:25,middle
2026/1/29 18:18:40,corridor
2026/1/29 18:18:41,side
2026/1/29 18:19:02,corridor
2026/1/29 18:19:02,middle
2026/1/29 18:19:04,mid-sep
2026/1/29 18:19:41,middle
2026/1/29 18:19:47,mid-sep
2026/1/29 18:19:57,middle
2026/1/29 18:20:03,mid-sep
2026/1/29 18:20:18,middle
2026/1/29 18:20:58,mid-sep
2026/1/29 18:21:19,middle
2026/1/29 18:21:21,corridor
2026/1/29 18:21:21,side
2026/1/29 18:22:19,corridor
2026/1/29 18:22:19,middle
2026/1/29 18:22:27,mid-sep
2026/1/29 18:22:53,middle
2026/1/29 18:22:54,corridor
2026/1/29 18:22:55,side
2026/1/29 18:23:20,corridor
2026/1/29 18:23:21,middle
2026/1/29 18:23:58,mid-sep
2026/1/29 18:23:59,middle
2026/1/29 18:24:02,corridor
2026/1/29 18:24:02,side
2026/1/29 18:24:15,corridor
2026/1/29 18:24:15,middle
2026/1/29 18:24:17,mid-sep
2026/1/29 18:24:23,middle
2026/1/29 18:24:26,mid-sep
2026/1/29 18:24:52,middle
2026/1/29 18:24:56,corridor
2026/1/29 18:24:56,side
2026/1/29 18:27:26,corridor
2026/1/29 18:27:26,middle
2026/1/29 18:27:28,mid-sep
2026/1/29 18:27:41,middle
2026/1/29 18:28:02,mid-sep
2026/1/29 18:28:09,middle
2026/1/29 18:28:16,corridor
2026/1/29 18:28:19,side
2026/1/29 18:35:55,corridor
2026/1/29 18:35:55,middle
2026/1/29 18:35:56,mid-sep
2026/1/29 18:35:58,middle
2026/1/29 18:36:05,corridor
2026/1/29 18:36:05,side
2026/1/29 18:36:26,corridor
2026/1/29 18:36:26,middle
2026/1/29 18:36:29,mid-sep
2026/1/29 18:36:46,middle
2026/1/29 18:36:52,mid-sep
2026/1/29 18:37:09,middle
2026/1/29 18:37:17,mid-sep
2026/1/29 18:37:19,middle
2026/1/29 18:37:51,corridor
2026/1/29 18:37:51,side
2026/1/29 18:39:09,corridor
2026/1/29 18:39:09,middle
2026/1/29 18:39:10,mid-sep
2026/1/29 18:39:36,middle
2026/1/29 18:39:44,corridor
2026/1/29 18:39:45,side
2026/1/29 18:43:13,corridor
2026/1/29 18:43:13,middle
2026/1/29 18:43:14,mid-sep
2026/1/29 18:43:28,middle
2026/1/29 18:43:30,corridor
2026/1/29 18:43:30,side
2026/1/29 18:46:35,corridor
2026/1/29 18:46:35,middle
2026/1/29 18:46:36,mid-sep
2026/1/29 18:46:37,middle
2026/1/29 18:46:38,corridor
2026/1/29 18:46:38,side
2026/1/29 18:48:09,corridor
2026/1/29 18:48:10,middle
2026/1/29 18:48:11,mid-sep
2026/1/29 18:48:20,middle
2026/1/29 18:48:32,mid-sep
2026/1/29 18:48:35,middle
2026/1/29 18:48:40,mid-sep
2026/1/29 18:48:42,middle
2026/1/29 18:49:27,mid-sep
2026/1/29 18:49:33,middle
2026/1/29 18:49:45,mid-sep
2026/1/29 18:49:57,middle
2026/1/29 18:50:03,mid-sep
2026/1/29 18:50:11,middle
2026/1/29 18:50:19,corridor
2026/1/29 18:50:25,middle
2026/1/29 18:50:26,mid-sep
2026/1/29 18:50:31,middle
2026/1/29 18:51:11,mid-sep
2026/1/29 18:51:18,middle
2026/1/29 18:51:21,corridor
2026/1/29 18:51:22,side
2026/1/29 18:52:06,corridor
2026/1/29 18:52:06,middle
2026/1/29 18:52:08,corridor
2026/1/29 18:52:12,middle
2026/1/29 18:54:51,corridor
2026/1/29 18:54:53,side
2026/1/29 18:56:45,corridor
2026/1/29 18:56:46,middle
2026/1/29 18:56:47,mid-sep
2026/1/29 18:57:39,middle
2026/1/29 18:57:42,mid-sep
2026/1/29 18:57:47,middle
2026/1/29 18:57:48,corridor
2026/1/29 18:57:49,side
2026/1/29 18:58:20,corridor
2026/1/29 18:58:21,middle
2026/1/29 18:58:39,mid-sep
2026/1/29 18:58:46,middle
2026/1/29 18:58:48,corridor
2026/1/29 18:58:48,side
2026/1/29 18:59:17,corridor
2026/1/29 18:59:17,middle
2026/1/29 19:02:14,mid-sep
2026/1/29 19:02:23,middle
2026/1/29 19:02:41,mid-sep
2026/1/29 19:02:43,middle
2026/1/29 19:02:49,corridor
2026/1/29 19:02:50,side
2026/1/29 19:03:21,corridor
2026/1/29 19:03:22,middle
2026/1/29 19:03:23,mid-sep
2026/1/29 19:03:41,middle
2026/1/29 19:03:49,mid-sep
2026/1/29 19:04:07,middle
2026/1/29 19:04:08,corridor
2026/1/29 19:04:09,side
2026/1/29 19:08:41,corridor
2026/1/29 19:08:42,middle
2026/1/29 19:08:50,mid-sep
2026/1/29 19:08:54,middle
2026/1/29 19:09:07,mid-sep
2026/1/29 19:09:14,middle
2026/1/29 19:09:50,mid-sep
2026/1/29 19:09:53,middle
2026/1/29 19:13:30,mid-sep
2026/1/29 19:13:32,middle
2026/1/29 19:15:40,mid-sep
2026/1/29 19:15:53,middle
2026/1/29 19:18:30,mid-sep
2026/1/29 19:18:34,middle
2026/1/29 19:18:39,corridor
2026/1/29 19:18:40,side
2026/1/29 19:20:51,corridor
2026/1/29 19:20:51,middle
2026/1/29 19:20:53,mid-sep
2026/1/29 19:21:12,middle
2026/1/29 19:21:14,corridor
2026/1/29 19:21:14,side
2026/1/29 19:22:54,corridor
2026/1/29 19:22:54,middle
2026/1/29 19:22:56,mid-sep
2026/1/29 19:22:59,middle
2026/1/29 19:23:01,corridor
2026/1/29 19:23:01,side
2026/1/29 19:26:32,corridor
2026/1/29 19:26:33,middle
2026/1/29 19:26:36,mid-sep
2026/1/29 19:26:45,middle
2026/1/29 19:26:49,corridor
2026/1/29 19:26:51,side
2026/1/29 19:29:45,corridor
2026/1/29 19:29:46,middle
2026/1/29 19:29:48,corridor
2026/1/29 19:29:48,side
2026/1/29 19:32:38,corridor
2026/1/29 19:32:45,middle
2026/1/29 19:32:48,mid-sep
2026/1/29 19:32:51,middle
2026/1/29 19:32:52,corridor
2026/1/29 19:32:52,side
2026/1/29 19:36:11,corridor
2026/1/29 19:36:16,middle
2026/1/29 19:36:17,mid-sep
2026/1/29 19:36:37,middle
2026/1/29 19:36:38,corridor
2026/1/29 19:36:39,side
2026/1/29 19:37:23,corridor
2026/1/29 19:37:23,middle
2026/1/29 19:37:34,mid-sep
2026/1/29 19:37:36,middle
2026/1/29 19:37:38,corridor
2026/1/29 19:37:39,side
2026/1/29 19:40:23,corridor
2026/1/29 19:40:24,middle
2026/1/29 19:40:25,mid-sep
2026/1/29 19:40:27,middle
2026/1/29 19:40:28,corridor
2026/1/29 19:40:29,side
2026/1/29 19:46:58,corridor
2026/1/29 19:46:59,middle
2026/1/29 19:47:00,mid-sep
2026/1/29 19:47:08,middle
2026/1/29 19:47:56,mid-sep
2026/1/29 19:48:15,middle
2026/1/29 19:48:48,corridor
2026/1/29 19:48:48,side
2026/1/29 19:51:14,corridor
2026/1/29 19:51:16,middle
2026/1/29 19:51:23,mid-sep
2026/1/29 19:51:37,middle
2026/1/29 19:52:05,corridor
2026/1/29 19:52:06,side
2026/1/29 19:55:49,corridor
2026/1/29 19:55:49,middle
2026/1/29 19:55:50,mid-sep
2026/1/29 19:56:00,middle
2026/1/29 19:56:28,mid-sep
2026/1/29 19:57:19,middle
2026/1/29 19:57:21,corridor
2026/1/29 19:57:22,side
2026/1/29 19:57:37,corridor
2026/1/29 19:57:38,middle
2026/1/29 19:57:39,mid-sep
2026/1/29 19:57:48,middle
2026/1/29 19:58:01,corridor
2026/1/29 19:58:01,side
2026/1/29 19:58:28,corridor
2026/1/29 19:58:30,middle
2026/1/29 19:58:41,mid-sep
2026/1/29 19:58:46,middle
2026/1/29 20:01:36,corridor
2026/1/29 20:01:37,side
2026/1/29 20:01:56,corridor
2026/1/29 20:01:58,middle
2026/1/29 20:02:00,mid-sep
2026/1/29 20:02:06,middle
2026/1/29 20:02:24,mid-sep
2026/1/29 20:02:38,middle
2026/1/29 20:02:41,mid-sep
2026/1/29 20:02:48,middle
2026/1/29 20:02:49,corridor
2026/1/29 20:02:49,side
2026/1/29 20:07:10,corridor
2026/1/29 20:07:10,middle
2026/1/29 20:07:11,mid-sep
2026/1/29 20:07:53,middle
2026/1/29 20:13:54,mid-sep
2026/1/29 20:14:32,middle
2026/1/29 20:14:43,corridor
2026/1/29 20:14:44,side
2026/1/29 20:16:06,corridor
2026/1/29 20:16:06,middle
2026/1/29 20:16:06,mid-sep
2026/1/29 20:16:25,middle
2026/1/29 20:22:14,mid-sep
2026/1/29 20:22:49,middle
2026/1/29 20:23:14,mid-sep
2026/1/29 20:23:24,middle
2026/1/29 20:23:25,corridor
2026/1/29 20:23:25,side
2026/1/29 20:25:01,corridor
2026/1/29 20:25:01,middle
2026/1/29 20:25:02,mid-sep
2026/1/29 20:25:16,middle
2026/1/29 20:25:24,corridor
2026/1/29 20:25:25,side
2026/1/29 20:25:45,corridor
2026/1/29 20:25:46,middle
2026/1/29 20:25:47,mid-sep
2026/1/29 20:26:37,middle
2026/1/29 20:27:19,mid-sep
2026/1/29 20:27:31,middle
2026/1/29 20:27:36,corridor
2026/1/29 20:27:36,side
2026/1/29 20:28:47,corridor
2026/1/29 20:28:48,middle
2026/1/29 20:28:55,mid-sep
2026/1/29 20:29:37,middle
2026/1/29 20:30:01,mid-sep
2026/1/29 20:30:12,middle
2026/1/29 20:30:17,corridor
2026/1/29 20:30:18,side
2026/1/29 20:30:45,corridor
2026/1/29 20:30:46,middle
2026/1/29 20:30:48,corridor
2026/1/29 20:30:48,side
2026/1/29 20:32:20,corridor
2026/1/29 20:32:20,middle
2026/1/29 20:34:56,mid-sep
2026/1/29 20:35:16,middle
2026/1/29 20:35:17,corridor
2026/1/29 20:35:18,side
2026/1/29 21:22:00,corridor
2026/1/29 21:22:01,middle
2026/1/29 21:22:02,mid-sep
2026/1/29 21:22:06,middle
2026/1/29 21:23:44,corridor
2026/1/29 21:23:49,side
2026/1/29 21:23:56,corridor
2026/1/29 21:23:58,middle
2026/1/29 21:23:59,mid-sep
2026/1/29 21:24:09,middle
2026/1/29 21:24:10,corridor
2026/1/29 21:24:11,side
2026/1/29 21:24:38,corridor
2026/1/29 21:24:39,middle
2026/1/29 21:24:40,mid-sep
2026/1/29 21:25:05,middle
2026/1/29 21:25:12,corridor
2026/1/29 21:25:20,side
2026/1/29 21:25:22,corridor
2026/1/29 21:25:23,middle
2026/1/29 21:25:23,mid-sep
2026/1/29 21:25:23,middle
2026/1/29 21:25:24,corridor
2026/1/29 21:25:25,side
2026/1/29 21:25:50,corridor
2026/1/29 21:25:51,middle
2026/1/29 21:25:52,mid-sep
2026/1/29 21:26:08,middle
2026/1/29 21:26:08,corridor
2026/1/29 21:26:09,side
2026/1/29 21:26:33,corridor
2026/1/29 21:26:34,middle
2026/1/29 21:27:36,corridor
2026/1/29 21:27:48,side
2026/1/29 21:27:50,corridor
2026/1/29 21:27:51,middle
2026/1/29 21:27:52,mid-sep
2026/1/29 21:28:07,middle
2026/1/29 21:28:09,mid-sep
2026/1/29 21:28:10,middle
2026/1/29 21:28:13,corridor
2026/1/29 21:28:18,side
2026/1/29 21:33:05,corridor
2026/1/29 21:33:06,middle
2026/1/29 21:33:06,mid-sep
2026/1/29 21:33:48,middle
2026/1/29 21:33:49,corridor
2026/1/29 21:33:50,side
2026/1/29 21:34:40,corridor
2026/1/29 21:34:42,middle
2026/1/29 21:34:57,mid-sep
2026/1/29 21:35:05,middle
2026/1/29 21:35:08,corridor
2026/1/29 21:35:09,side
2026/1/29 21:37:56,corridor
2026/1/29 21:37:58,middle
2026/1/29 21:38:02,mid-sep
2026/1/29 21:38:11,middle
2026/1/29 21:38:15,mid-sep
2026/1/29 21:38:37,middle
2026/1/29 21:38:50,mid-sep
2026/1/29 21:39:04,middle
2026/1/29 21:39:47,mid-sep
2026/1/29 21:40:00,middle
2026/1/29 21:40:11,corridor
2026/1/29 21:40:13,side
2026/1/29 21:40:49,corridor
2026/1/29 21:40:58,middle
2026/1/29 21:41:04,mid-sep
2026/1/29 21:41:28,middle
2026/1/29 21:41:36,mid-sep
2026/1/29 21:41:42,middle
2026/1/29 21:42:27,mid-sep
2026/1/29 21:42:34,middle
2026/1/29 21:43:29,mid-sep
2026/1/29 21:43:40,middle
2026/1/29 21:43:45,corridor
2026/1/29 21:43:48,side
2026/1/29 21:44:45,corridor
2026/1/29 21:44:47,middle
2026/1/29 21:44:48,mid-sep
2026/1/29 21:44:58,middle
2026/1/29 21:44:59,corridor
2026/1/29 21:45:02,side
2026/1/29 21:46:06,corridor
2026/1/29 21:46:09,middle
2026/1/29 21:47:04,mid-sep
2026/1/29 21:47:06,middle
2026/1/29 21:50:27,mid-sep
2026/1/29 21:50:28,middle
2026/1/29 21:52:10,corridor
2026/1/29 21:52:12,side
2026/1/29 21:56:17,corridor
2026/1/29 21:56:20,middle
2026/1/29 21:56:22,mid-sep
2026/1/29 21:56:37,middle
2026/1/29 21:56:53,mid-sep
2026/1/29 21:56:55,middle
2026/1/29 21:57:07,mid-sep
2026/1/29 21:57:10,middle
2026/1/29 21:57:50,mid-sep
2026/1/29 21:57:51,middle
2026/1/29 22:01:37,mid-sep
2026/1/29 22:01:38,middle
2026/1/29 22:03:19,corridor
2026/1/29 22:03:21,side
2026/1/29 23:26:43,corridor
2026/1/29 23:26:44,middle
2026/1/29 23:29:11,mid-sep
2026/1/29 23:29:53,middle
2026/1/29 23:30:07,corridor
2026/1/29 23:30:14,side
2026/1/29 23:30:36,corridor
2026/1/29 23:30:38,middle
2026/1/29 23:32:28,mid-sep
2026/1/29 23:32:35,middle
2026/1/29 23:32:36,corridor
2026/1/29 23:32:38,side
2026/1/29 23:33:16,corridor
2026/1/29 23:33:21,middle
2026/1/29 23:33:22,mid-sep
2026/1/29 23:33:32,middle
2026/1/29 23:33:36,mid-sep
2026/1/29 23:33:37,middle
2026/1/29 23:33:41,mid-sep
2026/1/29 23:33:57,middle
2026/1/29 23:34:04,corridor
2026/1/29 23:34:06,side
2026/1/29 23:35:14,corridor
2026/1/29 23:35:15,middle
2026/1/29 23:36:45,mid-sep
2026/1/29 23:37:12,middle
2026/1/29 23:37:14,corridor
2026/1/29 23:37:15,side
2026/1/29 23:37:42,corridor
2026/1/29 23:37:46,middle
2026/1/29 23:38:02,mid-sep
2026/1/29 23:38:10,middle
2026/1/29 23:38:11,corridor
2026/1/29 23:38:12,side
2026/1/29 23:39:52,corridor
2026/1/29 23:39:53,middle
2026/1/29 23:39:57,mid-sep
2026/1/29 23:40:03,middle
2026/1/29 23:40:05,mid-sep
2026/1/29 23:40:06,middle
2026/1/29 23:40:07,corridor
2026/1/29 23:40:10,side
2026/1/29 23:41:40,corridor
2026/1/29 23:41:42,middle
2026/1/29 23:45:32,mid-sep
2026/1/29 23:46:01,middle
2026/1/29 23:51:30,mid-sep
2026/1/29 23:51:51,middle
2026/1/29 23:52:16,corridor
2026/1/29 23:52:17,side
2026/1/29 23:52:27,corridor
2026/1/29 23:52:28,middle
2026/1/29 23:52:28,mid-sep
2026/1/29 23:52:30,middle
2026/1/29 23:52:32,corridor
2026/1/29 23:52:36,side
2026/1/29 23:53:00,corridor
2026/1/29 23:53:00,middle
2026/1/29 23:53:01,mid-sep
2026/1/29 23:53:40,middle
2026/1/29 23:53:43,corridor
2026/1/29 23:53:45,side
2026/1/29 23:56:15,corridor
2026/1/29 23:56:16,middle
2026/1/29 23:56:20,mid-sep
2026/1/29 23:56:40,middle
2026/1/29 23:56:41,corridor
2026/1/29 23:56:44,side
2026/1/30 0:01:10,corridor
2026/1/30 0:01:12,middle
2026/1/30 0:01:15,mid-sep
2026/1/30 0:02:32,middle
2026/1/30 0:02:47,mid-sep
2026/1/30 0:02:57,middle
2026/1/30 0:02:57,corridor
2026/1/30 0:02:59,side
2026/1/30 0:03:43,corridor
2026/1/30 0:03:43,middle
2026/1/30 0:03:44,mid-sep
2026/1/30 0:03:50,middle
2026/1/30 0:03:55,mid-sep
2026/1/30 0:04:01,middle
2026/1/30 0:04:56,mid-sep
2026/1/30 0:05:18,middle
2026/1/30 0:05:19,corridor
2026/1/30 0:05:21,side
2026/1/30 0:07:07,corridor
2026/1/30 0:07:08,middle
2026/1/30 0:07:09,mid-sep
2026/1/30 0:07:14,middle
2026/1/30 0:07:18,corridor
2026/1/30 0:07:21,side
2026/1/30 0:08:23,corridor
2026/1/30 0:08:24,middle
2026/1/30 0:08:26,mid-sep
2026/1/30 0:09:08,middle
2026/1/30 0:09:09,corridor
2026/1/30 0:09:10,side
2026/1/30 0:10:34,corridor
2026/1/30 0:10:35,middle
2026/1/30 0:10:36,mid-sep
2026/1/30 0:10:39,middle
2026/1/30 0:10:42,corridor
2026/1/30 0:10:45,side
2026/1/30 0:11:33,corridor
2026/1/30 0:11:34,middle
2026/1/30 0:11:35,mid-sep
2026/1/30 0:12:02,middle
2026/1/30 0:12:05,mid-sep
2026/1/30 0:12:10,middle
2026/1/30 0:12:12,corridor
2026/1/30 0:12:13,side
2026/1/30 0:12:27,corridor
2026/1/30 0:12:29,middle
2026/1/30 0:12:30,mid-sep
2026/1/30 0:12:31,middle
2026/1/30 0:12:32,corridor
2026/1/30 0:12:33,side
2026/1/30 0:14:19,corridor
2026/1/30 0:14:20,middle
2026/1/30 0:14:21,mid-sep
2026/1/30 0:14:24,middle
2026/1/30 0:14:30,corridor
2026/1/30 0:14:35,side
2026/1/30 0:16:16,corridor
2026/1/30 0:16:17,middle
2026/1/30 0:16:18,mid-sep
2026/1/30 0:16:40,middle
2026/1/30 0:16:43,corridor
2026/1/30 0:16:48,side
2026/1/30 0:17:13,corridor
2026/1/30 0:17:14,middle
2026/1/30 0:19:45,mid-sep
2026/1/30 0:19:50,middle
2026/1/30 0:20:06,mid-sep
2026/1/30 0:20:14,middle
2026/1/30 0:20:15,corridor
2026/1/30 0:20:17,side
2026/1/30 0:30:11,corridor
2026/1/30 0:30:12,middle
2026/1/30 0:30:12,mid-sep
2026/1/30 0:30:47,middle
2026/1/30 0:30:59,mid-sep
2026/1/30 0:31:04,middle
2026/1/30 0:32:33,corridor
2026/1/30 0:32:36,side
2026/1/30 0:33:00,corridor
2026/1/30 0:33:01,middle
2026/1/30 0:35:59,mid-sep
2026/1/30 0:36:08,middle
2026/1/30 0:36:20,mid-sep
2026/1/30 0:36:26,middle
2026/1/30 0:36:49,corridor
2026/1/30 0:36:49,side
2026/1/30 1:55:54,corridor
2026/1/30 1:55:55,middle
2026/1/30 1:55:56,mid-sep
2026/1/30 1:56:01,middle
2026/1/30 1:56:02,mid-sep
2026/1/30 1:56:40,middle
2026/1/30 1:56:56,mid-sep
2026/1/30 1:57:01,middle
2026/1/30 1:57:10,mid-sep
2026/1/30 1:57:15,middle
2026/1/30 1:57:27,mid-sep
2026/1/30 1:57:48,middle
2026/1/30 2:03:31,mid-sep
2026/1/30 2:04:10,middle
2026/1/30 2:04:12,corridor
2026/1/30 2:04:13,side
2026/1/30 2:05:17,corridor
2026/1/30 2:05:18,middle
2026/1/30 2:05:23,mid-sep
2026/1/30 2:05:24,middle
2026/1/30 2:05:26,corridor
2026/1/30 2:05:27,side
2026/1/30 2:08:55,corridor
2026/1/30 2:08:57,middle
2026/1/30 2:08:58,mid-sep
2026/1/30 2:08:59,middle
2026/1/30 2:09:00,mid-sep
2026/1/30 2:09:15,middle
2026/1/30 2:09:19,mid-sep
2026/1/30 2:09:34,middle
2026/1/30 2:09:42,mid-sep
2026/1/30 2:09:43,middle
2026/1/30 2:10:47,mid-sep
2026/1/30 2:10:52,middle
2026/1/30 2:12:00,mid-sep
2026/1/30 2:12:11,middle
2026/1/30 2:12:36,mid-sep
2026/1/30 2:12:46,middle
2026/1/30 2:13:04,corridor
2026/1/30 2:13:06,side
2026/1/30 3:43:50,corridor
2026/1/30 3:43:52,middle
2026/1/30 3:43:56,mid-sep
2026/1/30 3:44:26,middle
2026/1/30 3:44:46,mid-sep
2026/1/30 3:44:48,middle
2026/1/30 3:46:34,mid-sep
2026/1/30 3:46:50,middle
2026/1/30 3:47:09,mid-sep
2026/1/30 3:47:11,middle
2026/1/30 3:47:53,mid-sep
2026/1/30 3:47:56,middle
2026/1/30 3:48:20,mid-sep
2026/1/30 3:48:25,middle
2026/1/30 3:49:21,mid-sep
2026/1/30 3:49:23,middle
2026/1/30 3:49:29,mid-sep
2026/1/30 3:49:32,middle
2026/1/30 3:49:35,mid-sep
2026/1/30 3:49:38,middle
2026/1/30 3:49:49,mid-sep
2026/1/30 3:50:13,middle
2026/1/30 3:50:17,corridor
2026/1/30 3:50:19,side
2026/1/30 3:54:11,corridor
2026/1/30 3:54:11,middle
2026/1/30 3:54:12,mid-sep
2026/1/30 3:54:32,middle
2026/1/30 3:54:36,corridor
2026/1/30 3:54:37,side
2026/1/30 3:55:44,corridor
2026/1/30 3:55:44,middle
2026/1/30 3:55:46,mid-sep
2026/1/30 3:55:53,middle
2026/1/30 3:55:55,corridor
2026/1/30 3:55:56,side
2026/1/30 3:57:37,corridor
2026/1/30 3:57:37,middle
2026/1/30 3:57:38,mid-sep
2026/1/30 3:58:15,middle
2026/1/30 3:58:17,corridor
2026/1/30 3:58:17,side
2026/1/30 3:58:41,corridor
2026/1/30 3:58:42,middle
2026/1/30 3:58:43,mid-sep
2026/1/30 3:58:50,middle
2026/1/30 3:58:50,corridor
2026/1/30 3:58:50,side
2026/1/30 4:00:55,corridor
2026/1/30 4:00:56,middle
2026/1/30 4:00:58,mid-sep
2026/1/30 4:01:17,middle
2026/1/30 4:01:19,mid-sep
2026/1/30 4:01:32,middle
2026/1/30 4:01:33,corridor
2026/1/30 4:01:34,side
2026/1/30 4:02:33,corridor
2026/1/30 4:02:34,middle
2026/1/30 4:02:35,mid-sep
2026/1/30 4:02:47,middle
2026/1/30 4:02:48,corridor
2026/1/30 4:02:49,side
2026/1/30 4:04:26,corridor
2026/1/30 4:04:28,middle
2026/1/30 4:04:29,corridor
2026/1/30 4:04:29,side
2026/1/30 4:05:13,corridor
2026/1/30 4:05:13,middle
2026/1/30 4:08:40,mid-sep
2026/1/30 4:08:41,middle
2026/1/30 4:08:52,mid-sep
2026/1/30 4:09:33,middle
2026/1/30 4:10:19,mid-sep
2026/1/30 4:10:28,middle
2026/1/30 4:12:18,corridor
2026/1/30 4:12:19,side
2026/1/30 4:22:38,corridor
2026/1/30 4:22:39,middle
2026/1/30 4:22:40,mid-sep
2026/1/30 4:23:04,middle
2026/1/30 4:25:36,corridor
2026/1/30 4:25:36,side
2026/1/30 5:58:08,corridor
2026/1/30 5:58:08,middle
2026/1/30 5:58:10,mid-sep
2026/1/30 5:58:25,middle
2026/1/30 5:58:30,mid-sep
2026/1/30 5:58:33,middle
2026/1/30 5:58:40,mid-sep
2026/1/30 5:59:01,middle
2026/1/30 5:59:13,mid-sep
2026/1/30 5:59:33,middle
2026/1/30 6:00:15,mid-sep
2026/1/30 6:01:07,middle
2026/1/30 6:01:10,corridor
2026/1/30 6:01:10,side
2026/1/30 6:01:39,corridor
2026/1/30 6:01:39,middle
2026/1/30 6:01:40,mid-sep
2026/1/30 6:01:59,middle
2026/1/30 6:02:03,corridor
2026/1/30 6:02:03,side
2026/1/30 6:02:40,corridor
2026/1/30 6:02:41,middle
2026/1/30 6:02:42,mid-sep
2026/1/30 6:02:44,middle
2026/1/30 6:02:46,corridor
2026/1/30 6:02:47,side
2026/1/30 6:03:38,corridor
2026/1/30 6:03:40,middle
2026/1/30 6:03:42,mid-sep
2026/1/30 6:03:53,middle
2026/1/30 6:03:59,corridor
2026/1/30 6:03:59,side
2026/1/30 6:07:01,corridor
2026/1/30 6:07:01,middle
2026/1/30 6:07:02,mid-sep
2026/1/30 6:07:15,middle
2026/1/30 6:07:16,corridor
2026/1/30 6:07:17,side
2026/1/30 6:09:16,corridor
2026/1/30 6:09:16,middle
2026/1/30 6:09:17,mid-sep
2026/1/30 6:09:34,middle
2026/1/30 6:09:37,corridor
2026/1/30 6:09:39,side
2026/1/30 6:10:07,corridor
2026/1/30 6:10:08,middle
2026/1/30 6:10:14,mid-sep
2026/1/30 6:10:19,middle
2026/1/30 6:10:20,corridor
2026/1/30 6:10:21,side
2026/1/30 6:11:51,corridor
2026/1/30 6:11:51,middle
2026/1/30 6:11:52,mid-sep
2026/1/30 6:12:18,middle
2026/1/30 6:12:19,corridor
2026/1/30 6:12:20,side
2026/1/30 6:12:30,corridor
2026/1/30 6:12:31,middle
2026/1/30 6:17:33,mid-sep
2026/1/30 6:17:35,middle
2026/1/30 6:18:08,mid-sep
2026/1/30 6:18:29,middle
2026/1/30 6:18:34,mid-sep
2026/1/30 6:18:43,middle
2026/1/30 6:18:44,mid-sep
2026/1/30 6:18:48,middle
2026/1/30 6:19:00,mid-sep
2026/1/30 6:19:08,middle
2026/1/30 6:19:10,corridor
2026/1/30 6:19:10,side
2026/1/30 6:19:52,corridor
2026/1/30 6:19:53,middle
2026/1/30 6:23:50,mid-sep
2026/1/30 6:24:08,middle
2026/1/30 6:24:11,mid-sep
2026/1/30 6:24:25,middle
2026/1/30 6:24:32,mid-sep
2026/1/30 6:24:39,middle
2026/1/30 6:25:26,mid-sep
2026/1/30 6:25:44,middle
2026/1/30 6:25:46,corridor
2026/1/30 6:25:46,side
2026/1/30 6:26:16,corridor
2026/1/30 6:26:17,middle
2026/1/30 6:26:28,mid-sep
2026/1/30 6:26:59,middle
2026/1/30 6:27:01,corridor
2026/1/30 6:27:01,side
2026/1/30 6:27:23,corridor
2026/1/30 6:27:23,middle
2026/1/30 6:27:25,mid-sep
2026/1/30 6:27:32,middle
2026/1/30 6:27:36,mid-sep
2026/1/30 6:27:38,middle
2026/1/30 6:27:39,corridor
2026/1/30 6:27:40,side
2026/1/30 6:28:13,corridor
2026/1/30 6:28:15,middle
2026/1/30 6:31:24,mid-sep
2026/1/30 6:31:27,middle
2026/1/30 6:31:32,corridor
2026/1/30 6:31:33,side
2026/1/30 6:32:31,corridor
2026/1/30 6:32:33,middle
2026/1/30 6:32:34,mid-sep
2026/1/30 6:32:50,middle
2026/1/30 6:32:52,corridor
2026/1/30 6:32:53,side
2026/1/30 7:09:54,corridor
2026/1/30 7:09:55,middle
2026/1/30 7:09:57,mid-sep
2026/1/30 7:10:04,middle
2026/1/30 7:10:18,mid-sep
2026/1/30 7:10:24,middle
2026/1/30 7:10:33,mid-sep
2026/1/30 7:10:35,middle
2026/1/30 7:12:08,corridor
2026/1/30 7:12:09,side
2026/1/30 7:12:51,corridor
2026/1/30 7:12:51,middle
2026/1/30 7:12:53,mid-sep
2026/1/30 7:13:04,middle
2026/1/30 7:13:38,mid-sep
2026/1/30 7:13:45,middle
2026/1/30 7:13:49,mid-sep
2026/1/30 7:13:53,middle
2026/1/30 7:14:57,mid-sep
2026/1/30 7:15:38,middle
2026/1/30 7:15:51,corridor
2026/1/30 7:15:51,side
2026/1/30 7:16:25,corridor
2026/1/30 7:16:28,middle
2026/1/30 7:16:31,mid-sep
2026/1/30 7:16:52,middle
2026/1/30 7:16:55,mid-sep
2026/1/30 7:17:08,middle
2026/1/30 7:17:15,mid-sep
2026/1/30 7:17:33,middle
2026/1/30 7:19:27,mid-sep
2026/1/30 7:19:36,middle
2026/1/30 7:20:07,mid-sep
2026/1/30 7:20:11,middle
2026/1/30 7:20:20,corridor
2026/1/30 7:20:21,side
2026/1/30 7:21:14,corridor
2026/1/30 7:21:16,middle
2026/1/30 7:21:17,mid-sep
2026/1/30 7:21:24,middle
2026/1/30 7:21:29,mid-sep
2026/1/30 7:21:33,middle
2026/1/30 7:21:37,corridor
2026/1/30 7:21:39,side
2026/1/30 7:22:16,corridor
2026/1/30 7:22:17,middle
2026/1/30 7:22:18,mid-sep
2026/1/30 7:22:18,middle
2026/1/30 7:22:38,mid-sep
2026/1/30 7:22:49,middle
2026/1/30 7:22:50,corridor
2026/1/30 7:22:51,side
2026/1/30 7:24:09,corridor
2026/1/30 7:24:12,middle
2026/1/30 7:24:14,mid-sep
2026/1/30 7:24:26,middle
2026/1/30 7:24:30,corridor
2026/1/30 7:24:30,side
2026/1/30 7:26:25,corridor
2026/1/30 7:26:25,middle
2026/1/30 7:26:33,mid-sep
2026/1/30 7:26:49,middle
2026/1/30 7:26:52,corridor
2026/1/30 7:27:02,middle
2026/1/30 7:27:10,mid-sep
2026/1/30 7:27:19,middle
2026/1/30 7:27:19,corridor
2026/1/30 7:27:20,side
2026/1/30 7:27:30,corridor
2026/1/30 7:27:31,middle
2026/1/30 7:33:05,corridor
2026/1/30 7:33:09,middle
2026/1/30 7:33:10,mid-sep
2026/1/30 7:33:14,middle
2026/1/30 7:33:17,corridor
2026/1/30 7:33:18,side
2026/1/30 7:34:37,corridor
2026/1/30 7:34:38,middle
2026/1/30 7:34:42,mid-sep
2026/1/30 7:34:54,middle
2026/1/30 7:35:29,mid-sep
2026/1/30 7:35:52,middle
2026/1/30 7:35:55,corridor
2026/1/30 7:35:56,side
2026/1/30 7:36:03,corridor
2026/1/30 7:36:05,middle
2026/1/30 7:36:10,corridor
2026/1/30 7:36:10,side
2026/1/30 7:36:23,corridor
2026/1/30 7:36:24,middle
2026/1/30 7:36:27,mid-sep
2026/1/30 7:36:38,middle
2026/1/30 7:36:40,corridor
2026/1/30 7:36:40,side
2026/1/30 7:39:21,corridor
2026/1/30 7:39:22,middle
2026/1/30 7:44:08,mid-sep
2026/1/30 7:44:14,middle
2026/1/30 7:44:30,mid-sep
2026/1/30 7:44:47,middle
2026/1/30 7:44:56,corridor
2026/1/30 7:44:57,side
2026/1/30 8:20:12,corridor
2026/1/30 8:20:12,middle
2026/1/30 8:23:24,mid-sep
2026/1/30 8:23:31,middle
2026/1/30 8:23:37,mid-sep
2026/1/30 8:23:46,middle
2026/1/30 8:23:56,mid-sep
2026/1/30 8:23:58,middle
2026/1/30 8:24:45,mid-sep
2026/1/30 8:24:54,middle
2026/1/30 8:24:55,corridor
2026/1/30 8:24:56,side
2026/1/30 8:26:18,corridor
2026/1/30 8:26:20,middle
2026/1/30 8:26:22,corridor
2026/1/30 8:26:22,side
2026/1/30 8:27:05,corridor
2026/1/30 8:27:05,middle
2026/1/30 8:27:07,corridor
2026/1/30 8:27:10,side
2026/1/30 8:29:12,corridor
2026/1/30 8:29:13,middle
2026/1/30 8:29:21,mid-sep
2026/1/30 8:29:30,middle
2026/1/30 8:29:34,mid-sep
2026/1/30 8:29:39,middle
2026/1/30 8:29:46,mid-sep
2026/1/30 8:29:50,middle
2026/1/30 8:30:07,mid-sep
2026/1/30 8:30:14,middle
2026/1/30 8:30:18,mid-sep
2026/1/30 8:30:20,middle
2026/1/30 8:30:43,mid-sep
2026/1/30 8:31:03,middle
2026/1/30 8:31:09,mid-sep
2026/1/30 8:31:27,middle
2026/1/30 8:31:34,mid-sep
2026/1/30 8:31:43,middle
2026/1/30 8:31:57,mid-sep
2026/1/30 8:32:00,middle
2026/1/30 8:32:06,corridor
2026/1/30 8:32:07,side
2026/1/30 8:33:14,corridor
2026/1/30 8:33:31,side
2026/1/30 8:33:43,corridor
2026/1/30 8:33:43,middle
2026/1/30 8:34:21,corridor
2026/1/30 8:34:22,side
2026/1/30 8:34:28,corridor
2026/1/30 8:34:30,middle
2026/1/30 8:37:41,mid-sep
2026/1/30 8:37:43,middle
2026/1/30 8:38:15,mid-sep
2026/1/30 8:38:17,middle
2026/1/30 8:38:32,corridor
2026/1/30 8:38:32,side
2026/1/30 8:44:00,corridor
2026/1/30 8:44:02,middle
2026/1/30 8:44:08,mid-sep
2026/1/30 8:44:27,middle
2026/1/30 8:44:33,mid-sep
2026/1/30 8:44:57,middle
2026/1/30 8:45:03,corridor
2026/1/30 8:45:03,side
2026/1/30 8:46:50,corridor
2026/1/30 8:46:53,middle
2026/1/30 8:47:00,mid-sep
2026/1/30 8:47:15,middle
2026/1/30 8:47:33,corridor
2026/1/30 8:47:33,side
2026/1/30 8:47:42,corridor
2026/1/30 8:47:47,middle
2026/1/30 8:47:52,corridor
2026/1/30 8:47:53,side
2026/1/30 8:48:45,corridor
2026/1/30 8:48:49,middle
2026/1/30 8:49:02,mid-sep
2026/1/30 8:49:15,middle
2026/1/30 8:49:37,corridor
2026/1/30 8:49:48,middle
2026/1/30 8:49:53,mid-sep
2026/1/30 8:49:54,middle
2026/1/30 8:49:57,corridor
2026/1/30 8:49:58,side
2026/1/30 8:50:22,corridor
2026/1/30 8:50:25,middle
2026/1/30 8:50:34,mid-sep
2026/1/30 8:50:35,middle
2026/1/30 8:50:51,mid-sep
2026/1/30 8:50:54,middle
2026/1/30 8:50:56,corridor
2026/1/30 8:50:56,side
2026/1/30 9:31:24,corridor
2026/1/30 9:31:28,middle
2026/1/30 9:33:45,mid-sep
2026/1/30 9:33:51,middle
2026/1/30 9:34:17,mid-sep
2026/1/30 9:34:25,middle
2026/1/30 9:34:48,mid-sep
2026/1/30 9:35:08,middle
2026/1/30 9:35:14,corridor
2026/1/30 9:35:14,side
2026/1/30 9:35:26,corridor
2026/1/30 9:35:27,middle
2026/1/30 9:38:56,corridor
2026/1/30 9:38:58,side
2026/1/30 9:39:56,corridor
2026/1/30 9:39:56,middle
2026/1/30 9:39:57,mid-sep
2026/1/30 9:40:29,middle
2026/1/30 9:40:38,mid-sep
2026/1/30 9:40:55,middle
2026/1/30 9:40:59,corridor
2026/1/30 9:40:59,side
2026/1/30 9:43:32,corridor
2026/1/30 9:43:32,middle
2026/1/30 9:44:51,mid-sep
2026/1/30 9:45:02,middle
2026/1/30 9:45:23,mid-sep
2026/1/30 9:45:32,middle
2026/1/30 9:45:35,mid-sep
2026/1/30 9:45:40,middle
2026/1/30 9:45:47,mid-sep
2026/1/30 9:46:15,middle
2026/1/30 9:46:17,mid-sep
2026/1/30 9:46:23,middle
2026/1/30 9:46:26,corridor
2026/1/30 9:46:26,side
2026/1/30 9:47:11,corridor
2026/1/30 9:47:13,middle
2026/1/30 9:47:15,mid-sep
2026/1/30 9:47:40,middle
2026/1/30 9:47:46,corridor
2026/1/30 9:47:47,side
2026/1/30 9:52:10,corridor
2026/1/30 9:52:16,middle
2026/1/30 9:52:17,mid-sep
2026/1/30 9:52:29,middle
2026/1/30 9:52:30,corridor
2026/1/30 9:52:31,side
2026/1/30 9:52:46,corridor
2026/1/30 9:52:50,middle
2026/1/30 9:53:28,mid-sep
2026/1/30 9:54:04,middle
2026/1/30 9:54:26,corridor
2026/1/30 9:54:29,side
2026/1/30 12:02:55,corridor
2026/1/30 12:02:58,middle
2026/1/30 12:03:08,mid-sep
2026/1/30 12:03:54,middle
2026/1/30 12:04:39,mid-sep
2026/1/30 12:05:09,middle
2026/1/30 12:05:30,mid-sep
2026/1/30 12:05:35,middle
2026/1/30 12:05:41,corridor
2026/1/30 12:05:43,side
2026/1/30 12:06:02,corridor
2026/1/30 12:06:03,middle
2026/1/30 12:07:01,mid-sep
2026/1/30 12:07:32,middle
2026/1/30 12:09:04,corridor
2026/1/30 12:09:05,side
2026/1/30 12:10:04,corridor
2026/1/30 12:10:05,middle
2026/1/30 12:10:05,mid-sep
2026/1/30 12:10:10,middle
2026/1/30 12:10:14,mid-sep
2026/1/30 12:10:41,middle
2026/1/30 12:10:43,corridor
2026/1/30 12:10:43,side
2026/1/30 12:11:02,corridor
2026/1/30 12:11:02,middle
2026/1/30 12:11:06,mid-sep
2026/1/30 12:11:29,middle
2026/1/30 12:11:30,corridor
2026/1/30 12:11:30,side
2026/1/30 12:12:58,corridor
2026/1/30 12:12:58,middle
2026/1/30 12:12:59,mid-sep
2026/1/30 12:13:19,middle
2026/1/30 12:14:05,corridor
2026/1/30 12:14:05,side
2026/1/30 12:14:58,corridor
2026/1/30 12:14:59,middle
2026/1/30 12:15:05,mid-sep
2026/1/30 12:15:20,middle
2026/1/30 12:15:27,mid-sep
2026/1/30 12:15:29,middle
2026/1/30 12:15:41,mid-sep
2026/1/30 12:16:37,middle
2026/1/30 12:16:39,corridor
2026/1/30 12:16:40,side
2026/1/30 12:17:41,corridor
2026/1/30 12:18:02,side
2026/1/30 12:18:09,corridor
2026/1/30 12:18:16,middle
2026/1/30 12:18:17,mid-sep
2026/1/30 12:18:35,middle
2026/1/30 12:18:52,corridor
2026/1/30 12:18:57,middle
2026/1/30 12:19:00,corridor
2026/1/30 12:20:31,side
2026/1/30 12:21:10,corridor
2026/1/30 12:21:10,middle
2026/1/30 12:21:12,mid-sep
2026/1/30 12:21:28,middle
2026/1/30 12:21:29,corridor
2026/1/30 12:21:30,side
2026/1/30 12:22:25,corridor
2026/1/30 12:22:26,middle
2026/1/30 12:22:27,mid-sep
2026/1/30 12:22:55,middle
2026/1/30 12:22:57,corridor
2026/1/30 12:22:57,side
2026/1/30 12:23:44,corridor
2026/1/30 12:23:44,middle
2026/1/30 12:24:02,mid-sep
2026/1/30 12:24:15,middle
2026/1/30 12:24:20,mid-sep
2026/1/30 12:24:24,middle
2026/1/30 12:24:44,mid-sep
2026/1/30 12:24:51,middle
2026/1/30 12:24:52,corridor
2026/1/30 12:24:53,side
2026/1/30 12:26:06,corridor
2026/1/30 12:26:06,middle
2026/1/30 12:26:07,mid-sep
2026/1/30 12:26:21,middle
2026/1/30 12:26:26,corridor
2026/1/30 12:26:27,side
2026/1/30 12:27:30,corridor
2026/1/30 12:27:35,side
2026/1/30 12:29:11,corridor
2026/1/30 12:29:17,side
2026/1/30 12:33:39,corridor
2026/1/30 12:33:39,middle
2026/1/30 12:33:40,mid-sep
2026/1/30 12:34:17,middle
2026/1/30 12:34:25,mid-sep
2026/1/30 12:34:27,middle
2026/1/30 12:34:37,mid-sep
2026/1/30 12:34:46,middle
2026/1/30 12:34:54,corridor
2026/1/30 12:34:55,side
2026/1/30 12:35:43,corridor
2026/1/30 12:35:45,middle
2026/1/30 12:39:30,mid-sep
2026/1/30 12:39:47,middle
2026/1/30 12:39:49,corridor
2026/1/30 12:39:50,side
2026/1/30 15:20:41,corridor
2026/1/30 15:20:42,middle
2026/1/30 15:20:42,mid-sep
2026/1/30 15:20:43,middle
2026/1/30 15:20:50,mid-sep
2026/1/30 15:20:57,middle
2026/1/30 15:21:00,mid-sep
2026/1/30 15:21:02,middle
2026/1/30 15:22:00,mid-sep
2026/1/30 15:22:08,middle
2026/1/30 15:24:48,mid-sep
2026/1/30 15:24:56,middle
2026/1/30 15:24:58,mid-sep
2026/1/30 15:25:21,middle
2026/1/30 15:25:25,corridor
2026/1/30 15:25:26,side
2026/1/30 15:25:51,corridor
2026/1/30 15:25:51,middle
2026/1/30 15:25:58,mid-sep
2026/1/30 15:26:27,middle
2026/1/30 15:26:49,mid-sep
2026/1/30 15:26:59,middle
2026/1/30 15:27:01,corridor
2026/1/30 15:27:02,side
2026/1/30 15:27:41,corridor
2026/1/30 15:27:41,middle
2026/1/30 15:27:42,mid-sep
2026/1/30 15:27:47,middle
2026/1/30 15:27:48,corridor
2026/1/30 15:27:48,side
2026/1/30 15:31:18,corridor
2026/1/30 15:31:18,middle
2026/1/30 15:34:31,corridor
2026/1/30 15:34:33,side
2026/1/30 15:36:36,corridor
2026/1/30 15:36:37,middle
2026/1/30 15:36:37,mid-sep
2026/1/30 15:37:00,middle
2026/1/30 15:37:02,corridor
2026/1/30 15:37:03,side
2026/1/30 15:41:16,corridor
2026/1/30 15:41:17,middle
2026/1/30 15:41:18,mid-sep
2026/1/30 15:41:41,middle
2026/1/30 15:41:44,corridor
2026/1/30 15:41:44,side
2026/1/30 15:44:12,corridor
2026/1/30 15:44:13,middle
2026/1/30 15:44:15,mid-sep
2026/1/30 15:44:40,middle
2026/1/30 15:45:01,corridor
2026/1/30 15:45:01,side
2026/1/30 15:45:52,corridor
2026/1/30 15:45:53,middle
2026/1/30 15:45:54,mid-sep
2026/1/30 15:45:57,middle
2026/1/30 15:46:00,corridor
2026/1/30 15:46:00,side
2026/1/30 15:51:11,corridor
2026/1/30 15:51:11,middle
2026/1/30 15:52:05,mid-sep
2026/1/30 15:52:18,middle
2026/1/30 15:52:28,mid-sep
2026/1/30 15:52:30,middle
2026/1/30 15:53:20,mid-sep
2026/1/30 15:53:37,middle
2026/1/30 15:53:38,corridor
2026/1/30 15:53:39,side
2026/1/30 15:57:35,corridor
2026/1/30 15:57:35,middle
2026/1/30 15:57:47,mid-sep
2026/1/30 15:57:52,middle
2026/1/30 15:57:53,corridor
2026/1/30 15:57:57,side
2026/1/30 15:58:37,corridor
2026/1/30 15:58:37,middle
2026/1/30 15:58:38,mid-sep
2026/1/30 15:58:38,middle
2026/1/30 15:58:40,corridor
2026/1/30 15:58:40,side
2026/1/30 16:03:06,corridor
2026/1/30 16:03:06,middle
2026/1/30 16:03:15,mid-sep
2026/1/30 16:03:17,middle
2026/1/30 16:03:22,mid-sep
2026/1/30 16:03:29,middle
2026/1/30 16:04:19,corridor
2026/1/30 16:04:19,side
2026/1/30 16:09:53,corridor
2026/1/30 16:09:54,middle
2026/1/30 16:09:54,mid-sep
2026/1/30 16:09:55,middle
2026/1/30 16:10:00,mid-sep
2026/1/30 16:10:03,middle
2026/1/30 16:10:06,corridor
2026/1/30 16:10:07,side
2026/1/30 16:10:18,corridor
2026/1/30 16:10:19,middle
2026/1/30 16:10:20,mid-sep
2026/1/30 16:10:23,middle
2026/1/30 16:10:29,mid-sep
2026/1/30 16:10:33,middle
2026/1/30 16:10:35,mid-sep
2026/1/30 16:10:42,middle
2026/1/30 16:11:08,corridor
2026/1/30 16:11:09,side
2026/1/30 16:14:57,corridor
2026/1/30 16:14:58,middle
2026/1/30 16:15:00,mid-sep
2026/1/30 16:15:47,middle
2026/1/30 16:15:53,corridor
2026/1/30 16:15:54,side
2026/1/30 16:17:29,corridor
2026/1/30 16:17:30,middle
2026/1/30 16:17:31,mid-sep
2026/1/30 16:17:54,middle
2026/1/30 16:17:58,corridor
2026/1/30 16:17:58,side
2026/1/30 16:18:49,corridor
2026/1/30 16:18:49,middle
2026/1/30 16:18:49,mid-sep
2026/1/30 16:19:01,middle
2026/1/30 16:19:02,corridor
2026/1/30 16:19:02,side
2026/1/30 16:19:24,corridor
2026/1/30 16:19:24,middle
2026/1/30 16:19:25,mid-sep
2026/1/30 16:19:51,middle
2026/1/30 16:20:21,mid-sep
2026/1/30 16:21:04,middle
2026/1/30 16:21:09,corridor
2026/1/30 16:21:09,side
2026/1/30 16:21:25,corridor
2026/1/30 16:21:25,middle
2026/1/30 16:21:41,corridor
2026/1/30 16:21:42,side
2026/1/30 16:26:22,corridor
2026/1/30 16:26:23,middle
2026/1/30 16:26:24,corridor
2026/1/30 16:26:24,side
2026/1/30 16:30:02,corridor
2026/1/30 16:30:03,middle
2026/1/30 16:30:06,mid-sep
2026/1/30 16:30:50,middle
2026/1/30 16:30:50,corridor
2026/1/30 16:30:51,side
2026/1/30 16:31:01,corridor
2026/1/30 16:31:01,middle
2026/1/30 16:31:02,mid-sep
2026/1/30 16:31:08,middle
2026/1/30 16:31:09,corridor
2026/1/30 16:31:09,side
2026/1/30 16:32:21,corridor
2026/1/30 16:32:22,middle
2026/1/30 16:32:22,mid-sep
2026/1/30 16:32:25,middle
2026/1/30 16:32:26,corridor
2026/1/30 16:32:27,side
2026/1/30 16:33:19,corridor
2026/1/30 16:33:20,middle
2026/1/30 16:33:20,mid-sep
2026/1/30 16:33:22,middle
2026/1/30 16:33:44,mid-sep
2026/1/30 16:33:57,middle
2026/1/30 16:33:59,corridor
2026/1/30 16:33:59,side
2026/1/30 16:36:41,corridor
2026/1/30 16:36:41,middle
2026/1/30 16:36:41,mid-sep
2026/1/30 16:36:42,middle
2026/1/30 16:40:17,mid-sep
2026/1/30 16:40:33,middle
2026/1/30 16:40:38,mid-sep
2026/1/30 16:40:55,middle
2026/1/30 16:42:21,corridor
2026/1/30 16:42:22,side
2026/1/30 16:42:34,corridor
2026/1/30 16:42:34,middle
2026/1/30 16:42:34,mid-sep
2026/1/30 16:42:38,middle
2026/1/30 16:42:39,corridor
2026/1/30 16:42:41,side
2026/1/30 16:43:01,corridor
2026/1/30 16:43:01,middle
2026/1/30 16:43:10,mid-sep
2026/1/30 16:43:18,middle
2026/1/30 16:43:20,corridor
2026/1/30 16:43:20,side
2026/1/30 16:43:54,corridor
2026/1/30 16:43:54,middle
2026/1/30 16:43:58,mid-sep
2026/1/30 16:44:00,middle
2026/1/30 16:44:04,corridor
2026/1/30 16:44:04,side
2026/1/30 16:46:21,corridor
2026/1/30 16:46:22,middle
2026/1/30 16:46:26,mid-sep
2026/1/30 16:46:36,middle
2026/1/30 16:46:41,mid-sep
2026/1/30 16:46:43,middle
2026/1/30 16:46:45,corridor
2026/1/30 16:46:46,side
2026/1/30 16:47:42,corridor
2026/1/30 16:47:42,middle
2026/1/30 16:47:44,mid-sep
2026/1/30 16:47:58,middle
2026/1/30 16:48:05,mid-sep
2026/1/30 16:48:10,middle
2026/1/30 16:48:47,mid-sep
2026/1/30 16:48:50,middle
2026/1/30 16:51:14,mid-sep
2026/1/30 16:51:18,middle
2026/1/30 16:51:24,mid-sep
2026/1/30 16:51:26,middle
2026/1/30 16:53:14,mid-sep
2026/1/30 16:53:17,middle
2026/1/30 16:53:23,mid-sep
2026/1/30 16:53:28,middle
2026/1/30 16:53:31,corridor
2026/1/30 16:53:31,side
2026/1/30 16:57:58,corridor
2026/1/30 16:57:58,middle
2026/1/30 17:00:40,mid-sep
2026/1/30 17:00:44,middle
2026/1/30 17:01:33,mid-sep
2026/1/30 17:01:59,middle
2026/1/30 17:06:20,mid-sep
2026/1/30 17:06:23,middle
2026/1/30 17:06:33,mid-sep
2026/1/30 17:06:39,middle
2026/1/30 17:07:32,mid-sep
2026/1/30 17:08:55,middle
2026/1/30 17:15:31,mid-sep
2026/1/30 17:15:51,middle
2026/1/30 17:15:58,corridor
2026/1/30 17:15:59,side
2026/1/30 17:16:25,corridor
2026/1/30 17:16:25,middle
2026/1/30 17:19:47,mid-sep
2026/1/30 17:20:00,middle
2026/1/30 17:20:13,corridor
2026/1/30 17:20:13,side
2026/1/30 17:33:57,corridor
2026/1/30 17:33:57,middle
2026/1/30 17:33:59,mid-sep
2026/1/30 17:34:19,middle
2026/1/30 17:34:59,mid-sep
2026/1/30 17:35:18,middle
2026/1/30 17:35:57,mid-sep
2026/1/30 17:36:00,middle
2026/1/30 17:36:19,mid-sep
2026/1/30 17:36:24,middle
2026/1/30 17:37:40,corridor
2026/1/30 17:37:40,side
2026/1/30 17:42:29,corridor
2026/1/30 17:42:29,middle
2026/1/30 17:43:17,mid-sep
2026/1/30 17:43:19,middle
2026/1/30 17:45:09,mid-sep
2026/1/30 17:45:11,middle
2026/1/30 17:45:17,corridor
2026/1/30 17:45:19,side
2026/1/30 17:45:48,corridor
2026/1/30 17:45:48,middle
2026/1/30 17:47:06,mid-sep
2026/1/30 17:47:23,middle
2026/1/30 17:48:17,mid-sep
2026/1/30 17:48:25,middle
2026/1/30 17:48:27,corridor
2026/1/30 17:48:27,side
2026/1/30 18:06:16,corridor
2026/1/30 18:06:16,middle
2026/1/30 18:06:17,mid-sep
2026/1/30 18:06:37,middle
2026/1/30 18:09:00,mid-sep
2026/1/30 18:09:06,middle
2026/1/30 18:10:07,mid-sep
2026/1/30 18:10:17,middle
2026/1/30 18:10:19,corridor
2026/1/30 18:10:20,side
2026/1/30 18:14:24,corridor
2026/1/30 18:14:24,middle
2026/1/30 18:14:27,mid-sep
2026/1/30 18:15:02,middle
2026/1/30 18:15:18,mid-sep
2026/1/30 18:15:40,middle
2026/1/30 18:15:45,mid-sep
2026/1/30 18:15:47,middle
2026/1/30 18:19:10,mid-sep
2026/1/30 18:19:13,middle
2026/1/30 18:19:24,corridor
2026/1/30 18:19:25,side
2026/1/30 18:23:03,corridor
2026/1/30 18:23:04,middle
2026/1/30 18:23:04,mid-sep
2026/1/30 18:23:30,middle
2026/1/30 18:23:31,corridor
2026/1/30 18:23:31,side
2026/1/30 18:26:06,corridor
2026/1/30 18:26:06,middle
2026/1/30 18:26:07,mid-sep
2026/1/30 18:26:37,middle
2026/1/30 18:27:38,corridor
2026/1/30 18:27:40,side
2026/1/30 18:31:50,corridor
2026/1/30 18:31:51,middle
2026/1/30 18:31:52,mid-sep
2026/1/30 18:32:04,middle
2026/1/30 18:32:05,corridor
2026/1/30 18:32:05,side
2026/1/30 18:34:52,corridor
2026/1/30 18:34:52,middle
2026/1/30 18:34:53,mid-sep
2026/1/30 18:34:59,middle
2026/1/30 18:35:03,mid-sep
2026/1/30 18:35:08,middle
2026/1/30 18:38:03,mid-sep
2026/1/30 18:38:31,middle
2026/1/30 18:38:33,corridor
2026/1/30 18:38:33,side
2026/1/30 18:39:49,corridor
2026/1/30 18:39:49,middle
2026/1/30 18:39:55,corridor
2026/1/30 18:39:59,middle
2026/1/30 18:42:06,corridor
2026/1/30 18:42:06,side
2026/1/30 18:48:05,corridor
2026/1/30 18:48:05,middle
2026/1/30 18:48:06,mid-sep
2026/1/30 18:48:24,middle
2026/1/30 18:48:27,mid-sep
2026/1/30 18:48:31,middle
2026/1/30 18:48:40,mid-sep
2026/1/30 18:48:48,middle
2026/1/30 18:48:49,corridor
2026/1/30 18:48:50,side
2026/1/30 18:53:35,corridor
2026/1/30 18:53:36,middle
2026/1/30 18:55:25,mid-sep
2026/1/30 18:55:48,middle
2026/1/30 18:55:52,corridor
2026/1/30 18:55:52,side
2026/1/30 19:36:43,corridor
2026/1/30 19:36:43,middle
2026/1/30 19:36:49,mid-sep
2026/1/30 19:37:08,middle
2026/1/30 19:38:51,mid-sep
2026/1/30 19:39:11,middle
2026/1/30 19:40:00,mid-sep
2026/1/30 19:40:07,middle
2026/1/30 19:40:16,mid-sep
2026/1/30 19:40:23,middle
2026/1/30 19:40:31,corridor
2026/1/30 19:40:33,side
2026/1/30 19:40:50,corridor
2026/1/30 19:40:51,middle
2026/1/30 19:40:52,mid-sep
2026/1/30 19:41:03,middle
2026/1/30 19:41:05,corridor
2026/1/30 19:41:08,side
2026/1/30 19:41:33,corridor
2026/1/30 19:41:34,middle
2026/1/30 19:41:34,mid-sep
2026/1/30 19:41:48,middle
2026/1/30 19:44:33,mid-sep
2026/1/30 19:44:43,middle
2026/1/30 19:44:45,corridor
2026/1/30 19:44:46,side
2026/1/30 19:45:24,corridor
2026/1/30 19:45:24,middle
2026/1/30 19:45:55,mid-sep
2026/1/30 19:46:37,middle
2026/1/30 19:46:47,mid-sep
2026/1/30 19:47:01,middle
2026/1/30 19:47:10,corridor
2026/1/30 19:47:10,side
2026/1/30 19:47:49,corridor
2026/1/30 19:47:49,middle
2026/1/30 19:47:50,mid-sep
2026/1/30 19:48:09,middle
2026/1/30 19:48:11,corridor
2026/1/30 19:48:12,side
2026/1/30 19:48:22,corridor
2026/1/30 19:48:22,middle
2026/1/30 19:48:26,mid-sep
2026/1/30 19:49:08,middle
2026/1/30 19:49:11,corridor
2026/1/30 19:49:12,side
2026/1/30 19:49:23,corridor
2026/1/30 19:49:23,middle
2026/1/30 19:49:23,mid-sep
2026/1/30 19:49:26,middle
2026/1/30 19:49:47,corridor
2026/1/30 19:49:48,side
2026/1/30 19:51:51,corridor
2026/1/30 19:51:52,middle
2026/1/30 19:51:52,mid-sep
2026/1/30 19:52:01,middle
2026/1/30 19:52:03,corridor
2026/1/30 19:52:04,side
2026/1/30 19:54:22,corridor
2026/1/30 19:54:22,middle
2026/1/30 19:54:23,mid-sep
2026/1/30 19:54:25,middle
2026/1/30 19:54:27,corridor
2026/1/30 19:54:28,side
2026/1/30 19:55:38,corridor
2026/1/30 19:55:38,middle
2026/1/30 19:55:39,mid-sep
2026/1/30 19:55:58,middle
2026/1/30 19:56:00,corridor
2026/1/30 19:56:00,side
2026/1/30 19:59:31,corridor
2026/1/30 19:59:31,middle
2026/1/30 19:59:33,mid-sep
2026/1/30 19:59:47,middle
2026/1/30 19:59:49,corridor
2026/1/30 19:59:49,side
2026/1/30 20:06:12,corridor
2026/1/30 20:06:12,middle
2026/1/30 20:06:13,mid-sep
2026/1/30 20:06:49,middle
2026/1/30 20:06:54,mid-sep
2026/1/30 20:06:59,middle
2026/1/30 20:07:11,corridor
2026/1/30 20:07:12,side
2026/1/30 20:07:36,corridor
2026/1/30 20:07:36,middle
2026/1/30 20:07:38,mid-sep
2026/1/30 20:07:40,middle
2026/1/30 20:11:29,mid-sep
2026/1/30 20:12:00,middle
2026/1/30 20:12:32,corridor
2026/1/30 20:12:32,side
2026/1/30 20:15:19,corridor
2026/1/30 20:15:19,middle
2026/1/30 20:15:21,mid-sep
2026/1/30 20:15:24,middle
2026/1/30 20:20:00,mid-sep
2026/1/30 20:20:32,middle
2026/1/30 20:20:34,corridor
2026/1/30 20:20:35,side
2026/1/30 20:26:44,corridor
2026/1/30 20:26:45,middle
2026/1/30 20:26:45,mid-sep
2026/1/30 20:26:48,middle
2026/1/30 20:26:54,corridor
2026/1/30 20:26:54,side
2026/1/30 20:31:16,corridor
2026/1/30 20:31:17,middle
2026/1/30 20:31:20,mid-sep
2026/1/30 20:31:37,middle
2026/1/30 20:32:17,mid-sep
2026/1/30 20:32:30,middle
2026/1/30 20:32:32,corridor
2026/1/30 20:32:32,side
2026/1/30 20:34:16,corridor
2026/1/30 20:34:16,middle
2026/1/30 20:34:22,corridor
2026/1/30 20:34:23,side
2026/1/30 20:37:59,corridor
2026/1/30 20:37:59,middle
2026/1/30 20:38:15,mid-sep
2026/1/30 20:38:35,middle
2026/1/30 20:38:36,corridor
2026/1/30 20:38:36,side
2026/1/30 20:43:37,corridor
2026/1/30 20:43:37,middle
2026/1/30 20:43:38,mid-sep
2026/1/30 20:43:57,middle
2026/1/30 20:44:03,mid-sep
2026/1/30 20:44:40,middle
2026/1/30 20:44:42,corridor
2026/1/30 20:44:42,side
2026/1/30 21:04:53,corridor
2026/1/30 21:04:53,middle
2026/1/30 21:04:54,mid-sep
2026/1/30 21:05:18,middle
2026/1/30 21:05:32,mid-sep
2026/1/30 21:05:34,middle
2026/1/30 21:06:11,mid-sep
2026/1/30 21:06:34,middle
2026/1/30 21:06:52,mid-sep
2026/1/30 21:07:27,middle
2026/1/30 21:09:31,mid-sep
2026/1/30 21:09:52,middle
2026/1/30 21:09:54,corridor
2026/1/30 21:09:54,side
2026/1/30 21:10:06,corridor
2026/1/30 21:10:06,middle
2026/1/30 21:10:10,mid-sep
2026/1/30 21:10:21,middle
2026/1/30 21:11:30,mid-sep
2026/1/30 21:11:55,middle
2026/1/30 21:11:58,corridor
2026/1/30 21:11:58,side
2026/1/30 21:25:54,corridor
2026/1/30 21:25:55,middle
2026/1/30 21:25:56,mid-sep
2026/1/30 21:26:22,middle
2026/1/30 21:26:30,mid-sep
2026/1/30 21:26:36,middle
2026/1/30 21:27:50,mid-sep
2026/1/30 21:28:04,middle
2026/1/30 21:28:52,mid-sep
2026/1/30 21:29:21,middle
2026/1/30 21:29:50,mid-sep
2026/1/30 21:30:13,middle
2026/1/30 21:30:19,corridor
2026/1/30 21:30:19,side
2026/1/30 21:30:53,corridor
2026/1/30 21:30:54,middle
2026/1/30 21:30:54,mid-sep
2026/1/30 21:31:11,middle
2026/1/30 21:31:20,mid-sep
2026/1/30 21:31:26,middle
2026/1/30 21:31:27,corridor
2026/1/30 21:31:27,side
2026/1/30 21:31:56,corridor
2026/1/30 21:31:57,middle
2026/1/30 21:31:57,mid-sep
2026/1/30 21:32:02,middle
2026/1/30 21:32:04,corridor
2026/1/30 21:32:05,side
2026/1/30 21:33:38,corridor
2026/1/30 21:33:38,middle
2026/1/30 21:33:39,mid-sep
2026/1/30 21:33:40,middle
2026/1/30 21:34:29,mid-sep
2026/1/30 21:34:30,middle
2026/1/30 21:34:36,corridor
2026/1/30 21:34:36,side
2026/1/30 21:38:53,corridor
2026/1/30 21:38:53,middle
2026/1/30 21:39:00,mid-sep
2026/1/30 21:39:01,middle
2026/1/30 21:39:13,mid-sep
2026/1/30 21:39:23,middle
2026/1/30 21:39:31,mid-sep
2026/1/30 21:39:37,middle
2026/1/30 21:39:51,corridor
2026/1/30 21:39:52,side
2026/1/30 21:43:34,corridor
2026/1/30 21:43:34,middle
2026/1/30 21:43:35,mid-sep
2026/1/30 21:43:41,middle
2026/1/30 21:44:36,mid-sep
2026/1/30 21:44:44,middle
2026/1/30 21:44:45,corridor
2026/1/30 21:44:45,side
2026/1/30 23:14:58,corridor
2026/1/30 23:14:58,middle
2026/1/30 23:15:00,mid-sep
2026/1/30 23:15:05,middle
2026/1/30 23:15:11,mid-sep
2026/1/30 23:16:01,middle
2026/1/30 23:16:36,mid-sep
2026/1/30 23:16:51,middle
2026/1/30 23:19:03,mid-sep
2026/1/30 23:19:23,middle
2026/1/30 23:19:47,mid-sep
2026/1/30 23:19:59,middle
2026/1/30 23:21:10,mid-sep
2026/1/30 23:21:18,middle
2026/1/30 23:21:24,corridor
2026/1/30 23:21:25,side
2026/1/30 23:21:34,corridor
2026/1/30 23:21:34,middle
2026/1/30 23:21:35,mid-sep
2026/1/30 23:21:40,middle
2026/1/30 23:21:43,corridor
2026/1/30 23:21:44,side
2026/1/30 23:22:43,corridor
2026/1/30 23:22:43,middle
2026/1/30 23:22:44,mid-sep
2026/1/30 23:23:22,middle
2026/1/30 23:23:35,mid-sep
2026/1/30 23:23:41,middle
2026/1/30 23:23:47,mid-sep
2026/1/30 23:23:49,middle
2026/1/30 23:24:02,mid-sep
2026/1/30 23:24:04,middle
2026/1/30 23:26:28,mid-sep
2026/1/30 23:26:33,middle
2026/1/30 23:26:47,mid-sep
2026/1/30 23:26:53,middle
2026/1/30 23:27:01,corridor
2026/1/30 23:27:02,side
2026/1/30 23:28:23,corridor
2026/1/30 23:28:23,middle
2026/1/30 23:28:24,mid-sep
2026/1/30 23:29:06,middle
2026/1/30 23:29:23,mid-sep
2026/1/30 23:29:26,middle
2026/1/30 23:29:32,mid-sep
2026/1/30 23:29:35,middle
2026/1/30 23:29:58,mid-sep
2026/1/30 23:30:03,middle
2026/1/30 23:30:11,mid-sep
2026/1/30 23:30:19,middle
2026/1/30 23:30:23,mid-sep
2026/1/30 23:30:24,middle
2026/1/30 23:30:26,corridor
2026/1/30 23:30:27,side
2026/1/30 23:33:46,corridor
2026/1/30 23:33:46,middle
2026/1/30 23:33:47,mid-sep
2026/1/30 23:34:19,middle
2026/1/30 23:34:24,corridor
2026/1/30 23:34:25,side
2026/1/30 23:34:39,corridor
2026/1/30 23:34:39,middle
2026/1/30 23:34:40,mid-sep
2026/1/30 23:34:44,middle
2026/1/30 23:34:51,corridor
2026/1/30 23:34:55,middle
2026/1/30 23:35:02,mid-sep
2026/1/30 23:35:03,middle
2026/1/30 23:35:05,corridor
2026/1/30 23:35:08,side
2026/1/30 23:35:12,corridor
2026/1/30 23:35:14,middle
2026/1/30 23:35:22,mid-sep
2026/1/30 23:35:25,middle
2026/1/30 23:35:27,corridor
2026/1/30 23:35:27,side
2026/1/30 23:35:56,corridor
2026/1/30 23:35:57,middle
2026/1/30 23:37:42,mid-sep
2026/1/30 23:37:49,middle
2026/1/30 23:38:31,mid-sep
2026/1/30 23:38:34,middle
2026/1/30 23:38:35,corridor
2026/1/30 23:38:35,side
2026/1/30 23:41:47,corridor
2026/1/30 23:41:47,middle
2026/1/30 23:41:49,mid-sep
2026/1/30 23:41:54,middle
2026/1/30 23:42:00,mid-sep
2026/1/30 23:42:17,middle
2026/1/30 23:42:21,mid-sep
2026/1/30 23:42:27,middle
2026/1/30 23:42:36,mid-sep
2026/1/30 23:42:52,middle
2026/1/30 23:44:12,mid-sep
2026/1/30 23:44:41,middle
2026/1/30 23:45:31,corridor
2026/1/30 23:45:32,side
2026/1/30 23:45:43,corridor
2026/1/30 23:45:44,middle
2026/1/30 23:46:10,corridor
2026/1/30 23:46:10,side
2026/1/30 23:51:04,corridor
2026/1/30 23:51:04,middle
2026/1/30 23:51:05,mid-sep
2026/1/30 23:51:22,middle
2026/1/30 23:51:51,mid-sep
2026/1/30 23:52:20,middle
2026/1/30 23:52:41,mid-sep
2026/1/30 23:53:08,middle
2026/1/30 23:53:09,corridor
2026/1/30 23:53:11,side
2026/1/30 23:54:45,corridor
2026/1/30 23:54:45,middle
2026/1/30 23:54:46,corridor
2026/1/30 23:54:46,side
2026/1/30 23:56:01,corridor
2026/1/30 23:56:01,middle
2026/1/30 23:56:03,mid-sep
2026/1/30 23:56:16,middle
2026/1/30 23:56:17,corridor
2026/1/30 23:56:18,side
2026/1/30 23:56:23,corridor
2026/1/30 23:56:24,middle
2026/1/30 23:56:26,mid-sep
2026/1/30 23:56:31,middle
2026/1/30 23:56:32,corridor
2026/1/30 23:56:33,side
2026/1/31 1:25:43,corridor
2026/1/31 1:25:43,middle
2026/1/31 1:25:44,mid-sep
2026/1/31 1:26:05,middle
2026/1/31 1:27:14,mid-sep
2026/1/31 1:27:34,middle
2026/1/31 1:27:55,mid-sep
2026/1/31 1:28:52,middle
2026/1/31 1:29:33,mid-sep
2026/1/31 1:29:55,middle
2026/1/31 1:30:11,mid-sep
2026/1/31 1:30:24,middle
2026/1/31 1:30:26,corridor
2026/1/31 1:30:31,middle
2026/1/31 1:30:45,mid-sep
2026/1/31 1:31:03,middle
2026/1/31 1:31:13,mid-sep
2026/1/31 1:31:20,middle
2026/1/31 1:31:24,corridor
2026/1/31 1:31:24,side
2026/1/31 1:32:07,corridor
2026/1/31 1:32:07,middle
2026/1/31 1:32:08,mid-sep
2026/1/31 1:32:12,middle
2026/1/31 1:32:14,corridor
2026/1/31 1:32:14,side
2026/1/31 1:32:35,corridor
2026/1/31 1:32:35,middle
2026/1/31 1:32:37,mid-sep
2026/1/31 1:33:01,middle
2026/1/31 1:33:05,mid-sep
2026/1/31 1:33:07,middle
2026/1/31 1:33:08,corridor
2026/1/31 1:33:09,side
2026/1/31 1:42:52,corridor
2026/1/31 1:42:52,middle
2026/1/31 1:42:53,mid-sep
2026/1/31 1:43:01,middle
2026/1/31 1:43:39,mid-sep
2026/1/31 1:43:46,middle
2026/1/31 1:44:02,mid-sep
2026/1/31 1:44:20,middle
2026/1/31 1:44:33,mid-sep
2026/1/31 1:44:42,middle
2026/1/31 1:44:50,mid-sep
2026/1/31 1:44:53,middle
2026/1/31 1:45:02,mid-sep
2026/1/31 1:45:19,middle
2026/1/31 1:45:35,mid-sep
2026/1/31 1:45:37,middle
2026/1/31 1:45:40,corridor
2026/1/31 1:45:42,side
2026/1/31 2:01:11,corridor
2026/1/31 2:01:11,middle
2026/1/31 2:01:12,mid-sep
2026/1/31 2:01:19,middle
2026/1/31 2:01:23,mid-sep
2026/1/31 2:01:27,middle
2026/1/31 2:01:34,mid-sep
2026/1/31 2:02:02,middle
2026/1/31 2:03:30,mid-sep
2026/1/31 2:03:54,middle
2026/1/31 2:04:51,mid-sep
2026/1/31 2:04:59,middle
2026/1/31 2:05:00,corridor
2026/1/31 2:05:00,side
2026/1/31 2:06:55,corridor
2026/1/31 2:06:55,middle
2026/1/31 2:07:12,mid-sep
2026/1/31 2:07:27,middle
2026/1/31 2:07:32,mid-sep
2026/1/31 2:07:41,middle
2026/1/31 2:08:20,corridor
2026/1/31 2:08:20,side
2026/1/31 3:27:18,corridor
2026/1/31 3:27:19,middle
2026/1/31 3:27:19,mid-sep
2026/1/31 3:27:29,middle
2026/1/31 3:27:48,mid-sep
2026/1/31 3:27:51,middle
2026/1/31 3:28:04,mid-sep
2026/1/31 3:28:13,middle
2026/1/31 3:28:27,mid-sep
2026/1/31 3:28:38,middle
2026/1/31 3:29:17,mid-sep
2026/1/31 3:29:42,middle
2026/1/31 3:31:56,mid-sep
2026/1/31 3:32:02,middle
2026/1/31 3:32:18,mid-sep
2026/1/31 3:32:28,middle
2026/1/31 3:32:29,corridor
2026/1/31 3:32:29,side
2026/1/31 3:32:41,corridor
2026/1/31 3:32:43,middle
2026/1/31 3:32:44,mid-sep
2026/1/31 3:32:49,middle
2026/1/31 3:32:50,corridor
2026/1/31 3:32:50,side
2026/1/31 3:33:50,corridor
2026/1/31 3:33:51,middle
2026/1/31 3:34:00,mid-sep
2026/1/31 3:34:05,middle
2026/1/31 3:34:07,corridor
2026/1/31 3:34:09,side
2026/1/31 3:35:08,corridor
2026/1/31 3:35:09,middle
2026/1/31 3:35:11,mid-sep
2026/1/31 3:35:38,middle
2026/1/31 3:35:48,corridor
2026/1/31 3:35:49,side
2026/1/31 3:36:12,corridor
2026/1/31 3:36:12,middle
2026/1/31 3:36:13,mid-sep
2026/1/31 3:36:16,middle
2026/1/31 3:36:17,corridor
2026/1/31 3:36:19,side
2026/1/31 3:42:33,corridor
2026/1/31 3:42:34,middle
2026/1/31 3:42:35,mid-sep
2026/1/31 3:42:53,middle
2026/1/31 3:43:20,mid-sep
2026/1/31 3:43:30,middle
2026/1/31 3:43:37,corridor
2026/1/31 3:43:38,side
2026/1/31 3:44:36,corridor
2026/1/31 3:44:37,middle
2026/1/31 3:44:37,mid-sep
2026/1/31 3:44:46,middle
2026/1/31 3:44:46,corridor
2026/1/31 3:44:46,side
2026/1/31 3:45:56,corridor
2026/1/31 3:45:56,middle
2026/1/31 3:45:57,mid-sep
2026/1/31 3:46:07,middle
2026/1/31 3:46:14,mid-sep
2026/1/31 3:46:17,middle
2026/1/31 3:46:18,corridor
2026/1/31 3:46:19,side
2026/1/31 5:40:22,corridor
2026/1/31 5:40:23,middle
2026/1/31 5:40:24,mid-sep
2026/1/31 5:40:35,middle
2026/1/31 5:43:27,mid-sep
2026/1/31 5:43:42,middle
2026/1/31 5:43:49,corridor
2026/1/31 5:43:49,side
2026/1/31 5:43:57,corridor
2026/1/31 5:43:57,middle
2026/1/31 5:43:58,mid-sep
2026/1/31 5:44:06,middle
2026/1/31 5:44:11,mid-sep
2026/1/31 5:44:14,middle
2026/1/31 5:44:15,corridor
2026/1/31 5:44:16,side
2026/1/31 5:44:40,corridor
2026/1/31 5:44:40,middle
2026/1/31 5:44:41,mid-sep
2026/1/31 5:44:43,middle
2026/1/31 5:44:44,corridor
2026/1/31 5:44:45,side
2026/1/31 5:45:16,corridor
2026/1/31 5:45:16,middle
2026/1/31 5:45:17,mid-sep
2026/1/31 5:45:17,middle
2026/1/31 5:45:18,corridor
2026/1/31 5:45:19,side
2026/1/31 5:46:32,corridor
2026/1/31 5:46:32,middle
2026/1/31 5:46:33,mid-sep
2026/1/31 5:47:12,middle
2026/1/31 5:47:17,corridor
2026/1/31 5:47:20,side
2026/1/31 5:49:05,corridor
2026/1/31 5:49:07,middle
2026/1/31 5:49:08,corridor
2026/1/31 5:49:08,side
2026/1/31 5:54:04,corridor
2026/1/31 5:54:04,middle
2026/1/31 5:54:05,mid-sep
2026/1/31 5:54:09,middle
2026/1/31 5:54:10,corridor
2026/1/31 5:54:10,side
2026/1/31 5:54:23,corridor
2026/1/31 5:54:23,middle
2026/1/31 5:54:25,corridor
2026/1/31 5:54:26,side
2026/1/31 5:55:41,corridor
2026/1/31 5:55:41,middle
2026/1/31 5:55:43,mid-sep
2026/1/31 5:56:01,middle
2026/1/31 5:56:02,corridor
2026/1/31 5:56:02,side
2026/1/31 6:03:18,corridor
2026/1/31 6:03:19,middle
2026/1/31 6:03:19,mid-sep
2026/1/31 6:03:48,middle
2026/1/31 6:04:17,mid-sep
2026/1/31 6:04:24,middle
2026/1/31 6:04:47,mid-sep
2026/1/31 6:04:52,middle
2026/1/31 6:04:59,mid-sep
2026/1/31 6:05:11,middle
2026/1/31 6:05:13,corridor
2026/1/31 6:05:13,side
2026/1/31 6:05:38,corridor
2026/1/31 6:05:38,middle
2026/1/31 6:05:44,mid-sep
2026/1/31 6:05:56,middle
2026/1/31 6:05:58,corridor
2026/1/31 6:05:59,side
2026/1/31 6:09:25,corridor
2026/1/31 6:09:26,middle
2026/1/31 6:09:28,mid-sep
2026/1/31 6:09:51,middle
2026/1/31 6:09:58,mid-sep
2026/1/31 6:10:00,middle
2026/1/31 6:10:05,mid-sep
2026/1/31 6:10:14,middle
2026/1/31 6:10:24,mid-sep
2026/1/31 6:10:33,middle
2026/1/31 6:10:35,corridor
2026/1/31 6:10:35,side
2026/1/31 6:11:05,corridor
2026/1/31 6:11:05,middle
2026/1/31 6:11:06,mid-sep
2026/1/31 6:11:25,middle
2026/1/31 6:12:28,corridor
2026/1/31 6:12:28,side
2026/1/31 6:16:36,corridor
2026/1/31 6:16:37,middle
2026/1/31 6:16:39,mid-sep
2026/1/31 6:16:54,middle
2026/1/31 6:17:45,corridor
2026/1/31 6:17:48,side
2026/1/31 6:27:23,corridor
2026/1/31 6:27:23,middle
2026/1/31 6:27:26,mid-sep
2026/1/31 6:27:34,middle
2026/1/31 6:27:51,mid-sep
2026/1/31 6:28:24,middle
2026/1/31 6:30:56,corridor
2026/1/31 6:30:57,side
2026/1/31 6:31:44,corridor
2026/1/31 6:31:44,middle
2026/1/31 6:31:45,mid-sep
2026/1/31 6:32:05,middle
2026/1/31 6:32:07,mid-sep
2026/1/31 6:32:19,middle
2026/1/31 6:32:28,mid-sep
2026/1/31 6:32:48,middle
2026/1/31 6:33:03,corridor
2026/1/31 6:33:04,side
2026/1/31 6:34:29,corridor
2026/1/31 6:34:30,middle
2026/1/31 6:34:31,mid-sep
2026/1/31 6:34:33,middle
2026/1/31 6:34:42,mid-sep
2026/1/31 6:34:52,middle
2026/1/31 6:34:53,corridor
2026/1/31 6:34:53,side
2026/1/31 6:35:35,corridor
2026/1/31 6:35:35,middle
2026/1/31 6:35:36,mid-sep
2026/1/31 6:35:38,middle
2026/1/31 6:35:49,corridor
2026/1/31 6:35:54,side
2026/1/31 6:40:54,corridor
2026/1/31 6:40:54,middle
2026/1/31 6:40:57,mid-sep
2026/1/31 6:41:11,middle
2026/1/31 6:42:15,mid-sep
2026/1/31 6:42:17,middle
2026/1/31 6:42:24,corridor
2026/1/31 6:42:25,side
2026/1/31 7:40:20,corridor
2026/1/31 7:40:21,middle
2026/1/31 7:40:39,corridor
2026/1/31 7:40:44,side
2026/1/31 7:41:12,corridor
2026/1/31 7:41:12,middle
2026/1/31 7:41:14,mid-sep
2026/1/31 7:41:37,middle
2026/1/31 7:43:09,mid-sep
2026/1/31 7:43:25,middle
2026/1/31 7:43:28,mid-sep
2026/1/31 7:44:22,middle
2026/1/31 7:44:25,corridor
2026/1/31 7:44:25,side
2026/1/31 7:45:03,corridor
2026/1/31 7:45:03,middle
2026/1/31 7:45:05,mid-sep
2026/1/31 7:45:28,middle
2026/1/31 7:45:38,mid-sep
2026/1/31 7:45:53,middle
2026/1/31 7:45:57,corridor
2026/1/31 7:45:57,side
2026/1/31 7:48:35,corridor
2026/1/31 7:48:35,middle
2026/1/31 7:48:36,mid-sep
2026/1/31 7:48:51,middle
2026/1/31 7:48:51,corridor
2026/1/31 7:48:52,side
2026/1/31 7:51:07,corridor
2026/1/31 7:51:07,middle
2026/1/31 7:51:08,mid-sep
2026/1/31 7:51:25,middle
2026/1/31 7:51:26,corridor
2026/1/31 7:51:26,side
2026/1/31 7:52:47,corridor
2026/1/31 7:52:47,middle
2026/1/31 7:52:48,mid-sep
2026/1/31 7:53:15,middle
2026/1/31 7:53:23,mid-sep
2026/1/31 7:53:28,middle
2026/1/31 7:59:54,mid-sep
2026/1/31 8:00:08,middle
2026/1/31 8:00:10,corridor
2026/1/31 8:00:11,side
2026/1/31 8:02:07,corridor
2026/1/31 8:02:07,middle
2026/1/31 8:02:08,mid-sep
2026/1/31 8:02:10,middle
2026/1/31 8:02:11,corridor
2026/1/31 8:02:11,side
2026/1/31 8:04:30,corridor
2026/1/31 8:04:30,middle
2026/1/31 8:04:32,mid-sep
2026/1/31 8:05:00,middle
2026/1/31 8:05:40,corridor
2026/1/31 8:05:48,side
2026/1/31 8:06:35,corridor
2026/1/31 8:06:35,middle
2026/1/31 8:09:00,mid-sep
2026/1/31 8:09:08,middle
2026/1/31 8:09:09,corridor
2026/1/31 8:09:12,side
2026/1/31 8:10:25,corridor
2026/1/31 8:10:25,middle
2026/1/31 8:10:36,corridor
2026/1/31 8:10:36,side
2026/1/31 8:11:01,corridor
2026/1/31 8:11:01,middle
2026/1/31 8:11:03,mid-sep
2026/1/31 8:11:11,middle
2026/1/31 8:11:12,corridor
2026/1/31 8:11:13,side
2026/1/31 8:14:26,corridor
2026/1/31 8:14:31,middle
2026/1/31 8:14:32,mid-sep
2026/1/31 8:14:48,middle
2026/1/31 8:14:50,corridor
2026/1/31 8:14:50,side
2026/1/31 8:15:54,corridor
2026/1/31 8:16:01,side
2026/1/31 8:16:34,corridor
2026/1/31 8:16:35,middle
2026/1/31 8:17:25,mid-sep
2026/1/31 8:17:55,middle
2026/1/31 8:18:00,corridor
2026/1/31 8:18:01,side
2026/1/31 8:19:25,corridor
2026/1/31 8:19:26,middle
2026/1/31 8:20:21,corridor
2026/1/31 8:20:21,side
2026/1/31 8:20:36,corridor
2026/1/31 8:21:08,middle
2026/1/31 8:24:38,mid-sep
2026/1/31 8:25:16,middle
2026/1/31 8:25:26,mid-sep
2026/1/31 8:25:33,middle
2026/1/31 8:27:57,corridor
2026/1/31 8:28:02,middle
2026/1/31 8:30:48,corridor
2026/1/31 8:31:08,side
2026/1/31 8:32:52,corridor
2026/1/31 8:32:52,middle
2026/1/31 8:32:54,mid-sep
2026/1/31 8:33:04,middle
2026/1/31 8:33:39,corridor
2026/1/31 8:33:40,side
2026/1/31 8:36:58,corridor
2026/1/31 8:37:04,middle
2026/1/31 8:37:08,mid-sep
2026/1/31 8:37:10,middle
2026/1/31 8:37:14,corridor
2026/1/31 8:37:14,side
2026/1/31 8:38:38,corridor
2026/1/31 8:38:40,middle
2026/1/31 8:40:31,mid-sep
2026/1/31 8:40:39,middle
2026/1/31 8:40:44,corridor
2026/1/31 8:40:48,side
2026/1/31 10:25:15,corridor
2026/1/31 10:25:15,middle
2026/1/31 10:25:19,mid-sep
2026/1/31 10:25:31,middle
2026/1/31 10:25:36,corridor
2026/1/31 10:25:42,side
2026/1/31 10:25:53,corridor
2026/1/31 10:25:53,middle
2026/1/31 10:25:56,mid-sep
2026/1/31 10:25:57,middle
2026/1/31 10:25:58,mid-sep
2026/1/31 10:26:19,middle
2026/1/31 10:26:31,corridor
2026/1/31 10:26:34,side
2026/1/31 10:26:53,corridor
2026/1/31 10:26:59,middle
2026/1/31 10:27:06,mid-sep
2026/1/31 10:27:24,middle
2026/1/31 10:31:47,mid-sep
2026/1/31 10:32:03,middle
2026/1/31 10:32:03,corridor
2026/1/31 10:32:04,side
2026/1/31 10:32:48,corridor
2026/1/31 10:32:49,middle
2026/1/31 10:32:51,mid-sep
2026/1/31 10:32:53,middle
2026/1/31 10:33:12,mid-sep
2026/1/31 10:33:44,middle
2026/1/31 10:33:52,corridor
2026/1/31 10:33:53,side
2026/1/31 10:34:45,corridor
2026/1/31 10:34:46,middle
2026/1/31 10:34:47,mid-sep
2026/1/31 10:34:49,middle
2026/1/31 10:34:49,corridor
2026/1/31 10:34:50,side
2026/1/31 10:37:14,corridor
2026/1/31 10:37:15,middle
2026/1/31 10:37:17,mid-sep
2026/1/31 10:37:52,middle
2026/1/31 10:38:05,mid-sep
2026/1/31 10:38:23,middle
2026/1/31 10:38:30,corridor
2026/1/31 10:38:31,side
2026/1/31 10:39:33,corridor
2026/1/31 10:39:33,middle
2026/1/31 10:39:34,mid-sep
2026/1/31 10:39:50,middle
2026/1/31 10:39:52,mid-sep
2026/1/31 10:39:53,middle
2026/1/31 10:39:55,corridor
2026/1/31 10:39:57,side
2026/1/31 10:42:43,corridor
2026/1/31 10:42:43,middle
2026/1/31 10:42:45,mid-sep
2026/1/31 10:42:46,middle
2026/1/31 10:42:48,corridor
2026/1/31 10:42:49,side
2026/1/31 10:44:48,corridor
2026/1/31 10:44:50,middle
2026/1/31 10:45:00,mid-sep
2026/1/31 10:45:01,middle
2026/1/31 10:45:01,corridor
2026/1/31 10:45:01,side
2026/1/31 10:45:40,corridor
2026/1/31 10:45:42,middle
2026/1/31 10:46:03,mid-sep
2026/1/31 10:46:04,middle
2026/1/31 10:46:05,corridor
2026/1/31 10:46:05,side
2026/1/31 10:47:08,corridor
2026/1/31 10:47:10,middle
2026/1/31 10:47:11,mid-sep
2026/1/31 10:47:33,middle
2026/1/31 10:47:36,corridor
2026/1/31 10:47:37,side
2026/1/31 10:55:02,corridor
2026/1/31 10:55:03,middle
2026/1/31 10:55:09,corridor
2026/1/31 10:55:09,side
2026/1/31 10:55:51,corridor
2026/1/31 10:55:52,middle
2026/1/31 10:55:54,mid-sep
2026/1/31 10:55:56,middle
2026/1/31 10:55:57,corridor
2026/1/31 10:55:57,side
2026/1/31 10:58:57,corridor
2026/1/31 10:59:04,side
2026/1/31 10:59:15,corridor
2026/1/31 10:59:29,side
2026/1/31 11:00:33,corridor
2026/1/31 11:00:41,middle
2026/1/31 11:00:47,corridor
2026/1/31 11:00:48,side
2026/1/31 12:48:38,corridor
2026/1/31 12:48:38,middle
2026/1/31 12:48:48,mid-sep
2026/1/31 12:48:56,middle
2026/1/31 12:50:10,mid-sep
2026/1/31 12:50:22,middle
2026/1/31 12:51:44,mid-sep
2026/1/31 12:51:47,middle
2026/1/31 12:51:59,mid-sep
2026/1/31 12:52:07,middle
2026/1/31 12:52:23,corridor
2026/1/31 12:52:24,side
2026/1/31 12:52:37,corridor
2026/1/31 12:52:40,middle
2026/1/31 12:52:41,mid-sep
2026/1/31 12:53:20,middle
2026/1/31 12:53:25,mid-sep
2026/1/31 12:53:32,middle
2026/1/31 12:53:54,corridor
2026/1/31 12:53:54,side
2026/1/31 12:54:09,corridor
2026/1/31 12:54:10,middle
2026/1/31 12:54:44,mid-sep
2026/1/31 12:54:57,middle
2026/1/31 12:55:01,mid-sep
2026/1/31 12:55:06,middle
2026/1/31 12:55:07,corridor
2026/1/31 12:55:07,side
2026/1/31 12:57:09,corridor
2026/1/31 12:57:11,middle
2026/1/31 12:57:12,mid-sep
2026/1/31 12:57:13,middle
2026/1/31 12:57:14,corridor
2026/1/31 12:57:15,side
2026/1/31 12:57:57,corridor
2026/1/31 12:58:01,middle
2026/1/31 12:58:04,corridor
2026/1/31 12:58:12,side
2026/1/31 13:00:52,corridor
2026/1/31 13:01:08,middle
2026/1/31 13:01:36,mid-sep
2026/1/31 13:01:54,middle
2026/1/31 13:01:59,corridor
2026/1/31 13:02:00,side
2026/1/31 13:07:36,corridor
2026/1/31 13:07:44,middle
2026/1/31 13:07:46,mid-sep
2026/1/31 13:08:00,middle
2026/1/31 13:08:01,corridor
2026/1/31 13:08:02,side
2026/1/31 14:39:01,corridor
2026/1/31 14:39:02,middle
2026/1/31 14:39:03,mid-sep
2026/1/31 14:39:09,middle
2026/1/31 14:39:22,mid-sep
2026/1/31 14:39:39,middle
2026/1/31 14:40:20,mid-sep
2026/1/31 14:40:22,middle
2026/1/31 14:42:41,mid-sep
2026/1/31 14:42:48,middle
2026/1/31 14:42:54,corridor
2026/1/31 14:43:00,middle
2026/1/31 14:43:02,mid-sep
2026/1/31 14:43:08,middle
2026/1/31 14:43:10,corridor
2026/1/31 14:43:13,side
2026/1/31 14:50:38,corridor
2026/1/31 14:50:39,middle
2026/1/31 14:50:40,mid-sep
2026/1/31 14:50:58,middle
2026/1/31 14:50:59,corridor
2026/1/31 14:50:59,side
2026/1/31 14:51:21,corridor
2026/1/31 14:51:22,middle
2026/1/31 14:56:11,mid-sep
2026/1/31 14:56:21,middle
2026/1/31 14:56:54,corridor
2026/1/31 14:56:59,side
2026/1/31 15:01:50,corridor
2026/1/31 15:01:56,middle
2026/1/31 15:02:08,mid-sep
2026/1/31 15:02:56,middle
2026/1/31 15:03:20,corridor
2026/1/31 15:03:21,side
2026/1/31 15:04:48,corridor
2026/1/31 15:04:49,middle
2026/1/31 15:11:28,mid-sep
2026/1/31 15:11:53,middle
2026/1/31 15:11:54,corridor
2026/1/31 15:11:54,side
2026/1/31 16:11:49,corridor
2026/1/31 16:11:49,middle
2026/1/31 16:11:51,mid-sep
2026/1/31 16:11:59,middle
2026/1/31 16:12:26,mid-sep
2026/1/31 16:12:37,middle
2026/1/31 16:13:12,mid-sep
2026/1/31 16:13:59,middle
2026/1/31 16:14:20,mid-sep
2026/1/31 16:14:30,middle
2026/1/31 16:14:58,corridor
2026/1/31 16:14:58,side
2026/1/31 16:15:09,corridor
2026/1/31 16:15:11,middle
2026/1/31 16:15:14,mid-sep
2026/1/31 16:15:49,middle
2026/1/31 16:16:53,mid-sep
2026/1/31 16:17:24,middle
2026/1/31 16:17:46,mid-sep
2026/1/31 16:18:00,middle
2026/1/31 16:18:03,corridor
2026/1/31 16:18:03,side
2026/1/31 16:24:53,corridor
2026/1/31 16:24:55,middle
2026/1/31 16:24:58,mid-sep
2026/1/31 16:24:59,middle
2026/1/31 16:25:08,mid-sep
2026/1/31 16:25:37,middle
2026/1/31 16:25:47,mid-sep
2026/1/31 16:25:52,middle
2026/1/31 16:25:56,corridor
2026/1/31 16:25:56,side
2026/1/31 16:30:13,corridor
2026/1/31 16:30:13,middle
2026/1/31 16:30:15,mid-sep
2026/1/31 16:30:18,middle
2026/1/31 16:30:18,corridor
2026/1/31 16:30:18,side
2026/1/31 16:34:39,corridor
2026/1/31 16:34:40,middle
2026/1/31 16:34:42,mid-sep
2026/1/31 16:34:44,middle
2026/1/31 16:34:45,corridor
2026/1/31 16:34:45,side
2026/1/31 16:36:22,corridor
2026/1/31 16:36:23,middle
2026/1/31 16:36:24,mid-sep
2026/1/31 16:36:43,middle
2026/1/31 16:36:54,mid-sep
2026/1/31 16:36:57,middle
2026/1/31 16:42:15,corridor
2026/1/31 16:42:16,side
2026/1/31 16:42:55,corridor
2026/1/31 16:42:55,middle
2026/1/31 16:43:03,mid-sep
2026/1/31 16:43:06,middle
2026/1/31 16:43:36,mid-sep
2026/1/31 16:43:40,middle
2026/1/31 16:43:48,mid-sep
2026/1/31 16:43:50,middle
2026/1/31 16:43:59,corridor
2026/1/31 16:43:59,side
2026/1/31 16:49:18,corridor
2026/1/31 16:49:20,middle
2026/1/31 16:49:22,corridor
2026/1/31 16:49:23,side
2026/1/31 16:52:52,corridor
2026/1/31 16:52:53,middle
2026/1/31 16:58:32,mid-sep
2026/1/31 16:59:00,middle
2026/1/31 16:59:05,corridor
2026/1/31 16:59:06,side
2026/1/31 17:04:13,corridor
2026/1/31 17:04:13,middle
2026/1/31 17:04:14,mid-sep
2026/1/31 17:04:19,middle
2026/1/31 17:04:27,mid-sep
2026/1/31 17:04:34,middle
2026/1/31 17:04:35,corridor
2026/1/31 17:04:41,middle
2026/1/31 17:04:45,mid-sep
2026/1/31 17:05:14,middle
2026/1/31 17:05:19,mid-sep
2026/1/31 17:05:20,middle
2026/1/31 17:05:23,corridor
2026/1/31 17:05:25,side
2026/1/31 17:06:38,corridor
2026/1/31 17:06:38,middle
2026/1/31 17:06:41,mid-sep
2026/1/31 17:07:16,middle
2026/1/31 17:07:24,mid-sep
2026/1/31 17:07:37,middle
2026/1/31 17:12:45,mid-sep
2026/1/31 17:12:59,middle
2026/1/31 17:13:00,corridor
2026/1/31 17:13:04,middle
2026/1/31 17:13:05,mid-sep
2026/1/31 17:13:14,middle
2026/1/31 17:13:25,mid-sep
2026/1/31 17:13:26,side
2026/1/31 17:44:10,corridor
2026/1/31 17:44:11,middle
2026/1/31 17:44:12,mid-sep
2026/1/31 17:44:18,middle
2026/1/31 17:44:57,mid-sep
2026/1/31 17:45:04,middle
2026/1/31 17:45:29,mid-sep
2026/1/31 17:45:40,middle
2026/1/31 17:47:06,mid-sep
2026/1/31 17:47:11,middle
2026/1/31 17:47:16,mid-sep
2026/1/31 17:47:17,middle
2026/1/31 17:47:28,corridor
2026/1/31 17:47:28,side
2026/1/31 17:48:59,corridor
2026/1/31 17:49:00,middle
2026/1/31 17:49:01,mid-sep
2026/1/31 17:49:08,middle
2026/1/31 17:49:25,mid-sep
2026/1/31 17:49:26,middle
2026/1/31 17:49:43,mid-sep
2026/1/31 17:49:45,middle
2026/1/31 17:50:20,mid-sep
2026/1/31 17:50:22,middle
2026/1/31 17:51:13,corridor
2026/1/31 17:51:13,side
2026/1/31 17:51:52,corridor
2026/1/31 17:51:52,middle
2026/1/31 17:51:56,mid-sep
2026/1/31 17:52:15,middle
2026/1/31 17:56:33,mid-sep
2026/1/31 17:56:36,middle
2026/1/31 17:56:40,corridor
2026/1/31 17:56:40,side
2026/1/31 18:00:02,corridor
2026/1/31 18:00:03,middle
2026/1/31 18:00:19,mid-sep
2026/1/31 18:00:31,middle
2026/1/31 18:00:32,corridor
2026/1/31 18:00:33,side
2026/1/31 18:04:03,corridor
2026/1/31 18:04:04,middle
2026/1/31 18:04:06,mid-sep
2026/1/31 18:04:44,middle
2026/1/31 18:04:45,corridor
2026/1/31 18:04:45,side
2026/1/31 18:05:21,corridor
2026/1/31 18:05:22,middle
2026/1/31 18:05:22,mid-sep
2026/1/31 18:05:33,middle
2026/1/31 18:05:50,corridor
2026/1/31 18:05:51,side
2026/1/31 18:09:13,corridor
2026/1/31 18:09:14,middle
2026/1/31 18:09:15,mid-sep
2026/1/31 18:09:21,middle
2026/1/31 18:09:34,mid-sep
2026/1/31 18:09:38,middle
2026/1/31 18:09:39,corridor
2026/1/31 18:09:39,side
2026/1/31 18:10:31,corridor
2026/1/31 18:10:31,middle
2026/1/31 18:10:32,mid-sep
2026/1/31 18:10:43,middle
2026/1/31 18:10:44,corridor
2026/1/31 18:10:44,side
2026/1/31 18:14:33,corridor
2026/1/31 18:14:33,middle
2026/1/31 18:14:34,mid-sep
2026/1/31 18:14:43,middle
2026/1/31 18:14:46,corridor
2026/1/31 18:14:47,side
2026/1/31 18:18:24,corridor
2026/1/31 18:18:25,middle
2026/1/31 18:18:26,mid-sep
2026/1/31 18:19:07,middle
2026/1/31 18:19:27,corridor
2026/1/31 18:19:27,side
2026/1/31 18:22:13,corridor
2026/1/31 18:22:14,middle
2026/1/31 18:28:21,mid-sep
2026/1/31 18:28:35,middle
2026/1/31 18:28:47,mid-sep
2026/1/31 18:28:53,middle
2026/1/31 18:29:03,corridor
2026/1/31 18:29:03,side
2026/1/31 18:55:21,corridor
2026/1/31 18:55:21,middle
2026/1/31 18:55:22,mid-sep
2026/1/31 18:55:36,middle
2026/1/31 19:01:13,mid-sep
2026/1/31 19:01:27,middle
2026/1/31 19:01:27,corridor
2026/1/31 19:01:27,side
2026/1/31 19:01:47,corridor
2026/1/31 19:01:48,middle
2026/1/31 19:01:54,mid-sep
2026/1/31 19:02:15,middle
2026/1/31 19:04:26,corridor
2026/1/31 19:04:27,side
2026/1/31 19:10:00,corridor
2026/1/31 19:10:00,middle
2026/1/31 19:10:01,mid-sep
2026/1/31 19:10:26,middle
2026/1/31 19:10:31,mid-sep
2026/1/31 19:11:10,middle
2026/1/31 19:11:11,corridor
2026/1/31 19:11:12,side
2026/1/31 19:13:19,corridor
2026/1/31 19:13:19,middle
2026/1/31 19:13:21,mid-sep
2026/1/31 19:13:35,middle
2026/1/31 19:13:35,corridor
2026/1/31 19:13:36,side
2026/1/31 19:17:31,corridor
2026/1/31 19:17:32,middle
2026/1/31 19:17:37,mid-sep
2026/1/31 19:17:40,middle
2026/1/31 19:17:43,mid-sep
2026/1/31 19:18:08,middle
2026/1/31 19:18:09,corridor
2026/1/31 19:18:10,side
2026/1/31 19:23:28,corridor
2026/1/31 19:23:28,middle
2026/1/31 19:23:29,mid-sep
2026/1/31 19:23:32,middle
2026/1/31 19:23:34,corridor
2026/1/31 19:23:51,side
2026/1/31 19:25:46,corridor
2026/1/31 19:25:47,middle
2026/1/31 19:25:48,mid-sep
2026/1/31 19:25:49,middle
2026/1/31 19:25:55,mid-sep
2026/1/31 19:25:57,middle
2026/1/31 19:25:58,corridor
2026/1/31 19:25:59,side
2026/1/31 19:34:44,corridor
2026/1/31 19:34:45,middle
2026/1/31 19:34:47,mid-sep
2026/1/31 19:34:48,middle
2026/1/31 19:35:48,mid-sep
2026/1/31 19:35:52,middle
2026/1/31 19:35:58,mid-sep
2026/1/31 19:36:01,middle
2026/1/31 19:36:11,corridor
2026/1/31 19:36:11,side
2026/1/31 19:37:08,corridor
2026/1/31 19:37:08,middle
2026/1/31 19:37:09,corridor
2026/1/31 19:37:09,side
2026/1/31 19:38:03,corridor
2026/1/31 19:38:03,middle
2026/1/31 19:39:07,mid-sep
2026/1/31 19:39:35,middle
2026/1/31 19:39:43,mid-sep
2026/1/31 19:39:50,middle
2026/1/31 19:40:10,mid-sep
2026/1/31 19:41:07,middle
2026/1/31 19:41:17,mid-sep
2026/1/31 19:41:39,middle
2026/1/31 19:41:41,corridor
2026/1/31 19:41:41,side
2026/1/31 19:41:58,corridor
2026/1/31 19:41:59,middle
2026/1/31 19:41:59,mid-sep
2026/1/31 19:42:02,middle
2026/1/31 19:42:09,corridor
2026/1/31 19:42:09,side
2026/1/31 19:46:27,corridor
2026/1/31 19:46:27,middle
2026/1/31 19:46:29,mid-sep
2026/1/31 19:47:03,middle
2026/1/31 19:50:09,corridor
2026/1/31 19:50:09,side
2026/1/31 19:52:36,corridor
2026/1/31 19:52:43,middle
2026/1/31 19:52:45,mid-sep
2026/1/31 19:53:13,middle
2026/1/31 19:53:32,mid-sep
2026/1/31 19:53:33,middle
2026/1/31 19:53:35,corridor
2026/1/31 19:53:36,side
2026/1/31 19:54:43,corridor
2026/1/31 19:54:45,middle
2026/1/31 20:00:18,mid-sep
2026/1/31 20:00:20,middle
2026/1/31 20:00:22,corridor
2026/1/31 20:00:23,side
2026/1/31 20:49:49,corridor
2026/1/31 20:49:49,middle
2026/1/31 20:49:52,mid-sep
2026/1/31 20:50:01,middle
2026/1/31 20:50:16,mid-sep
2026/1/31 20:50:19,middle
2026/1/31 20:51:18,mid-sep
2026/1/31 20:51:39,middle
2026/1/31 20:51:51,corridor
2026/1/31 20:51:51,side
2026/1/31 20:52:34,corridor
2026/1/31 20:52:35,middle
2026/1/31 20:52:39,mid-sep
2026/1/31 20:53:26,middle
2026/1/31 20:54:11,mid-sep
2026/1/31 20:54:15,middle
2026/1/31 20:55:52,corridor
2026/1/31 20:55:52,side
2026/1/31 20:56:20,corridor
2026/1/31 20:56:21,middle
2026/1/31 20:56:22,mid-sep
2026/1/31 20:56:39,middle
2026/1/31 21:02:32,mid-sep
2026/1/31 21:02:35,middle
2026/1/31 21:02:38,corridor
2026/1/31 21:02:39,side
2026/1/31 21:03:30,corridor
2026/1/31 21:03:31,middle
2026/1/31 21:03:32,mid-sep
2026/1/31 21:03:46,middle
2026/1/31 21:06:04,corridor
2026/1/31 21:06:05,side
2026/1/31 21:07:25,corridor
2026/1/31 21:07:26,middle
2026/1/31 21:07:27,mid-sep
2026/1/31 21:07:42,middle
2026/1/31 21:07:53,mid-sep
2026/1/31 21:08:12,middle
2026/1/31 21:08:55,mid-sep
2026/1/31 21:09:00,middle
2026/1/31 21:09:11,mid-sep
2026/1/31 21:09:17,middle
2026/1/31 21:09:38,corridor
2026/1/31 21:09:38,side
2026/1/31 21:12:06,corridor
2026/1/31 21:12:07,middle
2026/1/31 21:13:39,mid-sep
2026/1/31 21:13:41,middle
2026/1/31 21:13:57,corridor
2026/1/31 21:13:57,side
2026/1/31 22:27:38,corridor
2026/1/31 22:27:38,middle
2026/1/31 22:34:13,mid-sep
2026/1/31 22:34:20,middle
2026/1/31 22:34:20,corridor
2026/1/31 22:34:21,side
2026/1/31 22:35:26,corridor
2026/1/31 22:35:27,middle
2026/1/31 22:35:28,mid-sep
2026/1/31 22:35:59,middle
2026/1/31 22:36:08,mid-sep
2026/1/31 22:36:24,middle
2026/1/31 22:36:25,corridor
2026/1/31 22:36:28,side
2026/1/31 22:38:41,corridor
2026/1/31 22:38:41,middle
2026/1/31 22:38:42,mid-sep
2026/1/31 22:39:09,middle
2026/1/31 22:39:19,mid-sep
2026/1/31 22:39:21,middle
2026/1/31 22:39:23,corridor
2026/1/31 22:39:28,middle
2026/1/31 22:39:29,mid-sep
2026/1/31 22:39:31,middle
2026/1/31 22:39:40,corridor
2026/1/31 22:39:41,side
2026/1/31 22:47:44,corridor
2026/1/31 22:47:44,middle
2026/1/31 22:47:45,mid-sep
2026/1/31 22:47:48,middle
2026/1/31 22:47:50,corridor
2026/1/31 22:47:51,side
2026/1/31 22:53:52,corridor
2026/1/31 22:53:54,middle
2026/1/31 22:53:54,mid-sep
2026/1/31 22:54:38,middle
2026/1/31 22:55:14,mid-sep
2026/1/31 22:55:27,middle
2026/1/31 22:55:33,corridor
2026/1/31 22:55:34,side
2026/1/31 22:57:26,corridor
2026/1/31 22:57:26,middle
2026/1/31 23:05:17,mid-sep
2026/1/31 23:05:41,middle
2026/1/31 23:05:43,corridor
2026/1/31 23:05:43,side
2026/1/31 23:06:57,corridor
2026/1/31 23:06:58,middle
2026/1/31 23:06:58,mid-sep
2026/1/31 23:07:29,middle
2026/1/31 23:08:31,mid-sep
2026/1/31 23:08:41,middle
2026/1/31 23:15:00,corridor
2026/1/31 23:15:00,side
2026/1/31 23:17:06,corridor
2026/1/31 23:17:07,middle
2026/1/31 23:17:09,mid-sep
2026/1/31 23:17:44,middle
2026/1/31 23:18:17,mid-sep
2026/1/31 23:18:32,middle
2026/1/31 23:18:50,mid-sep
2026/1/31 23:18:53,middle
2026/1/31 23:19:17,corridor
2026/1/31 23:19:18,side
2026/1/31 23:20:40,corridor
2026/1/31 23:20:42,middle
2026/1/31 23:20:45,mid-sep
2026/1/31 23:21:00,middle
2026/1/31 23:21:20,mid-sep
2026/1/31 23:21:23,middle
2026/1/31 23:21:27,corridor
2026/1/31 23:21:27,side
2026/1/31 23:23:44,corridor
2026/1/31 23:23:46,middle
2026/1/31 23:29:40,mid-sep
2026/1/31 23:30:07,middle
2026/1/31 23:30:11,mid-sep
2026/1/31 23:30:18,middle
2026/1/31 23:30:19,corridor
2026/1/31 23:30:19,side
2026/1/31 23:30:49,corridor
2026/1/31 23:30:49,middle
2026/1/31 23:30:50,mid-sep
2026/1/31 23:30:51,middle
2026/1/31 23:30:57,corridor
2026/1/31 23:30:58,side
2026/1/31 23:32:18,corridor
2026/1/31 23:32:19,middle
2026/1/31 23:32:21,mid-sep
2026/1/31 23:33:22,middle
2026/1/31 23:33:26,corridor
2026/1/31 23:33:27,side
2026/1/31 23:34:30,corridor
2026/1/31 23:34:31,middle
2026/1/31 23:34:32,corridor
2026/1/31 23:34:32,side
2026/1/31 23:36:44,corridor
2026/1/31 23:36:46,middle
2026/1/31 23:36:48,mid-sep
2026/1/31 23:36:50,middle
2026/1/31 23:36:59,corridor
2026/1/31 23:37:01,side
2026/2/1 1:33:32,corridor
2026/2/1 1:33:33,middle
2026/2/1 1:33:34,mid-sep
2026/2/1 1:33:41,middle
2026/2/1 1:34:17,corridor
2026/2/1 1:34:19,side
2026/2/1 1:34:43,corridor
2026/2/1 1:34:44,middle
2026/2/1 1:34:50,mid-sep
2026/2/1 1:35:07,middle
2026/2/1 1:36:05,mid-sep
2026/2/1 1:36:37,middle
2026/2/1 1:36:59,corridor
2026/2/1 1:37:00,side
2026/2/1 1:40:01,corridor
2026/2/1 1:40:01,middle
2026/2/1 1:40:11,mid-sep
2026/2/1 1:40:59,middle
2026/2/1 1:41:16,corridor
2026/2/1 1:41:16,side
2026/2/1 1:41:42,corridor
2026/2/1 1:41:43,middle
2026/2/1 1:48:02,mid-sep
2026/2/1 1:48:07,middle
2026/2/1 1:48:10,corridor
2026/2/1 1:48:11,side
2026/2/1 1:51:45,corridor
2026/2/1 1:51:45,middle
2026/2/1 1:51:46,mid-sep
2026/2/1 1:52:03,middle
2026/2/1 1:53:20,mid-sep
2026/2/1 1:53:27,middle
2026/2/1 1:53:29,corridor
2026/2/1 1:53:30,side
2026/2/1 2:18:54,corridor
2026/2/1 2:18:55,middle
2026/2/1 2:18:57,mid-sep
2026/2/1 2:19:24,middle
2026/2/1 2:19:32,mid-sep
2026/2/1 2:19:33,middle
2026/2/1 2:19:36,mid-sep
2026/2/1 2:19:38,middle
2026/2/1 2:19:49,mid-sep
2026/2/1 2:20:13,middle
2026/2/1 2:20:30,mid-sep
2026/2/1 2:20:32,middle
2026/2/1 2:20:51,corridor
2026/2/1 2:20:54,side
2026/2/1 2:21:06,corridor
2026/2/1 2:21:06,middle
2026/2/1 2:21:09,mid-sep
2026/2/1 2:21:21,middle
2026/2/1 2:21:22,corridor
2026/2/1 2:21:22,side
2026/2/1 2:22:12,corridor
2026/2/1 2:22:13,middle
2026/2/1 2:23:17,mid-sep
2026/2/1 2:23:49,middle
2026/2/1 2:25:08,mid-sep
2026/2/1 2:25:14,middle
2026/2/1 2:25:32,mid-sep
2026/2/1 2:26:07,middle
2026/2/1 2:26:09,corridor
2026/2/1 2:26:09,side
2026/2/1 2:26:25,corridor
2026/2/1 2:26:25,middle
2026/2/1 2:26:26,mid-sep
2026/2/1 2:26:27,middle
2026/2/1 2:26:30,corridor
2026/2/1 2:26:31,side
2026/2/1 2:27:43,corridor
2026/2/1 2:27:44,middle
2026/2/1 2:27:45,mid-sep
2026/2/1 2:27:57,middle
2026/2/1 2:27:58,corridor
2026/2/1 2:27:58,side
2026/2/1 2:30:46,corridor
2026/2/1 2:30:46,middle
2026/2/1 2:30:48,mid-sep
2026/2/1 2:30:56,middle
2026/2/1 2:30:58,corridor
2026/2/1 2:30:59,side
2026/2/1 2:31:39,corridor
2026/2/1 2:31:39,middle
2026/2/1 2:31:40,mid-sep
2026/2/1 2:31:48,middle
2026/2/1 2:31:51,corridor
2026/2/1 2:31:51,side
2026/2/1 2:36:27,corridor
2026/2/1 2:36:28,middle
2026/2/1 2:41:42,mid-sep
2026/2/1 2:42:27,middle
2026/2/1 2:42:45,mid-sep
2026/2/1 2:42:58,middle
2026/2/1 2:43:24,mid-sep
2026/2/1 2:43:28,middle
2026/2/1 2:44:18,corridor
2026/2/1 2:44:19,side
2026/2/1 4:37:14,corridor
2026/2/1 4:37:18,middle
2026/2/1 4:37:21,mid-sep
2026/2/1 4:37:28,middle
2026/2/1 4:37:40,mid-sep
2026/2/1 4:37:46,middle
2026/2/1 4:39:35,mid-sep
2026/2/1 4:39:36,middle
2026/2/1 4:39:36,corridor
2026/2/1 4:39:38,side
2026/2/1 4:40:01,corridor
2026/2/1 4:40:02,middle
2026/2/1 4:40:06,mid-sep
2026/2/1 4:40:18,middle
2026/2/1 4:45:41,corridor
2026/2/1 4:45:43,side
2026/2/1 4:46:55,corridor
2026/2/1 4:46:56,middle
2026/2/1 4:46:56,mid-sep
2026/2/1 4:46:58,middle
2026/2/1 4:47:02,corridor
2026/2/1 4:47:04,side
2026/2/1 5:43:19,corridor
2026/2/1 5:43:19,middle
2026/2/1 5:43:22,mid-sep
2026/2/1 5:43:26,middle
2026/2/1 5:46:25,corridor
2026/2/1 5:46:26,side
2026/2/1 5:47:59,corridor
2026/2/1 5:47:59,middle
2026/2/1 5:47:59,mid-sep
2026/2/1 5:48:00,middle
2026/2/1 5:48:01,corridor
2026/2/1 5:48:01,side
2026/2/1 5:49:18,corridor
2026/2/1 5:49:18,middle
2026/2/1 5:49:20,mid-sep
2026/2/1 5:50:25,middle
2026/2/1 5:50:30,mid-sep
2026/2/1 5:50:32,middle
2026/2/1 5:51:24,corridor
2026/2/1 5:51:25,side
2026/2/1 5:53:15,corridor
2026/2/1 5:53:16,middle
2026/2/1 5:53:16,mid-sep
2026/2/1 5:53:19,middle
2026/2/1 5:53:20,corridor
2026/2/1 5:53:20,side
2026/2/1 5:59:17,corridor
2026/2/1 5:59:18,middle
2026/2/1 5:59:20,mid-sep
2026/2/1 5:59:24,middle
2026/2/1 5:59:25,corridor
2026/2/1 5:59:25,side
2026/2/1 6:01:39,corridor
2026/2/1 6:01:40,middle
2026/2/1 6:01:41,mid-sep
2026/2/1 6:02:44,middle
2026/2/1 6:02:49,corridor
2026/2/1 6:02:49,side
2026/2/1 6:03:16,corridor
2026/2/1 6:03:17,middle
2026/2/1 6:03:23,corridor
2026/2/1 6:03:24,side
2026/2/1 6:04:22,corridor
2026/2/1 6:04:23,middle
2026/2/1 6:07:55,mid-sep
2026/2/1 6:08:31,middle
2026/2/1 6:08:47,corridor
2026/2/1 6:08:49,side
2026/2/1 6:09:30,corridor
2026/2/1 6:09:31,middle
2026/2/1 6:09:33,mid-sep
2026/2/1 6:09:40,middle
2026/2/1 6:09:40,corridor
2026/2/1 6:09:41,side
2026/2/1 6:10:27,corridor
2026/2/1 6:10:29,middle
2026/2/1 6:10:30,mid-sep
2026/2/1 6:10:41,middle
2026/2/1 6:10:44,corridor
2026/2/1 6:10:45,side
2026/2/1 7:16:16,corridor
2026/2/1 7:16:17,middle
2026/2/1 7:16:17,mid-sep
2026/2/1 7:16:19,middle
2026/2/1 7:16:21,corridor
2026/2/1 7:16:22,side
2026/2/1 7:16:33,corridor
2026/2/1 7:16:33,middle
2026/2/1 7:16:34,mid-sep
2026/2/1 7:16:39,middle
2026/2/1 7:16:41,corridor
2026/2/1 7:16:43,side
2026/2/1 7:16:50,corridor
2026/2/1 7:16:50,middle
2026/2/1 7:17:10,mid-sep
2026/2/1 7:17:13,middle
2026/2/1 7:17:28,mid-sep
2026/2/1 7:17:30,middle
2026/2/1 7:18:38,corridor
2026/2/1 7:18:38,side
2026/2/1 7:22:40,corridor
2026/2/1 7:22:41,middle
2026/2/1 7:22:43,mid-sep
2026/2/1 7:23:26,middle
2026/2/1 7:24:01,corridor
2026/2/1 7:24:02,side
2026/2/1 7:26:53,corridor
2026/2/1 7:26:54,middle
2026/2/1 7:26:55,mid-sep
2026/2/1 7:27:15,middle
2026/2/1 7:27:26,mid-sep
2026/2/1 7:27:27,middle
2026/2/1 7:27:28,corridor
2026/2/1 7:27:29,side
2026/2/1 7:28:28,corridor
2026/2/1 7:28:28,middle
2026/2/1 7:28:29,mid-sep
2026/2/1 7:28:45,middle
2026/2/1 7:28:55,mid-sep
2026/2/1 7:29:04,middle
2026/2/1 7:29:06,corridor
2026/2/1 7:29:07,side
2026/2/1 7:29:32,corridor
2026/2/1 7:29:35,side
2026/2/1 7:31:42,corridor
2026/2/1 7:31:43,middle
2026/2/1 7:31:48,mid-sep
2026/2/1 7:31:52,middle
2026/2/1 7:31:55,corridor
2026/2/1 7:31:56,side
2026/2/1 7:33:48,corridor
2026/2/1 7:33:48,middle
2026/2/1 7:33:50,mid-sep
2026/2/1 7:33:54,middle
2026/2/1 7:33:54,corridor
2026/2/1 7:33:54,side
2026/2/1 7:34:49,corridor
2026/2/1 7:34:49,middle
2026/2/1 7:38:03,mid-sep
2026/2/1 7:38:51,middle
2026/2/1 7:40:17,corridor
2026/2/1 7:40:17,side
2026/2/1 7:41:30,corridor
2026/2/1 7:41:31,middle
2026/2/1 7:41:32,mid-sep
2026/2/1 7:41:40,middle
2026/2/1 7:41:41,corridor
2026/2/1 7:41:41,side
2026/2/1 7:42:38,corridor
2026/2/1 7:42:43,middle
2026/2/1 7:42:45,mid-sep
2026/2/1 7:43:06,middle
2026/2/1 7:43:06,corridor
2026/2/1 7:43:08,side
2026/2/1 7:43:48,corridor
2026/2/1 7:43:50,middle
2026/2/1 7:43:51,mid-sep
2026/2/1 7:44:23,middle
2026/2/1 7:44:38,corridor
2026/2/1 7:44:39,side
2026/2/1 7:44:55,corridor
2026/2/1 7:45:09,side
2026/2/1 7:45:41,corridor
2026/2/1 7:45:53,middle
2026/2/1 7:46:22,corridor
2026/2/1 7:46:22,side
2026/2/1 7:46:47,corridor
2026/2/1 7:46:48,middle
2026/2/1 7:46:51,mid-sep
2026/2/1 7:46:53,middle
2026/2/1 7:46:55,corridor
2026/2/1 7:46:56,side
2026/2/1 7:50:18,corridor
2026/2/1 7:50:18,middle
2026/2/1 7:50:42,mid-sep
2026/2/1 7:50:52,middle
2026/2/1 7:50:53,corridor
2026/2/1 7:50:54,side
2026/2/1 7:53:18,corridor
2026/2/1 7:53:19,middle
2026/2/1 7:53:20,mid-sep
2026/2/1 7:53:41,middle
2026/2/1 7:53:43,corridor
2026/2/1 7:53:43,side
2026/2/1 7:54:13,corridor
2026/2/1 7:54:14,middle
2026/2/1 7:57:42,mid-sep
2026/2/1 7:57:50,middle
2026/2/1 7:57:54,corridor
2026/2/1 7:57:55,side
2026/2/1 7:58:41,corridor
2026/2/1 7:58:41,middle
2026/2/1 7:58:43,mid-sep
2026/2/1 7:58:59,middle
2026/2/1 7:59:01,corridor
2026/2/1 7:59:02,side
2026/2/1 8:00:47,corridor
2026/2/1 8:00:48,middle
2026/2/1 8:00:51,mid-sep
2026/2/1 8:00:54,middle
2026/2/1 8:00:54,corridor
2026/2/1 8:00:55,side
2026/2/1 8:01:16,corridor
2026/2/1 8:01:16,middle
2026/2/1 8:01:18,mid-sep
2026/2/1 8:01:22,middle
2026/2/1 8:01:22,corridor
2026/2/1 8:01:23,side
2026/2/1 8:02:02,corridor
2026/2/1 8:02:04,middle
2026/2/1 8:02:08,mid-sep
2026/2/1 8:02:37,middle
2026/2/1 8:02:44,mid-sep
2026/2/1 8:03:16,middle
2026/2/1 8:03:17,corridor
2026/2/1 8:03:18,side
2026/2/1 8:03:55,corridor
2026/2/1 8:04:00,middle
2026/2/1 8:04:14,mid-sep
2026/2/1 8:04:16,middle
2026/2/1 8:04:17,corridor
2026/2/1 8:04:20,middle
2026/2/1 8:04:35,corridor
2026/2/1 8:04:36,middle
2026/2/1 8:05:10,corridor
2026/2/1 8:05:10,side
2026/2/1 8:06:06,corridor
2026/2/1 8:06:09,middle
2026/2/1 8:06:10,mid-sep
2026/2/1 8:06:28,middle
2026/2/1 8:06:28,corridor
2026/2/1 8:06:29,side
2026/2/1 8:10:54,corridor
2026/2/1 8:10:57,middle
2026/2/1 8:11:05,corridor
2026/2/1 8:11:05,side
2026/2/1 8:11:14,corridor
2026/2/1 8:11:14,middle
2026/2/1 8:18:20,mid-sep
2026/2/1 8:18:50,middle
2026/2/1 8:18:53,corridor
2026/2/1 8:18:53,side
2026/2/1 8:20:48,corridor
2026/2/1 8:20:48,middle
2026/2/1 8:20:49,corridor
2026/2/1 8:20:49,side
2026/2/1 8:22:31,corridor
2026/2/1 8:22:32,middle
2026/2/1 8:22:34,mid-sep
2026/2/1 8:23:00,middle
2026/2/1 8:23:01,corridor
2026/2/1 8:23:01,side
2026/2/1 8:23:44,corridor
2026/2/1 8:23:45,middle
2026/2/1 8:23:47,corridor
2026/2/1 8:23:48,side
2026/2/1 8:25:12,corridor
2026/2/1 8:25:12,middle
2026/2/1 8:25:16,mid-sep
2026/2/1 8:25:18,middle
2026/2/1 8:25:18,corridor
2026/2/1 8:25:20,side
2026/2/1 8:29:11,corridor
2026/2/1 8:29:11,middle
2026/2/1 8:29:12,mid-sep
2026/2/1 8:29:55,middle
2026/2/1 8:29:59,mid-sep
2026/2/1 8:30:00,middle
2026/2/1 8:30:01,corridor
2026/2/1 8:30:03,side
2026/2/1 8:36:29,corridor
2026/2/1 8:36:30,middle
2026/2/1 8:36:37,corridor
2026/2/1 8:36:37,side
2026/2/1 8:37:45,corridor
2026/2/1 8:37:51,middle
2026/2/1 8:38:09,mid-sep
2026/2/1 8:38:19,middle
2026/2/1 8:38:22,corridor
2026/2/1 8:38:23,side
2026/2/1 8:42:07,corridor
2026/2/1 8:42:11,middle
2026/2/1 8:45:22,mid-sep
2026/2/1 8:45:48,middle
2026/2/1 8:45:54,corridor
2026/2/1 8:45:55,side
2026/2/1 8:46:36,corridor
2026/2/1 8:46:39,middle
2026/2/1 8:46:42,mid-sep
2026/2/1 8:47:03,middle
2026/2/1 8:47:23,corridor
2026/2/1 8:47:24,side
2026/2/1 8:49:26,corridor
2026/2/1 8:49:28,middle
2026/2/1 8:53:59,mid-sep
2026/2/1 8:54:02,middle
2026/2/1 8:54:38,mid-sep
2026/2/1 8:55:03,middle
2026/2/1 8:55:04,corridor
2026/2/1 8:55:05,side
2026/2/1 9:55:45,corridor
2026/2/1 9:55:45,middle
2026/2/1 9:55:48,mid-sep
2026/2/1 9:56:11,middle
2026/2/1 9:56:32,corridor
2026/2/1 9:56:32,side
2026/2/1 9:56:46,corridor
2026/2/1 9:56:46,middle
2026/2/1 9:56:48,mid-sep
2026/2/1 9:56:53,middle
2026/2/1 9:57:47,corridor
2026/2/1 9:57:47,side
2026/2/1 9:58:31,corridor
2026/2/1 9:58:31,middle
2026/2/1 9:58:33,mid-sep
2026/2/1 9:58:45,middle
2026/2/1 10:00:32,mid-sep
2026/2/1 10:00:39,middle
2026/2/1 10:00:53,corridor
2026/2/1 10:00:54,side
2026/2/1 10:01:18,corridor
2026/2/1 10:01:19,middle
2026/2/1 10:01:20,mid-sep
2026/2/1 10:01:49,middle
2026/2/1 10:02:10,mid-sep
2026/2/1 10:02:14,middle
2026/2/1 10:02:24,mid-sep
2026/2/1 10:02:29,middle
2026/2/1 10:02:34,mid-sep
2026/2/1 10:02:39,middle
2026/2/1 10:02:45,mid-sep
2026/2/1 10:02:46,middle
2026/2/1 10:03:24,corridor
2026/2/1 10:03:26,side
2026/2/1 10:05:02,corridor
2026/2/1 10:05:03,middle
2026/2/1 10:05:04,mid-sep
2026/2/1 10:05:29,middle
2026/2/1 10:06:13,mid-sep
2026/2/1 10:07:15,middle
2026/2/1 10:07:16,corridor
2026/2/1 10:07:17,side
2026/2/1 10:09:05,corridor
2026/2/1 10:09:05,middle
2026/2/1 10:09:06,mid-sep
2026/2/1 10:09:09,middle
2026/2/1 10:09:09,corridor
2026/2/1 10:09:10,side
2026/2/1 10:10:37,corridor
2026/2/1 10:10:38,middle
2026/2/1 10:10:43,mid-sep
2026/2/1 10:11:07,middle
2026/2/1 10:11:08,corridor
2026/2/1 10:11:09,side
2026/2/1 10:12:06,corridor
2026/2/1 10:12:06,side
2026/2/1 10:16:23,corridor
2026/2/1 10:16:40,middle
2026/2/1 10:16:41,mid-sep
2026/2/1 10:16:46,middle
2026/2/1 10:16:47,corridor
2026/2/1 10:16:48,side
2026/2/1 10:19:45,corridor
2026/2/1 10:21:56,middle
2026/2/1 10:22:20,corridor
2026/2/1 10:22:32,side
2026/2/1 10:22:52,corridor
2026/2/1 10:22:54,middle
2026/2/1 10:22:57,mid-sep
2026/2/1 10:24:46,middle
2026/2/1 10:24:49,corridor
2026/2/1 10:24:50,side
2026/2/1 10:25:38,corridor
2026/2/1 10:26:37,side
2026/2/1 10:28:08,corridor
2026/2/1 10:29:35,middle
2026/2/1 10:29:39,mid-sep
2026/2/1 10:29:40,middle
2026/2/1 10:29:44,corridor
2026/2/1 10:29:45,side
2026/2/1 10:37:40,corridor
2026/2/1 10:37:40,middle
2026/2/1 10:37:44,mid-sep
2026/2/1 10:38:32,middle
2026/2/1 10:39:11,mid-sep
2026/2/1 10:40:18,middle
2026/2/1 10:40:30,mid-sep
2026/2/1 10:40:52,middle
2026/2/1 10:40:57,corridor
2026/2/1 10:41:00,side
2026/2/1 10:46:37,corridor
2026/2/1 10:46:38,middle
2026/2/1 10:46:39,mid-sep
2026/2/1 10:46:56,middle
2026/2/1 10:46:57,corridor
2026/2/1 10:46:58,side
2026/2/1 10:47:15,corridor
2026/2/1 10:47:19,middle
2026/2/1 10:47:19,mid-sep
2026/2/1 10:47:20,middle
2026/2/1 10:47:21,corridor
2026/2/1 10:47:21,side
2026/2/1 10:48:29,corridor
2026/2/1 10:48:29,middle
2026/2/1 10:48:34,mid-sep
2026/2/1 10:48:58,middle
2026/2/1 10:49:19,mid-sep
2026/2/1 10:49:29,middle
2026/2/1 10:49:30,corridor
2026/2/1 10:49:31,side
2026/2/1 13:24:51,corridor
2026/2/1 13:24:54,middle
2026/2/1 13:24:56,mid-sep
2026/2/1 13:24:59,middle
2026/2/1 13:25:08,mid-sep
2026/2/1 13:25:09,middle
2026/2/1 13:25:13,mid-sep
2026/2/1 13:25:34,middle
2026/2/1 13:25:41,corridor
2026/2/1 13:25:43,side
2026/2/1 13:25:54,corridor
2026/2/1 13:27:46,middle
2026/2/1 13:27:52,mid-sep
2026/2/1 13:27:54,middle
2026/2/1 13:27:56,corridor
2026/2/1 13:27:58,side
2026/2/1 13:28:35,corridor
2026/2/1 13:28:39,middle
2026/2/1 13:28:40,mid-sep
2026/2/1 13:28:43,middle
2026/2/1 13:28:44,corridor
2026/2/1 13:28:44,side
2026/2/1 13:31:09,corridor
2026/2/1 13:31:16,side
2026/2/1 13:31:30,corridor
2026/2/1 13:32:10,middle
2026/2/1 13:32:18,mid-sep
2026/2/1 13:32:21,middle
2026/2/1 13:32:28,mid-sep
2026/2/1 13:32:30,middle
2026/2/1 13:32:39,corridor
2026/2/1 13:32:41,side
2026/2/1 13:33:19,corridor
2026/2/1 13:33:20,side
2026/2/1 14:52:02,corridor
2026/2/1 14:52:04,middle
2026/2/1 14:52:08,mid-sep
2026/2/1 14:52:10,middle
2026/2/1 14:52:15,corridor
2026/2/1 14:52:17,side
2026/2/1 14:52:21,corridor
2026/2/1 14:52:22,middle
2026/2/1 14:52:23,mid-sep
2026/2/1 14:52:58,middle
2026/2/1 14:55:13,mid-sep
2026/2/1 14:56:16,middle
2026/2/1 14:56:17,corridor
2026/2/1 14:56:18,side
2026/2/1 14:56:41,corridor
2026/2/1 14:56:44,side
2026/2/1 14:57:26,corridor
2026/2/1 14:57:26,middle
2026/2/1 14:57:26,mid-sep
2026/2/1 14:57:53,middle
2026/2/1 14:58:18,mid-sep
2026/2/1 14:58:40,middle
2026/2/1 14:58:41,corridor
2026/2/1 14:58:42,side
2026/2/1 14:59:13,corridor
2026/2/1 14:59:15,middle
2026/2/1 15:01:36,mid-sep
2026/2/1 15:01:43,middle
2026/2/1 15:01:45,corridor
2026/2/1 15:01:46,side
2026/2/1 15:04:05,corridor
2026/2/1 15:04:06,middle
2026/2/1 15:04:07,corridor
2026/2/1 15:04:07,side
2026/2/1 15:07:37,corridor
2026/2/1 15:07:46,side
2026/2/1 15:08:13,corridor
2026/2/1 15:08:15,middle
2026/2/1 15:08:18,corridor
2026/2/1 15:08:18,side
2026/2/1 15:10:19,corridor
2026/2/1 15:10:21,middle
2026/2/1 15:10:25,side
2026/2/1 15:12:15,corridor
2026/2/1 15:12:17,middle
2026/2/1 15:12:21,corridor
2026/2/1 15:12:24,side
2026/2/1 15:12:53,corridor
2026/2/1 15:12:54,middle
2026/2/1 15:12:56,mid-sep
2026/2/1 15:13:21,middle
2026/2/1 15:13:25,corridor
2026/2/1 15:13:25,side
2026/2/1 15:13:55,corridor
2026/2/1 15:13:56,middle
2026/2/1 15:18:38,mid-sep
2026/2/1 15:19:02,middle
2026/2/1 15:19:26,mid-sep
2026/2/1 15:19:29,middle
2026/2/1 15:19:29,corridor
2026/2/1 15:19:30,side
2026/2/1 16:18:07,corridor
2026/2/1 16:18:07,middle
2026/2/1 16:18:10,mid-sep
2026/2/1 16:18:28,middle
2026/2/1 16:22:38,mid-sep
2026/2/1 16:23:05,middle
2026/2/1 16:23:07,corridor
2026/2/1 16:23:10,side
2026/2/1 16:23:41,corridor
2026/2/1 16:23:42,middle
2026/2/1 16:23:43,mid-sep
2026/2/1 16:23:51,middle
2026/2/1 16:23:52,corridor
2026/2/1 16:23:53,side
2026/2/1 16:24:06,corridor
2026/2/1 16:24:09,middle
2026/2/1 16:24:11,mid-sep
2026/2/1 16:24:23,middle
2026/2/1 16:24:28,corridor
2026/2/1 16:24:29,side
2026/2/1 16:26:22,corridor
2026/2/1 16:26:22,middle
2026/2/1 16:26:24,corridor
2026/2/1 16:26:25,side
2026/2/1 16:26:51,corridor
2026/2/1 16:26:52,middle
2026/2/1 16:26:53,mid-sep
2026/2/1 16:27:11,middle
2026/2/1 16:27:16,mid-sep
2026/2/1 16:27:18,middle
2026/2/1 16:27:19,corridor
2026/2/1 16:27:19,side
2026/2/1 16:31:47,corridor
2026/2/1 16:31:48,middle
2026/2/1 16:31:50,mid-sep
2026/2/1 16:32:11,middle
2026/2/1 16:32:29,corridor
2026/2/1 16:32:30,side
2026/2/1 16:34:24,corridor
2026/2/1 16:34:26,middle
2026/2/1 16:34:37,mid-sep
2026/2/1 16:34:40,middle
2026/2/1 16:34:42,corridor
2026/2/1 16:34:42,side
2026/2/1 16:38:23,corridor
2026/2/1 16:38:24,middle
2026/2/1 16:40:19,corridor
2026/2/1 16:40:19,side
2026/2/1 16:40:31,corridor
2026/2/1 16:40:32,middle
2026/2/1 16:45:14,corridor
2026/2/1 16:45:14,side
2026/2/1 16:46:06,corridor
2026/2/1 16:46:08,middle
2026/2/1 16:46:08,mid-sep
2026/2/1 16:46:42,middle
2026/2/1 16:46:46,corridor
2026/2/1 16:46:47,side
2026/2/1 17:04:53,corridor
2026/2/1 17:04:54,middle
2026/2/1 17:10:39,mid-sep
2026/2/1 17:11:00,middle
2026/2/1 17:11:03,corridor
2026/2/1 17:11:04,side
2026/2/1 17:11:43,corridor
2026/2/1 17:11:44,middle
2026/2/1 17:11:44,mid-sep
2026/2/1 17:11:55,middle
2026/2/1 17:12:21,corridor
2026/2/1 17:12:22,side
2026/2/1 17:12:50,corridor
2026/2/1 17:12:51,middle
2026/2/1 17:12:51,corridor
2026/2/1 17:12:52,side
2026/2/1 17:13:11,corridor
2026/2/1 17:13:11,middle
2026/2/1 17:13:12,mid-sep
2026/2/1 17:13:22,middle
2026/2/1 17:13:22,corridor
2026/2/1 17:13:23,side
2026/2/1 17:16:05,corridor
2026/2/1 17:16:05,middle
2026/2/1 17:16:08,mid-sep
2026/2/1 17:16:29,middle
2026/2/1 17:16:30,corridor
2026/2/1 17:16:31,side
2026/2/1 17:19:29,corridor
2026/2/1 17:19:30,middle
2026/2/1 17:19:31,mid-sep
2026/2/1 17:19:53,middle
2026/2/1 17:19:58,corridor
2026/2/1 17:19:59,side
2026/2/1 17:20:20,corridor
2026/2/1 17:20:21,middle
2026/2/1 17:20:22,mid-sep
2026/2/1 17:20:24,middle
2026/2/1 17:20:24,corridor
2026/2/1 17:20:25,side
2026/2/1 17:24:16,corridor
2026/2/1 17:24:18,middle
2026/2/1 17:24:20,mid-sep
2026/2/1 17:24:21,middle
2026/2/1 17:24:22,corridor
2026/2/1 17:24:23,side
2026/2/1 17:26:43,corridor
2026/2/1 17:26:43,middle
2026/2/1 17:26:46,corridor
2026/2/1 17:26:46,side
2026/2/1 17:29:15,corridor
2026/2/1 17:29:16,middle
2026/2/1 17:29:17,mid-sep
2026/2/1 17:29:39,middle
2026/2/1 17:30:16,mid-sep
2026/2/1 17:30:25,middle
2026/2/1 17:30:30,mid-sep
2026/2/1 17:30:34,middle
2026/2/1 17:36:27,mid-sep
2026/2/1 17:36:45,middle
2026/2/1 17:37:25,mid-sep
2026/2/1 17:37:27,middle
2026/2/1 17:37:37,corridor
2026/2/1 17:37:38,side
2026/2/1 17:38:14,corridor
2026/2/1 17:38:15,middle
2026/2/1 17:38:16,mid-sep
2026/2/1 17:38:26,middle
2026/2/1 17:38:28,corridor
2026/2/1 17:38:28,side
2026/2/1 17:41:26,corridor
2026/2/1 17:41:26,middle
2026/2/1 17:41:27,mid-sep
2026/2/1 17:41:35,middle
2026/2/1 17:41:37,corridor
2026/2/1 17:41:38,side
2026/2/1 17:42:15,corridor
2026/2/1 17:42:16,middle
2026/2/1 17:42:18,corridor
2026/2/1 17:42:18,side
2026/2/1 17:43:44,corridor
2026/2/1 17:43:47,middle
2026/2/1 17:43:49,mid-sep
2026/2/1 17:44:10,middle
2026/2/1 17:44:11,corridor
2026/2/1 17:44:12,side
2026/2/1 17:44:16,corridor
2026/2/1 17:44:16,middle
2026/2/1 17:44:17,mid-sep
2026/2/1 17:44:20,middle
2026/2/1 17:44:21,corridor
2026/2/1 17:44:21,side
2026/2/1 17:49:20,corridor
2026/2/1 17:49:21,middle
2026/2/1 17:49:22,mid-sep
2026/2/1 17:49:24,middle
2026/2/1 17:49:30,mid-sep
2026/2/1 17:49:35,middle
2026/2/1 17:59:00,mid-sep
2026/2/1 17:59:12,middle
2026/2/1 17:59:56,mid-sep
2026/2/1 18:00:27,middle
2026/2/1 18:00:38,corridor
2026/2/1 18:00:43,side
2026/2/1 18:16:41,corridor
2026/2/1 18:16:42,middle
2026/2/1 18:16:42,mid-sep
2026/2/1 18:16:51,middle
2026/2/1 18:17:00,corridor
2026/2/1 18:17:00,side
2026/2/1 18:37:53,corridor
2026/2/1 18:37:54,middle
2026/2/1 18:37:55,mid-sep
2026/2/1 18:37:58,middle
2026/2/1 18:41:23,mid-sep
2026/2/1 18:41:28,middle
2026/2/1 18:41:59,corridor
2026/2/1 18:42:01,side
2026/2/1 18:42:14,corridor
2026/2/1 18:42:15,middle
2026/2/1 18:42:15,mid-sep
2026/2/1 18:42:34,middle
2026/2/1 18:43:25,corridor
2026/2/1 18:43:25,side
2026/2/1 18:44:05,corridor
2026/2/1 18:44:05,middle
2026/2/1 18:44:06,mid-sep
2026/2/1 18:44:12,middle
2026/2/1 18:44:17,mid-sep
2026/2/1 18:44:19,middle
2026/2/1 18:44:37,mid-sep
2026/2/1 18:44:40,middle
2026/2/1 18:44:40,corridor
2026/2/1 18:44:43,side
2026/2/1 18:44:59,corridor
2026/2/1 18:45:00,middle
2026/2/1 18:46:46,corridor
2026/2/1 18:46:48,side
2026/2/1 19:18:51,corridor
2026/2/1 19:18:52,middle
2026/2/1 19:25:27,mid-sep
2026/2/1 19:25:56,middle
2026/2/1 19:26:16,mid-sep
2026/2/1 19:26:23,middle
2026/2/1 19:26:26,corridor
2026/2/1 19:26:27,side
2026/2/1 19:27:31,corridor
2026/2/1 19:27:32,middle
2026/2/1 19:27:33,mid-sep
2026/2/1 19:27:41,middle
2026/2/1 19:28:05,corridor
2026/2/1 19:28:06,side
2026/2/1 19:29:42,corridor
2026/2/1 19:29:43,middle
2026/2/1 19:29:43,mid-sep
2026/2/1 19:29:55,middle
2026/2/1 19:32:29,corridor
2026/2/1 19:32:30,side
2026/2/1 19:35:15,corridor
2026/2/1 19:35:16,middle
2026/2/1 19:35:17,mid-sep
2026/2/1 19:35:26,middle
2026/2/1 19:35:27,corridor
2026/2/1 19:35:27,side
2026/2/1 19:36:48,corridor
2026/2/1 19:36:49,middle
2026/2/1 19:36:51,mid-sep
2026/2/1 19:36:52,middle
2026/2/1 19:36:53,corridor
2026/2/1 19:36:53,side
2026/2/1 19:37:43,corridor
2026/2/1 19:37:45,middle
2026/2/1 19:37:46,mid-sep
2026/2/1 19:38:11,middle
2026/2/1 19:38:14,corridor
2026/2/1 19:38:15,side
2026/2/1 19:43:24,corridor
2026/2/1 19:43:25,middle
2026/2/1 19:43:28,mid-sep
2026/2/1 19:43:40,middle
2026/2/1 19:43:42,corridor
2026/2/1 19:43:44,side
2026/2/1 19:46:58,corridor
2026/2/1 19:46:59,middle
2026/2/1 19:47:00,mid-sep
2026/2/1 19:47:31,middle
2026/2/1 19:47:33,corridor
2026/2/1 19:47:34,side
2026/2/1 19:47:58,corridor
2026/2/1 19:47:58,middle
2026/2/1 19:47:59,mid-sep
2026/2/1 19:48:57,middle
2026/2/1 19:54:41,mid-sep
2026/2/1 19:54:44,middle
2026/2/1 19:54:46,corridor
2026/2/1 19:54:47,side
2026/2/1 19:55:41,corridor
2026/2/1 19:55:41,middle
2026/2/1 19:55:41,mid-sep
2026/2/1 19:55:46,middle
2026/2/1 19:55:50,corridor
2026/2/1 19:55:50,side
2026/2/1 19:58:00,corridor
2026/2/1 19:58:01,middle
2026/2/1 19:58:02,mid-sep
2026/2/1 19:58:28,middle
2026/2/1 19:58:40,corridor
2026/2/1 19:58:41,side
2026/2/1 19:58:46,corridor
2026/2/1 19:58:47,middle
2026/2/1 19:58:48,mid-sep
2026/2/1 19:58:51,middle
2026/2/1 19:58:52,corridor
2026/2/1 19:58:53,side
2026/2/1 20:00:40,corridor
2026/2/1 20:00:41,middle
2026/2/1 20:00:43,mid-sep
2026/2/1 20:00:59,middle
2026/2/1 20:01:12,corridor
2026/2/1 20:01:13,side
2026/2/1 20:02:33,corridor
2026/2/1 20:02:33,middle
2026/2/1 20:02:34,mid-sep
2026/2/1 20:03:03,middle
2026/2/1 20:03:08,mid-sep
2026/2/1 20:03:13,middle
2026/2/1 20:03:59,mid-sep
2026/2/1 20:04:08,middle
2026/2/1 20:04:27,corridor
2026/2/1 20:04:29,side
2026/2/1 20:15:31,corridor
2026/2/1 20:15:31,middle
2026/2/1 20:15:35,mid-sep
2026/2/1 20:15:48,middle
2026/2/1 20:16:11,mid-sep
2026/2/1 20:16:20,middle
2026/2/1 20:16:28,corridor
2026/2/1 20:16:29,side
2026/2/1 21:13:12,corridor
2026/2/1 21:13:12,middle
2026/2/1 21:13:13,mid-sep
2026/2/1 21:13:16,middle
2026/2/1 21:19:40,corridor
2026/2/1 21:19:43,side
2026/2/1 21:20:52,corridor
2026/2/1 21:20:52,middle
2026/2/1 21:20:53,mid-sep
2026/2/1 21:21:00,middle
2026/2/1 21:21:05,mid-sep
2026/2/1 21:21:40,middle
2026/2/1 21:21:44,corridor
2026/2/1 21:21:46,side
2026/2/1 21:25:10,corridor
2026/2/1 21:25:10,middle
2026/2/1 21:25:10,mid-sep
2026/2/1 21:25:11,middle
2026/2/1 21:25:12,corridor
2026/2/1 21:25:12,side
2026/2/1 21:29:56,corridor
2026/2/1 21:29:58,middle
2026/2/1 21:29:58,corridor
2026/2/1 21:30:03,side
2026/2/1 21:32:34,corridor
2026/2/1 21:32:36,middle
2026/2/1 21:32:37,mid-sep
2026/2/1 21:32:41,middle
2026/2/1 21:32:44,corridor
2026/2/1 21:32:45,side
2026/2/1 21:34:09,corridor
2026/2/1 21:34:10,middle
2026/2/1 21:34:12,mid-sep
2026/2/1 21:34:48,middle
2026/2/1 21:34:54,corridor
2026/2/1 21:34:55,side
2026/2/1 21:35:42,corridor
2026/2/1 21:35:44,middle
2026/2/1 21:41:46,corridor
2026/2/1 21:41:50,side
2026/2/1 21:43:09,corridor
2026/2/1 21:43:10,middle
2026/2/1 21:43:10,mid-sep
2026/2/1 21:43:33,middle
2026/2/1 21:43:50,corridor
2026/2/1 21:43:51,side
2026/2/1 21:44:52,corridor
2026/2/1 21:44:52,middle
2026/2/1 21:45:00,mid-sep
2026/2/1 21:45:01,middle
2026/2/1 21:45:03,mid-sep
2026/2/1 21:46:00,middle
2026/2/1 21:46:04,corridor
2026/2/1 21:46:06,side
2026/2/1 21:48:52,corridor
2026/2/1 21:48:53,middle
2026/2/1 21:50:40,mid-sep
2026/2/1 21:50:44,middle
2026/2/1 21:55:19,mid-sep
2026/2/1 21:55:23,middle
2026/2/1 21:55:32,mid-sep
2026/2/1 21:55:38,middle
2026/2/1 21:55:39,corridor
2026/2/1 21:55:39,side
2026/2/1 21:56:06,corridor
2026/2/1 21:56:07,middle
2026/2/1 21:56:09,mid-sep
2026/2/1 21:57:50,middle
2026/2/1 21:58:01,corridor
2026/2/1 21:58:01,side
2026/2/1 21:59:21,corridor
2026/2/1 21:59:22,middle
2026/2/1 21:59:24,corridor
2026/2/1 21:59:25,side
2026/2/1 22:00:58,corridor
2026/2/1 22:00:58,middle
2026/2/1 22:01:00,mid-sep
2026/2/1 22:01:18,middle
2026/2/1 22:01:20,corridor
2026/2/1 22:01:20,side
2026/2/1 22:03:01,corridor
2026/2/1 22:03:02,middle
2026/2/1 22:03:02,mid-sep
2026/2/1 22:03:06,middle
2026/2/1 22:03:09,corridor
2026/2/1 22:03:11,side
2026/2/1 22:05:33,corridor
2026/2/1 22:05:34,middle
2026/2/1 22:05:34,mid-sep
2026/2/1 22:05:35,middle
2026/2/1 22:05:36,corridor
2026/2/1 22:05:37,side
2026/2/1 22:07:25,corridor
2026/2/1 22:07:26,middle
2026/2/1 22:07:27,mid-sep
2026/2/1 22:07:32,middle
2026/2/1 22:07:44,mid-sep
2026/2/1 22:07:55,middle
2026/2/1 22:08:00,corridor
2026/2/1 22:08:01,side
2026/2/1 22:09:34,corridor
2026/2/1 22:09:35,middle
2026/2/1 22:10:10,mid-sep
2026/2/1 22:10:28,middle
2026/2/1 22:10:29,corridor
2026/2/1 22:10:30,side
2026/2/1 22:14:21,corridor
2026/2/1 22:14:21,middle
2026/2/1 22:14:23,mid-sep
2026/2/1 22:14:47,middle
2026/2/1 22:15:51,mid-sep
2026/2/1 22:15:55,middle
2026/2/1 22:16:33,mid-sep
2026/2/1 22:16:43,middle
2026/2/1 22:19:25,mid-sep
2026/2/1 22:19:27,middle
2026/2/1 22:21:04,corridor
2026/2/1 22:21:06,side
2026/2/1 22:21:13,corridor
2026/2/1 22:21:13,middle
2026/2/1 22:21:18,corridor
2026/2/1 22:21:19,side
2026/2/1 23:29:21,corridor
2026/2/1 23:29:21,middle
2026/2/1 23:29:24,mid-sep
2026/2/1 23:29:28,middle
2026/2/1 23:29:52,mid-sep
2026/2/1 23:30:00,middle
2026/2/1 23:31:10,mid-sep
2026/2/1 23:31:40,middle
2026/2/1 23:32:55,corridor
2026/2/1 23:32:56,side
2026/2/1 23:33:08,corridor
2026/2/1 23:33:08,middle
2026/2/1 23:33:09,mid-sep
2026/2/1 23:33:11,middle
2026/2/1 23:33:13,corridor
2026/2/1 23:33:14,side
2026/2/1 23:33:41,corridor
2026/2/1 23:33:42,middle
2026/2/1 23:40:38,mid-sep
2026/2/1 23:40:55,middle
2026/2/1 23:41:00,mid-sep
2026/2/1 23:41:09,middle
2026/2/1 23:41:18,corridor
2026/2/1 23:41:19,side
2026/2/1 23:43:50,corridor
2026/2/1 23:43:51,middle
2026/2/1 23:43:52,mid-sep
2026/2/1 23:44:17,middle
2026/2/1 23:44:28,mid-sep
2026/2/1 23:44:36,middle
2026/2/1 23:44:37,corridor
2026/2/1 23:44:38,side
2026/2/1 23:46:46,corridor
2026/2/1 23:46:47,middle
2026/2/1 23:46:47,corridor
2026/2/1 23:46:47,side
2026/2/1 23:50:23,corridor
2026/2/1 23:50:24,middle
2026/2/1 23:50:24,mid-sep
2026/2/1 23:50:38,middle
2026/2/1 23:50:40,mid-sep
2026/2/1 23:50:42,middle
2026/2/1 23:50:47,corridor
2026/2/1 23:50:48,side
2026/2/1 23:51:01,corridor
2026/2/1 23:51:04,middle
2026/2/1 23:51:05,mid-sep
2026/2/1 23:51:07,middle
2026/2/1 23:51:07,corridor
2026/2/1 23:51:08,side
2026/2/1 23:52:50,corridor
2026/2/1 23:52:50,middle
2026/2/1 23:52:51,mid-sep
2026/2/1 23:53:01,middle
2026/2/1 23:53:35,mid-sep
2026/2/1 23:53:36,middle
2026/2/1 23:54:01,mid-sep
2026/2/1 23:54:05,middle
2026/2/1 23:54:29,mid-sep
2026/2/1 23:55:32,middle
2026/2/1 23:55:56,mid-sep
2026/2/1 23:56:48,middle
2026/2/1 23:57:27,mid-sep
2026/2/1 23:57:41,middle
2026/2/1 23:57:56,mid-sep
2026/2/1 23:58:00,middle
2026/2/1 23:58:00,corridor
2026/2/1 23:58:01,side
2026/2/1 23:58:37,corridor
2026/2/1 23:58:39,middle
2026/2/1 23:58:39,mid-sep
2026/2/1 23:58:40,middle
2026/2/2 0:04:01,corridor
2026/2/2 0:04:02,side
2026/2/2 0:55:42,corridor
2026/2/2 0:55:42,middle
2026/2/2 0:55:47,mid-sep
2026/2/2 0:55:59,middle
2026/2/2 0:56:14,mid-sep
2026/2/2 0:56:17,middle
2026/2/2 0:56:29,mid-sep
2026/2/2 0:56:40,middle
2026/2/2 0:57:20,mid-sep
2026/2/2 0:57:26,middle
2026/2/2 0:57:42,corridor
2026/2/2 0:57:43,side
2026/2/2 0:58:19,corridor
2026/2/2 0:58:21,middle
2026/2/2 0:58:30,corridor
2026/2/2 0:58:35,side
2026/2/2 0:58:51,corridor
2026/2/2 0:58:52,middle
2026/2/2 0:58:53,mid-sep
2026/2/2 0:58:58,middle
2026/2/2 0:59:11,corridor
2026/2/2 0:59:12,side
2026/2/2 0:59:25,corridor
2026/2/2 0:59:26,middle
2026/2/2 0:59:26,mid-sep
2026/2/2 0:59:27,middle
2026/2/2 1:04:18,mid-sep
2026/2/2 1:04:24,middle
2026/2/2 1:05:12,mid-sep
2026/2/2 1:05:17,middle
2026/2/2 1:05:39,corridor
2026/2/2 1:05:40,side
2026/2/2 2:30:39,corridor
2026/2/2 2:30:41,middle
2026/2/2 2:30:43,mid-sep
2026/2/2 2:30:51,middle
2026/2/2 2:31:03,mid-sep
2026/2/2 2:31:11,middle
2026/2/2 2:31:29,corridor
2026/2/2 2:31:30,side
2026/2/2 2:31:56,corridor
2026/2/2 2:31:57,middle
2026/2/2 2:31:59,mid-sep
2026/2/2 2:32:10,middle
2026/2/2 2:32:27,corridor
2026/2/2 2:32:28,side
2026/2/2 2:32:57,corridor
2026/2/2 2:32:59,middle
2026/2/2 2:32:59,corridor
2026/2/2 2:32:59,side
2026/2/2 2:33:54,corridor
2026/2/2 2:33:56,middle
2026/2/2 2:33:57,mid-sep
2026/2/2 2:33:58,middle
2026/2/2 2:34:01,corridor
2026/2/2 2:34:02,side
2026/2/2 2:38:25,corridor
2026/2/2 2:38:27,middle
2026/2/2 2:38:27,corridor
2026/2/2 2:38:28,side
2026/2/2 2:40:21,corridor
2026/2/2 2:40:22,middle
2026/2/2 2:40:35,mid-sep
2026/2/2 2:41:09,middle
2026/2/2 2:41:12,corridor
2026/2/2 2:41:13,side
2026/2/2 2:45:05,corridor
2026/2/2 2:45:06,middle
2026/2/2 2:50:01,corridor
2026/2/2 2:50:03,side
2026/2/2 3:48:19,corridor
2026/2/2 3:48:19,middle
2026/2/2 3:48:20,mid-sep
2026/2/2 3:48:27,middle
2026/2/2 3:53:49,mid-sep
2026/2/2 3:53:51,middle
2026/2/2 3:53:53,corridor
2026/2/2 3:53:55,side
2026/2/2 3:54:12,corridor
2026/2/2 3:54:12,middle
2026/2/2 3:54:18,corridor
2026/2/2 3:54:19,side
2026/2/2 5:19:29,corridor
2026/2/2 5:19:31,middle
2026/2/2 5:19:31,mid-sep
2026/2/2 5:19:42,middle
2026/2/2 5:19:56,mid-sep
2026/2/2 5:20:06,middle
2026/2/2 5:20:39,mid-sep
2026/2/2 5:20:42,middle
2026/2/2 5:23:27,mid-sep
2026/2/2 5:23:32,middle
2026/2/2 5:23:43,corridor
2026/2/2 5:23:44,side
2026/2/2 5:24:22,corridor
2026/2/2 5:24:23,middle
2026/2/2 5:24:25,mid-sep
2026/2/2 5:24:46,middle
2026/2/2 5:24:49,corridor
2026/2/2 5:24:49,side
2026/2/2 5:25:31,corridor
2026/2/2 5:25:32,middle
2026/2/2 5:25:39,mid-sep
2026/2/2 5:25:43,middle
2026/2/2 5:25:44,corridor
2026/2/2 5:25:45,side
2026/2/2 5:31:07,corridor
2026/2/2 5:31:08,middle
2026/2/2 5:31:09,mid-sep
2026/2/2 5:31:36,middle
2026/2/2 5:31:39,corridor
2026/2/2 5:31:39,side
2026/2/2 5:33:39,corridor
2026/2/2 5:33:43,middle
2026/2/2 5:33:44,mid-sep
2026/2/2 5:33:46,middle
2026/2/2 5:33:48,corridor
2026/2/2 5:33:50,side
2026/2/2 5:36:30,corridor
2026/2/2 5:36:31,middle
2026/2/2 5:36:34,corridor
2026/2/2 5:36:34,side
2026/2/2 5:40:18,corridor
2026/2/2 5:40:18,middle
2026/2/2 5:40:39,mid-sep
2026/2/2 5:41:01,middle
2026/2/2 5:41:16,corridor
2026/2/2 5:41:17,side
2026/2/2 5:41:22,corridor
2026/2/2 5:41:23,middle
2026/2/2 5:41:24,mid-sep
2026/2/2 5:41:25,middle
2026/2/2 5:42:11,corridor
2026/2/2 5:42:12,side
2026/2/2 5:42:52,corridor
2026/2/2 5:42:53,middle
2026/2/2 5:42:54,mid-sep
2026/2/2 5:42:55,middle
2026/2/2 5:42:56,corridor
2026/2/2 5:42:56,side
2026/2/2 6:35:03,corridor
2026/2/2 6:35:04,middle
2026/2/2 6:35:04,mid-sep
2026/2/2 6:35:14,middle
2026/2/2 6:37:20,mid-sep
2026/2/2 6:37:41,middle
2026/2/2 6:42:34,mid-sep
2026/2/2 6:42:36,middle
2026/2/2 6:42:38,corridor
2026/2/2 6:42:40,side
2026/2/2 6:43:56,corridor
2026/2/2 6:43:56,middle
2026/2/2 6:43:58,mid-sep
2026/2/2 6:44:13,middle
2026/2/2 6:47:25,corridor
2026/2/2 6:47:31,side
2026/2/2 6:51:32,corridor
2026/2/2 6:51:33,middle
2026/2/2 6:51:35,mid-sep
2026/2/2 6:51:37,middle
2026/2/2 6:51:39,corridor
2026/2/2 6:51:39,side
2026/2/2 6:53:34,corridor
2026/2/2 6:53:34,middle
2026/2/2 6:53:38,mid-sep
2026/2/2 6:53:52,middle
2026/2/2 6:54:16,corridor
2026/2/2 6:54:18,middle
2026/2/2 6:54:22,mid-sep
2026/2/2 6:54:25,middle
2026/2/2 6:54:28,corridor
2026/2/2 6:54:33,middle
2026/2/2 6:54:34,mid-sep
2026/2/2 6:55:11,middle
2026/2/2 7:01:35,corridor
2026/2/2 7:01:36,side
2026/2/2 7:41:05,corridor
2026/2/2 7:41:07,middle
2026/2/2 7:41:22,mid-sep
2026/2/2 7:41:36,middle
2026/2/2 7:42:31,mid-sep
2026/2/2 7:43:12,middle
2026/2/2 7:43:15,corridor
2026/2/2 7:43:15,side
2026/2/2 7:43:51,corridor
2026/2/2 7:44:01,middle
2026/2/2 7:44:06,mid-sep
2026/2/2 7:44:08,middle
2026/2/2 7:44:16,mid-sep
2026/2/2 7:44:29,middle
2026/2/2 7:46:23,corridor
2026/2/2 7:46:23,side
2026/2/2 7:46:45,corridor
2026/2/2 7:46:46,middle
2026/2/2 7:46:47,mid-sep
2026/2/2 7:46:48,middle
2026/2/2 7:46:48,corridor
2026/2/2 7:46:48,side
2026/2/2 7:47:00,corridor
2026/2/2 7:47:01,middle
2026/2/2 7:47:03,mid-sep
2026/2/2 7:47:10,middle
2026/2/2 7:47:12,corridor
2026/2/2 7:47:12,side
2026/2/2 7:49:51,corridor
2026/2/2 7:49:52,middle
2026/2/2 7:49:52,mid-sep
2026/2/2 7:49:57,middle
2026/2/2 7:49:58,corridor
2026/2/2 7:49:59,side
2026/2/2 7:52:07,corridor
2026/2/2 7:52:08,middle
2026/2/2 7:52:09,mid-sep
2026/2/2 7:52:10,middle
2026/2/2 7:52:11,corridor
2026/2/2 7:52:11,side
2026/2/2 7:54:14,corridor
2026/2/2 7:54:14,middle
2026/2/2 7:54:16,mid-sep
2026/2/2 7:54:43,middle
2026/2/2 7:54:50,mid-sep
2026/2/2 7:55:08,middle
2026/2/2 7:55:15,corridor
2026/2/2 7:55:16,side
2026/2/2 7:56:28,corridor
2026/2/2 7:56:29,middle
2026/2/2 8:01:55,mid-sep
2026/2/2 8:02:03,middle
2026/2/2 8:02:14,mid-sep
2026/2/2 8:02:40,middle
2026/2/2 8:02:44,corridor
2026/2/2 8:02:45,side
2026/2/2 8:03:10,corridor
2026/2/2 8:03:11,middle
2026/2/2 8:03:11,mid-sep
2026/2/2 8:03:40,middle
2026/2/2 8:03:42,corridor
2026/2/2 8:03:43,side
2026/2/2 8:07:17,corridor
2026/2/2 8:07:17,middle
2026/2/2 8:07:19,mid-sep
2026/2/2 8:07:22,middle
2026/2/2 8:07:24,corridor
2026/2/2 8:07:25,side
2026/2/2 8:08:02,corridor
2026/2/2 8:08:04,middle
2026/2/2 8:08:04,mid-sep
2026/2/2 8:08:05,middle
2026/2/2 8:08:06,corridor
2026/2/2 8:08:06,side
2026/2/2 8:10:14,corridor
2026/2/2 8:10:16,middle
2026/2/2 8:10:16,mid-sep
2026/2/2 8:10:17,middle
2026/2/2 8:10:18,corridor
2026/2/2 8:10:18,side
2026/2/2 8:12:39,corridor
2026/2/2 8:12:40,middle
2026/2/2 8:12:41,mid-sep
2026/2/2 8:12:51,middle
2026/2/2 8:12:58,corridor
2026/2/2 8:12:59,side
2026/2/2 8:13:42,corridor
2026/2/2 8:13:44,middle
2026/2/2 8:19:22,mid-sep
2026/2/2 8:19:32,middle
2026/2/2 8:19:40,corridor
2026/2/2 8:19:41,side
2026/2/2 8:21:20,corridor
2026/2/2 8:21:29,side
2026/2/2 8:21:48,corridor
2026/2/2 8:21:49,middle
2026/2/2 8:21:50,mid-sep
2026/2/2 8:22:09,middle
2026/2/2 8:22:43,corridor
2026/2/2 8:22:44,side
2026/2/2 8:28:05,corridor
2026/2/2 8:28:06,middle
2026/2/2 8:28:10,mid-sep
2026/2/2 8:28:13,middle
2026/2/2 8:28:22,corridor
2026/2/2 8:28:23,side
2026/2/2 8:28:55,corridor
2026/2/2 8:28:57,middle
2026/2/2 8:29:02,corridor
2026/2/2 8:29:05,side
2026/2/2 8:31:12,corridor
2026/2/2 8:31:13,middle
2026/2/2 8:35:20,corridor
2026/2/2 8:35:23,side
2026/2/2 8:36:42,corridor
2026/2/2 8:36:44,middle
2026/2/2 8:36:46,mid-sep
2026/2/2 8:37:00,middle
2026/2/2 8:37:04,mid-sep
2026/2/2 8:37:10,middle
2026/2/2 8:37:49,mid-sep
2026/2/2 8:38:07,middle
2026/2/2 8:38:44,mid-sep
2026/2/2 8:38:55,middle
2026/2/2 8:39:21,corridor
2026/2/2 8:39:22,side
2026/2/2 9:53:56,corridor
2026/2/2 9:53:57,middle
2026/2/2 9:54:00,mid-sep
2026/2/2 9:54:27,middle
2026/2/2 9:54:33,corridor
2026/2/2 9:54:34,side
2026/2/2 9:55:04,corridor
2026/2/2 9:55:05,middle
2026/2/2 9:55:06,mid-sep
2026/2/2 9:55:09,middle
2026/2/2 9:55:12,corridor
2026/2/2 9:55:16,side
2026/2/2 9:55:42,corridor
2026/2/2 9:55:43,middle
2026/2/2 9:55:47,mid-sep
2026/2/2 9:56:18,middle
2026/2/2 9:56:19,corridor
2026/2/2 9:56:22,side
2026/2/2 9:57:10,corridor
2026/2/2 9:57:11,middle
2026/2/2 9:57:11,mid-sep
2026/2/2 9:57:12,middle
2026/2/2 9:57:12,corridor
2026/2/2 9:57:12,side
2026/2/2 9:59:31,corridor
2026/2/2 9:59:32,middle
2026/2/2 9:59:33,mid-sep
2026/2/2 9:59:39,middle
2026/2/2 9:59:40,corridor
2026/2/2 9:59:41,side
2026/2/2 10:05:18,corridor
2026/2/2 10:05:19,middle
2026/2/2 10:05:21,mid-sep
2026/2/2 10:05:49,middle
2026/2/2 10:05:52,corridor
2026/2/2 10:05:54,side
2026/2/2 10:10:44,corridor
2026/2/2 10:10:47,middle
2026/2/2 10:10:48,mid-sep
2026/2/2 10:10:58,middle
2026/2/2 10:11:02,corridor
2026/2/2 10:11:03,side
2026/2/2 10:11:18,corridor
2026/2/2 10:11:19,middle
2026/2/2 10:11:25,corridor
2026/2/2 10:11:25,side
2026/2/2 10:12:22,corridor
2026/2/2 10:12:24,middle
2026/2/2 10:12:25,mid-sep
2026/2/2 10:12:47,middle
2026/2/2 10:12:53,corridor
2026/2/2 10:12:53,side
2026/2/2 10:16:07,corridor
2026/2/2 10:16:07,middle
2026/2/2 10:16:08,mid-sep
2026/2/2 10:16:10,middle
2026/2/2 10:16:11,corridor
2026/2/2 10:16:11,side
2026/2/2 10:16:35,corridor
2026/2/2 10:16:35,middle
2026/2/2 10:16:36,corridor
2026/2/2 10:16:36,side
2026/2/2 10:17:13,corridor
2026/2/2 10:17:13,middle
2026/2/2 10:17:15,mid-sep
2026/2/2 10:17:17,middle
2026/2/2 10:17:17,corridor
2026/2/2 10:17:17,side
2026/2/2 10:20:15,corridor
2026/2/2 10:20:17,middle
2026/2/2 10:20:18,mid-sep
2026/2/2 10:20:37,middle
2026/2/2 10:23:14,mid-sep
2026/2/2 10:23:21,middle
2026/2/2 10:23:23,corridor
2026/2/2 10:23:24,side
2026/2/2 10:27:00,corridor
2026/2/2 10:27:02,middle
2026/2/2 10:27:06,mid-sep
2026/2/2 10:27:24,middle
2026/2/2 10:27:26,corridor
2026/2/2 10:27:26,side
2026/2/2 10:31:52,corridor
2026/2/2 10:31:52,middle
2026/2/2 10:31:53,mid-sep
2026/2/2 10:32:14,middle
2026/2/2 10:33:31,mid-sep
2026/2/2 10:33:43,middle
2026/2/2 10:34:37,mid-sep
2026/2/2 10:34:58,middle
2026/2/2 10:34:59,corridor
2026/2/2 10:35:00,side
2026/2/2 12:59:43,corridor
2026/2/2 12:59:44,middle
2026/2/2 12:59:45,mid-sep
2026/2/2 12:59:58,middle
2026/2/2 13:00:32,mid-sep
2026/2/2 13:00:37,middle
2026/2/2 13:00:47,corridor
2026/2/2 13:00:47,side
2026/2/2 13:01:02,corridor
2026/2/2 13:01:05,middle
2026/2/2 13:01:09,mid-sep
2026/2/2 13:01:12,middle
2026/2/2 13:01:14,mid-sep
2026/2/2 13:01:16,middle
2026/2/2 13:01:20,corridor
2026/2/2 13:01:20,side
2026/2/2 13:01:38,corridor
2026/2/2 13:01:38,middle
2026/2/2 13:03:50,mid-sep
2026/2/2 13:03:50,middle
2026/2/2 13:03:53,corridor
2026/2/2 13:03:55,side
2026/2/2 13:04:41,corridor
2026/2/2 13:04:41,middle
2026/2/2 13:04:43,mid-sep
2026/2/2 13:05:07,middle
2026/2/2 13:05:10,corridor
2026/2/2 13:05:11,side
2026/2/2 13:06:45,corridor
2026/2/2 13:06:45,middle
2026/2/2 13:06:46,mid-sep
2026/2/2 13:06:50,middle
2026/2/2 13:06:51,corridor
2026/2/2 13:06:51,side
2026/2/2 13:09:14,corridor
2026/2/2 13:09:15,side
2026/2/2 13:13:30,corridor
2026/2/2 13:13:30,middle
2026/2/2 13:13:31,mid-sep
2026/2/2 13:13:37,middle
2026/2/2 13:13:37,corridor
2026/2/2 13:13:38,side
2026/2/2 13:16:45,corridor
2026/2/2 13:16:45,middle
2026/2/2 13:16:48,mid-sep
2026/2/2 13:16:49,middle
2026/2/2 13:16:50,corridor
2026/2/2 13:16:50,side
2026/2/2 13:18:23,corridor
2026/2/2 13:18:25,middle
2026/2/2 13:19:16,mid-sep
2026/2/2 13:19:21,middle
2026/2/2 13:19:39,mid-sep
2026/2/2 13:20:02,middle
2026/2/2 13:20:03,corridor
2026/2/2 13:20:03,side
2026/2/2 13:21:19,corridor
2026/2/2 13:21:19,middle
2026/2/2 13:21:31,corridor
2026/2/2 13:21:31,side
2026/2/2 13:22:08,corridor
2026/2/2 13:22:11,middle
2026/2/2 13:26:00,mid-sep
2026/2/2 13:26:11,middle
2026/2/2 13:26:18,corridor
2026/2/2 13:26:20,side
2026/2/2 13:27:35,corridor
2026/2/2 13:27:35,middle
2026/2/2 13:27:37,mid-sep
2026/2/2 13:27:38,middle
2026/2/2 13:27:38,corridor
2026/2/2 13:27:39,side
2026/2/2 15:10:48,corridor
2026/2/2 15:10:53,middle
2026/2/2 15:10:53,mid-sep
2026/2/2 15:10:54,middle
2026/2/2 15:10:56,corridor
2026/2/2 15:10:56,side
2026/2/2 15:11:42,corridor
2026/2/2 15:11:43,middle
2026/2/2 15:11:46,corridor
2026/2/2 15:11:46,side
2026/2/2 15:13:27,corridor
2026/2/2 15:13:27,middle
2026/2/2 15:13:29,mid-sep
2026/2/2 15:13:40,middle
2026/2/2 15:13:43,corridor
2026/2/2 15:13:44,side
2026/2/2 15:21:53,corridor
2026/2/2 15:21:53,middle
2026/2/2 15:21:54,mid-sep
2026/2/2 15:21:57,middle
2026/2/2 15:21:58,corridor
2026/2/2 15:21:59,side
2026/2/2 15:26:53,corridor
2026/2/2 15:26:57,middle
2026/2/2 15:26:59,corridor
2026/2/2 15:26:59,side
2026/2/2 15:27:22,corridor
2026/2/2 15:27:24,middle
2026/2/2 15:27:27,mid-sep
2026/2/2 15:27:45,middle
2026/2/2 15:27:51,corridor
2026/2/2 15:27:52,side
2026/2/2 15:28:29,corridor
2026/2/2 15:28:30,middle
2026/2/2 15:34:54,corridor
2026/2/2 15:34:55,side
2026/2/2 15:41:01,corridor
2026/2/2 15:41:03,middle
2026/2/2 15:41:06,mid-sep
2026/2/2 15:41:45,middle
2026/2/2 15:41:47,corridor
2026/2/2 15:41:48,side
2026/2/2 15:51:16,corridor
2026/2/2 15:51:17,middle
2026/2/2 15:51:18,mid-sep
2026/2/2 15:51:49,middle
2026/2/2 15:56:47,mid-sep
2026/2/2 15:57:01,middle
2026/2/2 16:01:26,corridor
2026/2/2 16:01:28,side
2026/2/2 16:02:17,corridor
2026/2/2 16:02:18,middle
2026/2/2 16:02:53,corridor
2026/2/2 16:02:56,side
2026/2/2 16:03:19,corridor
2026/2/2 16:03:20,middle
2026/2/2 16:03:52,mid-sep
2026/2/2 16:04:11,middle
2026/2/2 16:10:01,mid-sep
2026/2/2 16:10:32,middle
2026/2/2 16:10:34,corridor
2026/2/2 16:10:35,side
2026/2/2 16:16:25,corridor
2026/2/2 16:16:26,middle
2026/2/2 16:16:29,mid-sep
2026/2/2 16:17:14,middle
2026/2/2 16:17:22,mid-sep
2026/2/2 16:17:38,middle
2026/2/2 16:17:45,mid-sep
2026/2/2 16:18:41,middle
2026/2/2 16:19:14,mid-sep
2026/2/2 16:19:56,middle
2026/2/2 16:20:00,corridor
2026/2/2 16:20:02,side
2026/2/2 16:20:39,corridor
2026/2/2 16:20:40,middle
2026/2/2 16:20:41,mid-sep
2026/2/2 16:20:43,middle
2026/2/2 16:20:49,corridor
2026/2/2 16:20:50,side
2026/2/2 17:35:28,corridor
2026/2/2 17:35:29,middle
2026/2/2 17:35:30,mid-sep
2026/2/2 17:35:34,middle
2026/2/2 17:35:39,mid-sep
2026/2/2 17:35:46,middle
2026/2/2 17:35:57,corridor
2026/2/2 17:35:59,side
2026/2/2 17:36:05,corridor
2026/2/2 17:36:05,middle
2026/2/2 17:36:06,mid-sep
2026/2/2 17:36:07,middle
2026/2/2 17:38:22,corridor
2026/2/2 17:38:24,side
2026/2/2 17:38:49,corridor
2026/2/2 17:38:50,middle
2026/2/2 17:38:50,mid-sep
2026/2/2 17:38:52,middle
2026/2/2 17:38:52,corridor
2026/2/2 17:38:53,side
2026/2/2 17:44:31,corridor
2026/2/2 17:44:31,middle
2026/2/2 17:44:33,mid-sep
2026/2/2 17:44:34,middle
2026/2/2 17:44:34,corridor
2026/2/2 17:44:34,side
2026/2/2 17:47:15,corridor
2026/2/2 17:47:15,middle
2026/2/2 17:50:09,corridor
2026/2/2 17:50:10,side
2026/2/2 17:51:43,corridor
2026/2/2 17:51:45,middle
2026/2/2 17:51:46,mid-sep
2026/2/2 17:52:16,middle
2026/2/2 17:52:29,mid-sep
2026/2/2 17:52:44,middle
2026/2/2 17:52:45,corridor
2026/2/2 17:52:45,side
2026/2/2 17:53:07,corridor
2026/2/2 17:53:08,middle
2026/2/2 17:53:08,mid-sep
2026/2/2 17:53:09,middle
2026/2/2 17:58:44,mid-sep
2026/2/2 17:58:48,middle
2026/2/2 17:58:53,corridor
2026/2/2 17:58:54,side
2026/2/2 17:59:49,corridor
2026/2/2 17:59:49,middle
2026/2/2 17:59:49,mid-sep
2026/2/2 17:59:50,middle
2026/2/2 17:59:50,corridor
2026/2/2 17:59:51,side
2026/2/2 18:02:46,corridor
2026/2/2 18:02:46,middle
2026/2/2 18:02:47,mid-sep
2026/2/2 18:02:51,middle
2026/2/2 18:02:53,corridor
2026/2/2 18:02:53,side
2026/2/2 18:04:07,corridor
2026/2/2 18:04:08,middle
2026/2/2 18:04:09,mid-sep
2026/2/2 18:04:10,middle
2026/2/2 18:04:11,corridor
2026/2/2 18:04:12,side
2026/2/2 18:05:17,corridor
2026/2/2 18:05:18,middle
2026/2/2 18:05:21,mid-sep
2026/2/2 18:05:24,middle
2026/2/2 18:05:24,corridor
2026/2/2 18:05:25,side
2026/2/2 18:09:42,corridor
2026/2/2 18:09:42,middle
2026/2/2 18:09:44,mid-sep
2026/2/2 18:11:04,middle
2026/2/2 18:11:07,corridor
2026/2/2 18:11:08,side
2026/2/2 18:16:42,corridor
2026/2/2 18:16:43,middle
2026/2/2 18:16:45,mid-sep
2026/2/2 18:17:11,middle
2026/2/2 18:22:56,corridor
2026/2/2 18:22:57,side
2026/2/2 18:24:22,corridor
2026/2/2 18:24:24,middle
2026/2/2 18:24:25,mid-sep
2026/2/2 18:24:33,middle
2026/2/2 18:24:36,corridor
2026/2/2 18:24:38,side
2026/2/2 18:34:39,corridor
2026/2/2 18:34:40,middle
2026/2/2 18:34:41,corridor
2026/2/2 18:34:42,side
2026/2/2 18:38:32,corridor
2026/2/2 18:38:35,middle
2026/2/2 18:38:35,mid-sep
2026/2/2 18:38:42,middle
2026/2/2 18:38:44,corridor
2026/2/2 18:38:45,side
2026/2/2 18:42:04,corridor
2026/2/2 18:42:05,middle
2026/2/2 18:42:05,mid-sep
2026/2/2 18:42:15,middle
2026/2/2 18:42:18,corridor
2026/2/2 18:42:19,side
2026/2/2 18:47:16,corridor
2026/2/2 18:47:18,middle
2026/2/2 18:47:19,mid-sep
2026/2/2 18:47:45,middle
2026/2/2 18:47:56,corridor
2026/2/2 18:47:57,side
2026/2/2 18:52:12,corridor
2026/2/2 18:52:14,middle
2026/2/2 18:52:15,mid-sep
2026/2/2 18:52:22,middle
2026/2/2 18:52:25,mid-sep
2026/2/2 18:52:33,middle
2026/2/2 18:52:40,mid-sep
2026/2/2 18:53:21,middle
2026/2/2 18:53:22,corridor
2026/2/2 18:53:29,middle
2026/2/2 18:53:31,mid-sep
2026/2/2 18:53:33,middle
2026/2/2 18:53:38,corridor
2026/2/2 18:53:39,side
2026/2/2 18:54:39,corridor
2026/2/2 18:54:40,middle
2026/2/2 18:54:42,mid-sep
2026/2/2 18:55:14,middle
2026/2/2 18:55:18,corridor
2026/2/2 18:55:18,side
2026/2/2 18:55:29,corridor
2026/2/2 18:55:30,middle
2026/2/2 18:55:31,mid-sep
2026/2/2 18:55:32,middle
2026/2/2 18:55:40,corridor
2026/2/2 18:55:41,side
2026/2/2 18:56:14,corridor
2026/2/2 18:56:15,middle
2026/2/2 18:56:18,mid-sep
2026/2/2 18:56:21,middle
2026/2/2 19:01:08,corridor
2026/2/2 19:01:16,middle
2026/2/2 19:03:39,corridor
2026/2/2 19:03:40,side
2026/2/2 19:04:37,corridor
2026/2/2 19:04:38,middle
2026/2/2 19:04:38,mid-sep
2026/2/2 19:05:13,middle
2026/2/2 19:06:06,mid-sep
2026/2/2 19:06:21,middle
2026/2/2 19:06:23,corridor
2026/2/2 19:06:24,side
2026/2/2 19:07:22,corridor
2026/2/2 19:07:24,middle
2026/2/2 19:07:25,mid-sep
2026/2/2 19:07:26,middle
2026/2/2 19:07:32,corridor
2026/2/2 19:07:33,side
2026/2/2 19:07:56,corridor
2026/2/2 19:07:57,middle
2026/2/2 19:07:57,mid-sep
2026/2/2 19:08:07,middle
2026/2/2 19:08:34,mid-sep
2026/2/2 19:09:06,middle
2026/2/2 19:09:19,mid-sep
2026/2/2 19:09:59,middle
2026/2/2 19:11:25,corridor
2026/2/2 19:11:26,side
2026/2/2 19:13:36,corridor
2026/2/2 19:13:37,middle
2026/2/2 19:16:50,mid-sep
2026/2/2 19:17:08,middle
2026/2/2 19:17:15,mid-sep
2026/2/2 19:17:36,middle
2026/2/2 19:17:42,corridor
2026/2/2 19:17:43,side
2026/2/2 19:18:53,corridor
2026/2/2 19:18:54,middle
2026/2/2 19:18:54,mid-sep
2026/2/2 19:18:57,middle
2026/2/2 19:37:29,corridor
2026/2/2 19:37:30,side
2026/2/2 20:15:56,corridor
2026/2/2 20:15:58,middle
2026/2/2 20:22:09,mid-sep
2026/2/2 20:22:10,middle
2026/2/2 20:22:11,corridor
2026/2/2 20:22:13,side
2026/2/2 20:22:50,corridor
2026/2/2 20:22:52,middle
2026/2/2 20:23:16,mid-sep
2026/2/2 20:23:26,middle
2026/2/2 20:23:45,mid-sep
2026/2/2 20:23:53,middle
2026/2/2 20:26:01,corridor
2026/2/2 20:26:02,side
2026/2/2 20:29:36,corridor
2026/2/2 20:29:37,middle
2026/2/2 20:29:44,corridor
2026/2/2 20:29:44,side
2026/2/2 20:34:34,corridor
2026/2/2 20:34:34,middle
2026/2/2 20:34:39,mid-sep
2026/2/2 20:34:44,middle
2026/2/2 20:34:56,corridor
2026/2/2 20:34:57,side
2026/2/2 20:36:45,corridor
2026/2/2 20:36:46,middle
2026/2/2 20:36:47,mid-sep
2026/2/2 20:36:58,middle
2026/2/2 20:37:20,mid-sep
2026/2/2 20:37:25,middle
2026/2/2 20:37:45,mid-sep
2026/2/2 20:38:04,middle
2026/2/2 20:47:57,corridor
2026/2/2 20:47:58,side
2026/2/2 21:11:07,corridor
2026/2/2 21:11:07,middle
2026/2/2 21:11:07,mid-sep
2026/2/2 21:11:26,middle
2026/2/2 21:13:56,mid-sep
2026/2/2 21:14:40,middle
2026/2/2 21:14:45,mid-sep
2026/2/2 21:14:47,middle
2026/2/2 21:15:03,mid-sep
2026/2/2 21:15:08,middle
2026/2/2 21:15:16,corridor
2026/2/2 21:15:17,side
2026/2/2 21:16:12,corridor
2026/2/2 21:16:15,middle
2026/2/2 21:16:15,mid-sep
2026/2/2 21:16:24,middle
2026/2/2 21:16:28,corridor
2026/2/2 21:16:29,side
2026/2/2 21:16:43,corridor
2026/2/2 21:16:45,middle
2026/2/2 21:19:51,mid-sep
2026/2/2 21:20:07,middle
2026/2/2 21:20:42,mid-sep
2026/2/2 21:20:48,middle
2026/2/2 21:20:56,mid-sep
2026/2/2 21:21:11,middle
2026/2/2 21:28:26,mid-sep
2026/2/2 21:28:35,middle
2026/2/2 21:28:37,corridor
2026/2/2 21:28:38,side
2026/2/2 22:49:31,corridor
2026/2/2 22:49:32,middle
2026/2/2 22:49:34,mid-sep
2026/2/2 22:49:44,middle
2026/2/2 22:51:16,mid-sep
2026/2/2 22:51:34,middle
2026/2/2 22:53:26,corridor
2026/2/2 22:53:29,side
2026/2/2 22:53:47,corridor
2026/2/2 22:53:48,middle
2026/2/2 22:53:50,mid-sep
2026/2/2 22:54:04,middle
2026/2/2 22:54:07,corridor
2026/2/2 22:54:10,side
2026/2/2 22:54:39,corridor
2026/2/2 22:54:40,middle
2026/2/2 22:54:41,mid-sep
2026/2/2 22:54:42,middle
2026/2/2 22:54:42,corridor
2026/2/2 22:54:43,side
2026/2/2 22:57:14,corridor
2026/2/2 22:57:15,middle
2026/2/2 22:57:15,mid-sep
2026/2/2 22:57:38,middle
2026/2/2 22:57:41,corridor
2026/2/2 22:57:42,side
2026/2/2 23:00:11,corridor
2026/2/2 23:00:12,middle
2026/2/2 23:00:12,mid-sep
2026/2/2 23:00:32,middle
2026/2/2 23:00:33,corridor
2026/2/2 23:00:34,side
2026/2/2 23:01:20,corridor
2026/2/2 23:01:20,middle
2026/2/2 23:01:21,mid-sep
2026/2/2 23:01:40,middle
2026/2/2 23:01:41,corridor
2026/2/2 23:01:42,side
2026/2/2 23:02:53,corridor
2026/2/2 23:02:54,middle
2026/2/2 23:02:55,mid-sep
2026/2/2 23:02:57,middle
2026/2/2 23:02:57,corridor
2026/2/2 23:02:58,side
2026/2/2 23:05:43,corridor
2026/2/2 23:05:44,middle
2026/2/2 23:05:44,mid-sep
2026/2/2 23:06:15,middle
2026/2/2 23:06:25,mid-sep
2026/2/2 23:06:46,middle
2026/2/2 23:07:00,corridor
2026/2/2 23:07:06,middle
2026/2/2 23:07:07,mid-sep
2026/2/2 23:07:33,middle
2026/2/2 23:07:41,corridor
2026/2/2 23:07:42,side
2026/2/2 23:07:48,corridor
2026/2/2 23:07:50,middle
2026/2/2 23:07:50,mid-sep
2026/2/2 23:07:51,middle
2026/2/2 23:07:55,corridor
2026/2/2 23:07:58,side
2026/2/2 23:08:55,corridor
2026/2/2 23:08:56,middle
2026/2/2 23:08:56,mid-sep
2026/2/2 23:08:58,middle
2026/2/2 23:15:13,corridor
2026/2/2 23:15:16,side
2026/2/2 23:16:40,corridor
2026/2/2 23:16:40,middle
2026/2/2 23:16:42,mid-sep
2026/2/2 23:17:25,middle
2026/2/2 23:17:55,corridor
2026/2/2 23:17:55,side
2026/2/2 23:18:48,corridor
2026/2/2 23:18:48,middle
2026/2/2 23:18:49,mid-sep
2026/2/2 23:18:51,middle
2026/2/2 23:18:58,corridor
2026/2/2 23:18:58,side
2026/2/2 23:19:21,corridor
2026/2/2 23:19:22,middle
2026/2/2 23:25:45,mid-sep
2026/2/2 23:26:22,middle
2026/2/2 23:26:27,corridor
2026/2/2 23:26:28,side
2026/2/2 23:27:08,corridor
2026/2/2 23:27:10,middle
2026/2/2 23:27:11,corridor
2026/2/2 23:27:14,side
2026/2/3 1:07:36,corridor
2026/2/3 1:07:37,middle
2026/2/3 1:07:38,mid-sep
2026/2/3 1:07:51,middle
2026/2/3 1:08:40,mid-sep
2026/2/3 1:09:06,middle
2026/2/3 1:09:49,mid-sep
2026/2/3 1:10:00,middle
2026/2/3 1:10:01,corridor
2026/2/3 1:10:03,side
2026/2/3 1:11:59,corridor
2026/2/3 1:12:00,middle
2026/2/3 1:12:00,mid-sep
2026/2/3 1:12:24,middle
2026/2/3 1:12:29,corridor
2026/2/3 1:12:30,side
2026/2/3 1:14:50,corridor
2026/2/3 1:14:50,middle
2026/2/3 1:14:51,mid-sep
2026/2/3 1:14:53,middle
2026/2/3 1:14:54,corridor
2026/2/3 1:14:54,side
2026/2/3 1:16:00,corridor
2026/2/3 1:16:01,middle
2026/2/3 1:16:02,mid-sep
2026/2/3 1:16:46,middle
2026/2/3 1:16:49,corridor
2026/2/3 1:16:50,side
2026/2/3 1:17:51,corridor
2026/2/3 1:17:52,middle
2026/2/3 1:17:53,mid-sep
2026/2/3 1:17:59,middle
2026/2/3 1:18:00,corridor
2026/2/3 1:18:01,side
2026/2/3 1:19:43,corridor
2026/2/3 1:19:43,middle
2026/2/3 1:19:44,corridor
2026/2/3 1:19:45,side
2026/2/3 1:22:04,corridor
2026/2/3 1:22:05,middle
2026/2/3 1:30:49,mid-sep
2026/2/3 1:31:00,middle
2026/2/3 1:31:09,corridor
2026/2/3 1:31:10,side
2026/2/3 1:32:24,corridor
2026/2/3 1:32:24,middle
2026/2/3 1:32:26,corridor
2026/2/3 1:32:27,side
2026/2/3 1:34:15,corridor
2026/2/3 1:34:15,middle
2026/2/3 1:34:17,mid-sep
2026/2/3 1:34:27,middle
2026/2/3 1:34:28,corridor
2026/2/3 1:34:28,side
2026/2/3 1:37:13,corridor
2026/2/3 1:37:13,middle
2026/2/3 1:38:42,corridor
2026/2/3 1:38:43,side
2026/2/3 2:11:27,corridor
2026/2/3 2:11:27,middle
2026/2/3 2:11:29,mid-sep
2026/2/3 2:12:50,middle
2026/2/3 2:13:21,mid-sep
2026/2/3 2:13:30,middle
2026/2/3 2:13:54,corridor
2026/2/3 2:13:55,side
2026/2/3 2:14:17,corridor
2026/2/3 2:14:18,middle
2026/2/3 2:14:18,mid-sep
2026/2/3 2:14:27,middle
2026/2/3 2:14:47,corridor
2026/2/3 2:14:50,side
2026/2/3 2:15:10,corridor
2026/2/3 2:15:11,middle
2026/2/3 2:15:12,mid-sep
2026/2/3 2:15:19,middle
2026/2/3 2:15:26,mid-sep
2026/2/3 2:15:37,middle
2026/2/3 2:17:06,corridor
2026/2/3 2:17:07,side
2026/2/3 4:12:52,corridor
2026/2/3 4:12:54,middle
2026/2/3 4:12:54,mid-sep
2026/2/3 4:12:56,middle
2026/2/3 4:14:36,corridor
2026/2/3 4:14:38,side
2026/2/3 4:25:42,corridor
2026/2/3 4:25:43,middle
2026/2/3 4:25:45,mid-sep
2026/2/3 4:26:28,middle
2026/2/3 4:28:08,mid-sep
2026/2/3 4:28:09,middle
2026/2/3 4:28:16,corridor
2026/2/3 4:28:18,side
2026/2/3 5:14:53,corridor
2026/2/3 5:14:53,middle
2026/2/3 5:14:53,mid-sep
2026/2/3 5:14:58,middle
2026/2/3 5:14:59,corridor
2026/2/3 5:14:59,side
2026/2/3 5:20:10,corridor
2026/2/3 5:20:11,middle
2026/2/3 5:20:12,mid-sep
2026/2/3 5:21:00,middle
2026/2/3 5:21:19,corridor
2026/2/3 5:21:20,side
2026/2/3 5:22:31,corridor
2026/2/3 5:22:31,middle
2026/2/3 5:22:33,mid-sep
2026/2/3 5:22:53,middle
2026/2/3 5:22:54,corridor
2026/2/3 5:22:59,middle
2026/2/3 5:22:59,mid-sep
2026/2/3 5:23:00,middle
2026/2/3 5:23:03,corridor
2026/2/3 5:23:04,side
2026/2/3 5:27:25,corridor
2026/2/3 5:27:25,middle
2026/2/3 5:27:27,mid-sep
2026/2/3 5:27:34,middle
2026/2/3 5:27:37,corridor
2026/2/3 5:27:38,side
2026/2/3 5:30:32,corridor
2026/2/3 5:30:33,middle
2026/2/3 5:30:34,mid-sep
2026/2/3 5:30:40,middle
2026/2/3 5:30:41,corridor
2026/2/3 5:30:41,side
2026/2/3 5:31:04,corridor
2026/2/3 5:31:05,middle
2026/2/3 5:31:05,mid-sep
2026/2/3 5:31:25,middle
2026/2/3 5:31:57,mid-sep
2026/2/3 5:32:02,middle
2026/2/3 5:32:15,corridor
2026/2/3 5:32:16,side
2026/2/3 5:32:46,corridor
2026/2/3 5:32:47,middle
2026/2/3 5:32:48,mid-sep
2026/2/3 5:32:49,middle
2026/2/3 5:32:50,corridor
2026/2/3 5:32:50,side
2026/2/3 5:38:40,corridor
2026/2/3 5:38:41,middle
2026/2/3 5:38:42,mid-sep
2026/2/3 5:39:10,middle
2026/2/3 5:39:25,mid-sep
2026/2/3 5:39:39,middle
2026/2/3 5:40:39,corridor
2026/2/3 5:40:41,side
2026/2/3 6:38:47,corridor
2026/2/3 6:38:48,middle
2026/2/3 6:38:50,mid-sep
2026/2/3 6:39:10,middle
2026/2/3 6:40:47,mid-sep
2026/2/3 6:41:13,middle
2026/2/3 6:41:18,corridor
2026/2/3 6:41:19,side
2026/2/3 6:41:44,corridor
2026/2/3 6:41:46,middle
2026/2/3 6:41:47,mid-sep
2026/2/3 6:41:53,middle
2026/2/3 6:42:39,corridor
2026/2/3 6:42:40,side
2026/2/3 6:43:42,corridor
2026/2/3 6:43:43,middle
2026/2/3 6:43:44,mid-sep
2026/2/3 6:44:05,middle
2026/2/3 6:44:06,corridor
2026/2/3 6:44:06,side
2026/2/3 6:45:20,corridor
2026/2/3 6:45:21,middle
2026/2/3 6:45:22,mid-sep
2026/2/3 6:45:23,middle
2026/2/3 6:45:23,corridor
2026/2/3 6:45:24,side
2026/2/3 6:46:59,corridor
2026/2/3 6:47:00,middle
2026/2/3 6:47:01,mid-sep
2026/2/3 6:47:22,middle
2026/2/3 6:47:28,mid-sep
2026/2/3 6:47:38,middle
2026/2/3 6:47:42,corridor
2026/2/3 6:47:43,side
2026/2/3 6:48:38,corridor
2026/2/3 6:48:39,middle
2026/2/3 6:48:50,mid-sep
2026/2/3 6:48:57,middle
2026/2/3 6:48:58,corridor
2026/2/3 6:48:58,side
2026/2/3 6:50:07,corridor
2026/2/3 6:50:07,middle
2026/2/3 6:51:07,mid-sep
2026/2/3 6:51:10,middle
2026/2/3 6:51:13,corridor
2026/2/3 6:51:15,side
2026/2/3 6:51:36,corridor
2026/2/3 6:51:37,middle
2026/2/3 6:51:37,corridor
2026/2/3 6:51:38,side
2026/2/3 6:52:24,corridor
2026/2/3 6:52:25,middle
2026/2/3 6:52:25,mid-sep
2026/2/3 6:52:26,middle
2026/2/3 6:52:27,corridor
2026/2/3 6:52:27,side
2026/2/3 6:57:59,corridor
2026/2/3 6:57:59,middle
2026/2/3 6:58:01,mid-sep
2026/2/3 6:58:08,middle
2026/2/3 6:58:19,mid-sep
2026/2/3 6:58:42,middle
2026/2/3 6:58:53,corridor
2026/2/3 6:58:53,side
2026/2/3 7:00:56,corridor
2026/2/3 7:00:56,middle
2026/2/3 7:00:57,mid-sep
2026/2/3 7:01:09,middle
2026/2/3 7:01:09,corridor
2026/2/3 7:01:10,side
2026/2/3 7:02:40,corridor
2026/2/3 7:02:40,middle
2026/2/3 7:02:41,mid-sep
2026/2/3 7:02:43,middle
2026/2/3 7:02:47,corridor
2026/2/3 7:02:48,side
2026/2/3 7:05:00,corridor
2026/2/3 7:05:01,middle
2026/2/3 7:05:06,mid-sep
2026/2/3 7:05:23,middle
2026/2/3 7:05:28,corridor
2026/2/3 7:05:29,side
2026/2/3 7:06:11,corridor
2026/2/3 7:06:12,middle
2026/2/3 7:06:13,mid-sep
2026/2/3 7:06:13,middle
2026/2/3 7:06:15,corridor
2026/2/3 7:06:16,side
2026/2/3 7:07:28,corridor
2026/2/3 7:07:29,middle
2026/2/3 7:07:31,mid-sep
2026/2/3 7:08:48,middle
2026/2/3 7:09:38,mid-sep
2026/2/3 7:10:02,middle
2026/2/3 7:10:24,corridor
2026/2/3 7:10:24,side
2026/2/3 7:15:47,corridor
2026/2/3 7:15:48,middle
2026/2/3 7:15:50,mid-sep
2026/2/3 7:15:59,middle
2026/2/3 7:16:12,mid-sep
2026/2/3 7:16:20,middle
2026/2/3 7:16:21,corridor
2026/2/3 7:16:21,side
2026/2/3 7:18:34,corridor
2026/2/3 7:18:34,middle
2026/2/3 7:18:36,mid-sep
2026/2/3 7:19:04,middle
2026/2/3 7:19:05,corridor
2026/2/3 7:19:09,middle
2026/2/3 7:19:10,corridor
2026/2/3 7:19:11,side
2026/2/3 7:19:37,corridor
2026/2/3 7:19:37,middle
2026/2/3 7:19:39,mid-sep
2026/2/3 7:19:52,middle
2026/2/3 7:20:05,mid-sep
2026/2/3 7:20:44,middle
2026/2/3 7:21:24,mid-sep
2026/2/3 7:21:35,middle
2026/2/3 7:21:35,corridor
2026/2/3 7:21:36,side
2026/2/3 7:22:27,corridor
2026/2/3 7:22:28,middle
2026/2/3 7:22:32,mid-sep
2026/2/3 7:22:55,middle
2026/2/3 7:22:56,corridor
2026/2/3 7:22:56,side
2026/2/3 7:24:46,corridor
2026/2/3 7:24:46,middle
2026/2/3 7:24:47,mid-sep
2026/2/3 7:24:51,middle
2026/2/3 7:24:52,corridor
2026/2/3 7:24:52,side
2026/2/3 7:34:37,corridor
2026/2/3 7:34:37,middle
2026/2/3 7:34:37,mid-sep
2026/2/3 7:34:53,middle
2026/2/3 7:35:02,mid-sep
2026/2/3 7:35:06,middle
2026/2/3 7:35:11,mid-sep
2026/2/3 7:35:15,middle
2026/2/3 7:35:25,corridor
2026/2/3 7:35:26,side
2026/2/3 7:38:53,corridor
2026/2/3 7:38:53,middle
2026/2/3 7:38:55,mid-sep
2026/2/3 7:39:00,middle
2026/2/3 7:39:00,corridor
2026/2/3 7:39:00,side
2026/2/3 7:44:56,corridor
2026/2/3 7:44:57,middle
2026/2/3 7:44:58,mid-sep
2026/2/3 7:45:11,middle
2026/2/3 7:45:13,corridor
2026/2/3 7:45:14,side
2026/2/3 8:18:18,corridor
2026/2/3 8:18:18,middle
2026/2/3 8:18:19,mid-sep
2026/2/3 8:18:21,middle
2026/2/3 8:18:23,corridor
2026/2/3 8:18:25,side
2026/2/3 8:18:59,corridor
2026/2/3 8:19:01,middle
2026/2/3 8:19:36,mid-sep
2026/2/3 8:19:47,middle
2026/2/3 8:20:30,corridor
2026/2/3 8:20:30,side
2026/2/3 8:21:32,corridor
2026/2/3 8:21:33,middle
2026/2/3 8:21:36,mid-sep
2026/2/3 8:21:55,middle
2026/2/3 8:22:09,corridor
2026/2/3 8:22:10,side
2026/2/3 8:22:38,corridor
2026/2/3 8:22:40,middle
2026/2/3 8:23:30,mid-sep
2026/2/3 8:23:32,middle
2026/2/3 8:23:46,mid-sep
2026/2/3 8:23:52,middle
2026/2/3 8:24:34,corridor
2026/2/3 8:24:35,side
2026/2/3 8:24:52,corridor
2026/2/3 8:24:52,middle
2026/2/3 8:24:57,mid-sep
2026/2/3 8:25:19,middle
2026/2/3 8:25:21,corridor
2026/2/3 8:25:22,side
2026/2/3 8:25:45,corridor
2026/2/3 8:25:46,middle
2026/2/3 8:25:47,mid-sep
2026/2/3 8:25:56,middle
2026/2/3 8:25:59,corridor
2026/2/3 8:25:59,side
2026/2/3 8:27:14,corridor
2026/2/3 8:27:14,middle
2026/2/3 8:27:15,mid-sep
2026/2/3 8:27:41,middle
2026/2/3 8:27:53,corridor
2026/2/3 8:27:57,side
2026/2/3 8:29:41,corridor
2026/2/3 8:29:42,middle
2026/2/3 8:29:47,corridor
2026/2/3 8:29:48,side
2026/2/3 8:33:28,corridor
2026/2/3 8:33:29,middle
2026/2/3 8:33:30,mid-sep
2026/2/3 8:33:33,middle
2026/2/3 8:33:34,corridor
2026/2/3 8:33:34,side
2026/2/3 8:35:04,corridor
2026/2/3 8:35:04,middle
2026/2/3 8:35:06,mid-sep
2026/2/3 8:35:23,middle
2026/2/3 8:35:38,corridor
2026/2/3 8:35:39,side
2026/2/3 8:35:47,corridor
2026/2/3 8:35:59,side
2026/2/3 8:36:09,corridor
2026/2/3 8:36:10,middle
2026/2/3 8:36:16,corridor
2026/2/3 8:36:18,side
2026/2/3 8:38:25,corridor
2026/2/3 8:38:26,middle
2026/2/3 8:38:28,mid-sep
2026/2/3 8:38:48,middle
2026/2/3 8:39:50,corridor
2026/2/3 8:39:58,side
2026/2/3 8:40:22,corridor
2026/2/3 8:40:32,middle
2026/2/3 8:40:56,corridor
2026/2/3 8:41:01,side
2026/2/3 8:42:51,corridor
2026/2/3 8:42:52,middle
2026/2/3 8:42:54,corridor
2026/2/3 8:42:54,side
2026/2/3 8:45:47,corridor
2026/2/3 8:45:47,middle
2026/2/3 8:45:49,mid-sep
2026/2/3 8:46:16,middle
2026/2/3 8:46:29,corridor
2026/2/3 8:46:30,side
2026/2/3 8:48:07,corridor
2026/2/3 8:48:07,middle
2026/2/3 8:48:09,mid-sep
2026/2/3 8:48:12,middle
2026/2/3 8:48:13,corridor
2026/2/3 8:48:13,side
2026/2/3 8:50:37,corridor
2026/2/3 8:50:38,middle
2026/2/3 8:50:39,mid-sep
2026/2/3 8:50:57,middle
2026/2/3 8:51:36,mid-sep
2026/2/3 8:51:54,middle
2026/2/3 8:52:00,corridor
2026/2/3 8:52:00,side
2026/2/3 8:55:12,corridor
2026/2/3 8:55:18,side
2026/2/3 8:57:19,corridor
2026/2/3 8:57:19,middle
2026/2/3 8:57:21,mid-sep
2026/2/3 8:57:34,middle
2026/2/3 8:57:38,corridor
2026/2/3 8:57:38,side
2026/2/3 8:58:40,corridor
2026/2/3 8:58:42,middle
2026/2/3 8:58:43,corridor
2026/2/3 8:58:44,side
2026/2/3 9:06:10,corridor
2026/2/3 9:06:11,middle
2026/2/3 9:06:30,mid-sep
2026/2/3 9:06:47,middle
2026/2/3 9:06:52,corridor
2026/2/3 9:06:52,side
2026/2/3 9:10:09,corridor
2026/2/3 9:10:10,middle
2026/2/3 9:10:11,mid-sep
2026/2/3 9:10:45,middle
2026/2/3 9:10:46,corridor
2026/2/3 9:10:47,side
2026/2/3 9:11:31,corridor
2026/2/3 9:11:32,middle
2026/2/3 9:11:36,corridor
2026/2/3 9:11:37,side
2026/2/3 10:14:27,corridor
2026/2/3 10:14:27,middle
2026/2/3 10:14:29,mid-sep
2026/2/3 10:14:42,middle
2026/2/3 10:14:46,corridor
2026/2/3 10:14:48,side
2026/2/3 10:19:35,corridor
2026/2/3 10:19:37,middle
2026/2/3 10:19:38,mid-sep
2026/2/3 10:19:52,middle
2026/2/3 10:19:56,corridor
2026/2/3 10:19:57,side
2026/2/3 10:20:36,corridor
2026/2/3 10:20:37,middle
2026/2/3 10:20:39,mid-sep
2026/2/3 10:20:50,middle
2026/2/3 10:21:00,mid-sep
2026/2/3 10:21:04,middle
2026/2/3 10:21:31,corridor
2026/2/3 10:21:32,side
2026/2/3 10:22:35,corridor
2026/2/3 10:22:36,middle
2026/2/3 10:22:37,mid-sep
2026/2/3 10:22:38,middle
2026/2/3 10:22:39,corridor
2026/2/3 10:22:39,side
2026/2/3 10:24:14,corridor
2026/2/3 10:24:15,middle
2026/2/3 10:24:16,mid-sep
2026/2/3 10:24:17,middle
2026/2/3 10:24:18,corridor
2026/2/3 10:24:18,side
2026/2/3 10:30:47,corridor
2026/2/3 10:30:47,middle
2026/2/3 10:30:48,mid-sep
2026/2/3 10:31:03,middle
2026/2/3 10:31:03,corridor
2026/2/3 10:31:03,side
2026/2/3 10:37:13,corridor
2026/2/3 10:37:14,middle
2026/2/3 10:37:14,mid-sep
2026/2/3 10:37:32,middle
2026/2/3 10:37:45,corridor
2026/2/3 10:37:47,side
2026/2/3 10:39:02,corridor
2026/2/3 10:39:03,middle
2026/2/3 10:39:05,mid-sep
2026/2/3 10:39:18,middle
2026/2/3 10:39:19,corridor
2026/2/3 10:39:20,side
2026/2/3 10:43:48,corridor
2026/2/3 10:43:50,side
2026/2/3 10:44:04,corridor
2026/2/3 10:44:04,middle
2026/2/3 10:52:17,corridor
2026/2/3 10:52:17,side
2026/2/3 10:55:08,corridor
2026/2/3 10:55:09,middle
2026/2/3 10:55:31,mid-sep
2026/2/3 10:55:32,middle
2026/2/3 10:55:38,corridor
2026/2/3 10:55:39,side
2026/2/3 10:56:45,corridor
2026/2/3 10:56:52,middle
2026/2/3 10:59:47,mid-sep
2026/2/3 11:00:24,middle
2026/2/3 11:00:34,mid-sep
2026/2/3 11:00:39,middle
2026/2/3 11:00:47,mid-sep
2026/2/3 11:00:49,middle
2026/2/3 11:00:58,corridor
2026/2/3 11:00:58,side
2026/2/3 11:01:17,corridor
2026/2/3 11:01:17,middle
2026/2/3 11:01:22,corridor
2026/2/3 11:01:27,side
2026/2/3 11:06:25,corridor
2026/2/3 11:06:25,middle
2026/2/3 11:06:32,corridor
2026/2/3 11:06:32,side
2026/2/3 11:06:49,corridor
2026/2/3 11:06:51,side
2026/2/3 13:31:39,corridor
2026/2/3 13:31:41,middle
2026/2/3 13:31:42,mid-sep
2026/2/3 13:31:52,middle
2026/2/3 13:31:58,corridor
2026/2/3 13:32:00,side
2026/2/3 13:32:11,corridor
2026/2/3 13:32:12,middle
2026/2/3 13:37:22,corridor
2026/2/3 13:37:22,side
2026/2/3 13:38:02,corridor
2026/2/3 13:38:08,middle
2026/2/3 13:38:18,corridor
2026/2/3 13:38:18,side
2026/2/3 13:38:59,corridor
2026/2/3 13:38:59,middle
2026/2/3 13:39:01,corridor
2026/2/3 13:39:01,side
2026/2/3 14:43:25,corridor
2026/2/3 14:43:29,middle
2026/2/3 14:43:30,mid-sep
2026/2/3 14:43:35,middle
2026/2/3 14:45:10,corridor
2026/2/3 14:45:10,side
2026/2/3 14:51:11,corridor
2026/2/3 14:51:12,middle
2026/2/3 14:51:13,mid-sep
2026/2/3 14:51:17,middle
2026/2/3 14:52:07,corridor
2026/2/3 14:52:08,side
2026/2/3 14:58:22,corridor
2026/2/3 14:58:22,middle
2026/2/3 14:58:25,mid-sep
2026/2/3 14:58:43,middle
2026/2/3 14:58:45,corridor
2026/2/3 14:58:45,side
2026/2/3 15:02:32,corridor
2026/2/3 15:02:32,middle
2026/2/3 15:02:35,corridor
2026/2/3 15:02:36,side
2026/2/3 15:04:20,corridor
2026/2/3 15:04:21,middle
2026/2/3 15:04:22,mid-sep
2026/2/3 15:04:23,middle
2026/2/3 15:04:24,corridor
2026/2/3 15:04:24,side
2026/2/3 15:05:31,corridor
2026/2/3 15:05:31,middle
2026/2/3 15:05:32,mid-sep
2026/2/3 15:05:50,middle
2026/2/3 15:05:58,corridor
2026/2/3 15:05:59,side
2026/2/3 15:12:00,corridor
2026/2/3 15:12:01,middle
2026/2/3 15:12:03,mid-sep
2026/2/3 15:12:04,middle
2026/2/3 15:12:04,corridor
2026/2/3 15:12:04,side
2026/2/3 15:15:10,corridor
2026/2/3 15:15:10,middle
2026/2/3 15:15:13,corridor
2026/2/3 15:15:13,side
2026/2/3 15:15:26,corridor
2026/2/3 15:15:27,middle
2026/2/3 15:15:27,mid-sep
2026/2/3 15:15:30,middle
2026/2/3 15:18:23,mid-sep
2026/2/3 15:18:26,middle
2026/2/3 15:20:35,corridor
2026/2/3 15:20:35,side
2026/2/3 15:23:25,corridor
2026/2/3 15:23:27,middle
2026/2/3 15:23:28,mid-sep
2026/2/3 15:23:36,middle
2026/2/3 15:23:38,corridor
2026/2/3 15:23:39,side
2026/2/3 15:29:09,corridor
2026/2/3 15:29:10,middle
2026/2/3 15:29:21,mid-sep
2026/2/3 15:29:53,middle
2026/2/3 15:30:06,mid-sep
2026/2/3 15:30:12,middle
2026/2/3 15:30:16,corridor
2026/2/3 15:30:17,side
2026/2/3 15:30:54,corridor
2026/2/3 15:30:56,middle
2026/2/3 15:37:47,corridor
2026/2/3 15:37:48,side
2026/2/3 15:38:25,corridor
2026/2/3 15:38:25,middle
2026/2/3 15:38:27,mid-sep
2026/2/3 15:38:30,middle
2026/2/3 15:38:35,corridor
2026/2/3 15:38:35,side
2026/2/3 16:25:58,corridor
2026/2/3 16:25:59,middle
2026/2/3 16:26:02,mid-sep
2026/2/3 16:26:09,middle
2026/2/3 16:27:55,mid-sep
2026/2/3 16:28:01,middle
2026/2/3 16:28:56,mid-sep
2026/2/3 16:29:03,middle
2026/2/3 16:29:08,corridor
2026/2/3 16:29:11,side
2026/2/3 16:29:38,corridor
2026/2/3 16:29:39,middle
2026/2/3 16:32:52,mid-sep
2026/2/3 16:32:54,middle
2026/2/3 16:32:55,corridor
2026/2/3 16:32:56,side
2026/2/3 16:36:33,corridor
2026/2/3 16:36:34,middle
2026/2/3 16:36:52,corridor
2026/2/3 16:36:52,side
2026/2/3 16:40:56,corridor
2026/2/3 16:40:56,middle
2026/2/3 16:40:57,mid-sep
2026/2/3 16:41:01,middle
2026/2/3 16:41:09,mid-sep
2026/2/3 16:41:12,middle
2026/2/3 16:41:13,corridor
2026/2/3 16:41:14,side
2026/2/3 16:45:07,corridor
2026/2/3 16:45:08,middle
2026/2/3 16:45:18,mid-sep
2026/2/3 16:45:23,middle
2026/2/3 16:45:39,mid-sep
2026/2/3 16:45:52,middle
2026/2/3 16:45:53,corridor
2026/2/3 16:45:53,side
2026/2/3 16:46:17,corridor
2026/2/3 16:46:19,middle
2026/2/3 16:48:18,mid-sep
2026/2/3 16:48:35,middle
2026/2/3 16:49:11,mid-sep
2026/2/3 16:49:13,middle
2026/2/3 16:49:17,corridor
2026/2/3 16:49:17,side
2026/2/3 16:51:13,corridor
2026/2/3 16:51:16,middle
2026/2/3 16:51:16,mid-sep
2026/2/3 16:51:17,middle
2026/2/3 16:51:18,corridor
2026/2/3 16:51:19,side
2026/2/3 16:54:51,corridor
2026/2/3 16:54:53,middle
2026/2/3 16:59:14,corridor
2026/2/3 16:59:15,side
2026/2/3 17:54:32,corridor
2026/2/3 17:54:32,middle
2026/2/3 17:54:36,mid-sep
2026/2/3 17:54:53,middle
2026/2/3 17:57:01,mid-sep
2026/2/3 17:57:15,middle
2026/2/3 17:57:54,corridor
2026/2/3 17:57:56,side
2026/2/3 17:58:48,corridor
2026/2/3 17:58:49,middle
2026/2/3 17:58:50,mid-sep
2026/2/3 17:58:55,middle
2026/2/3 17:59:09,mid-sep
2026/2/3 17:59:16,middle
2026/2/3 17:59:25,mid-sep
2026/2/3 17:59:31,middle
2026/2/3 17:59:33,corridor
2026/2/3 17:59:33,side
2026/2/3 18:08:01,corridor
2026/2/3 18:08:01,middle
2026/2/3 18:08:03,mid-sep
2026/2/3 18:08:11,middle
2026/2/3 18:08:12,corridor
2026/2/3 18:08:13,side
2026/2/3 18:09:54,corridor
2026/2/3 18:09:55,middle
2026/2/3 18:10:01,corridor
2026/2/3 18:10:02,side
2026/2/3 18:12:01,corridor
2026/2/3 18:12:01,middle
2026/2/3 18:12:02,mid-sep
2026/2/3 18:12:03,middle
2026/2/3 18:12:04,corridor
2026/2/3 18:12:04,side
2026/2/3 18:13:08,corridor
2026/2/3 18:13:08,middle
2026/2/3 18:13:12,mid-sep
2026/2/3 18:13:22,middle
2026/2/3 18:13:25,corridor
2026/2/3 18:13:26,side
2026/2/3 18:17:54,corridor
2026/2/3 18:17:55,middle
2026/2/3 18:17:56,mid-sep
2026/2/3 18:17:58,middle
2026/2/3 18:17:59,corridor
2026/2/3 18:18:00,side
2026/2/3 18:20:21,corridor
2026/2/3 18:20:22,middle
2026/2/3 18:20:24,mid-sep
2026/2/3 18:21:03,middle
2026/2/3 18:21:16,corridor
2026/2/3 18:21:17,side
2026/2/3 18:21:45,corridor
2026/2/3 18:21:46,middle
2026/2/3 18:21:52,corridor
2026/2/3 18:21:55,side
2026/2/3 18:22:10,corridor
2026/2/3 18:22:11,middle
2026/2/3 18:22:13,mid-sep
2026/2/3 18:22:14,middle
2026/2/3 18:22:14,corridor
2026/2/3 18:22:15,side
2026/2/3 18:23:48,corridor
2026/2/3 18:23:49,middle
2026/2/3 18:23:50,mid-sep
2026/2/3 18:24:01,middle
2026/2/3 18:24:02,corridor
2026/2/3 18:24:03,side
2026/2/3 18:27:23,corridor
2026/2/3 18:27:25,middle
2026/2/3 18:33:39,mid-sep
2026/2/3 18:33:47,middle
2026/2/3 18:33:52,corridor
2026/2/3 18:33:53,side
2026/2/3 18:38:06,corridor
2026/2/3 18:38:07,middle
2026/2/3 18:38:12,mid-sep
2026/2/3 18:38:20,middle
2026/2/3 18:38:23,corridor
2026/2/3 18:38:23,side
2026/2/3 18:39:03,corridor
2026/2/3 18:39:04,middle
2026/2/3 18:39:10,mid-sep
2026/2/3 18:39:11,middle
2026/2/3 18:39:12,corridor
2026/2/3 18:39:13,side
2026/2/3 18:41:04,corridor
2026/2/3 18:41:05,middle
2026/2/3 18:41:06,mid-sep
2026/2/3 18:41:33,middle
2026/2/3 18:42:13,mid-sep
2026/2/3 18:42:21,middle
2026/2/3 18:50:07,mid-sep
2026/2/3 18:50:12,middle
2026/2/3 18:50:27,mid-sep
2026/2/3 18:50:33,middle
2026/2/3 18:51:59,corridor
2026/2/3 18:52:00,side
2026/2/3 18:58:40,corridor
2026/2/3 18:58:40,middle
2026/2/3 18:58:42,mid-sep
2026/2/3 18:58:45,middle
2026/2/3 19:01:53,mid-sep
2026/2/3 19:02:00,middle
2026/2/3 19:09:30,corridor
2026/2/3 19:09:31,side
2026/2/3 20:04:50,corridor
2026/2/3 20:04:51,middle
2026/2/3 20:05:38,mid-sep
2026/2/3 20:05:54,middle
2026/2/3 20:12:13,mid-sep
2026/2/3 20:12:18,middle
2026/2/3 20:12:19,corridor
2026/2/3 20:12:20,side
2026/2/3 20:13:40,corridor
2026/2/3 20:13:41,middle
2026/2/3 20:13:45,mid-sep
2026/2/3 20:14:07,middle
2026/2/3 20:14:09,corridor
2026/2/3 20:14:11,side
2026/2/3 20:17:49,corridor
2026/2/3 20:17:49,middle
2026/2/3 20:17:50,corridor
2026/2/3 20:17:50,side
2026/2/3 20:18:41,corridor
2026/2/3 20:18:41,middle
2026/2/3 20:18:43,mid-sep
2026/2/3 20:19:04,middle
2026/2/3 20:19:07,corridor
2026/2/3 20:19:08,side
2026/2/3 20:24:49,corridor
2026/2/3 20:24:49,middle
2026/2/3 20:24:50,mid-sep
2026/2/3 20:25:05,middle
2026/2/3 20:27:29,mid-sep
2026/2/3 20:28:08,middle
2026/2/3 20:28:19,corridor
2026/2/3 20:28:22,side
2026/2/3 20:28:46,corridor
2026/2/3 20:28:47,middle
2026/2/3 20:28:48,mid-sep
2026/2/3 20:28:51,middle
2026/2/3 20:37:27,corridor
2026/2/3 20:37:29,side
2026/2/3 21:37:20,corridor
2026/2/3 21:37:20,middle
2026/2/3 21:39:27,corridor
2026/2/3 21:39:36,side
2026/2/3 21:39:39,corridor
2026/2/3 21:39:39,middle
2026/2/3 21:47:01,mid-sep
2026/2/3 21:47:15,middle
2026/2/3 21:47:21,corridor
2026/2/3 21:47:22,side
2026/2/3 21:47:55,corridor
2026/2/3 21:47:57,middle
2026/2/3 21:48:02,corridor
2026/2/3 21:48:02,side
2026/2/3 21:50:02,corridor
2026/2/3 21:50:04,middle
2026/2/3 21:50:06,mid-sep
2026/2/3 21:50:08,middle
2026/2/3 21:50:11,corridor
2026/2/3 21:50:12,side
2026/2/3 21:52:16,corridor
2026/2/3 21:52:16,middle
2026/2/3 21:52:20,mid-sep
2026/2/3 21:52:21,middle
2026/2/3 21:52:29,mid-sep
2026/2/3 21:52:59,middle
2026/2/3 21:55:17,corridor
2026/2/3 21:55:18,side
2026/2/3 21:57:27,corridor
2026/2/3 21:57:29,middle
2026/2/3 21:57:30,mid-sep
2026/2/3 21:57:35,middle
2026/2/3 21:57:37,corridor
2026/2/3 21:57:37,side
2026/2/3 21:57:55,corridor
2026/2/3 21:57:57,middle
2026/2/3 21:58:05,corridor
2026/2/3 21:58:06,side
2026/2/3 22:00:17,corridor
2026/2/3 22:00:19,middle
2026/2/3 22:00:19,mid-sep
2026/2/3 22:00:20,middle
2026/2/3 22:00:29,corridor
2026/2/3 22:00:30,side
2026/2/3 22:01:50,corridor
2026/2/3 22:01:51,middle
2026/2/3 22:01:53,mid-sep
2026/2/3 22:02:03,middle
2026/2/3 22:02:10,corridor
2026/2/3 22:02:10,side
2026/2/3 22:02:46,corridor
2026/2/3 22:02:47,middle
2026/2/3 22:12:15,corridor
2026/2/3 22:12:16,side
2026/2/3 22:12:43,corridor
2026/2/3 22:12:44,middle
2026/2/3 22:12:46,mid-sep
2026/2/3 22:12:50,middle
2026/2/3 22:13:51,mid-sep
2026/2/3 22:14:02,middle
2026/2/3 22:14:11,corridor
2026/2/3 22:14:12,side
2026/2/3 22:16:10,corridor
2026/2/3 22:16:11,middle
2026/2/3 22:20:04,corridor
2026/2/3 22:20:05,side
2026/2/3 22:20:35,corridor
2026/2/3 22:20:35,middle
2026/2/3 22:20:39,corridor
2026/2/3 22:20:39,side
2026/2/3 22:20:44,corridor
2026/2/3 22:20:45,middle
2026/2/3 22:20:47,mid-sep
2026/2/3 22:20:58,middle
2026/2/3 22:21:06,corridor
2026/2/3 22:21:06,side
2026/2/3 22:22:36,corridor
2026/2/3 22:22:37,middle
2026/2/3 22:22:40,mid-sep
2026/2/3 22:22:41,middle
2026/2/3 22:22:41,corridor
2026/2/3 22:22:42,side
2026/2/3 22:24:15,corridor
2026/2/3 22:24:16,middle
2026/2/3 22:24:17,corridor
2026/2/3 22:24:18,side
2026/2/3 22:26:36,corridor
2026/2/3 22:26:37,middle
2026/2/3 22:26:44,corridor
2026/2/3 22:26:45,side
2026/2/3 22:29:28,corridor
2026/2/3 22:29:29,middle
2026/2/3 22:29:30,mid-sep
2026/2/3 22:29:32,middle
2026/2/3 22:30:36,corridor
2026/2/3 22:30:36,side
2026/2/3 22:30:52,corridor
2026/2/3 22:30:53,middle
2026/2/3 22:30:54,mid-sep
2026/2/3 22:31:23,middle
2026/2/3 22:31:26,mid-sep
2026/2/3 22:31:30,middle
2026/2/3 22:32:07,mid-sep
2026/2/3 22:32:16,middle
2026/2/3 22:33:52,corridor
2026/2/3 22:33:52,side
2026/2/3 23:00:35,corridor
2026/2/3 23:00:35,middle
2026/2/3 23:00:35,mid-sep
2026/2/3 23:00:36,middle
2026/2/3 23:00:40,mid-sep
2026/2/3 23:01:32,middle
2026/2/3 23:07:51,mid-sep
2026/2/3 23:08:17,middle
2026/2/3 23:08:24,corridor
2026/2/3 23:08:25,side
2026/2/3 23:08:44,corridor
2026/2/3 23:08:45,middle
2026/2/3 23:08:45,mid-sep
2026/2/3 23:08:48,middle
2026/2/3 23:16:05,corridor
2026/2/3 23:16:06,side
2026/2/4 0:51:32,corridor
2026/2/4 0:51:34,middle
2026/2/4 0:53:54,mid-sep
2026/2/4 0:54:23,middle
2026/2/4 0:54:25,corridor
2026/2/4 0:54:28,side
2026/2/4 0:58:45,corridor
2026/2/4 0:58:46,middle
2026/2/4 0:58:47,mid-sep
2026/2/4 0:59:17,middle
2026/2/4 0:59:19,corridor
2026/2/4 0:59:20,side
2026/2/4 1:04:39,corridor
2026/2/4 1:04:40,middle
2026/2/4 1:04:42,mid-sep
2026/2/4 1:04:43,middle
2026/2/4 1:04:44,corridor
2026/2/4 1:04:44,side
2026/2/4 1:05:46,corridor
2026/2/4 1:05:47,middle
2026/2/4 1:05:49,mid-sep
2026/2/4 1:05:51,middle
2026/2/4 1:05:52,corridor
2026/2/4 1:05:53,side
2026/2/4 1:06:50,corridor
2026/2/4 1:06:50,middle
2026/2/4 1:06:51,mid-sep
2026/2/4 1:06:52,middle
2026/2/4 1:15:12,mid-sep
2026/2/4 1:15:24,middle
2026/2/4 1:15:34,mid-sep
2026/2/4 1:15:37,middle
2026/2/4 1:17:54,mid-sep
2026/2/4 1:18:17,middle
2026/2/4 1:20:16,corridor
2026/2/4 1:20:16,side
2026/2/4 1:21:38,corridor
2026/2/4 1:21:39,middle
2026/2/4 1:21:40,mid-sep
2026/2/4 1:21:41,middle
2026/2/4 1:24:46,mid-sep
2026/2/4 1:24:49,middle
2026/2/4 1:27:58,corridor
2026/2/4 1:27:59,side
2026/2/4 1:52:46,corridor
2026/2/4 1:52:47,middle
2026/2/4 1:52:47,mid-sep
2026/2/4 1:52:49,middle
2026/2/4 1:53:00,mid-sep
2026/2/4 1:53:08,middle
2026/2/4 1:57:10,corridor
2026/2/4 1:57:10,side
2026/2/4 1:57:47,corridor
2026/2/4 1:57:47,middle
2026/2/4 1:57:48,mid-sep
2026/2/4 1:57:58,middle
2026/2/4 1:57:59,corridor
2026/2/4 1:58:00,side
2026/2/4 3:46:43,corridor
2026/2/4 3:46:45,middle
2026/2/4 3:46:47,mid-sep
2026/2/4 3:46:51,middle
2026/2/4 3:47:42,mid-sep
2026/2/4 3:48:04,middle
2026/2/4 3:49:11,corridor
2026/2/4 3:49:12,side
2026/2/4 3:49:31,corridor
2026/2/4 3:49:31,middle
2026/2/4 3:49:33,mid-sep
2026/2/4 3:49:50,middle
2026/2/4 3:50:12,corridor
2026/2/4 3:50:14,side
2026/2/4 5:46:53,corridor
2026/2/4 5:46:54,middle
2026/2/4 5:46:55,mid-sep
2026/2/4 5:47:06,middle
2026/2/4 5:47:20,mid-sep
2026/2/4 5:47:24,middle
2026/2/4 5:47:31,corridor
2026/2/4 5:47:32,side
2026/2/4 5:48:20,corridor
2026/2/4 5:48:21,middle
2026/2/4 5:48:22,mid-sep
2026/2/4 5:48:24,middle
2026/2/4 5:48:25,corridor
2026/2/4 5:48:26,side
2026/2/4 5:50:19,corridor
2026/2/4 5:50:20,middle
2026/2/4 5:50:20,mid-sep
2026/2/4 5:50:22,middle
2026/2/4 5:50:24,corridor
2026/2/4 5:50:24,side
2026/2/4 5:50:24,corridor
2026/2/4 5:53:17,middle
2026/2/4 5:53:21,mid-sep
2026/2/4 5:53:47,middle
2026/2/4 5:53:58,mid-sep
2026/2/4 5:54:00,middle
2026/2/4 5:54:09,mid-sep
2026/2/4 5:54:12,middle
2026/2/4 5:54:15,corridor
2026/2/4 5:54:15,side
2026/2/4 5:54:25,corridor
2026/2/4 5:54:27,middle
2026/2/4 5:54:27,mid-sep
2026/2/4 5:54:29,middle
2026/2/4 5:54:30,corridor
2026/2/4 5:54:30,side
2026/2/4 5:56:21,corridor
2026/2/4 5:56:21,middle
2026/2/4 5:56:23,mid-sep
2026/2/4 5:56:30,middle
2026/2/4 5:56:31,corridor
2026/2/4 5:56:37,side
2026/2/4 5:56:47,corridor
2026/2/4 5:56:48,middle
2026/2/4 5:56:49,mid-sep
2026/2/4 5:56:57,middle
2026/2/4 5:56:58,corridor
2026/2/4 5:56:59,side
2026/2/4 5:57:07,corridor
2026/2/4 5:57:10,middle
2026/2/4 5:57:11,mid-sep
2026/2/4 5:57:12,middle
2026/2/4 5:57:16,corridor
2026/2/4 5:57:17,side
2026/2/4 6:01:37,corridor
2026/2/4 6:01:38,middle
2026/2/4 6:02:33,mid-sep
2026/2/4 6:02:51,middle
2026/2/4 6:05:24,mid-sep
2026/2/4 6:05:45,middle
2026/2/4 6:06:26,mid-sep
2026/2/4 6:06:36,middle
2026/2/4 6:07:39,corridor
2026/2/4 6:07:39,side
2026/2/4 6:08:03,corridor
2026/2/4 6:08:04,middle
2026/2/4 6:08:04,mid-sep
2026/2/4 6:08:06,middle
2026/2/4 6:18:35,corridor
2026/2/4 6:18:36,side
2026/2/4 6:19:17,corridor
2026/2/4 6:19:18,middle
2026/2/4 6:19:19,mid-sep
2026/2/4 6:19:28,middle
2026/2/4 6:19:36,corridor
2026/2/4 6:19:37,side
2026/2/4 7:16:08,corridor
2026/2/4 7:16:09,middle
2026/2/4 7:16:11,mid-sep
2026/2/4 7:16:35,middle
2026/2/4 7:16:40,corridor
2026/2/4 7:16:42,side
2026/2/4 7:16:54,corridor
2026/2/4 7:16:58,middle
2026/2/4 7:16:59,corridor
2026/2/4 7:17:00,side
2026/2/4 7:17:46,corridor
2026/2/4 7:17:47,middle
2026/2/4 7:17:50,mid-sep
2026/2/4 7:18:10,middle
2026/2/4 7:19:01,mid-sep
2026/2/4 7:19:04,middle
2026/2/4 7:19:35,corridor
2026/2/4 7:19:38,side
2026/2/4 7:21:28,corridor
2026/2/4 7:21:30,middle
2026/2/4 7:21:30,mid-sep
2026/2/4 7:21:43,middle
2026/2/4 7:21:55,corridor
2026/2/4 7:21:58,side
2026/2/4 7:25:46,corridor
2026/2/4 7:25:47,middle
2026/2/4 7:25:47,mid-sep
2026/2/4 7:25:48,middle
2026/2/4 7:27:46,mid-sep
2026/2/4 7:28:02,middle
2026/2/4 7:28:27,mid-sep
2026/2/4 7:28:42,middle
2026/2/4 7:28:53,mid-sep
2026/2/4 7:28:54,middle
2026/2/4 7:29:07,mid-sep
2026/2/4 7:29:19,middle
2026/2/4 7:29:34,corridor
2026/2/4 7:29:37,side
2026/2/4 7:31:28,corridor
2026/2/4 7:31:30,middle
2026/2/4 7:31:30,mid-sep
2026/2/4 7:31:31,middle
2026/2/4 7:37:25,mid-sep
2026/2/4 7:37:29,middle
2026/2/4 7:37:32,mid-sep
2026/2/4 7:37:50,middle
2026/2/4 7:38:00,mid-sep
2026/2/4 7:38:03,middle
2026/2/4 7:38:07,corridor
2026/2/4 7:38:09,side
2026/2/4 7:40:15,corridor
2026/2/4 7:40:16,middle
2026/2/4 7:40:18,mid-sep
2026/2/4 7:40:32,middle
2026/2/4 7:40:34,corridor
2026/2/4 7:40:34,side
2026/2/4 7:41:08,corridor
2026/2/4 7:41:08,middle
2026/2/4 7:41:10,mid-sep
2026/2/4 7:41:25,middle
2026/2/4 7:42:57,mid-sep
2026/2/4 7:43:12,middle
2026/2/4 7:43:29,corridor
2026/2/4 7:43:30,side
2026/2/4 7:45:25,corridor
2026/2/4 7:45:26,middle
2026/2/4 7:45:27,mid-sep
2026/2/4 7:45:39,middle
2026/2/4 7:45:48,mid-sep
2026/2/4 7:45:51,middle
2026/2/4 7:45:56,mid-sep
2026/2/4 7:46:18,middle
2026/2/4 7:47:21,corridor
2026/2/4 7:47:23,side
2026/2/4 7:48:23,corridor
2026/2/4 7:48:25,middle
2026/2/4 7:48:27,mid-sep
2026/2/4 7:48:40,middle
2026/2/4 7:49:05,mid-sep
2026/2/4 7:49:17,middle
2026/2/4 7:49:43,corridor
2026/2/4 7:49:45,side
2026/2/4 7:54:08,corridor
2026/2/4 7:54:11,middle
2026/2/4 7:54:16,mid-sep
2026/2/4 7:54:17,middle
2026/2/4 7:54:20,corridor
2026/2/4 7:54:21,side
2026/2/4 7:54:41,corridor
2026/2/4 7:54:43,middle
2026/2/4 7:54:46,corridor
2026/2/4 7:54:52,side
2026/2/4 7:55:33,corridor
2026/2/4 7:55:35,middle
2026/2/4 7:55:37,corridor
2026/2/4 7:55:37,side
2026/2/4 7:55:49,corridor
2026/2/4 7:55:50,middle
2026/2/4 7:55:51,mid-sep
2026/2/4 7:55:53,middle
2026/2/4 7:55:55,corridor
2026/2/4 7:55:56,side
2026/2/4 7:56:14,corridor
2026/2/4 7:56:16,middle
2026/2/4 8:03:32,mid-sep
2026/2/4 8:03:50,middle
2026/2/4 8:03:52,corridor
2026/2/4 8:03:53,side
2026/2/4 8:08:03,corridor
2026/2/4 8:08:08,side
2026/2/4 8:10:49,corridor
2026/2/4 8:10:51,middle
2026/2/4 8:10:57,mid-sep
2026/2/4 8:11:04,middle
2026/2/4 8:11:05,corridor
2026/2/4 8:11:06,side
2026/2/4 8:11:34,corridor
2026/2/4 8:11:35,middle
2026/2/4 8:11:48,corridor
2026/2/4 8:11:49,side
2026/2/4 8:12:09,corridor
2026/2/4 8:12:12,middle
2026/2/4 8:12:12,mid-sep
2026/2/4 8:12:13,middle
2026/2/4 8:12:15,corridor
2026/2/4 8:12:15,side
2026/2/4 8:12:40,corridor
2026/2/4 8:12:44,middle
2026/2/4 8:12:45,mid-sep
2026/2/4 8:12:49,middle
2026/2/4 8:13:04,corridor
2026/2/4 8:13:05,side
2026/2/4 8:26:10,corridor
2026/2/4 8:26:11,middle
2026/2/4 8:26:23,corridor
2026/2/4 8:26:25,side
2026/2/4 8:28:47,corridor
2026/2/4 8:28:47,middle
2026/2/4 8:28:51,mid-sep
2026/2/4 8:29:43,middle
2026/2/4 8:30:01,mid-sep
2026/2/4 8:30:05,middle
2026/2/4 8:30:12,corridor
2026/2/4 8:30:13,side
2026/2/4 8:32:27,corridor
2026/2/4 8:32:27,middle
2026/2/4 8:32:28,mid-sep
2026/2/4 8:32:29,middle
2026/2/4 8:32:29,corridor
2026/2/4 8:32:30,side
2026/2/4 8:36:00,corridor
2026/2/4 8:36:02,middle
2026/2/4 8:36:04,mid-sep
2026/2/4 8:36:12,middle
2026/2/4 8:36:13,corridor
2026/2/4 8:36:14,side
2026/2/4 8:38:25,corridor
2026/2/4 8:38:25,middle
2026/2/4 8:38:26,mid-sep
2026/2/4 8:38:51,middle
2026/2/4 8:39:03,mid-sep
2026/2/4 8:39:18,middle
2026/2/4 8:39:34,corridor
2026/2/4 8:39:35,side
2026/2/4 8:44:06,corridor
2026/2/4 8:44:08,middle
2026/2/4 8:44:09,mid-sep
2026/2/4 8:44:21,middle
2026/2/4 8:44:22,corridor
2026/2/4 8:44:24,side
2026/2/4 8:48:52,corridor
2026/2/4 8:48:54,middle
2026/2/4 8:48:56,mid-sep
2026/2/4 8:49:14,middle
2026/2/4 8:49:20,corridor
2026/2/4 8:49:20,side
2026/2/4 8:50:34,corridor
2026/2/4 8:50:41,side
2026/2/4 8:52:12,corridor
2026/2/4 8:52:12,side
2026/2/4 8:53:39,corridor
2026/2/4 8:53:44,middle
2026/2/4 8:53:46,corridor
2026/2/4 8:53:46,side
2026/2/4 8:54:51,corridor
2026/2/4 8:54:52,middle
2026/2/4 8:54:53,mid-sep
2026/2/4 8:55:08,middle
2026/2/4 8:55:16,mid-sep
2026/2/4 8:55:23,middle
2026/2/4 8:55:35,mid-sep
2026/2/4 8:55:40,middle
2026/2/4 8:55:49,mid-sep
2026/2/4 8:55:54,middle
2026/2/4 8:55:58,corridor
2026/2/4 8:55:59,side
2026/2/4 8:56:38,corridor
2026/2/4 8:56:40,middle
2026/2/4 9:05:25,corridor
2026/2/4 9:05:26,side
2026/2/4 9:05:49,corridor
2026/2/4 9:05:49,middle
2026/2/4 9:05:52,mid-sep
2026/2/4 9:06:05,middle
2026/2/4 9:06:24,mid-sep
2026/2/4 9:06:43,middle
2026/2/4 9:07:40,mid-sep
2026/2/4 9:08:17,middle
2026/2/4 9:08:20,corridor
2026/2/4 9:08:23,side
2026/2/4 11:03:50,corridor
2026/2/4 11:03:50,middle
2026/2/4 11:03:51,mid-sep
2026/2/4 11:04:22,middle
2026/2/4 11:04:29,corridor
2026/2/4 11:04:30,side
2026/2/4 11:05:07,corridor
2026/2/4 11:05:08,middle
2026/2/4 11:07:57,mid-sep
2026/2/4 11:08:13,middle
2026/2/4 11:08:19,corridor
2026/2/4 11:08:20,side
2026/2/4 11:10:49,corridor
2026/2/4 11:10:57,side
2026/2/4 11:17:28,corridor
2026/2/4 11:17:29,middle
2026/2/4 11:17:32,mid-sep
2026/2/4 11:17:39,middle
2026/2/4 11:17:40,corridor
2026/2/4 11:17:41,side
2026/2/4 11:19:22,corridor
2026/2/4 11:19:24,side
2026/2/4 11:23:12,corridor
2026/2/4 11:23:15,middle
2026/2/4 11:23:18,corridor
2026/2/4 11:23:20,side
2026/2/4 11:24:13,corridor
2026/2/4 11:24:15,middle
2026/2/4 11:24:16,mid-sep
2026/2/4 11:24:17,middle
2026/2/4 11:24:18,corridor
2026/2/4 11:24:18,side
2026/2/4 11:24:30,corridor
2026/2/4 11:24:36,side
2026/2/4 11:26:30,corridor
2026/2/4 11:26:32,middle
2026/2/4 11:26:39,corridor
2026/2/4 11:26:40,side
2026/2/4 11:27:14,corridor
2026/2/4 11:27:29,side
2026/2/4 11:27:56,corridor
2026/2/4 11:27:58,middle
2026/2/4 11:32:28,mid-sep
2026/2/4 11:32:43,middle
2026/2/4 11:32:45,mid-sep
2026/2/4 11:32:58,middle
2026/2/4 11:33:03,mid-sep
2026/2/4 11:33:20,middle
2026/2/4 11:33:23,corridor
2026/2/4 11:33:23,side
2026/2/4 11:33:46,corridor
2026/2/4 11:33:48,middle
2026/2/4 11:35:42,mid-sep
2026/2/4 11:35:46,middle
2026/2/4 11:35:48,corridor
2026/2/4 11:35:48,side
2026/2/4 14:32:11,corridor
2026/2/4 14:32:14,middle
2026/2/4 14:32:16,mid-sep
2026/2/4 14:33:18,middle
2026/2/4 14:33:41,mid-sep
2026/2/4 14:33:52,middle
2026/2/4 14:35:15,mid-sep
2026/2/4 14:35:21,middle
2026/2/4 14:35:25,corridor
2026/2/4 14:35:27,side
2026/2/4 14:35:49,corridor
2026/2/4 14:35:51,middle
2026/2/4 14:36:25,corridor
2026/2/4 14:36:27,side
2026/2/4 14:36:36,corridor
2026/2/4 14:36:38,middle
2026/2/4 14:36:39,corridor
2026/2/4 14:36:40,side
2026/2/4 14:40:25,corridor
2026/2/4 14:40:26,middle
2026/2/4 14:40:28,corridor
2026/2/4 14:40:28,side
2026/2/4 14:44:01,corridor
2026/2/4 14:44:03,side
2026/2/4 14:44:34,corridor
2026/2/4 14:44:35,middle
2026/2/4 14:44:36,mid-sep
2026/2/4 14:44:41,middle
2026/2/4 14:44:41,corridor
2026/2/4 14:44:42,side
2026/2/4 14:44:54,corridor
2026/2/4 14:44:56,middle
2026/2/4 14:44:58,mid-sep
2026/2/4 14:45:32,middle
2026/2/4 14:45:36,corridor
2026/2/4 14:45:37,side
2026/2/4 14:45:48,corridor
2026/2/4 14:45:48,middle
2026/2/4 14:45:53,mid-sep
2026/2/4 14:46:11,middle
2026/2/4 14:53:22,mid-sep
2026/2/4 14:53:26,middle
2026/2/4 14:54:00,mid-sep
2026/2/4 14:54:01,middle
2026/2/4 14:54:05,mid-sep
2026/2/4 14:54:08,middle
2026/2/4 14:54:11,corridor
2026/2/4 14:54:14,side
2026/2/4 15:33:16,corridor
2026/2/4 15:33:17,middle
2026/2/4 15:37:44,corridor
2026/2/4 15:37:47,side
2026/2/4 15:38:26,corridor
2026/2/4 15:38:29,middle
2026/2/4 15:38:30,mid-sep
2026/2/4 15:38:33,middle
2026/2/4 15:39:46,mid-sep
2026/2/4 15:40:23,middle
2026/2/4 15:43:03,mid-sep
2026/2/4 15:43:18,middle
2026/2/4 15:44:16,mid-sep
2026/2/4 15:44:31,middle
2026/2/4 15:44:54,mid-sep
2026/2/4 15:44:59,middle
2026/2/4 15:45:01,corridor
2026/2/4 15:45:02,side
2026/2/4 15:45:25,corridor
2026/2/4 15:45:28,middle
2026/2/4 15:49:56,corridor
2026/2/4 15:49:58,side
2026/2/4 15:57:01,corridor
2026/2/4 15:57:02,middle
2026/2/4 15:57:04,mid-sep
2026/2/4 15:57:27,middle
2026/2/4 15:57:47,mid-sep
2026/2/4 15:58:00,middle
2026/2/4 15:58:02,corridor
2026/2/4 15:58:02,side
2026/2/4 15:59:25,corridor
2026/2/4 15:59:25,middle
2026/2/4 15:59:30,corridor
2026/2/4 15:59:31,side
2026/2/4 16:01:03,corridor
2026/2/4 16:01:12,middle
2026/2/4 16:07:59,corridor
2026/2/4 16:08:00,side
2026/2/4 16:12:08,corridor
2026/2/4 16:12:08,middle
2026/2/4 16:12:09,mid-sep
2026/2/4 16:12:11,middle
2026/2/4 16:14:00,corridor
2026/2/4 16:14:01,side
2026/2/4 16:14:26,corridor
2026/2/4 16:14:26,middle
2026/2/4 16:14:43,mid-sep
2026/2/4 16:14:53,middle
2026/2/4 16:15:00,corridor
2026/2/4 16:15:01,side
2026/2/4 16:23:20,corridor
2026/2/4 16:23:20,middle
2026/2/4 16:23:21,mid-sep
2026/2/4 16:23:21,middle
2026/2/4 16:23:22,corridor
2026/2/4 16:23:24,side
2026/2/4 16:27:19,corridor
2026/2/4 16:27:19,side
2026/2/4 16:29:48,corridor
2026/2/4 16:29:49,side
2026/2/4 16:34:41,corridor
2026/2/4 16:34:41,middle
2026/2/4 16:34:42,corridor
2026/2/4 16:34:43,side
2026/2/4 16:39:21,corridor
2026/2/4 16:39:22,middle
2026/2/4 16:39:24,corridor
2026/2/4 16:39:24,side
2026/2/4 16:46:48,corridor
2026/2/4 16:46:48,middle
2026/2/4 16:46:50,mid-sep
2026/2/4 16:46:53,middle
2026/2/4 16:48:46,corridor
2026/2/4 16:48:46,side
2026/2/4 16:52:16,corridor
2026/2/4 16:52:16,middle
2026/2/4 16:52:17,mid-sep
2026/2/4 16:52:18,middle
2026/2/4 16:52:32,mid-sep
2026/2/4 16:53:10,middle
2026/2/4 16:53:12,corridor
2026/2/4 16:53:13,side
2026/2/4 16:55:43,corridor
2026/2/4 16:55:44,middle
2026/2/4 17:04:14,mid-sep
2026/2/4 17:04:34,middle
2026/2/4 17:05:05,mid-sep
2026/2/4 17:05:30,middle
2026/2/4 17:06:01,corridor
2026/2/4 17:06:02,side
2026/2/4 17:12:19,corridor
2026/2/4 17:12:20,middle
2026/2/4 17:12:20,mid-sep
2026/2/4 17:12:37,middle
2026/2/4 17:13:03,corridor
2026/2/4 17:13:04,side
2026/2/4 17:20:50,corridor
2026/2/4 17:20:51,middle
2026/2/4 17:20:51,mid-sep
2026/2/4 17:20:52,middle
2026/2/4 17:21:44,corridor
2026/2/4 17:21:45,side
2026/2/4 17:31:26,corridor
2026/2/4 17:31:27,middle
2026/2/4 17:31:27,mid-sep
2026/2/4 17:31:29,middle
2026/2/4 17:31:33,corridor
2026/2/4 17:31:34,side
2026/2/4 17:31:43,corridor
2026/2/4 17:31:43,middle
2026/2/4 17:37:46,mid-sep
2026/2/4 17:37:48,middle
2026/2/4 17:37:49,corridor
2026/2/4 17:37:50,side
2026/2/4 18:18:12,corridor
2026/2/4 18:18:15,middle
2026/2/4 18:18:16,mid-sep
2026/2/4 18:18:29,middle
2026/2/4 18:21:29,mid-sep
2026/2/4 18:21:37,middle
2026/2/4 18:22:12,mid-sep
2026/2/4 18:22:30,middle
2026/2/4 18:22:33,corridor
2026/2/4 18:22:36,side
2026/2/4 18:23:09,corridor
2026/2/4 18:23:10,middle
2026/2/4 18:23:11,mid-sep
2026/2/4 18:23:14,middle
2026/2/4 18:23:18,corridor
2026/2/4 18:23:18,side
2026/2/4 18:28:47,corridor
2026/2/4 18:28:49,middle
2026/2/4 18:28:49,mid-sep
2026/2/4 18:28:49,middle
2026/2/4 18:28:50,corridor
2026/2/4 18:28:50,side
2026/2/4 18:32:58,corridor
2026/2/4 18:32:59,middle
2026/2/4 18:32:59,mid-sep
2026/2/4 18:33:29,middle
2026/2/4 18:33:33,corridor
2026/2/4 18:33:33,side
2026/2/4 19:07:21,corridor
2026/2/4 19:07:22,middle
2026/2/4 19:07:22,mid-sep
2026/2/4 19:07:38,middle
2026/2/4 19:11:14,mid-sep
2026/2/4 19:11:24,middle
2026/2/4 19:13:00,corridor
2026/2/4 19:13:02,side
2026/2/4 19:15:25,corridor
2026/2/4 19:15:27,middle
2026/2/4 19:15:27,mid-sep
2026/2/4 19:15:45,middle
2026/2/4 19:16:05,corridor
2026/2/4 19:16:06,side
2026/2/4 19:17:32,corridor
2026/2/4 19:17:34,middle
2026/2/4 19:17:40,corridor
2026/2/4 19:17:40,side
2026/2/4 19:22:16,corridor
2026/2/4 19:22:17,middle
2026/2/4 19:22:17,mid-sep
2026/2/4 19:22:18,middle
2026/2/4 19:22:28,corridor
2026/2/4 19:22:28,side
2026/2/4 19:25:39,corridor
2026/2/4 19:25:40,middle
2026/2/4 19:25:40,mid-sep
2026/2/4 19:25:41,middle
2026/2/4 19:25:42,corridor
2026/2/4 19:25:42,side
2026/2/4 19:28:48,corridor
2026/2/4 19:28:49,middle
2026/2/4 19:28:49,mid-sep
2026/2/4 19:29:12,middle
2026/2/4 19:30:03,mid-sep
2026/2/4 19:30:06,middle
2026/2/4 19:30:43,corridor
2026/2/4 19:30:44,side
2026/2/4 19:32:52,corridor
2026/2/4 19:32:53,middle
2026/2/4 19:32:53,mid-sep
2026/2/4 19:33:12,middle
2026/2/4 19:40:10,corridor
2026/2/4 19:40:15,side
2026/2/4 19:41:06,corridor
2026/2/4 19:41:07,middle
2026/2/4 19:42:24,mid-sep
2026/2/4 19:42:28,middle
2026/2/4 19:42:33,mid-sep
2026/2/4 19:43:16,middle
2026/2/4 19:48:06,mid-sep
2026/2/4 19:48:19,middle
2026/2/4 19:48:56,corridor
2026/2/4 19:48:58,side
2026/2/4 19:49:05,corridor
2026/2/4 19:49:05,middle
2026/2/4 19:49:07,mid-sep
2026/2/4 19:49:10,middle
2026/2/4 19:49:11,corridor
2026/2/4 19:49:11,side
2026/2/4 19:53:03,corridor
2026/2/4 19:53:05,middle
2026/2/4 19:53:05,mid-sep
2026/2/4 19:53:08,middle
2026/2/4 19:53:39,mid-sep
2026/2/4 19:53:46,middle
2026/2/4 19:59:44,mid-sep
2026/2/4 19:59:49,middle
2026/2/4 19:59:53,corridor
2026/2/4 19:59:54,side
2026/2/4 20:12:19,corridor
2026/2/4 20:12:19,middle
2026/2/4 20:12:31,mid-sep
2026/2/4 20:13:33,middle
2026/2/4 20:13:34,corridor
2026/2/4 20:13:35,side
2026/2/4 20:15:28,corridor
2026/2/4 20:15:31,middle
2026/2/4 20:15:31,mid-sep
2026/2/4 20:15:44,middle
2026/2/4 20:22:29,mid-sep
2026/2/4 20:22:43,middle
2026/2/4 20:22:47,corridor
2026/2/4 20:22:47,side
2026/2/4 20:23:58,corridor
2026/2/4 20:23:59,middle
2026/2/4 20:35:48,corridor
2026/2/4 20:35:50,side
2026/2/4 21:07:02,corridor
2026/2/4 21:07:03,middle
2026/2/4 21:07:03,mid-sep
2026/2/4 21:07:16,middle
2026/2/4 21:07:29,mid-sep
2026/2/4 21:07:34,middle
2026/2/4 21:07:39,mid-sep
2026/2/4 21:07:42,middle
2026/2/4 21:08:38,mid-sep
2026/2/4 21:09:37,middle
2026/2/4 21:09:59,mid-sep
2026/2/4 21:10:00,middle
2026/2/4 21:10:14,mid-sep
2026/2/4 21:10:15,middle
2026/2/4 21:10:19,mid-sep
2026/2/4 21:10:26,middle
2026/2/4 21:10:33,corridor
2026/2/4 21:10:34,side
2026/2/4 21:11:04,corridor
2026/2/4 21:11:06,middle
2026/2/4 21:11:10,mid-sep
2026/2/4 21:11:15,middle
2026/2/4 21:11:17,corridor
2026/2/4 21:11:18,side
2026/2/4 21:13:26,corridor
2026/2/4 21:13:27,middle
2026/2/4 21:13:29,mid-sep
2026/2/4 21:13:35,middle
2026/2/4 21:18:46,mid-sep
2026/2/4 21:18:51,middle
2026/2/4 21:19:35,corridor
2026/2/4 21:19:37,side
2026/2/4 21:20:13,corridor
2026/2/4 21:20:14,middle
2026/2/4 21:20:16,mid-sep
2026/2/4 21:20:42,middle
2026/2/4 21:21:41,corridor
2026/2/4 21:21:42,side
2026/2/4 21:28:46,corridor
2026/2/4 21:28:48,middle
2026/2/4 21:28:48,mid-sep
2026/2/4 21:28:54,middle
2026/2/4 21:29:08,mid-sep
2026/2/4 21:29:20,middle
2026/2/4 21:30:16,mid-sep
2026/2/4 21:30:18,middle
2026/2/4 21:31:09,corridor
2026/2/4 21:31:11,side
2026/2/4 21:31:30,corridor
2026/2/4 21:31:31,middle
2026/2/4 21:32:19,corridor
2026/2/4 21:32:20,side
2026/2/4 22:02:03,corridor
2026/2/4 22:02:05,middle
2026/2/4 22:02:06,mid-sep
2026/2/4 22:02:10,middle
2026/2/4 22:04:43,corridor
2026/2/4 22:04:45,side
2026/2/4 22:05:16,corridor
2026/2/4 22:05:18,middle
2026/2/4 22:10:21,mid-sep
2026/2/4 22:10:32,middle
2026/2/4 22:10:36,mid-sep
2026/2/4 22:10:43,middle
2026/2/4 22:10:46,corridor
2026/2/4 22:10:47,side
2026/2/4 22:12:58,corridor
2026/2/4 22:13:01,middle
2026/2/4 22:13:02,mid-sep
2026/2/4 22:13:02,middle
2026/2/4 22:13:02,corridor
2026/2/4 22:13:03,side
2026/2/4 22:14:47,corridor
2026/2/4 22:14:48,middle
2026/2/4 22:14:50,mid-sep
2026/2/4 22:14:57,middle
2026/2/4 22:15:00,mid-sep
2026/2/4 22:15:08,middle
2026/2/4 22:15:13,corridor
2026/2/4 22:15:14,side
2026/2/4 22:20:37,corridor
2026/2/4 22:20:38,middle
2026/2/4 22:20:40,mid-sep
2026/2/4 22:21:10,middle
2026/2/4 22:22:22,mid-sep
2026/2/4 22:22:25,middle
2026/2/4 22:27:03,mid-sep
2026/2/4 22:27:10,middle
2026/2/4 22:27:12,corridor
2026/2/4 22:27:12,side
2026/2/4 22:28:41,corridor
2026/2/4 22:28:43,middle
2026/2/4 22:28:43,mid-sep
2026/2/4 22:30:03,middle
2026/2/4 22:31:29,corridor
2026/2/4 22:31:29,side
2026/2/4 22:35:48,corridor
2026/2/4 22:35:50,middle
2026/2/4 22:35:50,mid-sep
2026/2/4 22:35:51,middle
2026/2/4 22:41:19,mid-sep
2026/2/4 22:41:22,middle
2026/2/4 22:42:33,corridor
2026/2/4 22:42:35,side
2026/2/4 23:34:21,corridor
2026/2/4 23:34:23,middle
2026/2/4 23:35:04,mid-sep
2026/2/4 23:35:35,middle
2026/2/4 23:35:37,corridor
2026/2/4 23:35:40,side
2026/2/4 23:36:03,corridor
2026/2/4 23:36:04,middle
2026/2/4 23:36:05,mid-sep
2026/2/4 23:36:11,middle
2026/2/4 23:36:20,mid-sep
2026/2/4 23:36:28,middle
2026/2/4 23:40:54,corridor
2026/2/4 23:40:54,side
2026/2/4 23:48:18,corridor
2026/2/4 23:48:18,middle
2026/2/4 23:48:18,mid-sep
2026/2/4 23:49:23,middle
2026/2/4 23:49:41,corridor
2026/2/4 23:49:41,side
2026/2/4 23:50:55,corridor
2026/2/4 23:50:55,middle
2026/2/4 23:50:56,mid-sep
2026/2/4 23:50:57,middle
2026/2/4 23:51:31,mid-sep
2026/2/4 23:51:41,middle
2026/2/4 23:53:02,mid-sep
2026/2/4 23:53:28,middle
2026/2/4 23:53:34,mid-sep
2026/2/4 23:53:47,middle
2026/2/4 23:53:58,mid-sep
2026/2/4 23:54:06,middle
2026/2/4 23:57:25,mid-sep
2026/2/4 23:57:38,middle
2026/2/4 23:57:48,corridor
2026/2/4 23:57:49,side
2026/2/4 23:58:03,corridor
2026/2/4 23:58:04,middle
2026/2/4 23:58:16,mid-sep
2026/2/4 23:58:35,middle
2026/2/4 23:58:58,corridor
2026/2/4 23:58:59,side
2026/2/5 1:23:50,corridor
2026/2/5 1:23:52,middle
2026/2/5 1:23:53,mid-sep
2026/2/5 1:23:56,middle
2026/2/5 1:36:17,corridor
2026/2/5 1:36:18,side
2026/2/5 1:37:23,corridor
2026/2/5 1:37:24,middle
2026/2/5 1:37:28,mid-sep
2026/2/5 1:38:06,middle
2026/2/5 1:38:40,mid-sep
2026/2/5 1:38:49,middle
2026/2/5 1:38:52,corridor
2026/2/5 1:38:53,side
2026/2/5 1:39:52,corridor
2026/2/5 1:39:53,middle
2026/2/5 1:47:54,corridor
2026/2/5 1:47:55,side
2026/2/5 2:24:49,corridor
2026/2/5 2:24:49,middle
2026/2/5 2:24:50,mid-sep
2026/2/5 2:25:05,middle
2026/2/5 2:25:12,mid-sep
2026/2/5 2:25:19,middle
2026/2/5 2:25:31,mid-sep
2026/2/5 2:25:36,middle
2026/2/5 2:26:08,corridor
2026/2/5 2:26:10,side
2026/2/5 3:28:44,corridor
2026/2/5 3:28:46,middle
2026/2/5 3:28:48,mid-sep
2026/2/5 3:28:56,middle
2026/2/5 3:29:18,mid-sep
2026/2/5 3:29:28,middle
2026/2/5 3:35:31,corridor
2026/2/5 3:35:33,side
2026/2/5 5:12:07,corridor
2026/2/5 5:12:08,middle
2026/2/5 5:12:12,mid-sep
2026/2/5 5:12:36,middle
2026/2/5 5:12:49,corridor
2026/2/5 5:12:53,side
2026/2/5 5:15:03,corridor
2026/2/5 5:15:04,middle
2026/2/5 5:15:04,mid-sep
2026/2/5 5:15:13,middle
2026/2/5 5:15:15,corridor
2026/2/5 5:15:15,side
2026/2/5 5:15:50,corridor
2026/2/5 5:15:50,middle
2026/2/5 5:15:50,mid-sep
2026/2/5 5:15:53,middle
2026/2/5 5:15:54,corridor
2026/2/5 5:15:54,side
2026/2/5 5:21:01,corridor
2026/2/5 5:21:02,middle
2026/2/5 5:28:43,mid-sep
2026/2/5 5:28:58,middle
2026/2/5 5:29:00,corridor
2026/2/5 5:29:01,side
2026/2/5 6:40:46,corridor
2026/2/5 6:40:47,middle
2026/2/5 6:40:49,mid-sep
2026/2/5 6:41:20,middle
2026/2/5 6:45:16,mid-sep
2026/2/5 6:45:19,middle
2026/2/5 6:45:21,corridor
2026/2/5 6:45:22,side
2026/2/5 6:51:10,corridor
2026/2/5 6:51:11,middle
2026/2/5 6:51:12,mid-sep
2026/2/5 6:51:23,middle
2026/2/5 6:51:30,corridor
2026/2/5 6:51:31,side
2026/2/5 6:51:38,corridor
2026/2/5 6:51:38,middle
2026/2/5 6:51:39,mid-sep
2026/2/5 6:51:40,middle
2026/2/5 6:51:41,corridor
2026/2/5 6:51:41,side
2026/2/5 6:54:19,corridor
2026/2/5 6:54:19,middle
2026/2/5 6:54:21,mid-sep
2026/2/5 6:54:21,middle
2026/2/5 6:58:18,mid-sep
2026/2/5 6:58:20,middle
2026/2/5 7:00:38,corridor
2026/2/5 7:00:39,side
2026/2/5 7:02:47,corridor
2026/2/5 7:02:47,middle
2026/2/5 7:02:49,corridor
2026/2/5 7:02:50,side
2026/2/5 7:32:12,corridor
2026/2/5 7:32:12,middle
2026/2/5 7:32:14,mid-sep
2026/2/5 7:32:31,middle
2026/2/5 7:32:59,mid-sep
2026/2/5 7:33:03,middle
2026/2/5 7:33:53,mid-sep
2026/2/5 7:34:26,middle
2026/2/5 7:35:04,corridor
2026/2/5 7:35:04,side
2026/2/5 7:35:17,corridor
2026/2/5 7:35:22,middle
2026/2/5 7:35:29,mid-sep
2026/2/5 7:35:32,middle
2026/2/5 7:35:35,corridor
2026/2/5 7:35:35,side
2026/2/5 7:37:51,corridor
2026/2/5 7:37:51,middle
2026/2/5 7:38:00,mid-sep
2026/2/5 7:38:29,middle
2026/2/5 7:38:49,mid-sep
2026/2/5 7:38:58,middle
2026/2/5 7:39:17,mid-sep
2026/2/5 7:39:40,middle
2026/2/5 7:40:14,corridor
2026/2/5 7:40:15,side
2026/2/5 7:40:29,corridor
2026/2/5 7:40:30,middle
2026/2/5 7:46:10,mid-sep
2026/2/5 7:46:25,middle
2026/2/5 7:47:34,corridor
2026/2/5 7:47:35,side
2026/2/5 7:51:44,corridor
2026/2/5 7:51:45,middle
2026/2/5 7:51:47,mid-sep
2026/2/5 7:51:49,middle
2026/2/5 7:51:55,corridor
2026/2/5 7:51:56,side
2026/2/5 7:52:10,corridor
2026/2/5 7:52:11,middle
2026/2/5 7:52:12,mid-sep
2026/2/5 7:52:58,middle
2026/2/5 7:53:04,mid-sep
2026/2/5 7:53:08,middle
2026/2/5 7:53:29,corridor
2026/2/5 7:53:30,side
2026/2/5 7:55:16,corridor
2026/2/5 7:55:18,middle
2026/2/5 7:55:19,corridor
2026/2/5 7:55:22,side
2026/2/5 7:56:18,corridor
2026/2/5 7:56:18,middle
2026/2/5 7:56:20,mid-sep
2026/2/5 7:56:54,middle
2026/2/5 7:57:20,corridor
2026/2/5 7:57:21,side
2026/2/5 7:58:05,corridor
2026/2/5 7:58:07,middle
2026/2/5 7:58:09,corridor
2026/2/5 7:58:09,side
2026/2/5 7:59:47,corridor
2026/2/5 7:59:50,middle
2026/2/5 7:59:50,mid-sep
2026/2/5 7:59:57,middle
2026/2/5 8:00:01,corridor
2026/2/5 8:00:02,side
2026/2/5 8:00:13,corridor
2026/2/5 8:00:18,middle
2026/2/5 8:06:29,mid-sep
2026/2/5 8:06:36,middle
2026/2/5 8:07:00,mid-sep
2026/2/5 8:07:15,middle
2026/2/5 8:07:29,corridor
2026/2/5 8:07:30,side
2026/2/5 8:10:15,corridor
2026/2/5 8:10:15,middle
2026/2/5 8:10:16,mid-sep
2026/2/5 8:10:35,middle
2026/2/5 8:10:36,corridor
2026/2/5 8:10:36,side
2026/2/5 8:14:56,corridor
2026/2/5 8:14:57,middle
2026/2/5 8:14:57,mid-sep
2026/2/5 8:14:58,middle
2026/2/5 8:15:08,corridor
2026/2/5 8:15:09,side
2026/2/5 8:20:07,corridor
2026/2/5 8:20:08,middle
2026/2/5 8:20:15,corridor
2026/2/5 8:20:22,side
2026/2/5 8:20:39,corridor
2026/2/5 8:20:42,middle
2026/2/5 8:20:44,mid-sep
2026/2/5 8:20:51,middle
2026/2/5 8:21:00,corridor
2026/2/5 8:21:01,side
2026/2/5 9:38:19,corridor
2026/2/5 9:38:20,middle
2026/2/5 9:38:21,mid-sep
2026/2/5 9:38:43,middle
2026/2/5 9:40:02,mid-sep
2026/2/5 9:40:12,middle
2026/2/5 9:43:18,corridor
2026/2/5 9:43:19,side
2026/2/5 9:44:30,corridor
2026/2/5 9:44:32,middle
2026/2/5 9:44:34,mid-sep
2026/2/5 9:44:35,middle
2026/2/5 9:44:44,mid-sep
2026/2/5 9:44:45,middle
2026/2/5 9:44:46,mid-sep
2026/2/5 9:44:46,middle
2026/2/5 9:44:47,mid-sep
2026/2/5 9:45:04,middle
2026/2/5 9:47:31,mid-sep
2026/2/5 9:47:32,middle
2026/2/5 9:47:35,corridor
2026/2/5 9:47:37,side
2026/2/5 9:48:39,corridor
2026/2/5 9:48:40,middle
2026/2/5 9:48:42,mid-sep
2026/2/5 9:48:55,middle
2026/2/5 9:49:33,mid-sep
2026/2/5 9:49:35,middle
2026/2/5 9:49:37,corridor
2026/2/5 9:49:37,side
2026/2/5 9:51:23,corridor
2026/2/5 9:51:24,middle
2026/2/5 9:51:26,corridor
2026/2/5 9:51:26,side
2026/2/5 9:52:32,corridor
2026/2/5 9:52:33,middle
2026/2/5 9:52:37,mid-sep
2026/2/5 9:52:58,middle
2026/2/5 9:53:00,corridor
2026/2/5 9:53:02,side
2026/2/5 9:53:19,corridor
2026/2/5 9:53:20,middle
2026/2/5 9:53:20,corridor
2026/2/5 9:53:24,side
2026/2/5 9:55:40,corridor
2026/2/5 9:55:40,middle
2026/2/5 9:55:41,mid-sep
2026/2/5 9:56:11,middle
2026/2/5 9:56:21,mid-sep
2026/2/5 9:56:44,middle
2026/2/5 9:57:01,corridor
2026/2/5 9:57:01,side
2026/2/5 9:57:39,corridor
2026/2/5 9:57:43,side
2026/2/5 10:00:41,corridor
2026/2/5 10:00:44,middle
2026/2/5 10:00:48,corridor
2026/2/5 10:00:50,side
2026/2/5 10:01:38,corridor
2026/2/5 10:01:38,middle
2026/2/5 10:01:40,mid-sep
2026/2/5 10:01:45,middle
2026/2/5 10:02:09,corridor
2026/2/5 10:02:11,side
2026/2/5 10:02:28,corridor
2026/2/5 10:02:31,middle
2026/2/5 10:02:35,corridor
2026/2/5 10:02:36,side
2026/2/5 10:06:42,corridor
2026/2/5 10:06:44,middle
2026/2/5 10:06:51,mid-sep
2026/2/5 10:07:14,middle
2026/2/5 10:07:17,mid-sep
2026/2/5 10:07:21,middle
2026/2/5 10:07:28,mid-sep
2026/2/5 10:07:39,middle
2026/2/5 10:07:55,mid-sep
2026/2/5 10:07:59,middle
2026/2/5 10:08:04,mid-sep
2026/2/5 10:08:11,middle
2026/2/5 10:08:13,corridor
2026/2/5 10:08:14,side
2026/2/5 10:11:01,corridor
2026/2/5 10:11:02,middle
2026/2/5 10:11:07,corridor
2026/2/5 10:11:13,side
2026/2/5 10:15:33,corridor
2026/2/5 10:15:34,middle
2026/2/5 10:18:29,corridor
2026/2/5 10:18:30,side
2026/2/5 10:31:33,corridor
2026/2/5 10:31:35,middle
2026/2/5 10:31:46,mid-sep
2026/2/5 10:32:03,middle
2026/2/5 10:32:21,corridor
2026/2/5 10:32:21,side
2026/2/5 10:32:43,corridor
2026/2/5 10:32:45,middle
2026/2/5 10:32:47,mid-sep
2026/2/5 10:32:55,middle
2026/2/5 10:32:58,corridor
2026/2/5 10:32:58,side
2026/2/5 10:33:10,corridor
2026/2/5 10:33:11,middle
2026/2/5 10:33:44,corridor
2026/2/5 10:33:45,side
2026/2/5 10:33:52,corridor
2026/2/5 10:33:53,middle
2026/2/5 10:33:56,mid-sep
2026/2/5 10:33:57,middle
2026/2/5 10:33:59,corridor
2026/2/5 10:33:59,side
2026/2/5 10:34:11,corridor
2026/2/5 10:34:13,middle
2026/2/5 10:34:13,mid-sep
2026/2/5 10:34:14,middle
2026/2/5 10:34:15,corridor
2026/2/5 10:34:15,side
2026/2/5 11:59:59,side
