DateTime,RightMouseLocation
2026/1/20 10:50:00,side
2026/1/20 10:50:20,corridor
2026/1/20 10:50:22,middle
2026/1/20 10:50:22,mid-sep
2026/1/20 10:50:25,middle
2026/1/20 10:50:35,corridor
2026/1/20 10:50:43,middle
2026/1/20 10:50:44,corridor
2026/1/20 10:50:47,side
2026/1/20 10:51:28,corridor
2026/1/20 10:51:33,middle
2026/1/20 10:51:40,mid-sep
2026/1/20 10:51:48,middle
2026/1/20 10:52:00,mid-sep
2026/1/20 10:52:11,middle
2026/1/20 10:52:17,mid-sep
2026/1/20 10:52:32,middle
2026/1/20 10:52:36,corridor
2026/1/20 10:52:37,side
2026/1/20 10:54:00,corridor
2026/1/20 10:54:01,middle
2026/1/20 10:54:01,mid-sep
2026/1/20 10:54:12,middle
2026/1/20 10:54:20,mid-sep
2026/1/20 10:54:28,middle
2026/1/20 10:54:49,mid-sep
2026/1/20 10:55:08,middle
2026/1/20 10:56:53,corridor
2026/1/20 10:56:54,side
2026/1/20 10:57:11,corridor
2026/1/20 10:57:14,middle
2026/1/20 10:57:17,mid-sep
2026/1/20 10:57:24,middle
2026/1/20 10:57:41,mid-sep
2026/1/20 10:58:00,middle
2026/1/20 10:58:16,corridor
2026/1/20 10:58:17,side
2026/1/20 11:00:45,corridor
2026/1/20 11:00:47,middle
2026/1/20 11:00:56,mid-sep
2026/1/20 11:01:00,middle
2026/1/20 11:01:03,corridor
2026/1/20 11:01:04,side
2026/1/20 11:02:21,corridor
2026/1/20 11:02:23,middle
2026/1/20 11:02:29,mid-sep
2026/1/20 11:02:31,middle
2026/1/20 11:02:34,corridor
2026/1/20 11:02:35,side
2026/1/20 11:04:34,corridor
2026/1/20 11:04:35,middle
2026/1/20 11:04:49,mid-sep
2026/1/20 11:05:18,middle
2026/1/20 11:05:24,corridor
2026/1/20 11:05:25,side
2026/1/20 11:05:37,corridor
2026/1/20 11:05:39,middle
2026/1/20 11:05:42,mid-sep
2026/1/20 11:06:02,middle
2026/1/20 11:06:05,corridor
2026/1/20 11:06:06,side
2026/1/20 11:08:28,corridor
2026/1/20 11:08:30,middle
2026/1/20 11:08:47,corridor
2026/1/20 11:08:48,side
2026/1/20 11:10:57,corridor
2026/1/20 11:11:00,middle
2026/1/20 11:11:02,mid-sep
2026/1/20 11:11:25,middle
2026/1/20 11:11:42,corridor
2026/1/20 11:11:52,side
2026/1/20 13:11:41,corridor
2026/1/20 13:11:42,middle
2026/1/20 13:11:47,mid-sep
2026/1/20 13:12:26,middle
2026/1/20 13:12:45,mid-sep
2026/1/20 13:13:10,middle
2026/1/20 13:13:23,mid-sep
2026/1/20 13:13:24,middle
2026/1/20 13:13:33,corridor
2026/1/20 13:13:35,side
2026/1/20 13:14:09,corridor
2026/1/20 13:14:26,middle
2026/1/20 13:17:06,mid-sep
2026/1/20 13:17:25,middle
2026/1/20 13:17:56,corridor
2026/1/20 13:18:14,side
2026/1/20 13:18:43,corridor
2026/1/20 13:18:44,middle
2026/1/20 13:18:47,mid-sep
2026/1/20 13:18:51,middle
2026/1/20 13:18:56,mid-sep
2026/1/20 13:18:57,middle
2026/1/20 13:18:59,corridor
2026/1/20 13:19:00,side
2026/1/20 13:20:16,corridor
2026/1/20 13:20:39,middle
2026/1/20 13:21:41,mid-sep
2026/1/20 13:21:47,middle
2026/1/20 13:22:30,mid-sep
2026/1/20 13:22:32,middle
2026/1/20 13:24:14,mid-sep
2026/1/20 13:24:15,middle
2026/1/20 13:24:49,mid-sep
2026/1/20 13:25:19,middle
2026/1/20 13:25:21,corridor
2026/1/20 13:25:22,side
2026/1/20 13:27:56,corridor
2026/1/20 13:28:12,middle
2026/1/20 13:28:12,mid-sep
2026/1/20 13:28:14,middle
2026/1/20 13:28:18,corridor
2026/1/20 13:28:21,side
2026/1/20 13:31:44,corridor
2026/1/20 13:31:47,middle
2026/1/20 13:31:50,mid-sep
2026/1/20 13:32:41,middle
2026/1/20 13:32:53,corridor
2026/1/20 13:32:55,side
2026/1/20 13:33:57,corridor
2026/1/20 13:34:00,side
2026/1/20 13:35:23,corridor
2026/1/20 13:35:30,side
2026/1/20 13:35:49,corridor
2026/1/20 13:35:49,middle
2026/1/20 13:35:50,mid-sep
2026/1/20 13:38:26,middle
2026/1/20 13:38:28,corridor
2026/1/20 13:38:38,side
2026/1/20 13:39:28,corridor
2026/1/20 13:39:33,middle
2026/1/20 13:39:33,mid-sep
2026/1/20 13:39:58,middle
2026/1/20 13:40:27,mid-sep
2026/1/20 13:41:09,middle
2026/1/20 13:42:00,mid-sep
2026/1/20 13:43:02,middle
2026/1/20 13:44:53,mid-sep
2026/1/20 13:46:28,middle
2026/1/20 13:46:36,corridor
2026/1/20 13:46:37,side
2026/1/20 13:47:09,corridor
2026/1/20 13:47:11,middle
2026/1/20 13:48:12,corridor
2026/1/20 13:48:20,side
2026/1/20 13:57:48,corridor
2026/1/20 13:57:48,middle
2026/1/20 13:57:53,mid-sep
2026/1/20 13:58:27,middle
2026/1/20 13:58:48,mid-sep
2026/1/20 13:58:55,middle
2026/1/20 13:58:57,corridor
2026/1/20 13:58:58,side
2026/1/20 15:22:56,corridor
2026/1/20 15:22:57,middle
2026/1/20 15:23:00,mid-sep
2026/1/20 15:23:35,middle
2026/1/20 15:24:48,mid-sep
2026/1/20 15:25:01,middle
2026/1/20 15:26:33,mid-sep
2026/1/20 15:26:37,middle
2026/1/20 15:26:43,corridor
2026/1/20 15:26:47,side
2026/1/20 15:26:58,corridor
2026/1/20 15:26:59,middle
2026/1/20 15:27:01,mid-sep
2026/1/20 15:27:47,middle
2026/1/20 15:27:52,mid-sep
2026/1/20 15:27:53,middle
2026/1/20 15:27:56,corridor
2026/1/20 15:27:57,side
2026/1/20 15:29:03,corridor
2026/1/20 15:29:05,middle
2026/1/20 15:30:07,mid-sep
2026/1/20 15:30:26,middle
2026/1/20 15:30:59,mid-sep
2026/1/20 15:31:07,middle
2026/1/20 15:31:58,corridor
2026/1/20 15:32:08,middle
2026/1/20 15:32:10,mid-sep
2026/1/20 15:32:10,middle
2026/1/20 15:32:12,corridor
2026/1/20 15:32:13,side
2026/1/20 15:33:19,corridor
2026/1/20 15:33:20,middle
2026/1/20 15:33:21,mid-sep
2026/1/20 15:34:18,middle
2026/1/20 15:34:33,mid-sep
2026/1/20 15:34:34,middle
2026/1/20 15:35:15,mid-sep
2026/1/20 15:35:18,middle
2026/1/20 15:35:20,corridor
2026/1/20 15:35:22,side
2026/1/20 15:40:12,corridor
2026/1/20 15:40:15,middle
2026/1/20 15:40:17,mid-sep
2026/1/20 15:40:30,middle
2026/1/20 15:40:39,mid-sep
2026/1/20 15:40:48,middle
2026/1/20 15:40:50,corridor
2026/1/20 15:40:51,side
2026/1/20 15:41:30,corridor
2026/1/20 15:41:32,middle
2026/1/20 15:41:34,mid-sep
2026/1/20 15:41:56,middle
2026/1/20 15:44:24,mid-sep
2026/1/20 15:45:03,middle
2026/1/20 15:45:06,corridor
2026/1/20 15:45:16,side
2026/1/20 15:45:49,corridor
2026/1/20 15:45:50,middle
2026/1/20 15:46:49,mid-sep
2026/1/20 15:46:50,middle
2026/1/20 15:46:55,corridor
2026/1/20 15:46:56,side
2026/1/20 16:48:31,corridor
2026/1/20 16:48:31,middle
2026/1/20 16:48:37,mid-sep
2026/1/20 16:48:41,middle
2026/1/20 16:48:54,mid-sep
2026/1/20 16:49:00,middle
2026/1/20 16:49:14,corridor
2026/1/20 16:49:36,middle
2026/1/20 16:49:42,mid-sep
2026/1/20 16:49:52,middle
2026/1/20 16:49:57,mid-sep
2026/1/20 16:50:18,middle
2026/1/20 16:55:56,mid-sep
2026/1/20 16:56:03,middle
2026/1/20 16:56:10,mid-sep
2026/1/20 16:56:20,middle
2026/1/20 16:56:23,corridor
2026/1/20 16:57:21,middle
2026/1/20 16:57:22,mid-sep
2026/1/20 16:57:30,middle
2026/1/20 16:57:31,corridor
2026/1/20 16:57:31,side
2026/1/20 16:58:05,corridor
2026/1/20 16:58:09,middle
2026/1/20 16:58:11,mid-sep
2026/1/20 16:58:13,middle
2026/1/20 16:58:28,corridor
2026/1/20 16:58:29,side
2026/1/20 17:00:04,corridor
2026/1/20 17:00:11,side
2026/1/20 17:00:44,corridor
2026/1/20 17:00:45,middle
2026/1/20 17:02:21,mid-sep
2026/1/20 17:02:49,middle
2026/1/20 17:03:15,mid-sep
2026/1/20 17:03:58,middle
2026/1/20 17:04:02,corridor
2026/1/20 17:04:03,side
2026/1/20 17:04:29,corridor
2026/1/20 17:04:30,middle
2026/1/20 17:04:32,mid-sep
2026/1/20 17:05:56,middle
2026/1/20 17:06:38,corridor
2026/1/20 17:06:39,side
2026/1/20 17:07:33,corridor
2026/1/20 17:07:34,middle
2026/1/20 17:09:23,mid-sep
2026/1/20 17:09:25,middle
2026/1/20 17:10:26,mid-sep
2026/1/20 17:11:31,middle
2026/1/20 17:12:00,mid-sep
2026/1/20 17:12:23,middle
2026/1/20 17:12:29,mid-sep
2026/1/20 17:12:52,middle
2026/1/20 17:12:53,corridor
2026/1/20 17:12:54,side
2026/1/20 17:14:29,corridor
2026/1/20 17:14:34,middle
2026/1/20 17:14:35,mid-sep
2026/1/20 17:15:37,middle
2026/1/20 17:15:52,mid-sep
2026/1/20 17:16:31,middle
2026/1/20 17:16:44,mid-sep
2026/1/20 17:16:49,middle
2026/1/20 17:16:50,corridor
2026/1/20 17:16:51,side
2026/1/20 17:18:21,corridor
2026/1/20 17:18:22,middle
2026/1/20 17:20:50,mid-sep
2026/1/20 17:22:12,middle
2026/1/20 17:22:13,corridor
2026/1/20 17:22:23,side
2026/1/20 17:23:48,corridor
2026/1/20 17:25:31,middle
2026/1/20 17:25:32,mid-sep
2026/1/20 17:25:39,middle
2026/1/20 17:25:46,mid-sep
2026/1/20 17:27:58,middle
2026/1/20 17:27:59,corridor
2026/1/20 17:28:00,side
2026/1/20 17:29:23,corridor
2026/1/20 17:29:32,middle
2026/1/20 17:29:32,mid-sep
2026/1/20 17:30:10,middle
2026/1/20 17:30:11,corridor
2026/1/20 17:30:13,side
2026/1/20 17:30:48,corridor
2026/1/20 17:31:02,middle
2026/1/20 17:31:05,mid-sep
2026/1/20 17:31:09,middle
2026/1/20 17:35:11,mid-sep
2026/1/20 17:35:24,middle
2026/1/20 17:35:49,mid-sep
2026/1/20 17:35:54,middle
2026/1/20 17:36:42,mid-sep
2026/1/20 17:36:54,middle
2026/1/20 17:37:54,corridor
2026/1/20 17:37:56,side
2026/1/20 17:38:29,corridor
2026/1/20 17:38:31,middle
2026/1/20 17:40:46,mid-sep
2026/1/20 17:40:53,middle
2026/1/20 17:42:01,mid-sep
2026/1/20 17:42:03,middle
2026/1/20 17:42:20,mid-sep
2026/1/20 17:42:22,middle
2026/1/20 17:42:25,corridor
2026/1/20 17:42:26,side
2026/1/20 17:44:45,corridor
2026/1/20 17:44:48,middle
2026/1/20 17:44:50,mid-sep
2026/1/20 17:44:55,middle
2026/1/20 17:44:58,corridor
2026/1/20 17:44:59,side
2026/1/20 17:46:33,corridor
2026/1/20 17:46:36,side
2026/1/20 17:47:12,corridor
2026/1/20 17:47:19,middle
2026/1/20 17:47:20,mid-sep
2026/1/20 17:47:28,middle
2026/1/20 17:47:29,corridor
2026/1/20 17:47:29,side
2026/1/20 17:48:08,corridor
2026/1/20 17:48:11,side
2026/1/20 18:38:21,corridor
2026/1/20 18:38:23,middle
2026/1/20 18:38:24,mid-sep
2026/1/20 18:38:44,middle
2026/1/20 18:40:08,mid-sep
2026/1/20 18:40:10,middle
2026/1/20 18:40:18,mid-sep
2026/1/20 18:41:24,middle
2026/1/20 18:41:37,mid-sep
2026/1/20 18:42:10,middle
2026/1/20 18:42:29,mid-sep
2026/1/20 18:42:38,middle
2026/1/20 18:43:32,mid-sep
2026/1/20 18:44:11,middle
2026/1/20 18:44:13,corridor
2026/1/20 18:44:14,side
2026/1/20 18:44:31,corridor
2026/1/20 18:44:32,middle
2026/1/20 18:44:34,mid-sep
2026/1/20 18:45:02,middle
2026/1/20 18:45:08,corridor
2026/1/20 18:45:09,side
2026/1/20 18:46:25,corridor
2026/1/20 18:46:27,middle
2026/1/20 18:46:30,mid-sep
2026/1/20 18:46:35,middle
2026/1/20 18:46:43,mid-sep
2026/1/20 18:49:00,middle
2026/1/20 18:52:22,mid-sep
2026/1/20 18:52:35,middle
2026/1/20 18:52:39,corridor
2026/1/20 18:52:42,side
2026/1/20 18:52:57,corridor
2026/1/20 18:53:01,middle
2026/1/20 18:53:06,mid-sep
2026/1/20 18:53:54,middle
2026/1/20 18:56:26,corridor
2026/1/20 18:56:31,side
2026/1/20 18:56:44,corridor
2026/1/20 18:56:45,middle
2026/1/20 18:56:49,corridor
2026/1/20 18:56:56,side
2026/1/20 18:58:09,corridor
2026/1/20 18:58:10,middle
2026/1/20 19:03:23,mid-sep
2026/1/20 19:03:31,middle
2026/1/20 19:04:18,mid-sep
2026/1/20 19:04:24,middle
2026/1/20 19:04:44,corridor
2026/1/20 19:04:46,side
2026/1/20 19:06:00,corridor
2026/1/20 19:06:03,middle
2026/1/20 19:06:05,mid-sep
2026/1/20 19:06:45,middle
2026/1/20 19:06:48,corridor
2026/1/20 19:06:50,side
2026/1/20 19:08:18,corridor
2026/1/20 19:08:33,middle
2026/1/20 19:08:34,mid-sep
2026/1/20 19:08:42,middle
2026/1/20 19:08:48,mid-sep
2026/1/20 19:09:02,middle
2026/1/20 19:09:12,mid-sep
2026/1/20 19:09:23,middle
2026/1/20 19:09:24,corridor
2026/1/20 19:09:26,side
2026/1/20 19:10:14,corridor
2026/1/20 19:10:20,middle
2026/1/20 19:14:27,mid-sep
2026/1/20 19:14:31,middle
2026/1/20 19:15:54,mid-sep
2026/1/20 19:15:57,middle
2026/1/20 19:16:07,mid-sep
2026/1/20 19:17:00,middle
2026/1/20 19:17:58,mid-sep
2026/1/20 19:18:02,middle
2026/1/20 19:18:22,corridor
2026/1/20 19:18:25,side
2026/1/20 19:19:26,corridor
2026/1/20 19:19:28,middle
2026/1/20 19:19:28,mid-sep
2026/1/20 19:20:00,middle
2026/1/20 19:20:21,mid-sep
2026/1/20 19:20:42,middle
2026/1/20 19:25:43,mid-sep
2026/1/20 19:25:45,middle
2026/1/20 19:26:19,mid-sep
2026/1/20 19:26:22,middle
2026/1/20 19:26:43,corridor
2026/1/20 19:27:19,side
2026/1/20 19:27:26,corridor
2026/1/20 19:27:27,middle
2026/1/20 19:27:28,mid-sep
2026/1/20 19:27:32,middle
2026/1/20 19:27:38,mid-sep
2026/1/20 19:28:01,middle
2026/1/20 19:28:40,corridor
2026/1/20 19:28:42,side
2026/1/20 19:29:29,corridor
2026/1/20 19:29:31,middle
2026/1/20 19:29:33,mid-sep
2026/1/20 19:30:20,middle
2026/1/20 19:30:25,mid-sep
2026/1/20 19:30:57,middle
2026/1/20 19:35:49,mid-sep
2026/1/20 19:36:22,middle
2026/1/20 19:38:40,corridor
2026/1/20 19:38:51,side
2026/1/20 19:39:00,corridor
2026/1/20 19:39:00,middle
2026/1/20 19:39:02,mid-sep
2026/1/20 19:39:08,middle
2026/1/20 19:39:52,mid-sep
2026/1/20 19:40:07,middle
2026/1/20 19:42:10,mid-sep
2026/1/20 19:43:34,middle
2026/1/20 19:43:36,corridor
2026/1/20 19:43:40,side
2026/1/20 19:44:14,corridor
2026/1/20 19:44:15,middle
2026/1/20 19:44:16,mid-sep
2026/1/20 19:44:55,middle
2026/1/20 19:45:45,mid-sep
2026/1/20 19:45:51,middle
2026/1/20 19:46:31,corridor
2026/1/20 19:46:37,side
2026/1/20 19:47:07,corridor
2026/1/20 19:47:08,middle
2026/1/20 19:47:14,mid-sep
2026/1/20 19:47:36,middle
2026/1/20 19:47:51,corridor
2026/1/20 19:47:59,middle
2026/1/20 19:48:00,mid-sep
2026/1/20 19:49:18,middle
2026/1/20 19:50:17,corridor
2026/1/20 19:50:26,side
2026/1/20 19:50:39,corridor
2026/1/20 19:50:39,middle
2026/1/20 19:50:40,mid-sep
2026/1/20 19:51:03,middle
2026/1/20 19:51:25,corridor
2026/1/20 19:52:05,middle
2026/1/20 19:52:06,mid-sep
2026/1/20 19:52:08,middle
2026/1/20 19:59:51,mid-sep
2026/1/20 19:59:56,middle
2026/1/20 19:59:57,corridor
2026/1/20 20:00:03,side
2026/1/20 20:00:53,corridor
2026/1/20 20:00:53,middle
2026/1/20 20:01:08,mid-sep
2026/1/20 20:01:22,middle
2026/1/20 20:01:31,mid-sep
2026/1/20 20:01:38,middle
2026/1/20 20:12:27,corridor
2026/1/20 20:12:37,side
2026/1/20 20:12:48,corridor
2026/1/20 20:12:48,middle
2026/1/20 20:12:48,mid-sep
2026/1/20 20:13:01,middle
2026/1/20 20:13:14,mid-sep
2026/1/20 20:13:19,middle
2026/1/20 20:16:22,mid-sep
2026/1/20 20:16:24,middle
2026/1/20 20:18:06,mid-sep
2026/1/20 20:18:44,middle
2026/1/20 20:18:49,corridor
2026/1/20 20:18:51,side
2026/1/20 20:19:26,corridor
2026/1/20 20:19:27,middle
2026/1/20 20:21:35,mid-sep
2026/1/20 20:21:40,middle
2026/1/20 20:25:32,mid-sep
2026/1/20 20:25:37,middle
2026/1/20 20:30:24,mid-sep
2026/1/20 20:30:28,middle
2026/1/20 20:31:38,mid-sep
2026/1/20 20:31:42,middle
2026/1/20 20:31:54,mid-sep
2026/1/20 20:31:59,middle
2026/1/20 20:33:30,mid-sep
2026/1/20 20:33:49,middle
2026/1/20 20:34:13,mid-sep
2026/1/20 20:34:16,middle
2026/1/20 20:34:30,mid-sep
2026/1/20 20:34:31,middle
2026/1/20 20:35:27,mid-sep
2026/1/20 20:35:29,middle
2026/1/20 20:36:46,mid-sep
2026/1/20 20:36:54,middle
2026/1/20 20:38:05,mid-sep
2026/1/20 20:38:32,middle
2026/1/20 20:39:13,mid-sep
2026/1/20 20:39:20,middle
2026/1/20 21:05:42,mid-sep
2026/1/20 21:05:47,middle
2026/1/20 21:05:50,corridor
2026/1/20 21:05:56,side
2026/1/20 21:07:15,corridor
2026/1/20 21:07:15,middle
2026/1/20 21:07:16,mid-sep
2026/1/20 21:07:46,middle
2026/1/20 21:08:03,mid-sep
2026/1/20 21:08:08,middle
2026/1/20 21:09:20,mid-sep
2026/1/20 21:09:25,middle
2026/1/20 21:09:37,mid-sep
2026/1/20 21:10:23,middle
2026/1/20 21:10:44,mid-sep
2026/1/20 21:10:45,middle
2026/1/20 21:10:51,corridor
2026/1/20 21:10:54,side
2026/1/20 21:11:03,corridor
2026/1/20 21:11:03,middle
2026/1/20 21:11:05,mid-sep
2026/1/20 21:11:41,middle
2026/1/20 21:18:48,mid-sep
2026/1/20 21:19:00,middle
2026/1/20 21:19:15,mid-sep
2026/1/20 21:19:24,middle
2026/1/20 21:19:30,mid-sep
2026/1/20 21:20:08,middle
2026/1/20 21:20:22,corridor
2026/1/20 21:20:23,side
2026/1/20 21:21:35,corridor
2026/1/20 21:21:36,middle
2026/1/20 21:21:37,mid-sep
2026/1/20 21:22:00,middle
2026/1/20 21:22:38,mid-sep
2026/1/20 21:22:49,middle
2026/1/20 21:26:08,mid-sep
2026/1/20 21:26:23,middle
2026/1/20 21:32:14,mid-sep
2026/1/20 21:32:26,middle
2026/1/20 21:40:53,corridor
2026/1/20 21:40:59,side
2026/1/20 21:41:54,corridor
2026/1/20 21:41:54,middle
2026/1/20 21:41:55,mid-sep
2026/1/20 21:41:59,middle
2026/1/20 21:47:47,mid-sep
2026/1/20 21:47:56,middle
2026/1/20 21:52:17,mid-sep
2026/1/20 21:52:25,middle
2026/1/20 21:52:40,mid-sep
2026/1/20 21:52:43,middle
2026/1/20 21:53:02,corridor
2026/1/20 21:53:06,side
2026/1/20 22:40:50,corridor
2026/1/20 22:40:50,middle
2026/1/20 22:40:50,mid-sep
2026/1/20 22:40:57,middle
2026/1/20 22:48:10,mid-sep
2026/1/20 22:48:14,middle
2026/1/20 22:49:22,mid-sep
2026/1/20 22:49:24,middle
2026/1/20 22:49:28,corridor
2026/1/20 22:49:31,side
2026/1/20 22:50:42,corridor
2026/1/20 22:50:43,middle
2026/1/20 22:50:44,mid-sep
2026/1/20 22:50:58,middle
2026/1/20 22:51:01,mid-sep
2026/1/20 22:51:02,middle
2026/1/20 22:51:09,corridor
2026/1/20 22:51:11,side
2026/1/20 22:51:55,corridor
2026/1/20 22:51:56,middle
2026/1/20 22:52:11,mid-sep
2026/1/20 22:53:20,middle
2026/1/20 22:53:31,corridor
2026/1/20 22:53:47,side
2026/1/20 23:55:13,corridor
2026/1/20 23:55:13,middle
2026/1/20 23:55:16,mid-sep
2026/1/20 23:56:01,middle
2026/1/21 0:00:30,mid-sep
2026/1/21 0:00:54,middle
2026/1/21 0:01:23,mid-sep
2026/1/21 0:01:26,middle
2026/1/21 0:02:14,mid-sep
2026/1/21 0:02:17,middle
2026/1/21 0:06:46,mid-sep
2026/1/21 0:07:26,middle
2026/1/21 0:07:31,corridor
2026/1/21 0:07:33,side
2026/1/21 0:07:59,corridor
2026/1/21 0:07:59,middle
2026/1/21 0:08:00,mid-sep
2026/1/21 0:08:26,middle
2026/1/21 0:08:48,mid-sep
2026/1/21 0:08:51,middle
2026/1/21 0:09:41,mid-sep
2026/1/21 0:09:57,middle
2026/1/21 0:10:27,mid-sep
2026/1/21 0:10:47,middle
2026/1/21 0:10:58,mid-sep
2026/1/21 0:11:32,middle
2026/1/21 0:14:25,mid-sep
2026/1/21 0:14:28,middle
2026/1/21 0:14:31,corridor
2026/1/21 0:14:34,side
2026/1/21 0:16:25,corridor
2026/1/21 0:16:26,middle
2026/1/21 0:16:28,mid-sep
2026/1/21 0:16:47,middle
2026/1/21 0:16:50,corridor
2026/1/21 0:16:51,side
2026/1/21 0:18:54,corridor
2026/1/21 0:18:54,middle
2026/1/21 0:19:11,mid-sep
2026/1/21 0:19:14,middle
2026/1/21 0:19:23,mid-sep
2026/1/21 0:19:32,middle
2026/1/21 0:19:36,corridor
2026/1/21 0:19:39,side
2026/1/21 0:20:56,corridor
2026/1/21 0:20:57,middle
2026/1/21 0:20:57,mid-sep
2026/1/21 0:21:36,middle
2026/1/21 0:21:47,mid-sep
2026/1/21 0:22:37,middle
2026/1/21 0:24:37,corridor
2026/1/21 0:24:46,side
2026/1/21 0:24:52,corridor
2026/1/21 0:24:52,middle
2026/1/21 0:24:53,mid-sep
2026/1/21 0:25:06,middle
2026/1/21 0:30:17,mid-sep
2026/1/21 0:30:21,middle
2026/1/21 0:30:58,corridor
2026/1/21 0:31:02,side
2026/1/21 0:33:09,corridor
2026/1/21 0:33:10,middle
2026/1/21 0:33:10,mid-sep
2026/1/21 0:33:54,middle
2026/1/21 0:35:18,mid-sep
2026/1/21 0:35:29,middle
2026/1/21 0:38:05,mid-sep
2026/1/21 0:38:12,middle
2026/1/21 0:38:37,corridor
2026/1/21 0:38:42,side
2026/1/21 0:40:00,corridor
2026/1/21 0:40:00,middle
2026/1/21 0:58:57,mid-sep
2026/1/21 0:59:16,middle
2026/1/21 0:59:34,corridor
2026/1/21 0:59:37,side
2026/1/21 2:02:44,corridor
2026/1/21 2:02:44,middle
2026/1/21 2:02:53,mid-sep
2026/1/21 2:03:16,middle
2026/1/21 2:04:20,mid-sep
2026/1/21 2:04:36,middle
2026/1/21 2:10:21,mid-sep
2026/1/21 2:10:30,middle
2026/1/21 2:10:41,mid-sep
2026/1/21 2:10:49,middle
2026/1/21 2:15:35,corridor
2026/1/21 2:15:40,side
2026/1/21 2:16:25,corridor
2026/1/21 2:16:26,middle
2026/1/21 2:16:31,corridor
2026/1/21 2:16:32,side
2026/1/21 3:01:26,corridor
2026/1/21 3:01:27,middle
2026/1/21 3:01:32,mid-sep
2026/1/21 3:02:29,middle
2026/1/21 3:07:08,mid-sep
2026/1/21 3:07:22,middle
2026/1/21 3:07:50,mid-sep
2026/1/21 3:08:04,middle
2026/1/21 3:08:11,mid-sep
2026/1/21 3:08:32,middle
2026/1/21 3:08:52,mid-sep
2026/1/21 3:09:03,middle
2026/1/21 3:09:05,corridor
2026/1/21 3:09:08,side
2026/1/21 3:09:34,corridor
2026/1/21 3:09:35,middle
2026/1/21 3:09:38,mid-sep
2026/1/21 3:09:56,middle
2026/1/21 3:10:00,mid-sep
2026/1/21 3:10:03,middle
2026/1/21 3:10:20,corridor
2026/1/21 3:10:21,side
2026/1/21 3:11:23,corridor
2026/1/21 3:11:23,middle
2026/1/21 3:11:38,mid-sep
2026/1/21 3:11:51,middle
2026/1/21 3:11:57,corridor
2026/1/21 3:12:20,side
2026/1/21 3:12:43,corridor
2026/1/21 3:12:43,middle
2026/1/21 3:19:22,mid-sep
2026/1/21 3:19:26,middle
2026/1/21 3:20:28,mid-sep
2026/1/21 3:20:50,middle
2026/1/21 3:20:52,corridor
2026/1/21 3:20:59,side
2026/1/21 3:21:39,corridor
2026/1/21 3:21:39,middle
2026/1/21 3:21:40,mid-sep
2026/1/21 3:21:44,middle
2026/1/21 3:22:05,mid-sep
2026/1/21 3:22:33,middle
2026/1/21 3:23:02,mid-sep
2026/1/21 3:23:15,middle
2026/1/21 3:26:40,corridor
2026/1/21 3:26:43,side
2026/1/21 4:25:47,corridor
2026/1/21 4:25:48,middle
2026/1/21 4:26:39,corridor
2026/1/21 4:26:42,side
2026/1/21 5:14:10,corridor
2026/1/21 5:14:11,middle
2026/1/21 5:14:14,mid-sep
2026/1/21 5:15:12,middle
2026/1/21 5:18:45,mid-sep
2026/1/21 5:19:32,middle
2026/1/21 5:20:16,mid-sep
2026/1/21 5:21:08,middle
2026/1/21 5:24:22,mid-sep
2026/1/21 5:25:07,middle
2026/1/21 5:25:12,mid-sep
2026/1/21 5:25:34,middle
2026/1/21 5:25:57,corridor
2026/1/21 5:26:04,side
2026/1/21 5:26:36,corridor
2026/1/21 5:26:36,middle
2026/1/21 5:26:36,mid-sep
2026/1/21 5:27:19,middle
2026/1/21 5:35:22,mid-sep
2026/1/21 5:35:41,middle
2026/1/21 5:36:31,corridor
2026/1/21 5:37:00,side
2026/1/21 5:37:27,corridor
2026/1/21 5:37:28,middle
2026/1/21 5:37:28,mid-sep
2026/1/21 5:38:13,middle
2026/1/21 5:38:24,mid-sep
2026/1/21 5:39:01,middle
2026/1/21 5:39:47,mid-sep
2026/1/21 5:40:05,middle
2026/1/21 5:40:22,corridor
2026/1/21 5:40:32,middle
2026/1/21 5:40:48,mid-sep
2026/1/21 5:41:04,middle
2026/1/21 5:41:11,mid-sep
2026/1/21 5:41:44,middle
2026/1/21 5:45:10,mid-sep
2026/1/21 5:45:21,middle
2026/1/21 5:45:27,corridor
2026/1/21 5:45:30,side
2026/1/21 6:51:31,corridor
2026/1/21 6:51:32,middle
2026/1/21 6:51:34,mid-sep
2026/1/21 6:51:53,middle
2026/1/21 6:54:36,mid-sep
2026/1/21 6:54:39,middle
2026/1/21 6:54:52,mid-sep
2026/1/21 6:55:13,middle
2026/1/21 6:55:22,mid-sep
2026/1/21 6:56:02,middle
2026/1/21 6:56:22,corridor
2026/1/21 6:56:26,side
2026/1/21 6:57:12,corridor
2026/1/21 6:57:13,middle
2026/1/21 6:57:14,mid-sep
2026/1/21 6:57:23,middle
2026/1/21 7:01:25,mid-sep
2026/1/21 7:01:54,middle
2026/1/21 7:02:17,mid-sep
2026/1/21 7:02:20,middle
2026/1/21 7:02:33,mid-sep
2026/1/21 7:02:47,middle
2026/1/21 7:08:48,corridor
2026/1/21 7:09:03,side
2026/1/21 7:11:57,corridor
2026/1/21 7:11:58,middle
2026/1/21 7:12:00,mid-sep
2026/1/21 7:12:17,middle
2026/1/21 7:12:28,mid-sep
2026/1/21 7:12:36,middle
2026/1/21 7:13:11,corridor
2026/1/21 7:13:23,side
2026/1/21 7:14:06,corridor
2026/1/21 7:14:07,middle
2026/1/21 7:14:13,mid-sep
2026/1/21 7:14:17,middle
2026/1/21 7:16:17,mid-sep
2026/1/21 7:16:49,middle
2026/1/21 7:19:01,mid-sep
2026/1/21 7:19:06,middle
2026/1/21 7:19:11,corridor
2026/1/21 7:19:16,side
2026/1/21 7:25:06,corridor
2026/1/21 7:25:07,middle
2026/1/21 7:25:09,mid-sep
2026/1/21 7:25:45,middle
2026/1/21 7:26:55,mid-sep
2026/1/21 7:26:58,middle
2026/1/21 7:27:19,mid-sep
2026/1/21 7:27:48,middle
2026/1/21 7:27:52,mid-sep
2026/1/21 7:27:54,middle
2026/1/21 7:28:10,mid-sep
2026/1/21 7:28:35,middle
2026/1/21 7:28:36,corridor
2026/1/21 7:28:40,side
2026/1/21 7:45:39,corridor
2026/1/21 7:45:39,middle
2026/1/21 7:45:42,mid-sep
2026/1/21 7:45:50,middle
2026/1/21 7:46:14,mid-sep
2026/1/21 7:46:51,middle
2026/1/21 7:48:07,corridor
2026/1/21 7:48:11,side
2026/1/21 7:48:32,corridor
2026/1/21 7:48:33,middle
2026/1/21 7:48:36,mid-sep
2026/1/21 7:48:50,middle
2026/1/21 7:48:52,mid-sep
2026/1/21 7:49:07,middle
2026/1/21 7:49:12,mid-sep
2026/1/21 7:49:34,middle
2026/1/21 7:49:42,mid-sep
2026/1/21 7:49:52,middle
2026/1/21 8:01:06,corridor
2026/1/21 8:01:09,side
2026/1/21 8:01:57,corridor
2026/1/21 8:01:58,middle
2026/1/21 8:01:58,mid-sep
2026/1/21 8:02:07,middle
2026/1/21 8:02:15,mid-sep
2026/1/21 8:02:49,middle
2026/1/21 8:32:47,mid-sep
2026/1/21 8:32:50,middle
2026/1/21 8:36:25,mid-sep
2026/1/21 8:36:29,middle
2026/1/21 8:36:38,corridor
2026/1/21 8:36:44,side
2026/1/21 8:37:57,corridor
2026/1/21 8:37:58,middle
2026/1/21 8:38:00,mid-sep
2026/1/21 8:38:16,middle
2026/1/21 8:38:20,mid-sep
2026/1/21 8:38:21,middle
2026/1/21 8:38:29,corridor
2026/1/21 8:38:30,side
2026/1/21 8:40:35,corridor
2026/1/21 8:40:36,middle
2026/1/21 8:40:42,mid-sep
2026/1/21 8:40:51,middle
2026/1/21 8:40:57,corridor
2026/1/21 8:40:58,side
2026/1/21 8:41:51,corridor
2026/1/21 8:41:52,middle
2026/1/21 9:00:44,corridor
2026/1/21 9:01:21,middle
2026/1/21 9:01:43,mid-sep
2026/1/21 9:02:33,middle
2026/1/21 9:02:53,corridor
2026/1/21 9:03:04,middle
2026/1/21 9:03:04,mid-sep
2026/1/21 9:03:38,middle
2026/1/21 9:04:04,mid-sep
2026/1/21 9:04:24,middle
2026/1/21 9:04:34,mid-sep
2026/1/21 9:04:45,middle
2026/1/21 9:05:13,corridor
2026/1/21 9:06:41,side
2026/1/21 9:09:11,corridor
2026/1/21 9:09:12,middle
2026/1/21 9:09:12,mid-sep
2026/1/21 9:09:13,middle
2026/1/21 9:09:24,mid-sep
2026/1/21 9:09:31,middle
2026/1/21 9:11:20,corridor
2026/1/21 9:11:45,middle
2026/1/21 9:11:48,mid-sep
2026/1/21 9:11:49,middle
2026/1/21 9:14:24,mid-sep
2026/1/21 9:14:30,middle
2026/1/21 9:14:31,corridor
2026/1/21 9:14:41,side
2026/1/21 9:15:19,corridor
2026/1/21 9:15:20,middle
2026/1/21 9:15:20,mid-sep
2026/1/21 9:15:59,middle
2026/1/21 9:16:00,corridor
2026/1/21 9:16:01,side
2026/1/21 9:17:30,corridor
2026/1/21 9:17:33,middle
2026/1/21 9:17:33,mid-sep
2026/1/21 9:18:44,middle
2026/1/21 9:18:46,corridor
2026/1/21 9:18:47,side
2026/1/21 9:19:40,corridor
2026/1/21 9:19:40,middle
2026/1/21 9:19:43,mid-sep
2026/1/21 9:19:52,middle
2026/1/21 9:20:07,mid-sep
2026/1/21 9:21:18,middle
2026/1/21 9:23:12,mid-sep
2026/1/21 9:24:02,middle
2026/1/21 9:24:05,corridor
2026/1/21 9:24:07,side
2026/1/21 9:25:47,corridor
2026/1/21 9:25:47,middle
2026/1/21 9:25:54,mid-sep
2026/1/21 9:26:06,middle
2026/1/21 9:26:15,corridor
2026/1/21 9:26:17,side
2026/1/21 9:26:27,corridor
2026/1/21 9:26:29,side
2026/1/21 9:27:38,corridor
2026/1/21 9:27:39,middle
2026/1/21 9:27:39,mid-sep
2026/1/21 9:28:06,middle
2026/1/21 9:28:15,mid-sep
2026/1/21 9:28:17,middle
2026/1/21 9:28:20,corridor
2026/1/21 9:28:22,side
2026/1/21 9:28:58,corridor
2026/1/21 9:29:00,middle
2026/1/21 9:29:01,mid-sep
2026/1/21 9:30:39,middle
2026/1/21 9:30:47,corridor
2026/1/21 9:30:48,side
2026/1/21 9:32:46,corridor
2026/1/21 9:32:48,middle
2026/1/21 9:32:50,mid-sep
2026/1/21 9:32:59,middle
2026/1/21 9:33:01,corridor
2026/1/21 9:33:04,side
2026/1/21 9:34:58,corridor
2026/1/21 9:35:00,side
2026/1/21 9:38:27,corridor
2026/1/21 9:38:35,middle
2026/1/21 9:38:44,mid-sep
2026/1/21 9:39:06,middle
2026/1/21 9:39:13,mid-sep
2026/1/21 9:39:14,middle
2026/1/21 9:40:28,mid-sep
2026/1/21 9:40:47,middle
2026/1/21 9:40:56,corridor
2026/1/21 9:40:57,side
2026/1/21 9:41:13,corridor
2026/1/21 9:41:14,middle
2026/1/21 9:41:15,mid-sep
2026/1/21 9:41:21,middle
2026/1/21 9:42:29,mid-sep
2026/1/21 9:42:56,middle
2026/1/21 9:44:25,mid-sep
2026/1/21 9:44:48,middle
2026/1/21 9:44:50,corridor
2026/1/21 9:44:50,side
2026/1/21 9:45:57,corridor
2026/1/21 9:45:58,middle
2026/1/21 9:46:00,mid-sep
2026/1/21 9:46:22,middle
2026/1/21 9:46:26,corridor
2026/1/21 9:46:27,side
2026/1/21 9:47:39,corridor
2026/1/21 9:47:41,middle
2026/1/21 9:47:41,mid-sep
2026/1/21 9:48:57,middle
2026/1/21 9:49:01,mid-sep
2026/1/21 9:49:08,middle
2026/1/21 9:49:24,mid-sep
2026/1/21 9:49:51,middle
2026/1/21 9:49:54,corridor
2026/1/21 9:49:56,side
2026/1/21 9:51:35,corridor
2026/1/21 9:51:39,middle
2026/1/21 9:51:39,mid-sep
2026/1/21 9:51:52,middle
2026/1/21 9:51:56,corridor
2026/1/21 9:51:57,side
2026/1/21 9:52:07,corridor
2026/1/21 9:52:10,middle
2026/1/21 9:54:46,mid-sep
2026/1/21 9:54:46,middle
2026/1/21 9:54:58,mid-sep
2026/1/21 9:55:15,middle
2026/1/21 9:55:48,mid-sep
2026/1/21 9:56:21,middle
2026/1/21 9:57:11,mid-sep
2026/1/21 9:57:12,middle
2026/1/21 9:57:33,corridor
2026/1/21 9:57:35,side
2026/1/21 9:58:26,corridor
2026/1/21 9:58:27,middle
2026/1/21 9:58:28,mid-sep
2026/1/21 9:59:07,middle
2026/1/21 9:59:48,mid-sep
2026/1/21 9:59:53,middle
2026/1/21 9:59:55,corridor
2026/1/21 9:59:55,side
2026/1/21 10:00:51,corridor
2026/1/21 10:00:52,side
2026/1/21 10:03:42,corridor
2026/1/21 10:03:44,middle
2026/1/21 10:03:45,mid-sep
2026/1/21 10:03:49,middle
2026/1/21 10:03:52,corridor
2026/1/21 10:03:53,side
2026/1/21 10:04:29,corridor
2026/1/21 10:04:31,middle
2026/1/21 10:04:34,mid-sep
2026/1/21 10:04:50,middle
2026/1/21 10:04:56,corridor
2026/1/21 10:04:57,middle
2026/1/21 10:05:03,mid-sep
2026/1/21 10:05:05,middle
2026/1/21 10:05:39,mid-sep
2026/1/21 10:05:49,middle
2026/1/21 10:05:50,corridor
2026/1/21 10:05:50,side
2026/1/21 10:06:01,corridor
2026/1/21 10:06:04,middle
2026/1/21 10:06:11,mid-sep
2026/1/21 10:06:16,middle
2026/1/21 10:06:29,corridor
2026/1/21 10:06:32,side
2026/1/21 10:06:48,corridor
2026/1/21 10:06:50,side
2026/1/21 10:07:46,corridor
2026/1/21 10:07:51,middle
2026/1/21 10:07:56,mid-sep
2026/1/21 10:07:58,middle
2026/1/21 10:07:59,corridor
2026/1/21 10:08:00,side
2026/1/21 10:12:03,corridor
2026/1/21 10:12:07,side
2026/1/21 10:13:21,corridor
2026/1/21 10:13:21,middle
2026/1/21 10:13:24,mid-sep
2026/1/21 10:13:29,middle
2026/1/21 10:13:35,mid-sep
2026/1/21 10:13:46,middle
2026/1/21 10:13:56,corridor
2026/1/21 10:13:58,side
2026/1/21 10:15:13,corridor
2026/1/21 10:15:14,middle
2026/1/21 10:15:15,mid-sep
2026/1/21 10:15:22,middle
2026/1/21 10:15:25,corridor
2026/1/21 10:15:25,side
2026/1/21 10:16:47,corridor
2026/1/21 10:16:51,middle
2026/1/21 10:16:53,mid-sep
2026/1/21 10:16:59,middle
2026/1/21 10:17:00,corridor
2026/1/21 10:17:01,side
2026/1/21 10:20:54,corridor
2026/1/21 10:20:55,middle
2026/1/21 10:20:56,mid-sep
2026/1/21 10:21:08,middle
2026/1/21 10:21:11,mid-sep
2026/1/21 10:21:19,middle
2026/1/21 10:21:42,mid-sep
2026/1/21 10:21:46,middle
2026/1/21 10:22:15,mid-sep
2026/1/21 10:22:34,middle
2026/1/21 10:22:45,corridor
2026/1/21 10:22:47,side
2026/1/21 10:27:16,corridor
2026/1/21 10:27:16,middle
2026/1/21 10:27:17,mid-sep
2026/1/21 10:27:26,middle
2026/1/21 10:27:32,mid-sep
2026/1/21 10:27:34,middle
2026/1/21 10:27:45,corridor
2026/1/21 10:27:47,side
2026/1/21 10:28:08,corridor
2026/1/21 10:28:09,middle
2026/1/21 10:28:10,mid-sep
2026/1/21 10:28:23,middle
2026/1/21 10:28:27,mid-sep
2026/1/21 10:29:15,middle
2026/1/21 10:29:23,mid-sep
2026/1/21 10:29:45,middle
2026/1/21 10:29:55,mid-sep
2026/1/21 10:30:58,middle
2026/1/21 10:31:07,corridor
2026/1/21 10:31:07,side
2026/1/21 10:33:51,corridor
2026/1/21 10:33:58,middle
2026/1/21 10:33:59,mid-sep
2026/1/21 10:34:19,middle
2026/1/21 10:34:27,mid-sep
2026/1/21 10:34:45,middle
2026/1/21 10:34:48,corridor
2026/1/21 10:34:51,side
2026/1/21 10:35:03,corridor
2026/1/21 10:35:05,middle
2026/1/21 10:35:10,mid-sep
2026/1/21 10:35:26,middle
2026/1/21 10:35:31,mid-sep
2026/1/21 10:35:33,middle
2026/1/21 10:35:43,corridor
2026/1/21 10:35:44,side
2026/1/21 10:36:53,corridor
2026/1/21 10:36:54,middle
2026/1/21 10:36:55,mid-sep
2026/1/21 10:37:09,middle
2026/1/21 10:37:11,corridor
2026/1/21 10:37:13,side
2026/1/21 10:38:28,corridor
2026/1/21 10:38:30,side
2026/1/21 10:39:39,corridor
2026/1/21 10:39:40,side
2026/1/21 10:43:35,corridor
2026/1/21 10:43:36,middle
2026/1/21 10:43:40,mid-sep
2026/1/21 10:43:42,middle
2026/1/21 10:44:08,corridor
2026/1/21 10:44:09,middle
2026/1/21 10:44:27,corridor
2026/1/21 10:44:27,side
2026/1/21 10:44:34,corridor
2026/1/21 10:44:34,middle
2026/1/21 10:44:39,mid-sep
2026/1/21 10:44:46,middle
2026/1/21 10:44:52,corridor
2026/1/21 10:44:54,middle
2026/1/21 10:45:00,mid-sep
2026/1/21 10:45:01,middle
2026/1/21 10:45:02,corridor
2026/1/21 10:45:03,side
2026/1/21 10:49:13,corridor
2026/1/21 10:49:19,side
2026/1/21 12:14:34,corridor
2026/1/21 12:14:35,middle
2026/1/21 12:14:37,mid-sep
2026/1/21 12:15:17,middle
2026/1/21 12:16:24,mid-sep
2026/1/21 12:16:52,middle
2026/1/21 12:17:01,mid-sep
2026/1/21 12:17:03,middle
2026/1/21 12:17:09,corridor
2026/1/21 12:17:12,side
2026/1/21 12:17:28,corridor
2026/1/21 12:17:32,middle
2026/1/21 12:17:33,mid-sep
2026/1/21 12:17:37,middle
2026/1/21 12:17:42,corridor
2026/1/21 12:17:43,side
2026/1/21 12:18:03,corridor
2026/1/21 12:18:05,middle
2026/1/21 12:18:06,mid-sep
2026/1/21 12:18:10,middle
2026/1/21 12:18:23,corridor
2026/1/21 12:18:25,side
2026/1/21 12:20:42,corridor
2026/1/21 12:20:45,middle
2026/1/21 12:20:47,mid-sep
2026/1/21 12:20:55,middle
2026/1/21 12:21:32,mid-sep
2026/1/21 12:22:35,middle
2026/1/21 12:22:46,mid-sep
2026/1/21 12:22:48,middle
2026/1/21 12:22:51,corridor
2026/1/21 12:22:53,side
2026/1/21 12:23:18,corridor
2026/1/21 12:23:19,middle
2026/1/21 12:23:20,mid-sep
2026/1/21 12:23:48,middle
2026/1/21 12:23:49,corridor
2026/1/21 12:23:51,side
2026/1/21 12:25:54,corridor
2026/1/21 12:25:56,middle
2026/1/21 12:25:56,mid-sep
2026/1/21 12:26:04,middle
2026/1/21 12:26:22,mid-sep
2026/1/21 12:26:44,middle
2026/1/21 12:26:49,mid-sep
2026/1/21 12:27:19,middle
2026/1/21 12:27:22,corridor
2026/1/21 12:27:23,side
2026/1/21 12:28:05,corridor
2026/1/21 12:28:07,middle
2026/1/21 12:28:09,mid-sep
2026/1/21 12:29:14,middle
2026/1/21 12:29:17,corridor
2026/1/21 12:29:24,side
2026/1/21 12:31:07,corridor
2026/1/21 12:31:25,side
2026/1/21 12:32:28,corridor
2026/1/21 12:32:30,middle
2026/1/21 12:32:40,mid-sep
2026/1/21 12:32:48,middle
2026/1/21 12:32:53,mid-sep
2026/1/21 12:32:54,middle
2026/1/21 12:32:57,corridor
2026/1/21 12:32:59,side
2026/1/21 12:35:45,corridor
2026/1/21 12:35:48,middle
2026/1/21 12:35:59,mid-sep
2026/1/21 12:36:19,middle
2026/1/21 12:36:54,mid-sep
2026/1/21 12:37:09,middle
2026/1/21 12:37:12,corridor
2026/1/21 12:37:13,side
2026/1/21 12:38:57,corridor
2026/1/21 12:38:58,middle
2026/1/21 12:38:58,mid-sep
2026/1/21 12:39:07,middle
2026/1/21 12:39:07,corridor
2026/1/21 12:39:08,side
2026/1/21 12:40:36,corridor
2026/1/21 12:40:41,middle
2026/1/21 12:40:41,mid-sep
2026/1/21 12:41:04,middle
2026/1/21 12:41:27,mid-sep
2026/1/21 12:41:51,middle
2026/1/21 12:41:54,corridor
2026/1/21 12:41:56,side
2026/1/21 12:44:11,corridor
2026/1/21 12:44:23,side
2026/1/21 12:47:54,corridor
2026/1/21 12:47:56,middle
2026/1/21 12:48:04,mid-sep
2026/1/21 12:48:33,middle
2026/1/21 12:48:36,corridor
2026/1/21 12:48:37,side
2026/1/21 12:51:25,corridor
2026/1/21 12:51:32,side
2026/1/21 14:29:02,corridor
2026/1/21 14:29:03,middle
2026/1/21 14:29:03,mid-sep
2026/1/21 14:31:06,middle
2026/1/21 14:31:34,corridor
2026/1/21 14:31:36,side
2026/1/21 14:35:12,corridor
2026/1/21 14:35:16,middle
2026/1/21 14:35:18,mid-sep
2026/1/21 14:36:19,middle
2026/1/21 14:36:41,mid-sep
2026/1/21 14:37:30,middle
2026/1/21 14:38:03,mid-sep
2026/1/21 14:38:17,middle
2026/1/21 14:38:19,corridor
2026/1/21 14:38:21,side
2026/1/21 14:38:24,corridor
2026/1/21 14:38:26,middle
2026/1/21 14:38:28,mid-sep
2026/1/21 14:38:41,middle
2026/1/21 14:38:41,corridor
2026/1/21 14:38:43,side
2026/1/21 14:39:08,corridor
2026/1/21 14:39:12,middle
2026/1/21 14:39:18,mid-sep
2026/1/21 14:40:19,middle
2026/1/21 14:40:23,corridor
2026/1/21 14:40:25,side
2026/1/21 14:45:06,corridor
2026/1/21 14:45:08,middle
2026/1/21 14:45:08,mid-sep
2026/1/21 14:48:16,middle
2026/1/21 14:48:20,corridor
2026/1/21 14:48:21,side
2026/1/21 14:49:57,corridor
2026/1/21 14:49:58,middle
2026/1/21 14:50:00,mid-sep
2026/1/21 14:50:14,middle
2026/1/21 14:50:15,corridor
2026/1/21 14:50:17,side
2026/1/21 14:51:48,corridor
2026/1/21 14:51:55,middle
2026/1/21 14:51:55,mid-sep
2026/1/21 14:52:47,middle
2026/1/21 14:53:39,corridor
2026/1/21 14:53:44,side
2026/1/21 16:23:07,corridor
2026/1/21 16:23:09,middle
2026/1/21 16:23:11,mid-sep
2026/1/21 16:23:37,middle
2026/1/21 16:24:22,mid-sep
2026/1/21 16:24:45,middle
2026/1/21 16:25:28,mid-sep
2026/1/21 16:25:45,middle
2026/1/21 16:26:48,corridor
2026/1/21 16:26:53,side
2026/1/21 16:27:03,corridor
2026/1/21 16:27:06,middle
2026/1/21 16:27:07,mid-sep
2026/1/21 16:28:51,middle
2026/1/21 16:28:54,corridor
2026/1/21 16:28:56,side
2026/1/21 16:29:20,corridor
2026/1/21 16:29:21,middle
2026/1/21 16:29:22,mid-sep
2026/1/21 16:30:56,middle
2026/1/21 16:31:17,corridor
2026/1/21 16:31:18,side
2026/1/21 16:33:19,corridor
2026/1/21 16:33:22,middle
2026/1/21 16:33:24,mid-sep
2026/1/21 16:34:15,middle
2026/1/21 16:34:18,corridor
2026/1/21 16:34:19,side
2026/1/21 16:39:19,corridor
2026/1/21 16:39:20,middle
2026/1/21 16:39:21,mid-sep
2026/1/21 16:40:44,middle
2026/1/21 16:40:49,corridor
2026/1/21 16:40:51,side
2026/1/21 16:43:12,corridor
2026/1/21 16:43:13,middle
2026/1/21 16:43:13,mid-sep
2026/1/21 16:45:26,middle
2026/1/21 16:45:28,corridor
2026/1/21 16:45:29,side
2026/1/21 16:47:09,corridor
2026/1/21 16:47:10,middle
2026/1/21 16:47:11,mid-sep
2026/1/21 16:47:29,middle
2026/1/21 16:47:50,corridor
2026/1/21 16:48:05,side
2026/1/21 16:48:37,corridor
2026/1/21 16:48:47,middle
2026/1/21 16:48:47,mid-sep
2026/1/21 16:48:54,middle
2026/1/21 16:49:02,corridor
2026/1/21 16:49:04,side
2026/1/21 16:50:34,corridor
2026/1/21 16:50:36,middle
2026/1/21 16:50:36,mid-sep
2026/1/21 16:50:59,middle
2026/1/21 16:51:28,mid-sep
2026/1/21 16:51:29,middle
2026/1/21 16:51:55,mid-sep
2026/1/21 16:51:57,middle
2026/1/21 16:52:30,corridor
2026/1/21 16:52:31,side
2026/1/21 16:52:57,corridor
2026/1/21 16:53:00,middle
2026/1/21 16:53:01,mid-sep
2026/1/21 16:53:15,middle
2026/1/21 16:53:17,corridor
2026/1/21 16:53:20,side
2026/1/21 16:56:44,corridor
2026/1/21 16:56:45,middle
2026/1/21 16:56:48,mid-sep
2026/1/21 16:56:57,middle
2026/1/21 16:58:32,mid-sep
2026/1/21 16:58:35,middle
2026/1/21 16:58:36,corridor
2026/1/21 16:58:39,side
2026/1/21 16:59:24,corridor
2026/1/21 16:59:38,side
2026/1/21 17:00:04,corridor
2026/1/21 17:00:11,side
2026/1/21 17:03:06,corridor
2026/1/21 17:03:15,middle
2026/1/21 17:03:18,mid-sep
2026/1/21 17:03:36,middle
2026/1/21 17:04:03,mid-sep
2026/1/21 17:04:06,middle
2026/1/21 17:05:08,corridor
2026/1/21 17:05:13,side
2026/1/21 17:09:02,corridor
2026/1/21 17:09:08,middle
2026/1/21 17:09:09,mid-sep
2026/1/21 17:09:22,middle
2026/1/21 17:09:24,corridor
2026/1/21 17:09:25,side
2026/1/21 18:26:03,corridor
2026/1/21 18:26:04,middle
2026/1/21 18:26:05,mid-sep
2026/1/21 18:26:20,middle
2026/1/21 18:26:22,corridor
2026/1/21 18:26:23,side
2026/1/21 18:26:33,corridor
2026/1/21 18:26:34,middle
2026/1/21 18:26:35,mid-sep
2026/1/21 18:27:05,middle
2026/1/21 18:27:28,corridor
2026/1/21 18:27:29,side
2026/1/21 18:27:44,corridor
2026/1/21 18:27:46,middle
2026/1/21 18:27:49,mid-sep
2026/1/21 18:28:24,middle
2026/1/21 18:28:27,corridor
2026/1/21 18:28:28,side
2026/1/21 18:28:42,corridor
2026/1/21 18:28:42,middle
2026/1/21 18:28:42,mid-sep
2026/1/21 18:28:43,middle
2026/1/21 18:30:11,mid-sep
2026/1/21 18:30:13,middle
2026/1/21 18:35:39,mid-sep
2026/1/21 18:36:40,middle
2026/1/21 18:37:05,corridor
2026/1/21 18:37:06,side
2026/1/21 18:37:53,corridor
2026/1/21 18:38:00,middle
2026/1/21 18:38:02,mid-sep
2026/1/21 18:38:41,middle
2026/1/21 18:39:01,mid-sep
2026/1/21 18:39:05,middle
2026/1/21 18:39:07,corridor
2026/1/21 18:39:08,side
2026/1/21 18:39:55,corridor
2026/1/21 18:42:53,middle
2026/1/21 18:42:55,mid-sep
2026/1/21 18:43:01,middle
2026/1/21 18:43:15,mid-sep
2026/1/21 18:45:20,middle
2026/1/21 18:45:23,corridor
2026/1/21 18:45:23,side
2026/1/21 18:45:56,corridor
2026/1/21 18:45:58,middle
2026/1/21 18:45:59,mid-sep
2026/1/21 18:46:49,middle
2026/1/21 18:46:53,mid-sep
2026/1/21 18:46:58,middle
2026/1/21 18:48:42,mid-sep
2026/1/21 18:49:00,middle
2026/1/21 18:49:33,mid-sep
2026/1/21 18:49:40,middle
2026/1/21 18:51:55,corridor
2026/1/21 18:51:57,side
2026/1/21 18:52:43,corridor
2026/1/21 18:52:45,middle
2026/1/21 18:52:46,mid-sep
2026/1/21 18:52:58,middle
2026/1/21 18:53:03,mid-sep
2026/1/21 18:53:04,middle
2026/1/21 18:53:04,corridor
2026/1/21 18:53:06,side
2026/1/21 18:53:40,corridor
2026/1/21 18:53:41,side
2026/1/21 18:56:09,corridor
2026/1/21 18:56:13,middle
2026/1/21 18:56:26,mid-sep
2026/1/21 18:57:16,middle
2026/1/21 19:03:32,mid-sep
2026/1/21 19:03:52,middle
2026/1/21 19:04:11,mid-sep
2026/1/21 19:04:14,middle
2026/1/21 19:04:16,corridor
2026/1/21 19:04:17,side
2026/1/21 19:05:28,corridor
2026/1/21 19:05:30,middle
2026/1/21 19:05:32,corridor
2026/1/21 19:05:32,side
2026/1/21 19:07:42,corridor
2026/1/21 19:07:44,middle
2026/1/21 19:07:46,mid-sep
2026/1/21 19:07:47,middle
2026/1/21 19:11:31,mid-sep
2026/1/21 19:11:32,middle
2026/1/21 19:11:46,corridor
2026/1/21 19:11:49,side
2026/1/21 19:12:54,corridor
2026/1/21 19:12:56,middle
2026/1/21 19:12:58,mid-sep
2026/1/21 19:13:04,middle
2026/1/21 19:13:10,corridor
2026/1/21 19:13:11,side
2026/1/21 19:13:16,corridor
2026/1/21 19:13:16,middle
2026/1/21 19:23:58,corridor
2026/1/21 19:24:02,side
2026/1/21 19:24:36,corridor
2026/1/21 19:24:36,middle
2026/1/21 19:24:38,mid-sep
2026/1/21 19:25:03,middle
2026/1/21 19:28:13,mid-sep
2026/1/21 19:28:52,middle
2026/1/21 19:29:13,corridor
2026/1/21 19:29:16,side
2026/1/21 19:29:23,corridor
2026/1/21 19:29:24,middle
2026/1/21 19:29:24,mid-sep
2026/1/21 19:29:50,middle
2026/1/21 19:33:33,corridor
2026/1/21 19:33:36,side
2026/1/21 19:34:38,corridor
2026/1/21 19:34:40,middle
2026/1/21 19:34:41,mid-sep
2026/1/21 19:34:42,middle
2026/1/21 19:40:48,mid-sep
2026/1/21 19:41:26,middle
2026/1/21 19:41:28,corridor
2026/1/21 19:41:41,side
2026/1/21 19:42:38,corridor
2026/1/21 19:42:38,middle
2026/1/21 19:42:39,mid-sep
2026/1/21 19:42:40,middle
2026/1/21 19:47:15,mid-sep
2026/1/21 19:48:12,middle
2026/1/21 19:48:51,mid-sep
2026/1/21 19:49:17,middle
2026/1/21 19:49:34,mid-sep
2026/1/21 19:49:44,middle
2026/1/21 20:01:03,mid-sep
2026/1/21 20:01:19,middle
2026/1/21 20:01:58,corridor
2026/1/21 20:02:03,side
2026/1/21 20:02:14,corridor
2026/1/21 20:02:14,middle
2026/1/21 20:02:15,mid-sep
2026/1/21 20:02:59,middle
2026/1/21 20:03:02,corridor
2026/1/21 20:03:04,side
2026/1/21 20:03:49,corridor
2026/1/21 20:03:49,middle
2026/1/21 20:03:49,mid-sep
2026/1/21 20:04:50,middle
2026/1/21 20:04:58,corridor
2026/1/21 20:05:34,middle
2026/1/21 20:05:34,mid-sep
2026/1/21 20:07:28,middle
2026/1/21 20:14:47,mid-sep
2026/1/21 20:15:01,middle
2026/1/21 20:19:00,mid-sep
2026/1/21 20:19:17,middle
2026/1/21 20:19:32,mid-sep
2026/1/21 20:19:45,middle
2026/1/21 20:26:26,mid-sep
2026/1/21 20:26:33,middle
2026/1/21 20:26:37,corridor
2026/1/21 20:26:42,middle
2026/1/21 20:30:55,corridor
2026/1/21 20:31:52,side
2026/1/21 20:32:20,corridor
2026/1/21 20:32:20,middle
2026/1/21 20:32:21,mid-sep
2026/1/21 20:32:24,middle
2026/1/21 20:32:45,mid-sep
2026/1/21 20:32:56,middle
2026/1/21 20:33:07,mid-sep
2026/1/21 20:33:44,middle
2026/1/21 20:33:58,corridor
2026/1/21 20:33:59,side
2026/1/21 20:34:58,corridor
2026/1/21 20:34:59,middle
2026/1/21 20:34:59,mid-sep
2026/1/21 20:34:59,middle
2026/1/21 20:35:07,mid-sep
2026/1/21 20:35:23,middle
2026/1/21 20:35:38,mid-sep
2026/1/21 20:36:29,middle
2026/1/21 20:36:44,mid-sep
2026/1/21 20:37:20,middle
2026/1/21 20:45:17,mid-sep
2026/1/21 20:45:43,middle
2026/1/21 20:51:12,mid-sep
2026/1/21 20:52:36,middle
2026/1/21 20:52:44,mid-sep
2026/1/21 20:52:55,middle
2026/1/21 20:55:27,mid-sep
2026/1/21 20:55:31,middle
2026/1/21 20:57:38,corridor
2026/1/21 20:57:43,side
2026/1/21 20:58:01,corridor
2026/1/21 20:58:01,middle
2026/1/21 20:58:01,mid-sep
2026/1/21 20:58:25,middle
2026/1/21 20:59:02,mid-sep
2026/1/21 20:59:19,middle
2026/1/21 21:05:20,mid-sep
2026/1/21 21:05:27,middle
2026/1/21 21:13:07,mid-sep
2026/1/21 21:13:12,middle
2026/1/21 21:13:23,mid-sep
2026/1/21 21:14:03,middle
2026/1/21 21:18:45,corridor
2026/1/21 21:18:49,side
2026/1/21 21:21:35,corridor
2026/1/21 21:21:36,middle
2026/1/21 21:21:37,mid-sep
2026/1/21 21:21:59,middle
2026/1/21 21:54:01,mid-sep
2026/1/21 21:54:06,middle
2026/1/21 22:07:20,mid-sep
2026/1/21 22:07:29,middle
2026/1/21 22:28:01,mid-sep
2026/1/21 22:28:12,middle
2026/1/21 22:31:17,corridor
2026/1/21 22:31:20,side
2026/1/21 22:34:03,corridor
2026/1/21 22:34:04,middle
2026/1/21 22:34:07,mid-sep
2026/1/21 22:34:16,middle
2026/1/21 22:34:24,corridor
2026/1/21 22:34:25,side
2026/1/21 22:35:27,corridor
2026/1/21 22:35:28,middle
2026/1/21 22:35:29,mid-sep
2026/1/21 22:35:50,middle
2026/1/21 22:36:12,mid-sep
2026/1/21 22:36:27,middle
2026/1/21 22:36:39,mid-sep
2026/1/21 22:36:46,middle
2026/1/21 22:36:51,mid-sep
2026/1/21 22:36:53,middle
2026/1/21 22:41:56,mid-sep
2026/1/21 22:42:48,middle
2026/1/21 22:43:24,mid-sep
2026/1/21 22:43:34,middle
2026/1/21 22:58:32,mid-sep
2026/1/21 22:58:47,middle
2026/1/21 22:58:58,mid-sep
2026/1/21 22:59:27,middle
2026/1/21 23:02:20,corridor
2026/1/21 23:02:25,side
2026/1/21 23:02:59,corridor
2026/1/21 23:03:00,middle
2026/1/21 23:03:02,mid-sep
2026/1/21 23:04:00,middle
2026/1/21 23:06:32,corridor
2026/1/21 23:06:33,side
2026/1/22 0:37:13,corridor
2026/1/22 0:37:15,middle
2026/1/22 0:59:34,mid-sep
2026/1/22 0:59:46,middle
2026/1/22 1:00:00,corridor
2026/1/22 1:00:05,side
2026/1/22 1:01:50,corridor
2026/1/22 1:01:51,middle
2026/1/22 1:01:52,mid-sep
2026/1/22 1:02:04,middle
2026/1/22 1:02:21,mid-sep
2026/1/22 1:03:21,middle
2026/1/22 1:10:35,mid-sep
2026/1/22 1:10:50,middle
2026/1/22 1:11:04,mid-sep
2026/1/22 1:11:34,middle
2026/1/22 1:11:42,corridor
2026/1/22 1:11:46,middle
2026/1/22 1:11:47,mid-sep
2026/1/22 1:12:05,middle
2026/1/22 1:12:19,mid-sep
2026/1/22 1:12:30,middle
2026/1/22 1:12:41,mid-sep
2026/1/22 1:13:02,middle
2026/1/22 1:13:08,mid-sep
2026/1/22 1:13:46,middle
2026/1/22 1:13:55,corridor
2026/1/22 1:13:56,side
2026/1/22 1:16:00,corridor
2026/1/22 1:16:01,middle
2026/1/22 1:16:02,mid-sep
2026/1/22 1:16:03,middle
2026/1/22 1:22:15,corridor
2026/1/22 1:22:31,side
2026/1/22 1:23:00,corridor
2026/1/22 1:23:02,middle
2026/1/22 1:23:02,mid-sep
2026/1/22 1:23:08,middle
2026/1/22 1:23:37,mid-sep
2026/1/22 1:23:42,middle
2026/1/22 1:26:30,corridor
2026/1/22 1:26:34,side
2026/1/22 1:27:31,corridor
2026/1/22 1:27:32,middle
2026/1/22 1:27:32,mid-sep
2026/1/22 1:27:32,middle
2026/1/22 1:27:59,mid-sep
2026/1/22 1:28:03,middle
2026/1/22 1:39:18,mid-sep
2026/1/22 1:39:39,middle
2026/1/22 1:41:24,mid-sep
2026/1/22 1:42:01,middle
2026/1/22 1:42:13,corridor
2026/1/22 1:42:15,side
2026/1/22 1:42:40,corridor
2026/1/22 1:42:41,middle
2026/1/22 1:42:45,corridor
2026/1/22 1:42:48,side
2026/1/22 1:46:25,corridor
2026/1/22 1:46:26,middle
2026/1/22 1:46:28,mid-sep
2026/1/22 1:46:31,middle
2026/1/22 1:46:43,mid-sep
2026/1/22 1:46:48,middle
2026/1/22 1:46:51,corridor
2026/1/22 1:46:52,side
2026/1/22 1:49:11,corridor
2026/1/22 1:49:12,middle
2026/1/22 1:49:12,mid-sep
2026/1/22 1:49:13,middle
2026/1/22 1:49:13,corridor
2026/1/22 1:49:14,side
2026/1/22 3:22:43,corridor
2026/1/22 3:22:44,middle
2026/1/22 3:22:45,mid-sep
2026/1/22 3:23:11,middle
2026/1/22 3:23:38,mid-sep
2026/1/22 3:23:44,middle
2026/1/22 3:27:06,mid-sep
2026/1/22 3:29:42,middle
2026/1/22 3:38:12,mid-sep
2026/1/22 3:38:45,middle
2026/1/22 3:39:03,mid-sep
2026/1/22 3:39:12,middle
2026/1/22 3:39:24,mid-sep
2026/1/22 3:39:35,middle
2026/1/22 3:39:46,mid-sep
2026/1/22 3:40:01,middle
2026/1/22 3:40:11,mid-sep
2026/1/22 3:40:17,middle
2026/1/22 3:40:22,mid-sep
2026/1/22 3:40:26,middle
2026/1/22 3:40:33,corridor
2026/1/22 3:40:34,side
2026/1/22 3:41:15,corridor
2026/1/22 3:41:16,middle
2026/1/22 3:41:20,corridor
2026/1/22 3:41:21,side
2026/1/22 3:41:34,corridor
2026/1/22 3:41:34,middle
2026/1/22 3:48:15,mid-sep
2026/1/22 3:48:22,middle
2026/1/22 3:49:12,corridor
2026/1/22 3:49:15,side
2026/1/22 5:45:25,corridor
2026/1/22 5:45:26,middle
2026/1/22 5:45:26,mid-sep
2026/1/22 5:45:26,middle
2026/1/22 5:45:31,mid-sep
2026/1/22 5:45:33,middle
2026/1/22 5:47:27,mid-sep
2026/1/22 5:47:32,middle
2026/1/22 5:53:56,mid-sep
2026/1/22 5:54:03,middle
2026/1/22 5:54:53,mid-sep
2026/1/22 5:54:58,middle
2026/1/22 5:55:05,mid-sep
2026/1/22 5:55:24,middle
2026/1/22 5:55:29,corridor
2026/1/22 5:55:37,side
2026/1/22 5:55:52,corridor
2026/1/22 5:55:53,middle
2026/1/22 5:56:51,mid-sep
2026/1/22 5:57:15,middle
2026/1/22 5:57:42,mid-sep
2026/1/22 5:57:52,middle
2026/1/22 5:59:04,mid-sep
2026/1/22 5:59:50,middle
2026/1/22 6:00:59,corridor
2026/1/22 6:01:01,side
2026/1/22 7:16:58,corridor
2026/1/22 7:16:59,middle
2026/1/22 7:17:01,mid-sep
2026/1/22 7:17:17,middle
2026/1/22 7:18:43,mid-sep
2026/1/22 7:19:30,middle
2026/1/22 7:20:44,mid-sep
2026/1/22 7:21:03,middle
2026/1/22 7:22:44,mid-sep
2026/1/22 7:22:51,middle
2026/1/22 7:30:20,mid-sep
2026/1/22 7:30:24,middle
2026/1/22 7:34:58,mid-sep
2026/1/22 7:35:00,middle
2026/1/22 7:35:01,corridor
2026/1/22 7:35:11,side
2026/1/22 7:35:23,corridor
2026/1/22 7:35:23,middle
2026/1/22 7:35:24,mid-sep
2026/1/22 7:35:31,middle
2026/1/22 7:35:35,corridor
2026/1/22 7:35:56,side
2026/1/22 7:36:51,corridor
2026/1/22 7:36:51,middle
2026/1/22 7:36:54,mid-sep
2026/1/22 7:37:25,middle
2026/1/22 7:37:30,corridor
2026/1/22 7:37:32,side
2026/1/22 7:38:52,corridor
2026/1/22 7:38:53,middle
2026/1/22 7:38:53,mid-sep
2026/1/22 7:38:56,middle
2026/1/22 7:42:14,mid-sep
2026/1/22 7:42:33,middle
2026/1/22 7:50:26,mid-sep
2026/1/22 7:50:41,middle
2026/1/22 7:59:34,mid-sep
2026/1/22 7:59:49,middle
2026/1/22 8:34:26,mid-sep
2026/1/22 8:34:32,middle
2026/1/22 8:34:36,corridor
2026/1/22 8:34:40,side
2026/1/22 8:35:05,corridor
2026/1/22 8:35:06,middle
2026/1/22 8:35:07,mid-sep
2026/1/22 8:35:55,middle
2026/1/22 8:35:57,corridor
2026/1/22 8:35:58,side
2026/1/22 8:37:24,corridor
2026/1/22 8:37:25,middle
2026/1/22 8:37:25,mid-sep
2026/1/22 8:37:56,middle
2026/1/22 8:38:04,mid-sep
2026/1/22 8:38:16,middle
2026/1/22 8:38:30,corridor
2026/1/22 8:38:36,side
2026/1/22 8:39:22,corridor
2026/1/22 8:39:29,middle
2026/1/22 8:39:34,mid-sep
2026/1/22 8:39:55,middle
2026/1/22 8:45:13,mid-sep
2026/1/22 8:45:23,middle
2026/1/22 8:45:31,mid-sep
2026/1/22 8:45:50,middle
2026/1/22 8:45:53,corridor
2026/1/22 8:45:56,middle
2026/1/22 8:46:00,mid-sep
2026/1/22 8:46:19,middle
2026/1/22 8:46:33,mid-sep
2026/1/22 8:46:39,middle
2026/1/22 8:46:43,corridor
2026/1/22 8:46:46,side
2026/1/22 8:49:57,corridor
2026/1/22 8:50:01,middle
2026/1/22 8:50:04,mid-sep
2026/1/22 8:50:13,middle
2026/1/22 8:50:14,corridor
2026/1/22 8:50:14,side
2026/1/22 8:51:53,corridor
2026/1/22 8:52:01,middle
2026/1/22 8:52:17,mid-sep
2026/1/22 8:52:50,middle
2026/1/22 8:55:19,mid-sep
2026/1/22 8:55:35,middle
2026/1/22 8:55:38,corridor
2026/1/22 8:55:42,side
2026/1/22 8:56:16,corridor
2026/1/22 8:56:17,side
2026/1/22 8:58:20,corridor
2026/1/22 8:58:21,middle
2026/1/22 8:58:22,mid-sep
2026/1/22 8:59:06,middle
2026/1/22 9:02:08,mid-sep
2026/1/22 9:02:56,middle
2026/1/22 9:04:13,mid-sep
2026/1/22 9:04:15,middle
2026/1/22 9:04:36,mid-sep
2026/1/22 9:04:47,middle
2026/1/22 9:04:51,corridor
2026/1/22 9:04:51,side
2026/1/22 9:06:05,corridor
2026/1/22 9:06:06,middle
2026/1/22 9:06:12,mid-sep
2026/1/22 9:06:42,middle
2026/1/22 9:14:29,mid-sep
2026/1/22 9:14:30,middle
2026/1/22 9:14:33,corridor
2026/1/22 9:14:33,side
2026/1/22 9:17:14,corridor
2026/1/22 9:17:16,middle
2026/1/22 9:17:18,mid-sep
2026/1/22 9:17:25,middle
2026/1/22 9:17:49,corridor
2026/1/22 9:17:52,side
2026/1/22 9:20:29,corridor
2026/1/22 9:20:31,middle
2026/1/22 9:20:33,mid-sep
2026/1/22 9:20:37,middle
2026/1/22 9:20:55,corridor
2026/1/22 9:20:57,side
2026/1/22 9:22:19,corridor
2026/1/22 9:22:20,middle
2026/1/22 9:22:23,mid-sep
2026/1/22 9:22:23,middle
2026/1/22 9:27:11,mid-sep
2026/1/22 9:27:29,middle
2026/1/22 9:27:44,corridor
2026/1/22 9:27:53,side
2026/1/22 9:29:21,corridor
2026/1/22 9:29:23,middle
2026/1/22 9:38:39,mid-sep
2026/1/22 9:39:08,middle
2026/1/22 9:39:11,corridor
2026/1/22 9:39:16,side
2026/1/22 9:40:06,corridor
2026/1/22 9:40:08,middle
2026/1/22 9:40:54,mid-sep
2026/1/22 9:41:13,middle
2026/1/22 9:41:20,mid-sep
2026/1/22 9:41:25,middle
2026/1/22 9:45:22,mid-sep
2026/1/22 9:45:35,middle
2026/1/22 9:45:40,mid-sep
2026/1/22 9:46:24,middle
2026/1/22 9:46:28,corridor
2026/1/22 9:46:36,middle
2026/1/22 9:46:38,mid-sep
2026/1/22 9:47:08,middle
2026/1/22 9:48:03,mid-sep
2026/1/22 9:49:31,middle
2026/1/22 9:49:42,mid-sep
2026/1/22 9:49:55,middle
2026/1/22 9:50:18,corridor
2026/1/22 9:50:20,side
2026/1/22 9:51:33,corridor
2026/1/22 9:51:36,side
2026/1/22 9:53:44,corridor
2026/1/22 9:53:51,side
2026/1/22 9:56:58,corridor
2026/1/22 9:57:00,middle
2026/1/22 9:57:03,mid-sep
2026/1/22 9:57:22,middle
2026/1/22 9:57:32,corridor
2026/1/22 9:57:33,side
2026/1/22 9:59:52,corridor
2026/1/22 9:59:54,middle
2026/1/22 10:00:04,corridor
2026/1/22 10:00:06,side
2026/1/22 10:01:03,corridor
2026/1/22 10:01:08,middle
2026/1/22 10:01:13,corridor
2026/1/22 10:01:53,middle
2026/1/22 10:01:56,corridor
2026/1/22 10:02:02,side
2026/1/22 10:02:38,corridor
2026/1/22 10:02:39,middle
2026/1/22 10:02:41,mid-sep
2026/1/22 10:02:42,middle
2026/1/22 10:02:46,corridor
2026/1/22 10:02:49,side
2026/1/22 10:03:11,corridor
2026/1/22 10:03:12,middle
2026/1/22 10:03:13,mid-sep
2026/1/22 10:04:54,middle
2026/1/22 10:05:24,mid-sep
2026/1/22 10:06:05,middle
2026/1/22 10:06:28,mid-sep
2026/1/22 10:06:29,middle
2026/1/22 10:07:04,mid-sep
2026/1/22 10:07:55,middle
2026/1/22 10:07:59,corridor
2026/1/22 10:07:59,side
2026/1/22 10:08:11,corridor
2026/1/22 10:08:12,middle
2026/1/22 10:08:14,mid-sep
2026/1/22 10:10:40,middle
2026/1/22 10:13:26,mid-sep
2026/1/22 10:13:33,middle
2026/1/22 10:13:57,mid-sep
2026/1/22 10:14:33,middle
2026/1/22 10:14:51,mid-sep
2026/1/22 10:14:57,middle
2026/1/22 10:14:59,corridor
2026/1/22 10:15:00,side
2026/1/22 10:16:21,corridor
2026/1/22 10:16:22,middle
2026/1/22 10:16:23,mid-sep
2026/1/22 10:16:41,middle
2026/1/22 10:20:49,mid-sep
2026/1/22 10:20:55,middle
2026/1/22 10:21:03,corridor
2026/1/22 10:21:04,side
2026/1/22 10:22:19,corridor
2026/1/22 10:22:21,middle
2026/1/22 10:22:21,mid-sep
2026/1/22 10:22:43,middle
2026/1/22 10:24:01,mid-sep
2026/1/22 10:24:05,middle
2026/1/22 10:24:55,mid-sep
2026/1/22 10:25:30,middle
2026/1/22 10:27:36,mid-sep
2026/1/22 10:28:05,middle
2026/1/22 10:28:29,corridor
2026/1/22 10:28:30,side
2026/1/22 10:29:07,corridor
2026/1/22 10:29:08,middle
2026/1/22 10:29:08,mid-sep
2026/1/22 10:29:28,middle
2026/1/22 10:30:05,mid-sep
2026/1/22 10:30:08,middle
2026/1/22 10:30:09,corridor
2026/1/22 10:30:09,side
2026/1/22 10:30:31,corridor
2026/1/22 10:30:37,middle
2026/1/22 10:30:38,mid-sep
2026/1/22 10:30:42,middle
2026/1/22 10:30:43,corridor
2026/1/22 10:30:43,side
2026/1/22 10:32:19,corridor
2026/1/22 10:32:22,middle
2026/1/22 10:32:29,mid-sep
2026/1/22 10:33:31,middle
2026/1/22 10:33:36,mid-sep
2026/1/22 10:33:49,middle
2026/1/22 10:33:59,mid-sep
2026/1/22 10:34:09,middle
2026/1/22 10:34:14,corridor
2026/1/22 10:34:14,side
2026/1/22 10:34:48,corridor
2026/1/22 10:34:51,middle
2026/1/22 10:34:52,mid-sep
2026/1/22 10:34:53,middle
2026/1/22 10:34:53,corridor
2026/1/22 10:34:53,side
2026/1/22 10:35:31,corridor
2026/1/22 10:35:34,middle
2026/1/22 10:38:51,mid-sep
2026/1/22 10:39:36,middle
2026/1/22 10:40:35,mid-sep
2026/1/22 10:41:10,middle
2026/1/22 10:41:15,corridor
2026/1/22 10:41:17,side
2026/1/22 10:42:33,corridor
2026/1/22 10:42:38,middle
2026/1/22 10:42:38,mid-sep
2026/1/22 10:42:44,middle
2026/1/22 10:42:53,mid-sep
2026/1/22 10:43:01,middle
2026/1/22 10:46:21,mid-sep
2026/1/22 10:46:39,middle
2026/1/22 10:47:02,corridor
2026/1/22 10:47:03,side
2026/1/22 10:48:05,corridor
2026/1/22 10:48:05,middle
2026/1/22 10:48:11,mid-sep
2026/1/22 10:49:03,middle
2026/1/22 10:49:38,mid-sep
2026/1/22 10:50:44,middle
2026/1/22 10:50:52,mid-sep
2026/1/22 10:51:18,middle
2026/1/22 10:51:22,corridor
2026/1/22 10:51:23,side
2026/1/22 10:52:35,corridor
2026/1/22 10:52:35,middle
2026/1/22 10:54:30,mid-sep
2026/1/22 10:55:27,middle
2026/1/22 10:55:27,corridor
2026/1/22 10:55:31,side
2026/1/22 10:57:28,corridor
2026/1/22 10:57:33,side
2026/1/22 11:00:32,corridor
2026/1/22 11:00:32,middle
2026/1/22 11:02:03,mid-sep
2026/1/22 11:02:18,middle
2026/1/22 11:02:53,mid-sep
2026/1/22 11:03:12,middle
2026/1/22 11:03:14,corridor
2026/1/22 11:03:17,side
2026/1/22 11:04:17,corridor
2026/1/22 11:06:17,middle
2026/1/22 11:06:44,corridor
2026/1/22 11:06:44,side
2026/1/22 11:08:43,corridor
2026/1/22 11:08:47,middle
2026/1/22 11:17:07,mid-sep
2026/1/22 11:17:23,middle
2026/1/22 11:18:05,mid-sep
2026/1/22 11:18:15,middle
2026/1/22 11:18:20,mid-sep
2026/1/22 11:18:26,middle
2026/1/22 11:18:30,mid-sep
2026/1/22 11:19:13,middle
2026/1/22 11:22:08,corridor
2026/1/22 11:22:09,side
2026/1/22 11:24:18,corridor
2026/1/22 11:24:20,middle
2026/1/22 11:24:22,mid-sep
2026/1/22 11:24:42,middle
2026/1/22 11:29:48,corridor
2026/1/22 11:29:49,side
2026/1/22 13:25:50,corridor
2026/1/22 13:25:50,middle
2026/1/22 13:26:01,mid-sep
2026/1/22 13:26:42,middle
2026/1/22 13:27:51,mid-sep
2026/1/22 13:29:13,middle
2026/1/22 13:29:50,mid-sep
2026/1/22 13:30:12,middle
2026/1/22 13:32:01,mid-sep
2026/1/22 13:32:44,middle
2026/1/22 13:32:57,corridor
2026/1/22 13:33:00,side
2026/1/22 13:36:30,corridor
2026/1/22 13:36:31,middle
2026/1/22 13:36:34,mid-sep
2026/1/22 13:36:49,middle
2026/1/22 13:36:50,corridor
2026/1/22 13:36:50,side
2026/1/22 13:37:44,corridor
2026/1/22 13:37:49,middle
2026/1/22 13:40:10,mid-sep
2026/1/22 13:40:28,middle
2026/1/22 13:40:34,corridor
2026/1/22 13:40:36,side
2026/1/22 13:42:49,middle
2026/1/22 13:42:49,mid-sep
2026/1/22 13:43:07,middle
2026/1/22 13:43:07,corridor
2026/1/22 13:43:08,side
2026/1/22 13:43:48,corridor
2026/1/22 13:46:34,middle
2026/1/22 13:46:38,mid-sep
2026/1/22 13:47:21,middle
2026/1/22 13:47:56,mid-sep
2026/1/22 13:48:52,middle
2026/1/22 13:50:45,mid-sep
2026/1/22 13:50:49,middle
2026/1/22 13:50:50,corridor
2026/1/22 13:50:50,side
2026/1/22 13:51:42,corridor
2026/1/22 13:51:42,side
2026/1/22 13:52:13,corridor
2026/1/22 13:52:18,middle
2026/1/22 13:52:21,mid-sep
2026/1/22 13:52:49,middle
2026/1/22 13:52:50,corridor
2026/1/22 13:52:50,side
2026/1/22 13:53:47,corridor
2026/1/22 13:53:49,middle
2026/1/22 13:56:20,mid-sep
2026/1/22 13:56:34,middle
2026/1/22 13:57:09,corridor
2026/1/22 13:57:38,side
2026/1/22 13:58:35,corridor
2026/1/22 13:58:36,side
2026/1/22 13:59:52,corridor
2026/1/22 13:59:58,side
2026/1/22 14:01:33,corridor
2026/1/22 14:01:38,middle
2026/1/22 14:01:40,mid-sep
2026/1/22 14:01:49,middle
2026/1/22 14:01:50,corridor
2026/1/22 14:01:51,side
2026/1/22 14:04:45,corridor
2026/1/22 14:05:40,middle
2026/1/22 14:09:11,mid-sep
2026/1/22 14:09:15,middle
2026/1/22 14:10:06,mid-sep
2026/1/22 14:10:21,middle
2026/1/22 14:10:23,corridor
2026/1/22 14:10:25,side
2026/1/22 14:11:10,corridor
2026/1/22 14:12:57,middle
2026/1/22 14:13:00,corridor
2026/1/22 14:13:02,side
2026/1/22 16:09:24,corridor
2026/1/22 16:09:27,middle
2026/1/22 16:09:28,mid-sep
2026/1/22 16:11:22,middle
2026/1/22 16:11:33,mid-sep
2026/1/22 16:12:17,middle
2026/1/22 16:12:18,corridor
2026/1/22 16:12:18,side
2026/1/22 16:12:29,corridor
2026/1/22 16:12:32,middle
2026/1/22 16:12:33,mid-sep
2026/1/22 16:12:49,middle
2026/1/22 16:12:58,corridor
2026/1/22 16:12:58,side
2026/1/22 16:14:21,corridor
2026/1/22 16:14:23,middle
2026/1/22 16:18:41,mid-sep
2026/1/22 16:19:57,middle
2026/1/22 16:21:46,mid-sep
2026/1/22 16:22:25,middle
2026/1/22 16:23:54,corridor
2026/1/22 16:23:58,side
2026/1/22 16:25:42,corridor
2026/1/22 16:25:51,middle
2026/1/22 16:25:53,mid-sep
2026/1/22 16:26:08,middle
2026/1/22 16:26:28,corridor
2026/1/22 16:26:31,side
2026/1/22 16:26:37,corridor
2026/1/22 16:26:43,middle
2026/1/22 16:26:45,mid-sep
2026/1/22 16:27:04,middle
2026/1/22 16:29:10,mid-sep
2026/1/22 16:29:45,middle
2026/1/22 16:33:39,mid-sep
2026/1/22 16:34:09,middle
2026/1/22 16:38:59,mid-sep
2026/1/22 16:39:11,middle
2026/1/22 16:39:18,mid-sep
2026/1/22 16:39:20,middle
2026/1/22 16:39:26,corridor
2026/1/22 16:39:27,side
2026/1/22 16:41:52,corridor
2026/1/22 16:44:37,side
2026/1/22 16:47:08,corridor
2026/1/22 16:47:16,side
2026/1/22 16:48:01,corridor
2026/1/22 16:48:04,side
2026/1/22 16:49:22,corridor
2026/1/22 16:49:24,side
2026/1/22 16:49:28,corridor
2026/1/22 16:49:29,side
2026/1/22 16:49:44,corridor
2026/1/22 16:53:26,middle
2026/1/22 16:53:28,mid-sep
2026/1/22 16:53:36,middle
2026/1/22 16:53:55,mid-sep
2026/1/22 16:54:13,middle
2026/1/22 16:54:14,corridor
2026/1/22 16:54:18,side
2026/1/22 17:58:58,corridor
2026/1/22 17:59:00,middle
2026/1/22 17:59:01,mid-sep
2026/1/22 17:59:13,middle
2026/1/22 18:00:52,mid-sep
2026/1/22 18:01:38,middle
2026/1/22 18:03:05,mid-sep
2026/1/22 18:03:11,middle
2026/1/22 18:03:12,corridor
2026/1/22 18:03:15,side
2026/1/22 18:04:24,corridor
2026/1/22 18:04:26,side
2026/1/22 18:04:53,corridor
2026/1/22 18:04:55,side
2026/1/22 18:06:18,corridor
2026/1/22 18:06:20,middle
2026/1/22 18:06:21,mid-sep
2026/1/22 18:06:25,middle
2026/1/22 18:06:25,corridor
2026/1/22 18:06:26,side
2026/1/22 18:06:51,corridor
2026/1/22 18:06:53,side
2026/1/22 18:08:09,corridor
2026/1/22 18:08:10,middle
2026/1/22 18:08:12,mid-sep
2026/1/22 18:08:28,middle
2026/1/22 18:08:37,corridor
2026/1/22 18:08:42,side
2026/1/22 18:09:02,corridor
2026/1/22 18:09:06,middle
2026/1/22 18:09:20,mid-sep
2026/1/22 18:09:39,middle
2026/1/22 18:09:46,corridor
2026/1/22 18:09:48,side
2026/1/22 18:10:34,corridor
2026/1/22 18:10:37,side
2026/1/22 18:11:21,corridor
2026/1/22 18:11:26,middle
2026/1/22 18:11:26,mid-sep
2026/1/22 18:11:52,middle
2026/1/22 18:16:49,mid-sep
2026/1/22 18:17:24,middle
2026/1/22 18:22:18,corridor
2026/1/22 18:22:20,side
2026/1/22 18:30:51,corridor
2026/1/22 18:30:53,middle
2026/1/22 18:31:01,mid-sep
2026/1/22 18:31:07,middle
2026/1/22 18:31:12,mid-sep
2026/1/22 18:31:28,middle
2026/1/22 18:36:05,corridor
2026/1/22 18:36:10,middle
2026/1/22 18:38:15,mid-sep
2026/1/22 18:38:18,middle
2026/1/22 18:40:15,mid-sep
2026/1/22 18:40:40,middle
2026/1/22 18:40:45,mid-sep
2026/1/22 18:41:27,middle
2026/1/22 18:41:33,corridor
2026/1/22 18:41:34,side
2026/1/22 18:43:42,corridor
2026/1/22 18:43:44,middle
2026/1/22 18:43:45,mid-sep
2026/1/22 18:43:53,middle
2026/1/22 18:44:01,corridor
2026/1/22 18:44:05,side
2026/1/22 18:45:39,corridor
2026/1/22 18:46:25,side
2026/1/22 18:47:03,corridor
2026/1/22 18:47:05,middle
2026/1/22 18:47:08,mid-sep
2026/1/22 18:47:31,middle
2026/1/22 18:47:38,mid-sep
2026/1/22 18:47:50,middle
2026/1/22 18:59:31,mid-sep
2026/1/22 18:59:53,middle
2026/1/22 18:59:58,corridor
2026/1/22 19:00:04,side
2026/1/22 19:01:01,corridor
2026/1/22 19:01:02,middle
2026/1/22 19:01:06,mid-sep
2026/1/22 19:01:48,middle
2026/1/22 19:03:04,mid-sep
2026/1/22 19:03:04,middle
2026/1/22 19:10:15,mid-sep
2026/1/22 19:10:26,middle
2026/1/22 19:13:20,mid-sep
2026/1/22 19:13:35,middle
2026/1/22 19:18:49,mid-sep
2026/1/22 19:19:04,middle
2026/1/22 19:19:30,mid-sep
2026/1/22 19:19:49,middle
2026/1/22 19:20:18,corridor
2026/1/22 19:21:04,side
2026/1/22 19:21:55,corridor
2026/1/22 19:21:55,middle
2026/1/22 19:21:56,mid-sep
2026/1/22 19:22:12,middle
2026/1/22 19:23:00,mid-sep
2026/1/22 19:24:08,middle
2026/1/22 19:24:30,mid-sep
2026/1/22 19:24:32,middle
2026/1/22 19:26:05,mid-sep
2026/1/22 19:26:18,middle
2026/1/22 19:26:41,mid-sep
2026/1/22 19:26:52,middle
2026/1/22 19:28:57,mid-sep
2026/1/22 19:29:22,middle
2026/1/22 19:36:45,mid-sep
2026/1/22 19:36:52,middle
2026/1/22 19:37:15,mid-sep
2026/1/22 19:37:59,middle
2026/1/22 19:38:01,corridor
2026/1/22 19:38:41,side
2026/1/22 19:38:50,corridor
2026/1/22 19:38:50,middle
2026/1/22 19:38:51,mid-sep
2026/1/22 19:38:54,middle
2026/1/22 19:39:04,mid-sep
2026/1/22 19:39:20,middle
2026/1/22 19:39:21,corridor
2026/1/22 19:39:28,side
2026/1/22 19:40:21,corridor
2026/1/22 19:40:21,middle
2026/1/22 19:40:22,mid-sep
2026/1/22 19:40:23,middle
2026/1/22 19:40:32,mid-sep
2026/1/22 19:40:54,middle
2026/1/22 19:43:22,mid-sep
2026/1/22 19:43:44,middle
2026/1/22 19:43:50,corridor
2026/1/22 19:43:51,middle
2026/1/22 19:44:01,mid-sep
2026/1/22 19:44:09,middle
2026/1/22 19:50:41,mid-sep
2026/1/22 19:50:43,middle
2026/1/22 19:50:58,mid-sep
2026/1/22 19:51:25,middle
2026/1/22 19:51:27,corridor
2026/1/22 19:51:37,side
2026/1/22 19:53:11,corridor
2026/1/22 19:53:12,middle
2026/1/22 19:53:12,mid-sep
2026/1/22 19:53:15,middle
2026/1/22 19:53:31,mid-sep
2026/1/22 19:53:34,middle
2026/1/22 19:57:09,mid-sep
2026/1/22 19:57:25,middle
2026/1/22 19:57:33,corridor
2026/1/22 19:57:34,side
2026/1/22 19:57:50,corridor
2026/1/22 19:57:51,middle
2026/1/22 19:57:52,mid-sep
2026/1/22 19:58:14,middle
2026/1/22 19:59:11,mid-sep
2026/1/22 19:59:27,middle
2026/1/22 19:59:44,corridor
2026/1/22 19:59:47,side
2026/1/22 20:00:41,corridor
2026/1/22 20:00:42,middle
2026/1/22 20:00:44,mid-sep
2026/1/22 20:01:11,middle
2026/1/22 20:01:32,mid-sep
2026/1/22 20:01:46,middle
2026/1/22 20:01:56,mid-sep
2026/1/22 20:03:28,middle
2026/1/22 20:03:33,corridor
2026/1/22 20:03:38,middle
2026/1/22 20:03:39,mid-sep
2026/1/22 20:03:59,middle
2026/1/22 20:06:03,mid-sep
2026/1/22 20:06:06,middle
2026/1/22 20:07:01,mid-sep
2026/1/22 20:07:02,middle
2026/1/22 20:10:05,mid-sep
2026/1/22 20:10:38,middle
2026/1/22 20:10:57,mid-sep
2026/1/22 20:11:08,middle
2026/1/22 20:12:23,mid-sep
2026/1/22 20:12:49,middle
2026/1/22 20:20:26,mid-sep
2026/1/22 20:20:34,middle
2026/1/22 20:21:29,corridor
2026/1/22 20:21:36,side
2026/1/22 20:22:19,corridor
2026/1/22 20:22:20,middle
2026/1/22 20:22:20,mid-sep
2026/1/22 20:22:25,middle
2026/1/22 20:22:33,mid-sep
2026/1/22 20:22:45,middle
2026/1/22 20:22:48,mid-sep
2026/1/22 20:22:54,middle
2026/1/22 20:23:58,mid-sep
2026/1/22 20:24:05,middle
2026/1/22 20:24:40,mid-sep
2026/1/22 20:26:09,middle
2026/1/22 20:26:31,corridor
2026/1/22 20:26:35,side
2026/1/22 20:27:41,corridor
2026/1/22 20:27:41,middle
2026/1/22 20:27:43,mid-sep
2026/1/22 20:28:10,middle
2026/1/22 20:30:07,mid-sep
2026/1/22 20:30:14,middle
2026/1/22 20:30:17,corridor
2026/1/22 20:30:18,side
2026/1/22 20:30:37,corridor
2026/1/22 20:30:38,middle
2026/1/22 20:31:51,mid-sep
2026/1/22 20:32:08,middle
2026/1/22 20:32:16,mid-sep
2026/1/22 20:32:39,middle
2026/1/22 20:33:21,mid-sep
2026/1/22 20:34:21,middle
2026/1/22 20:35:47,mid-sep
2026/1/22 20:37:43,middle
2026/1/22 20:37:58,mid-sep
2026/1/22 20:38:13,middle
2026/1/22 20:38:24,corridor
2026/1/22 20:38:26,side
2026/1/22 20:39:35,corridor
2026/1/22 20:39:35,middle
2026/1/22 20:39:36,mid-sep
2026/1/22 20:39:37,middle
2026/1/22 20:59:26,mid-sep
2026/1/22 21:00:33,middle
2026/1/22 21:00:41,corridor
2026/1/22 21:00:50,side
2026/1/22 21:01:26,corridor
2026/1/22 21:01:27,middle
2026/1/22 21:01:28,mid-sep
2026/1/22 21:01:32,middle
2026/1/22 21:01:50,mid-sep
2026/1/22 21:02:10,middle
2026/1/22 21:02:12,corridor
2026/1/22 21:02:14,side
2026/1/22 21:02:55,corridor
2026/1/22 21:02:58,middle
2026/1/22 21:03:16,mid-sep
2026/1/22 21:03:24,middle
2026/1/22 21:03:29,corridor
2026/1/22 21:03:38,middle
2026/1/22 21:03:39,mid-sep
2026/1/22 21:03:40,middle
2026/1/22 21:12:55,mid-sep
2026/1/22 21:12:58,middle
2026/1/22 21:13:12,mid-sep
2026/1/22 21:13:26,middle
2026/1/22 21:13:50,mid-sep
2026/1/22 21:14:12,middle
2026/1/22 21:14:17,corridor
2026/1/22 21:14:18,side
2026/1/22 21:15:04,corridor
2026/1/22 21:15:05,middle
2026/1/22 21:15:06,mid-sep
2026/1/22 21:15:07,middle
2026/1/22 21:15:24,corridor
2026/1/22 21:15:27,side
2026/1/22 22:56:49,corridor
2026/1/22 22:56:51,middle
2026/1/22 22:56:54,mid-sep
2026/1/22 22:57:06,middle
2026/1/22 23:03:59,mid-sep
2026/1/22 23:04:06,middle
2026/1/22 23:05:14,mid-sep
2026/1/22 23:05:30,middle
2026/1/22 23:05:31,corridor
2026/1/22 23:05:34,side
2026/1/22 23:06:18,corridor
2026/1/22 23:06:19,middle
2026/1/22 23:06:19,mid-sep
2026/1/22 23:06:33,middle
2026/1/22 23:18:02,mid-sep
2026/1/22 23:18:07,middle
2026/1/22 23:20:09,corridor
2026/1/22 23:20:11,side
2026/1/22 23:23:43,corridor
2026/1/22 23:23:44,middle
2026/1/22 23:23:46,mid-sep
2026/1/22 23:23:58,middle
2026/1/22 23:24:02,corridor
2026/1/22 23:24:02,side
2026/1/22 23:24:50,corridor
2026/1/22 23:24:51,middle
2026/1/22 23:24:55,mid-sep
2026/1/22 23:25:11,middle
2026/1/22 23:25:16,corridor
2026/1/22 23:25:20,side
2026/1/22 23:26:52,corridor
2026/1/22 23:26:54,middle
2026/1/22 23:27:04,mid-sep
2026/1/22 23:27:10,middle
2026/1/22 23:27:11,corridor
2026/1/22 23:27:12,side
2026/1/22 23:32:16,corridor
2026/1/22 23:32:17,middle
2026/1/22 23:32:19,mid-sep
2026/1/22 23:32:30,middle
2026/1/22 23:32:32,corridor
2026/1/22 23:32:33,side
2026/1/22 23:34:49,corridor
2026/1/22 23:34:56,middle
2026/1/22 23:34:56,mid-sep
2026/1/22 23:34:57,middle
2026/1/22 23:35:49,mid-sep
2026/1/22 23:36:06,middle
2026/1/22 23:40:19,mid-sep
2026/1/22 23:40:33,middle
2026/1/22 23:44:53,mid-sep
2026/1/22 23:44:54,middle
2026/1/22 23:45:23,mid-sep
2026/1/22 23:45:27,middle
2026/1/22 23:45:28,corridor
2026/1/22 23:45:29,side
2026/1/22 23:46:13,corridor
2026/1/22 23:46:14,middle
2026/1/22 23:46:15,mid-sep
2026/1/22 23:46:37,middle
2026/1/22 23:46:46,corridor
2026/1/22 23:46:49,middle
2026/1/22 23:46:53,mid-sep
2026/1/22 23:46:53,middle
2026/1/22 23:47:00,mid-sep
2026/1/22 23:47:10,middle
2026/1/22 23:49:31,mid-sep
2026/1/22 23:51:13,middle
2026/1/22 23:52:01,mid-sep
2026/1/22 23:52:02,middle
2026/1/22 23:54:51,mid-sep
2026/1/22 23:54:56,middle
2026/1/23 0:06:30,corridor
2026/1/23 0:06:31,side
2026/1/23 0:08:03,corridor
2026/1/23 0:08:04,middle
2026/1/23 0:08:04,mid-sep
2026/1/23 0:08:30,middle
2026/1/23 0:08:33,corridor
2026/1/23 0:08:34,side
2026/1/23 0:41:01,corridor
2026/1/23 0:41:06,middle
2026/1/23 0:41:07,mid-sep
2026/1/23 0:41:16,middle
2026/1/23 0:41:20,corridor
2026/1/23 0:41:24,side
2026/1/23 1:28:14,corridor
2026/1/23 1:28:14,middle
2026/1/23 1:28:26,mid-sep
2026/1/23 1:39:59,middle
2026/1/23 1:44:36,corridor
2026/1/23 1:44:39,side
2026/1/23 1:45:43,corridor
2026/1/23 1:45:44,middle
2026/1/23 1:45:44,mid-sep
2026/1/23 1:46:08,middle
2026/1/23 1:46:46,mid-sep
2026/1/23 1:47:11,middle
2026/1/23 1:47:23,mid-sep
2026/1/23 1:47:24,middle
2026/1/23 1:47:38,mid-sep
2026/1/23 1:48:33,middle
2026/1/23 1:57:26,mid-sep
2026/1/23 1:57:27,middle
2026/1/23 1:57:28,corridor
2026/1/23 1:57:31,side
2026/1/23 3:37:08,corridor
2026/1/23 3:37:08,middle
2026/1/23 3:37:08,mid-sep
2026/1/23 3:37:13,middle
2026/1/23 3:37:21,corridor
2026/1/23 3:37:23,side
2026/1/23 3:37:33,corridor
2026/1/23 3:37:36,middle
2026/1/23 3:37:36,mid-sep
2026/1/23 3:37:42,middle
2026/1/23 3:37:53,mid-sep
2026/1/23 3:38:00,middle
2026/1/23 3:38:14,corridor
2026/1/23 3:38:19,middle
2026/1/23 3:38:25,mid-sep
2026/1/23 3:38:46,middle
2026/1/23 3:38:49,corridor
2026/1/23 3:38:49,middle
2026/1/23 3:56:03,mid-sep
2026/1/23 3:56:07,middle
2026/1/23 3:56:08,corridor
2026/1/23 3:56:10,side
2026/1/23 4:51:12,corridor
2026/1/23 4:51:12,middle
2026/1/23 4:51:14,mid-sep
2026/1/23 4:51:19,middle
2026/1/23 4:51:54,mid-sep
2026/1/23 4:52:01,middle
2026/1/23 4:53:18,mid-sep
2026/1/23 4:53:54,middle
2026/1/23 4:54:43,corridor
2026/1/23 4:54:50,side
2026/1/23 4:55:17,corridor
2026/1/23 4:55:18,middle
2026/1/23 4:55:19,mid-sep
2026/1/23 4:55:22,middle
2026/1/23 4:55:33,mid-sep
2026/1/23 4:55:43,middle
2026/1/23 4:56:31,mid-sep
2026/1/23 4:56:49,middle
2026/1/23 4:57:02,mid-sep
2026/1/23 4:57:05,middle
2026/1/23 4:57:13,corridor
2026/1/23 4:57:17,middle
2026/1/23 4:57:19,mid-sep
2026/1/23 4:57:34,middle
2026/1/23 5:07:39,corridor
2026/1/23 5:07:44,side
2026/1/23 5:47:45,corridor
2026/1/23 5:47:47,middle
2026/1/23 5:47:50,mid-sep
2026/1/23 5:48:40,middle
2026/1/23 5:48:42,corridor
2026/1/23 5:48:55,side
2026/1/23 5:49:17,corridor
2026/1/23 5:49:17,middle
2026/1/23 5:49:24,mid-sep
2026/1/23 5:50:56,middle
2026/1/23 5:52:07,mid-sep
2026/1/23 5:52:14,middle
2026/1/23 5:52:22,mid-sep
2026/1/23 5:52:39,middle
2026/1/23 5:52:41,corridor
2026/1/23 5:52:44,side
2026/1/23 7:00:40,corridor
2026/1/23 7:00:41,middle
2026/1/23 7:00:43,mid-sep
2026/1/23 7:00:51,middle
2026/1/23 7:00:54,corridor
2026/1/23 7:00:55,side
2026/1/23 8:16:27,corridor
2026/1/23 8:16:28,middle
2026/1/23 8:16:28,mid-sep
2026/1/23 8:16:45,middle
2026/1/23 8:21:53,corridor
2026/1/23 8:21:58,middle
2026/1/23 8:31:43,mid-sep
2026/1/23 8:32:02,middle
2026/1/23 8:48:21,mid-sep
2026/1/23 8:48:56,middle
2026/1/23 8:49:05,mid-sep
2026/1/23 8:49:26,middle
2026/1/23 8:49:44,mid-sep
2026/1/23 8:49:50,middle
2026/1/23 8:53:57,corridor
2026/1/23 8:54:04,side
2026/1/23 8:56:15,corridor
2026/1/23 8:56:16,middle
2026/1/23 8:56:16,mid-sep
2026/1/23 8:56:51,middle
2026/1/23 9:09:47,middle
2026/1/23 9:09:49,corridor
2026/1/23 9:09:54,side
2026/1/23 9:12:45,corridor
2026/1/23 9:12:45,middle
2026/1/23 9:12:46,mid-sep
2026/1/23 9:14:00,middle
2026/1/23 9:14:37,corridor
2026/1/23 9:14:41,middle
2026/1/23 9:14:44,mid-sep
2026/1/23 9:16:04,middle
2026/1/23 9:16:33,corridor
2026/1/23 9:16:35,side
2026/1/23 9:19:16,corridor
2026/1/23 9:19:16,middle
2026/1/23 9:19:17,mid-sep
2026/1/23 9:19:18,middle
2026/1/23 9:19:51,mid-sep
2026/1/23 9:20:21,middle
2026/1/23 9:22:06,mid-sep
2026/1/23 9:22:15,middle
2026/1/23 9:22:29,mid-sep
2026/1/23 9:22:42,middle
2026/1/23 9:22:49,mid-sep
2026/1/23 9:23:06,middle
2026/1/23 9:25:19,corridor
2026/1/23 9:25:24,side
2026/1/23 9:34:59,corridor
2026/1/23 9:35:03,middle
2026/1/23 9:35:04,mid-sep
2026/1/23 9:35:14,middle
2026/1/23 9:35:16,corridor
2026/1/23 9:35:21,side
2026/1/23 9:37:29,corridor
2026/1/23 9:37:31,middle
2026/1/23 9:37:34,corridor
2026/1/23 9:37:37,side
2026/1/23 9:37:50,corridor
2026/1/23 9:37:58,side
2026/1/23 9:43:01,corridor
2026/1/23 9:43:02,middle
2026/1/23 9:43:03,mid-sep
2026/1/23 9:43:12,middle
2026/1/23 9:43:13,corridor
2026/1/23 9:43:15,side
2026/1/23 9:43:44,corridor
2026/1/23 9:43:50,side
2026/1/23 9:45:56,corridor
2026/1/23 9:45:56,middle
2026/1/23 9:46:00,mid-sep
2026/1/23 9:47:10,middle
2026/1/23 9:47:23,mid-sep
2026/1/23 9:47:58,middle
2026/1/23 9:48:13,corridor
2026/1/23 9:48:14,side
2026/1/23 9:51:24,corridor
2026/1/23 9:51:25,middle
2026/1/23 9:51:28,mid-sep
2026/1/23 9:51:46,middle
2026/1/23 10:00:19,mid-sep
2026/1/23 10:00:35,middle
2026/1/23 10:00:36,corridor
2026/1/23 10:00:37,side
2026/1/23 10:03:11,corridor
2026/1/23 10:03:12,middle
2026/1/23 10:03:13,mid-sep
2026/1/23 10:03:20,middle
2026/1/23 10:03:23,corridor
2026/1/23 10:03:26,side
2026/1/23 10:08:12,corridor
2026/1/23 10:08:15,middle
2026/1/23 10:08:17,mid-sep
2026/1/23 10:09:31,middle
2026/1/23 10:15:25,corridor
2026/1/23 10:15:27,side
2026/1/23 10:19:38,corridor
2026/1/23 10:19:40,middle
2026/1/23 10:19:47,mid-sep
2026/1/23 10:19:52,middle
2026/1/23 10:20:38,mid-sep
2026/1/23 10:20:49,middle
2026/1/23 10:20:54,corridor
2026/1/23 10:20:55,side
2026/1/23 10:22:50,corridor
2026/1/23 10:22:53,side
2026/1/23 10:23:40,corridor
2026/1/23 10:23:43,middle
2026/1/23 10:28:34,mid-sep
2026/1/23 10:34:22,middle
2026/1/23 10:34:31,corridor
2026/1/23 10:34:33,side
2026/1/23 10:36:37,corridor
2026/1/23 10:36:40,middle
2026/1/23 10:36:40,mid-sep
2026/1/23 10:36:49,middle
2026/1/23 10:36:53,corridor
2026/1/23 10:36:58,side
2026/1/23 10:37:38,corridor
2026/1/23 10:37:38,middle
2026/1/23 10:37:44,mid-sep
2026/1/23 10:37:47,middle
2026/1/23 10:37:51,corridor
2026/1/23 10:37:53,side
2026/1/23 10:38:02,corridor
2026/1/23 10:38:04,side
2026/1/23 10:38:20,corridor
2026/1/23 10:38:22,middle
2026/1/23 10:39:33,mid-sep
2026/1/23 10:39:51,middle
2026/1/23 10:40:02,mid-sep
2026/1/23 10:40:05,middle
2026/1/23 10:41:04,mid-sep
2026/1/23 10:42:20,middle
2026/1/23 10:42:24,mid-sep
2026/1/23 10:43:57,middle
2026/1/23 10:48:05,mid-sep
2026/1/23 10:48:21,middle
2026/1/23 10:48:45,mid-sep
2026/1/23 10:49:16,middle
2026/1/23 10:49:16,corridor
2026/1/23 10:49:18,side
2026/1/23 10:49:59,corridor
2026/1/23 10:50:00,middle
2026/1/23 10:50:01,mid-sep
2026/1/23 10:50:58,middle
2026/1/23 10:55:21,mid-sep
2026/1/23 10:55:36,middle
2026/1/23 10:55:39,corridor
2026/1/23 10:55:40,side
2026/1/23 10:56:37,corridor
2026/1/23 10:56:47,side
2026/1/23 10:58:01,corridor
2026/1/23 10:58:02,middle
2026/1/23 10:58:05,mid-sep
2026/1/23 10:58:43,middle
2026/1/23 10:58:44,corridor
2026/1/23 10:58:45,side
2026/1/23 11:01:46,corridor
2026/1/23 11:01:48,middle
2026/1/23 11:01:50,mid-sep
2026/1/23 11:04:19,middle
2026/1/23 11:04:35,mid-sep
2026/1/23 11:06:43,middle
2026/1/23 11:06:44,corridor
2026/1/23 11:06:45,side
2026/1/23 11:08:09,corridor
2026/1/23 11:08:10,middle
2026/1/23 11:08:10,mid-sep
2026/1/23 11:08:32,middle
2026/1/23 11:09:10,mid-sep
2026/1/23 11:10:03,middle
2026/1/23 11:10:17,mid-sep
2026/1/23 11:10:21,middle
2026/1/23 11:11:29,mid-sep
2026/1/23 11:11:39,middle
2026/1/23 11:11:57,corridor
2026/1/23 11:11:59,side
2026/1/23 11:14:06,corridor
2026/1/23 11:14:16,side
2026/1/23 11:16:46,corridor
2026/1/23 11:16:47,middle
2026/1/23 11:16:50,mid-sep
2026/1/23 11:17:02,middle
2026/1/23 11:17:22,corridor
2026/1/23 11:17:25,side
2026/1/23 11:20:23,corridor
2026/1/23 11:20:25,middle
2026/1/23 11:20:26,mid-sep
2026/1/23 11:20:35,middle
2026/1/23 11:20:53,corridor
2026/1/23 11:21:03,side
2026/1/23 11:21:29,corridor
2026/1/23 11:21:30,middle
2026/1/23 11:21:33,mid-sep
2026/1/23 11:21:34,middle
2026/1/23 11:21:36,corridor
2026/1/23 11:21:45,side
2026/1/23 11:22:31,corridor
2026/1/23 11:22:32,middle
2026/1/23 11:22:32,mid-sep
2026/1/23 11:22:35,middle
2026/1/23 11:22:42,corridor
2026/1/23 11:22:44,side
2026/1/23 11:27:54,corridor
2026/1/23 11:27:55,middle
2026/1/23 11:28:10,corridor
2026/1/23 11:28:13,side
2026/1/23 11:28:32,corridor
2026/1/23 11:28:32,middle
2026/1/23 11:28:33,mid-sep
2026/1/23 11:30:20,middle
2026/1/23 11:30:30,mid-sep
2026/1/23 11:31:08,middle
2026/1/23 11:31:19,mid-sep
2026/1/23 11:32:03,middle
2026/1/23 11:32:05,corridor
2026/1/23 11:32:07,side
2026/1/23 11:32:12,corridor
2026/1/23 11:32:13,middle
2026/1/23 11:32:14,mid-sep
2026/1/23 11:32:32,middle
2026/1/23 11:32:35,corridor
2026/1/23 11:32:37,side
2026/1/23 13:43:03,corridor
2026/1/23 13:43:04,middle
2026/1/23 13:43:08,mid-sep
2026/1/23 13:43:28,middle
2026/1/23 13:43:40,mid-sep
2026/1/23 13:43:52,middle
2026/1/23 13:44:32,mid-sep
2026/1/23 13:45:19,middle
2026/1/23 13:45:31,mid-sep
2026/1/23 13:45:42,middle
2026/1/23 13:45:53,mid-sep
2026/1/23 13:46:14,middle
2026/1/23 13:46:18,mid-sep
2026/1/23 13:46:27,middle
2026/1/23 13:46:33,corridor
2026/1/23 13:46:34,side
2026/1/23 13:47:01,corridor
2026/1/23 13:47:04,middle
2026/1/23 13:47:43,mid-sep
2026/1/23 13:48:50,middle
2026/1/23 13:49:30,corridor
2026/1/23 13:49:33,middle
2026/1/23 13:49:44,mid-sep
2026/1/23 13:51:13,middle
2026/1/23 13:51:14,corridor
2026/1/23 13:51:15,middle
2026/1/23 13:51:16,mid-sep
2026/1/23 13:51:20,middle
2026/1/23 13:51:32,mid-sep
2026/1/23 13:51:33,middle
2026/1/23 13:51:34,corridor
2026/1/23 13:51:35,side
2026/1/23 13:51:41,corridor
2026/1/23 13:51:43,middle
2026/1/23 13:51:44,mid-sep
2026/1/23 13:51:51,middle
2026/1/23 13:51:53,corridor
2026/1/23 13:51:56,side
2026/1/23 13:52:32,corridor
2026/1/23 13:52:33,middle
2026/1/23 14:01:09,mid-sep
2026/1/23 14:01:22,middle
2026/1/23 14:01:43,mid-sep
2026/1/23 14:01:46,middle
2026/1/23 14:01:54,corridor
2026/1/23 14:01:57,side
2026/1/23 14:03:50,corridor
2026/1/23 14:04:33,middle
2026/1/23 14:05:37,mid-sep
2026/1/23 14:05:43,middle
2026/1/23 14:08:42,mid-sep
2026/1/23 14:09:19,middle
2026/1/23 14:13:25,corridor
2026/1/23 14:13:29,side
2026/1/23 14:14:08,corridor
2026/1/23 14:14:10,middle
2026/1/23 14:14:13,mid-sep
2026/1/23 14:14:54,middle
2026/1/23 14:15:39,mid-sep
2026/1/23 14:15:43,middle
2026/1/23 14:16:12,mid-sep
2026/1/23 14:16:35,middle
2026/1/23 14:21:10,corridor
2026/1/23 14:21:16,side
2026/1/23 14:24:57,corridor
2026/1/23 14:24:59,middle
2026/1/23 14:25:00,mid-sep
2026/1/23 14:27:40,middle
2026/1/23 14:27:53,mid-sep
2026/1/23 14:28:22,middle
2026/1/23 14:28:38,corridor
2026/1/23 14:28:41,side
2026/1/23 14:30:48,corridor
2026/1/23 14:30:49,middle
2026/1/23 14:30:50,mid-sep
2026/1/23 14:31:11,middle
2026/1/23 14:38:48,mid-sep
2026/1/23 14:39:05,middle
2026/1/23 14:39:47,mid-sep
2026/1/23 14:40:17,middle
2026/1/23 14:40:29,mid-sep
2026/1/23 14:40:32,middle
2026/1/23 14:41:14,mid-sep
2026/1/23 14:41:40,middle
2026/1/23 14:41:41,corridor
2026/1/23 14:41:42,side
2026/1/23 16:41:42,corridor
2026/1/23 16:41:44,middle
2026/1/23 16:41:45,mid-sep
2026/1/23 16:41:50,middle
2026/1/23 16:42:07,corridor
2026/1/23 16:42:11,side
2026/1/23 16:42:38,corridor
2026/1/23 16:42:38,middle
2026/1/23 16:42:41,mid-sep
2026/1/23 16:42:50,middle
2026/1/23 16:43:05,corridor
2026/1/23 16:43:08,side
2026/1/23 16:44:16,corridor
2026/1/23 16:44:18,middle
2026/1/23 16:44:18,mid-sep
2026/1/23 16:44:19,middle
2026/1/23 16:50:19,corridor
2026/1/23 16:50:23,side
2026/1/23 16:55:55,corridor
2026/1/23 16:55:56,middle
2026/1/23 16:55:57,mid-sep
2026/1/23 16:56:43,middle
2026/1/23 16:56:48,mid-sep
2026/1/23 16:57:08,middle
2026/1/23 16:57:09,corridor
2026/1/23 16:57:10,side
2026/1/23 17:01:16,corridor
2026/1/23 17:01:17,middle
2026/1/23 17:01:17,mid-sep
2026/1/23 17:01:29,middle
2026/1/23 17:01:32,corridor
2026/1/23 17:01:37,side
2026/1/23 17:02:11,corridor
2026/1/23 17:02:18,middle
2026/1/23 17:02:18,mid-sep
2026/1/23 17:02:45,middle
2026/1/23 17:03:52,mid-sep
2026/1/23 17:03:59,middle
2026/1/23 17:04:05,corridor
2026/1/23 17:04:09,side
2026/1/23 17:07:11,corridor
2026/1/23 17:07:12,middle
2026/1/23 17:07:13,mid-sep
2026/1/23 17:07:59,middle
2026/1/23 17:08:08,mid-sep
2026/1/23 17:08:13,middle
2026/1/23 17:08:16,corridor
2026/1/23 17:08:17,side
2026/1/23 17:12:06,corridor
2026/1/23 17:12:07,middle
2026/1/23 17:12:07,mid-sep
2026/1/23 17:13:03,middle
2026/1/23 17:13:26,mid-sep
2026/1/23 17:14:27,middle
2026/1/23 17:14:46,mid-sep
2026/1/23 17:15:02,middle
2026/1/23 17:15:05,corridor
2026/1/23 17:15:06,side
2026/1/23 17:18:48,corridor
2026/1/23 17:18:50,side
2026/1/23 18:42:17,corridor
2026/1/23 18:42:18,middle
2026/1/23 18:42:18,mid-sep
2026/1/23 18:42:33,middle
2026/1/23 18:42:50,mid-sep
2026/1/23 18:42:53,middle
2026/1/23 18:42:56,corridor
2026/1/23 18:42:58,side
2026/1/23 18:44:07,corridor
2026/1/23 18:44:10,middle
2026/1/23 18:44:12,mid-sep
2026/1/23 18:44:17,middle
2026/1/23 18:44:21,corridor
2026/1/23 18:44:22,side
2026/1/23 18:45:48,corridor
2026/1/23 18:45:51,middle
2026/1/23 18:45:56,mid-sep
2026/1/23 18:46:00,middle
2026/1/23 18:46:01,corridor
2026/1/23 18:46:02,side
2026/1/23 18:47:13,corridor
2026/1/23 18:47:14,side
2026/1/23 18:48:39,corridor
2026/1/23 18:48:41,middle
2026/1/23 19:02:41,corridor
2026/1/23 19:02:42,side
2026/1/23 19:04:55,corridor
2026/1/23 19:04:57,middle
2026/1/23 19:04:59,mid-sep
2026/1/23 19:05:16,middle
2026/1/23 19:05:22,mid-sep
2026/1/23 19:05:24,middle
2026/1/23 19:05:38,mid-sep
2026/1/23 19:05:48,middle
2026/1/23 19:05:53,mid-sep
2026/1/23 19:06:29,middle
2026/1/23 19:15:07,mid-sep
2026/1/23 19:15:10,middle
2026/1/23 19:15:54,corridor
2026/1/23 19:15:56,side
2026/1/23 19:16:39,corridor
2026/1/23 19:16:40,middle
2026/1/23 19:16:40,mid-sep
2026/1/23 19:16:45,middle
2026/1/23 19:17:28,mid-sep
2026/1/23 19:17:55,middle
2026/1/23 19:21:57,mid-sep
2026/1/23 19:22:20,middle
2026/1/23 19:23:45,mid-sep
2026/1/23 19:23:48,middle
2026/1/23 19:24:20,corridor
2026/1/23 19:24:26,side
2026/1/23 19:24:45,corridor
2026/1/23 19:24:47,middle
2026/1/23 19:24:49,mid-sep
2026/1/23 19:26:50,middle
2026/1/23 19:26:56,mid-sep
2026/1/23 19:27:11,middle
2026/1/23 19:27:13,corridor
2026/1/23 19:27:17,side
2026/1/23 19:27:57,corridor
2026/1/23 19:27:57,middle
2026/1/23 19:28:04,mid-sep
2026/1/23 19:28:44,middle
2026/1/23 19:34:01,mid-sep
2026/1/23 19:34:17,middle
2026/1/23 19:36:20,mid-sep
2026/1/23 19:36:30,middle
2026/1/23 19:37:45,mid-sep
2026/1/23 19:37:49,middle
2026/1/23 19:39:48,mid-sep
2026/1/23 19:40:03,middle
2026/1/23 19:54:08,corridor
2026/1/23 19:54:10,side
2026/1/23 19:55:11,corridor
2026/1/23 19:55:11,middle
2026/1/23 19:55:12,mid-sep
2026/1/23 19:56:13,middle
2026/1/23 20:05:17,mid-sep
2026/1/23 20:05:27,middle
2026/1/23 20:05:29,corridor
2026/1/23 20:05:32,side
2026/1/23 20:06:26,corridor
2026/1/23 20:06:27,middle
2026/1/23 20:06:35,mid-sep
2026/1/23 20:07:05,middle
2026/1/23 20:16:11,mid-sep
2026/1/23 20:16:21,middle
2026/1/23 20:20:19,mid-sep
2026/1/23 20:20:38,middle
2026/1/23 20:20:44,corridor
2026/1/23 20:20:47,side
2026/1/23 20:20:59,corridor
2026/1/23 20:21:00,middle
2026/1/23 20:21:00,mid-sep
2026/1/23 20:21:01,middle
2026/1/23 20:40:04,mid-sep
2026/1/23 20:41:06,middle
2026/1/23 20:41:07,corridor
2026/1/23 20:41:10,side
2026/1/23 20:42:08,corridor
2026/1/23 20:42:09,middle
2026/1/23 20:42:10,mid-sep
2026/1/23 20:42:27,middle
2026/1/23 20:42:30,corridor
2026/1/23 20:42:34,side
2026/1/23 20:43:08,corridor
2026/1/23 20:43:08,middle
2026/1/23 20:43:09,mid-sep
2026/1/23 20:43:09,middle
2026/1/23 20:43:27,mid-sep
2026/1/23 20:43:44,middle
2026/1/23 20:48:42,mid-sep
2026/1/23 20:48:46,middle
2026/1/23 20:49:00,mid-sep
2026/1/23 20:49:16,middle
2026/1/23 21:02:08,mid-sep
2026/1/23 21:02:22,middle
2026/1/23 21:02:35,mid-sep
2026/1/23 21:02:49,middle
2026/1/23 21:03:34,mid-sep
2026/1/23 21:03:39,middle
2026/1/23 21:03:40,corridor
2026/1/23 21:03:43,side
2026/1/23 21:06:18,corridor
2026/1/23 21:06:19,middle
2026/1/23 21:06:20,mid-sep
2026/1/23 21:06:28,middle
2026/1/23 21:06:38,mid-sep
2026/1/23 21:07:16,middle
2026/1/23 21:07:31,corridor
2026/1/23 21:07:36,middle
2026/1/23 21:07:37,mid-sep
2026/1/23 21:08:47,middle
2026/1/23 21:19:00,mid-sep
2026/1/23 21:19:59,middle
2026/1/23 21:20:04,corridor
2026/1/23 21:20:07,middle
2026/1/23 21:20:28,mid-sep
2026/1/23 21:20:34,middle
2026/1/23 21:20:38,mid-sep
2026/1/23 21:21:27,middle
2026/1/23 21:21:43,mid-sep
2026/1/23 21:21:48,middle
2026/1/23 21:21:51,corridor
2026/1/23 21:21:52,side
2026/1/23 21:22:46,corridor
2026/1/23 21:22:47,middle
2026/1/23 21:22:47,mid-sep
2026/1/23 21:22:47,middle
2026/1/23 21:42:04,corridor
2026/1/23 21:42:10,side
2026/1/23 23:06:47,corridor
2026/1/23 23:06:48,middle
2026/1/23 23:06:50,mid-sep
2026/1/23 23:07:15,middle
2026/1/23 23:12:02,mid-sep
2026/1/23 23:12:04,middle
2026/1/23 23:12:36,corridor
2026/1/23 23:12:39,side
2026/1/23 23:12:53,corridor
2026/1/23 23:12:54,middle
2026/1/23 23:13:59,corridor
2026/1/23 23:14:00,middle
2026/1/23 23:14:16,mid-sep
2026/1/23 23:14:36,middle
2026/1/23 23:50:34,corridor
2026/1/23 23:50:40,side
2026/1/23 23:51:56,corridor
2026/1/23 23:51:57,middle
2026/1/23 23:52:00,mid-sep
2026/1/23 23:52:51,middle
2026/1/23 23:53:01,mid-sep
2026/1/23 23:53:06,middle
2026/1/23 23:53:08,corridor
2026/1/23 23:53:09,middle
2026/1/23 23:53:11,mid-sep
2026/1/23 23:53:47,middle
2026/1/23 23:54:01,mid-sep
2026/1/23 23:54:30,middle
2026/1/23 23:54:33,corridor
2026/1/23 23:54:34,side
2026/1/23 23:54:59,corridor
2026/1/23 23:54:59,middle
2026/1/24 0:00:02,mid-sep
2026/1/24 0:00:50,middle
2026/1/24 0:04:38,mid-sep
2026/1/24 0:05:02,middle
2026/1/24 0:06:39,corridor
2026/1/24 0:06:41,side
2026/1/24 0:07:20,corridor
2026/1/24 0:07:21,middle
2026/1/24 0:07:21,mid-sep
2026/1/24 0:07:27,middle
2026/1/24 0:07:28,mid-sep
2026/1/24 0:07:41,middle
2026/1/24 0:07:51,mid-sep
2026/1/24 0:08:04,middle
2026/1/24 0:08:35,mid-sep
2026/1/24 0:08:55,middle
2026/1/24 0:16:38,mid-sep
2026/1/24 0:16:44,middle
2026/1/24 0:27:25,mid-sep
2026/1/24 0:28:15,middle
2026/1/24 0:28:20,corridor
2026/1/24 0:28:23,side
2026/1/24 2:19:51,corridor
2026/1/24 2:19:51,middle
2026/1/24 2:20:00,mid-sep
2026/1/24 2:20:13,middle
2026/1/24 2:38:20,mid-sep
2026/1/24 2:38:51,middle
2026/1/24 2:38:54,corridor
2026/1/24 2:38:56,side
2026/1/24 2:41:10,corridor
2026/1/24 2:41:11,middle
2026/1/24 2:41:14,mid-sep
2026/1/24 2:41:17,middle
2026/1/24 2:41:21,corridor
2026/1/24 2:41:26,side
2026/1/24 2:42:08,corridor
2026/1/24 2:42:09,middle
2026/1/24 2:42:09,mid-sep
2026/1/24 2:42:14,middle
2026/1/24 2:42:24,mid-sep
2026/1/24 2:42:33,middle
2026/1/24 2:42:38,mid-sep
2026/1/24 2:43:10,middle
2026/1/24 2:43:13,corridor
2026/1/24 2:43:13,side
2026/1/24 2:47:42,corridor
2026/1/24 2:47:42,middle
2026/1/24 3:00:33,corridor
2026/1/24 3:00:40,side
2026/1/24 3:00:58,corridor
2026/1/24 3:00:58,middle
2026/1/24 3:01:00,corridor
2026/1/24 3:01:01,side
2026/1/24 4:56:38,corridor
2026/1/24 4:56:38,middle
2026/1/24 4:56:39,mid-sep
2026/1/24 4:56:48,middle
2026/1/24 4:57:51,mid-sep
2026/1/24 4:58:31,middle
2026/1/24 5:19:38,corridor
2026/1/24 5:19:40,side
2026/1/24 7:08:49,corridor
2026/1/24 7:08:50,middle
2026/1/24 7:08:52,mid-sep
2026/1/24 7:09:21,middle
2026/1/24 7:10:28,mid-sep
2026/1/24 7:10:30,middle
2026/1/24 7:11:41,mid-sep
2026/1/24 7:13:40,middle
2026/1/24 7:18:54,mid-sep
2026/1/24 7:19:05,middle
2026/1/24 7:19:43,mid-sep
2026/1/24 7:20:00,middle
2026/1/24 7:21:32,mid-sep
2026/1/24 7:21:41,middle
2026/1/24 7:26:00,mid-sep
2026/1/24 7:26:12,middle
2026/1/24 7:33:04,mid-sep
2026/1/24 7:33:14,middle
2026/1/24 7:33:32,corridor
2026/1/24 7:33:41,side
2026/1/24 9:12:05,corridor
2026/1/24 9:12:06,middle
2026/1/24 9:12:08,mid-sep
2026/1/24 9:12:31,middle
2026/1/24 9:12:34,corridor
2026/1/24 9:12:49,side
2026/1/24 9:13:15,corridor
2026/1/24 9:13:19,middle
2026/1/24 9:13:20,mid-sep
2026/1/24 9:13:30,middle
2026/1/24 9:13:32,corridor
2026/1/24 9:13:33,side
2026/1/24 9:14:17,corridor
2026/1/24 9:14:18,middle
2026/1/24 9:14:23,corridor
2026/1/24 9:14:27,side
2026/1/24 9:16:33,corridor
2026/1/24 9:16:34,middle
2026/1/24 9:16:36,mid-sep
2026/1/24 9:16:48,middle
2026/1/24 9:16:56,corridor
2026/1/24 9:16:58,side
2026/1/24 9:17:51,corridor
2026/1/24 9:17:51,middle
2026/1/24 9:17:55,mid-sep
2026/1/24 9:18:51,middle
2026/1/24 9:19:05,corridor
2026/1/24 9:19:05,side
2026/1/24 9:20:08,corridor
2026/1/24 9:20:09,middle
2026/1/24 9:20:10,mid-sep
2026/1/24 9:20:12,middle
2026/1/24 9:20:26,mid-sep
2026/1/24 9:20:32,middle
2026/1/24 9:20:50,mid-sep
2026/1/24 9:22:12,middle
2026/1/24 9:22:21,corridor
2026/1/24 9:22:23,side
2026/1/24 9:22:33,corridor
2026/1/24 9:22:34,middle
2026/1/24 9:22:35,mid-sep
2026/1/24 9:23:04,middle
2026/1/24 9:31:52,corridor
2026/1/24 9:31:54,side
2026/1/24 9:32:02,corridor
2026/1/24 9:32:03,middle
2026/1/24 9:32:05,mid-sep
2026/1/24 9:33:01,middle
2026/1/24 9:33:19,corridor
2026/1/24 9:33:24,side
2026/1/24 9:40:53,corridor
2026/1/24 9:40:54,middle
2026/1/24 9:40:55,mid-sep
2026/1/24 9:41:05,middle
2026/1/24 9:41:08,corridor
2026/1/24 9:41:11,side
2026/1/24 9:41:33,corridor
2026/1/24 9:41:34,middle
2026/1/24 9:41:36,mid-sep
2026/1/24 9:41:59,middle
2026/1/24 9:48:53,corridor
2026/1/24 9:48:54,side
2026/1/24 9:49:30,corridor
2026/1/24 9:49:31,middle
2026/1/24 9:49:33,mid-sep
2026/1/24 9:50:35,middle
2026/1/24 9:55:15,mid-sep
2026/1/24 9:55:47,middle
2026/1/24 9:55:51,corridor
2026/1/24 9:55:54,side
2026/1/24 10:05:36,corridor
2026/1/24 10:05:36,middle
2026/1/24 10:05:38,mid-sep
2026/1/24 10:06:05,middle
2026/1/24 10:06:06,corridor
2026/1/24 10:06:08,side
2026/1/24 10:07:49,corridor
2026/1/24 10:07:49,middle
2026/1/24 10:07:52,mid-sep
2026/1/24 10:07:58,middle
2026/1/24 10:07:59,corridor
2026/1/24 10:08:01,side
2026/1/24 10:09:47,corridor
2026/1/24 10:09:48,middle
2026/1/24 10:09:50,mid-sep
2026/1/24 10:09:54,middle
2026/1/24 10:10:08,corridor
2026/1/24 10:10:17,side
2026/1/24 10:10:41,corridor
2026/1/24 10:10:43,middle
2026/1/24 10:15:47,mid-sep
2026/1/24 10:15:48,middle
2026/1/24 10:16:31,mid-sep
2026/1/24 10:18:38,middle
2026/1/24 10:18:39,corridor
2026/1/24 10:18:45,side
2026/1/24 10:28:14,corridor
2026/1/24 10:28:22,middle
2026/1/24 10:28:24,mid-sep
2026/1/24 10:28:25,middle
2026/1/24 10:28:26,corridor
2026/1/24 10:28:27,side
2026/1/24 10:31:48,corridor
2026/1/24 10:31:49,middle
2026/1/24 10:39:40,mid-sep
2026/1/24 10:39:46,middle
2026/1/24 10:39:50,mid-sep
2026/1/24 10:40:44,middle
2026/1/24 10:40:46,corridor
2026/1/24 10:40:49,side
2026/1/24 10:44:21,corridor
2026/1/24 10:44:23,middle
2026/1/24 10:44:26,mid-sep
2026/1/24 10:44:58,middle
2026/1/24 10:45:05,mid-sep
2026/1/24 10:46:29,middle
2026/1/24 10:47:47,mid-sep
2026/1/24 10:48:13,middle
2026/1/24 10:48:21,mid-sep
2026/1/24 10:48:59,middle
2026/1/24 10:50:20,mid-sep
2026/1/24 10:50:26,middle
2026/1/24 10:50:44,mid-sep
2026/1/24 10:50:49,middle
2026/1/24 10:51:00,mid-sep
2026/1/24 10:51:26,middle
2026/1/24 10:54:50,corridor
2026/1/24 10:54:52,side
2026/1/24 12:03:46,corridor
2026/1/24 12:03:47,middle
2026/1/24 12:03:53,mid-sep
2026/1/24 12:04:34,middle
2026/1/24 12:07:09,corridor
2026/1/24 12:07:22,side
2026/1/24 12:07:26,corridor
2026/1/24 12:07:28,middle
2026/1/24 12:07:30,mid-sep
2026/1/24 12:07:40,middle
2026/1/24 12:08:08,mid-sep
2026/1/24 12:08:50,middle
2026/1/24 12:09:04,mid-sep
2026/1/24 12:09:50,middle
2026/1/24 12:15:51,corridor
2026/1/24 12:15:55,side
2026/1/24 12:16:44,corridor
2026/1/24 12:16:44,middle
2026/1/24 12:16:48,mid-sep
2026/1/24 12:17:30,middle
2026/1/24 12:17:41,mid-sep
2026/1/24 12:18:01,middle
2026/1/24 12:18:02,corridor
2026/1/24 12:18:03,side
2026/1/24 12:18:10,corridor
2026/1/24 12:18:10,middle
2026/1/24 12:18:11,corridor
2026/1/24 12:18:11,side
2026/1/24 12:18:31,corridor
2026/1/24 12:18:34,middle
2026/1/24 12:18:35,mid-sep
2026/1/24 12:18:39,middle
2026/1/24 12:18:41,corridor
2026/1/24 12:18:44,side
2026/1/24 12:23:39,corridor
2026/1/24 12:23:42,middle
2026/1/24 12:23:42,mid-sep
2026/1/24 12:24:09,middle
2026/1/24 12:24:16,corridor
2026/1/24 12:24:21,side
2026/1/24 12:28:26,corridor
2026/1/24 12:28:27,side
2026/1/24 12:31:57,corridor
2026/1/24 12:32:01,middle
2026/1/24 12:32:01,mid-sep
2026/1/24 12:32:15,middle
2026/1/24 12:32:16,corridor
2026/1/24 12:32:19,side
2026/1/24 12:32:41,corridor
2026/1/24 12:32:41,middle
2026/1/24 12:32:44,mid-sep
2026/1/24 12:33:59,middle
2026/1/24 12:36:47,corridor
2026/1/24 12:37:33,middle
2026/1/24 12:37:44,corridor
2026/1/24 12:37:47,side
2026/1/24 12:37:56,corridor
2026/1/24 12:37:57,middle
2026/1/24 12:44:58,mid-sep
2026/1/24 12:45:23,middle
2026/1/24 12:45:44,mid-sep
2026/1/24 12:46:44,middle
2026/1/24 12:46:54,mid-sep
2026/1/24 12:47:50,middle
2026/1/24 12:47:55,corridor
2026/1/24 12:47:58,side
2026/1/24 12:48:50,corridor
2026/1/24 12:48:51,middle
2026/1/24 12:49:17,mid-sep
2026/1/24 12:49:23,middle
2026/1/24 12:52:16,mid-sep
2026/1/24 12:52:25,middle
2026/1/24 12:57:13,mid-sep
2026/1/24 12:57:15,middle
2026/1/24 12:57:20,mid-sep
2026/1/24 12:57:35,middle
2026/1/24 12:58:09,mid-sep
2026/1/24 12:59:30,middle
2026/1/24 12:59:38,corridor
2026/1/24 12:59:39,side
2026/1/24 14:03:50,corridor
2026/1/24 14:03:51,middle
2026/1/24 14:03:51,mid-sep
2026/1/24 14:04:47,middle
2026/1/24 14:05:41,mid-sep
2026/1/24 14:05:56,middle
2026/1/24 14:06:33,mid-sep
2026/1/24 14:07:41,middle
2026/1/24 14:07:58,mid-sep
2026/1/24 14:08:21,middle
2026/1/24 14:11:43,mid-sep
2026/1/24 14:11:50,middle
2026/1/24 14:11:58,mid-sep
2026/1/24 14:12:02,middle
2026/1/24 14:12:05,corridor
2026/1/24 14:12:12,middle
2026/1/24 14:12:14,mid-sep
2026/1/24 14:12:18,middle
2026/1/24 14:12:34,mid-sep
2026/1/24 14:12:42,middle
2026/1/24 14:12:47,corridor
2026/1/24 14:12:58,middle
2026/1/24 14:13:01,corridor
2026/1/24 14:13:03,side
2026/1/24 14:13:29,corridor
2026/1/24 14:13:30,middle
2026/1/24 14:13:30,mid-sep
2026/1/24 14:13:31,middle
2026/1/24 14:13:31,corridor
2026/1/24 14:13:32,side
2026/1/24 14:14:19,corridor
2026/1/24 14:14:22,middle
2026/1/24 14:15:06,corridor
2026/1/24 14:15:10,middle
2026/1/24 14:16:14,mid-sep
2026/1/24 14:16:32,middle
2026/1/24 14:16:38,corridor
2026/1/24 14:16:41,side
2026/1/24 14:18:25,corridor
2026/1/24 14:18:27,middle
2026/1/24 14:18:28,mid-sep
2026/1/24 14:18:40,middle
2026/1/24 14:25:02,mid-sep
2026/1/24 14:25:25,middle
2026/1/24 14:25:27,corridor
2026/1/24 14:25:28,side
2026/1/24 14:26:34,corridor
2026/1/24 14:26:35,middle
2026/1/24 14:26:36,corridor
2026/1/24 14:26:37,side
2026/1/24 16:00:10,corridor
2026/1/24 16:00:11,middle
2026/1/24 16:00:13,mid-sep
2026/1/24 16:00:17,middle
2026/1/24 16:00:22,corridor
2026/1/24 16:00:24,side
2026/1/24 16:01:54,corridor
2026/1/24 16:01:57,middle
2026/1/24 16:01:59,mid-sep
2026/1/24 16:02:00,middle
2026/1/24 16:02:05,corridor
2026/1/24 16:02:07,side
2026/1/24 16:03:21,corridor
2026/1/24 16:03:23,middle
2026/1/24 16:03:26,mid-sep
2026/1/24 16:03:40,middle
2026/1/24 16:18:27,corridor
2026/1/24 16:18:29,side
2026/1/24 16:20:13,corridor
2026/1/24 16:20:14,middle
2026/1/24 16:20:15,mid-sep
2026/1/24 16:20:59,middle
2026/1/24 16:26:28,mid-sep
2026/1/24 16:26:53,middle
2026/1/24 16:26:54,corridor
2026/1/24 16:26:56,side
2026/1/24 16:27:26,corridor
2026/1/24 16:27:27,middle
2026/1/24 16:37:03,mid-sep
2026/1/24 16:37:14,middle
2026/1/24 16:37:21,corridor
2026/1/24 16:37:23,side
2026/1/24 16:37:55,corridor
2026/1/24 16:37:56,middle
2026/1/24 16:39:19,mid-sep
2026/1/24 16:40:06,middle
2026/1/24 16:41:12,mid-sep
2026/1/24 16:42:29,middle
2026/1/24 16:42:34,mid-sep
2026/1/24 16:43:20,middle
2026/1/24 16:43:26,mid-sep
2026/1/24 16:43:46,middle
2026/1/24 16:43:49,corridor
2026/1/24 16:43:52,middle
2026/1/24 16:44:07,corridor
2026/1/24 16:44:07,middle
2026/1/24 16:44:08,mid-sep
2026/1/24 16:45:46,middle
2026/1/24 16:45:49,mid-sep
2026/1/24 16:47:09,middle
2026/1/24 16:47:14,mid-sep
2026/1/24 16:48:12,middle
2026/1/24 16:48:13,mid-sep
2026/1/24 16:48:52,middle
2026/1/24 16:48:53,corridor
2026/1/24 16:48:54,side
2026/1/24 16:49:22,corridor
2026/1/24 16:49:23,middle
2026/1/24 16:49:23,mid-sep
2026/1/24 16:49:29,middle
2026/1/24 16:52:39,mid-sep
2026/1/24 16:52:59,middle
2026/1/24 16:54:46,mid-sep
2026/1/24 16:55:03,middle
2026/1/24 16:57:34,mid-sep
2026/1/24 16:57:40,middle
2026/1/24 16:58:00,mid-sep
2026/1/24 16:58:13,middle
2026/1/24 16:58:33,mid-sep
2026/1/24 16:58:36,middle
2026/1/24 16:58:37,corridor
2026/1/24 16:58:39,side
2026/1/24 18:31:56,corridor
2026/1/24 18:31:58,middle
2026/1/24 18:32:00,mid-sep
2026/1/24 18:32:19,middle
2026/1/24 18:32:25,corridor
2026/1/24 18:32:26,side
2026/1/24 18:35:02,corridor
2026/1/24 18:35:04,middle
2026/1/24 18:35:06,mid-sep
2026/1/24 18:35:20,middle
2026/1/24 18:35:32,mid-sep
2026/1/24 18:35:51,middle
2026/1/24 18:35:56,corridor
2026/1/24 18:35:57,side
2026/1/24 18:36:43,corridor
2026/1/24 18:36:44,middle
2026/1/24 18:48:38,corridor
2026/1/24 18:48:44,side
2026/1/24 18:49:30,corridor
2026/1/24 18:49:31,middle
2026/1/24 18:49:32,mid-sep
2026/1/24 18:49:58,middle
2026/1/24 18:55:38,mid-sep
2026/1/24 18:55:41,middle
2026/1/24 18:55:57,mid-sep
2026/1/24 18:56:05,middle
2026/1/24 18:56:11,mid-sep
2026/1/24 18:56:16,middle
2026/1/24 18:58:04,corridor
2026/1/24 18:58:05,side
2026/1/24 18:58:22,corridor
2026/1/24 18:58:24,middle
2026/1/24 18:58:26,mid-sep
2026/1/24 18:58:38,middle
2026/1/24 19:08:09,corridor
2026/1/24 19:08:11,side
2026/1/24 19:08:51,corridor
2026/1/24 19:08:52,middle
2026/1/24 19:08:53,mid-sep
2026/1/24 19:08:56,middle
2026/1/24 19:08:56,corridor
2026/1/24 19:09:02,side
2026/1/24 19:14:11,corridor
2026/1/24 19:14:13,middle
2026/1/24 19:14:15,mid-sep
2026/1/24 19:14:46,middle
2026/1/24 19:14:48,corridor
2026/1/24 19:14:54,side
2026/1/24 19:15:51,corridor
2026/1/24 19:15:53,middle
2026/1/24 19:15:57,mid-sep
2026/1/24 19:16:47,middle
2026/1/24 19:16:51,mid-sep
2026/1/24 19:17:04,middle
2026/1/24 19:17:22,mid-sep
2026/1/24 19:17:47,middle
2026/1/24 19:18:27,mid-sep
2026/1/24 19:19:42,middle
2026/1/24 19:23:26,mid-sep
2026/1/24 19:24:02,middle
2026/1/24 19:24:20,corridor
2026/1/24 19:24:36,side
2026/1/24 19:24:42,corridor
2026/1/24 19:24:42,middle
2026/1/24 19:24:45,mid-sep
2026/1/24 19:25:07,middle
2026/1/24 19:35:45,corridor
2026/1/24 19:35:48,side
2026/1/24 19:36:36,corridor
2026/1/24 19:36:37,middle
2026/1/24 19:36:38,mid-sep
2026/1/24 19:36:58,middle
2026/1/24 19:37:22,mid-sep
2026/1/24 19:37:44,middle
2026/1/24 19:45:35,mid-sep
2026/1/24 19:45:42,middle
2026/1/24 19:46:10,mid-sep
2026/1/24 19:46:29,middle
2026/1/24 19:46:32,corridor
2026/1/24 19:46:34,side
2026/1/24 19:48:17,corridor
2026/1/24 19:48:18,middle
2026/1/24 19:48:34,mid-sep
2026/1/24 19:48:53,middle
2026/1/24 20:04:55,mid-sep
2026/1/24 20:04:56,middle
2026/1/24 20:05:07,mid-sep
2026/1/24 20:05:23,middle
2026/1/24 20:05:37,corridor
2026/1/24 20:06:08,side
2026/1/24 20:06:49,corridor
2026/1/24 20:06:50,middle
2026/1/24 20:06:51,mid-sep
2026/1/24 20:06:57,middle
2026/1/24 20:07:11,mid-sep
2026/1/24 20:07:19,middle
2026/1/24 20:07:29,mid-sep
2026/1/24 20:07:35,middle
2026/1/24 20:23:06,mid-sep
2026/1/24 20:23:43,middle
2026/1/24 20:23:47,corridor
2026/1/24 20:23:58,side
2026/1/24 20:24:55,corridor
2026/1/24 20:24:56,middle
2026/1/24 20:24:57,mid-sep
2026/1/24 20:25:28,middle
2026/1/24 20:25:42,mid-sep
2026/1/24 20:25:54,middle
2026/1/24 20:26:21,mid-sep
2026/1/24 20:26:32,middle
2026/1/24 20:33:56,mid-sep
2026/1/24 20:34:09,middle
2026/1/24 20:43:10,mid-sep
2026/1/24 20:43:36,middle
2026/1/24 20:43:39,corridor
2026/1/24 20:43:42,side
2026/1/24 20:44:29,corridor
2026/1/24 20:44:30,middle
2026/1/24 20:44:31,mid-sep
2026/1/24 20:44:34,middle
2026/1/24 20:56:38,corridor
2026/1/24 20:56:42,side
2026/1/24 21:08:30,corridor
2026/1/24 21:08:31,middle
2026/1/24 21:09:23,mid-sep
2026/1/24 21:09:44,middle
2026/1/24 21:19:37,mid-sep
2026/1/24 21:20:08,middle
2026/1/24 21:22:27,mid-sep
2026/1/24 21:22:40,middle
2026/1/24 21:23:04,mid-sep
2026/1/24 21:23:27,middle
2026/1/24 21:29:46,corridor
2026/1/24 21:29:53,side
2026/1/24 21:30:22,corridor
2026/1/24 21:30:22,middle
2026/1/24 21:30:23,mid-sep
2026/1/24 21:31:47,middle
2026/1/24 21:31:54,mid-sep
2026/1/24 21:33:20,middle
2026/1/24 21:43:10,mid-sep
2026/1/24 21:43:24,middle
2026/1/24 21:43:27,corridor
2026/1/24 21:43:31,side
2026/1/24 21:44:23,corridor
2026/1/24 21:44:25,middle
2026/1/24 21:44:25,mid-sep
2026/1/24 21:44:55,middle
2026/1/24 21:54:45,mid-sep
2026/1/24 21:55:19,middle
2026/1/24 21:56:18,corridor
2026/1/24 21:56:22,side
2026/1/24 21:56:37,corridor
2026/1/24 21:56:38,middle
2026/1/24 21:56:43,corridor
2026/1/24 21:56:43,side
2026/1/24 23:29:25,corridor
2026/1/24 23:29:25,middle
2026/1/24 23:29:26,mid-sep
2026/1/24 23:29:32,middle
2026/1/24 23:44:10,corridor
2026/1/24 23:44:12,side
2026/1/24 23:45:00,corridor
2026/1/24 23:45:01,middle
2026/1/24 23:45:01,mid-sep
2026/1/24 23:45:09,middle
2026/1/24 23:45:10,corridor
2026/1/24 23:45:11,side
2026/1/24 23:47:24,corridor
2026/1/24 23:47:25,middle
2026/1/24 23:53:29,mid-sep
2026/1/24 23:53:31,middle
2026/1/25 0:06:04,mid-sep
2026/1/25 0:06:11,middle
2026/1/25 0:06:12,corridor
2026/1/25 0:06:14,side
2026/1/25 0:06:51,corridor
2026/1/25 0:06:52,middle
2026/1/25 0:06:53,mid-sep
2026/1/25 0:07:41,middle
2026/1/25 0:08:05,mid-sep
2026/1/25 0:08:16,middle
2026/1/25 0:08:25,corridor
2026/1/25 0:08:28,side
2026/1/25 1:54:48,corridor
2026/1/25 1:54:50,middle
2026/1/25 1:54:50,mid-sep
2026/1/25 1:54:51,middle
2026/1/25 2:13:27,corridor
2026/1/25 2:13:31,side
2026/1/25 2:15:11,corridor
2026/1/25 2:15:11,middle
2026/1/25 2:15:12,mid-sep
2026/1/25 2:15:12,middle
2026/1/25 2:15:41,mid-sep
2026/1/25 2:15:46,middle
2026/1/25 2:15:51,mid-sep
2026/1/25 2:16:03,middle
2026/1/25 2:16:08,corridor
2026/1/25 2:16:10,middle
2026/1/25 2:16:14,mid-sep
2026/1/25 2:16:49,middle
2026/1/25 2:19:12,mid-sep
2026/1/25 2:19:20,middle
2026/1/25 2:20:28,corridor
2026/1/25 2:20:33,side
2026/1/25 4:20:28,corridor
2026/1/25 4:20:29,middle
2026/1/25 4:20:30,mid-sep
2026/1/25 4:20:49,middle
2026/1/25 4:20:53,corridor
2026/1/25 4:20:54,side
2026/1/25 4:23:02,corridor
2026/1/25 4:23:02,middle
2026/1/25 4:23:06,mid-sep
2026/1/25 4:23:13,middle
2026/1/25 4:24:17,mid-sep
2026/1/25 4:24:34,middle
2026/1/25 4:25:04,mid-sep
2026/1/25 4:25:05,middle
2026/1/25 4:25:20,mid-sep
2026/1/25 4:25:34,middle
2026/1/25 4:25:35,corridor
2026/1/25 4:25:38,side
2026/1/25 4:28:48,corridor
2026/1/25 4:28:48,middle
2026/1/25 4:48:13,mid-sep
2026/1/25 4:48:15,middle
2026/1/25 4:48:53,mid-sep
2026/1/25 4:49:01,middle
2026/1/25 4:52:51,corridor
2026/1/25 4:52:55,side
2026/1/25 4:54:00,corridor
2026/1/25 4:54:02,middle
2026/1/25 4:54:02,mid-sep
2026/1/25 4:54:15,middle
2026/1/25 4:54:18,corridor
2026/1/25 4:54:19,side
2026/1/25 6:56:57,corridor
2026/1/25 6:56:57,middle
2026/1/25 6:57:01,mid-sep
2026/1/25 6:57:34,middle
2026/1/25 7:00:36,mid-sep
2026/1/25 7:00:52,middle
2026/1/25 7:00:53,corridor
2026/1/25 7:00:57,side
2026/1/25 9:15:37,corridor
2026/1/25 9:15:39,middle
2026/1/25 9:15:42,mid-sep
2026/1/25 9:15:51,middle
2026/1/25 9:16:18,corridor
2026/1/25 9:16:30,side
2026/1/25 9:16:43,corridor
2026/1/25 9:16:44,middle
2026/1/25 9:16:45,mid-sep
2026/1/25 9:16:56,middle
2026/1/25 9:21:40,mid-sep
2026/1/25 9:21:47,middle
2026/1/25 9:21:50,corridor
2026/1/25 9:21:56,side
2026/1/25 9:22:39,corridor
2026/1/25 9:22:40,middle
2026/1/25 9:22:44,mid-sep
2026/1/25 9:23:06,middle
2026/1/25 9:23:08,corridor
2026/1/25 9:23:10,side
2026/1/25 10:03:37,corridor
2026/1/25 10:03:40,middle
2026/1/25 10:03:42,mid-sep
2026/1/25 10:03:50,middle
2026/1/25 10:04:04,corridor
2026/1/25 10:04:11,side
2026/1/25 10:04:30,corridor
2026/1/25 10:04:31,middle
2026/1/25 10:04:54,corridor
2026/1/25 10:04:58,side
2026/1/25 10:07:58,corridor
2026/1/25 10:08:01,middle
2026/1/25 10:08:03,mid-sep
2026/1/25 10:08:08,middle
2026/1/25 10:08:08,corridor
2026/1/25 10:08:13,side
2026/1/25 10:09:50,corridor
2026/1/25 10:09:58,middle
2026/1/25 10:10:29,mid-sep
2026/1/25 10:10:31,middle
2026/1/25 10:10:38,corridor
2026/1/25 10:10:42,side
2026/1/25 10:12:26,corridor
2026/1/25 10:12:28,middle
2026/1/25 10:12:32,mid-sep
2026/1/25 10:12:34,middle
2026/1/25 10:12:37,corridor
2026/1/25 10:12:38,side
2026/1/25 10:13:50,corridor
2026/1/25 10:13:51,middle
2026/1/25 10:20:24,mid-sep
2026/1/25 10:20:30,middle
2026/1/25 10:26:30,mid-sep
2026/1/25 10:26:40,middle
2026/1/25 10:26:45,corridor
2026/1/25 10:26:47,side
2026/1/25 10:30:21,corridor
2026/1/25 10:30:22,middle
2026/1/25 10:30:25,mid-sep
2026/1/25 10:30:47,middle
2026/1/25 10:36:23,mid-sep
2026/1/25 10:38:49,middle
2026/1/25 10:39:09,corridor
2026/1/25 10:39:11,side
2026/1/25 10:41:41,corridor
2026/1/25 10:41:47,side
2026/1/25 10:42:10,corridor
2026/1/25 10:42:10,middle
2026/1/25 10:42:11,corridor
2026/1/25 10:42:12,side
2026/1/25 10:42:38,corridor
2026/1/25 10:42:39,middle
2026/1/25 10:42:45,corridor
2026/1/25 10:42:46,side
2026/1/25 10:46:26,corridor
2026/1/25 10:46:27,middle
2026/1/25 10:46:27,mid-sep
2026/1/25 10:46:27,middle
2026/1/25 10:53:01,mid-sep
2026/1/25 10:53:03,middle
2026/1/25 10:53:06,mid-sep
2026/1/25 10:53:21,middle
2026/1/25 11:00:04,corridor
2026/1/25 11:00:05,side
2026/1/25 11:09:19,corridor
2026/1/25 11:09:20,middle
2026/1/25 11:09:21,mid-sep
2026/1/25 11:09:37,middle
2026/1/25 11:10:10,mid-sep
2026/1/25 11:10:34,middle
2026/1/25 11:14:53,mid-sep
2026/1/25 11:15:17,middle
2026/1/25 11:15:47,mid-sep
2026/1/25 11:15:59,middle
2026/1/25 11:16:50,mid-sep
2026/1/25 11:17:17,middle
2026/1/25 11:17:21,corridor
2026/1/25 11:17:26,middle
2026/1/25 11:17:29,mid-sep
2026/1/25 11:18:51,middle
2026/1/25 11:22:14,mid-sep
2026/1/25 11:22:49,middle
2026/1/25 11:22:52,corridor
2026/1/25 11:22:53,side
2026/1/25 11:23:25,corridor
2026/1/25 11:23:26,middle
2026/1/25 11:23:28,mid-sep
2026/1/25 11:23:50,middle
2026/1/25 11:23:55,mid-sep
2026/1/25 11:24:32,middle
2026/1/25 11:27:10,mid-sep
2026/1/25 11:27:19,middle
2026/1/25 11:28:03,mid-sep
2026/1/25 11:28:12,middle
2026/1/25 11:28:15,corridor
2026/1/25 11:28:17,side
2026/1/25 11:29:10,corridor
2026/1/25 11:29:12,middle
2026/1/25 11:29:12,mid-sep
2026/1/25 11:29:15,middle
2026/1/25 11:29:33,mid-sep
2026/1/25 11:29:53,middle
2026/1/25 11:29:57,mid-sep
2026/1/25 11:30:13,middle
2026/1/25 11:32:41,mid-sep
2026/1/25 11:32:53,middle
2026/1/25 11:33:05,mid-sep
2026/1/25 11:33:26,middle
2026/1/25 11:33:37,mid-sep
2026/1/25 11:33:47,middle
2026/1/25 11:34:07,mid-sep
2026/1/25 11:34:22,middle
2026/1/25 11:39:16,mid-sep
2026/1/25 11:41:06,middle
2026/1/25 11:41:07,corridor
2026/1/25 11:41:07,side
2026/1/25 11:42:28,corridor
2026/1/25 11:42:29,middle
2026/1/25 11:42:33,mid-sep
2026/1/25 11:42:48,middle
2026/1/25 11:42:48,corridor
2026/1/25 11:42:53,side
2026/1/25 11:44:15,corridor
2026/1/25 11:44:17,middle
2026/1/25 11:44:17,mid-sep
2026/1/25 11:44:23,middle
2026/1/25 11:44:25,corridor
2026/1/25 11:44:27,side
2026/1/25 11:46:02,corridor
2026/1/25 11:46:03,middle
2026/1/25 11:46:03,mid-sep
2026/1/25 11:46:03,middle
2026/1/25 11:46:04,corridor
2026/1/25 11:46:05,side
2026/1/25 11:49:23,corridor
2026/1/25 11:49:26,middle
2026/1/25 11:49:26,mid-sep
2026/1/25 11:49:31,middle
2026/1/25 11:49:42,corridor
2026/1/25 11:49:44,side
2026/1/25 11:52:27,corridor
2026/1/25 11:52:29,middle
2026/1/25 11:52:29,mid-sep
2026/1/25 11:52:35,middle
2026/1/25 11:52:55,mid-sep
2026/1/25 11:53:04,middle
2026/1/25 11:53:12,mid-sep
2026/1/25 11:53:24,middle
2026/1/25 11:56:47,mid-sep
2026/1/25 11:56:58,middle
2026/1/25 11:57:37,mid-sep
2026/1/25 11:57:46,middle
2026/1/25 11:57:49,corridor
2026/1/25 11:57:50,side
2026/1/25 11:59:46,corridor
2026/1/25 11:59:47,middle
2026/1/25 11:59:49,mid-sep
2026/1/25 12:00:20,middle
2026/1/25 12:00:22,corridor
2026/1/25 12:00:22,side
2026/1/25 12:02:21,corridor
2026/1/25 12:02:22,middle
2026/1/25 12:08:14,mid-sep
2026/1/25 12:08:30,middle
2026/1/25 12:08:36,corridor
2026/1/25 12:08:39,side
2026/1/25 12:11:47,corridor
2026/1/25 12:11:48,middle
2026/1/25 12:15:46,mid-sep
2026/1/25 12:16:36,middle
2026/1/25 12:22:47,mid-sep
2026/1/25 12:23:26,middle
2026/1/25 12:23:35,corridor
2026/1/25 12:23:37,side
2026/1/25 12:26:50,corridor
2026/1/25 12:26:51,middle
2026/1/25 12:26:51,mid-sep
2026/1/25 12:27:05,middle
2026/1/25 12:27:28,mid-sep
2026/1/25 12:28:13,middle
2026/1/25 12:32:09,mid-sep
2026/1/25 12:33:56,middle
2026/1/25 12:33:59,corridor
2026/1/25 12:34:02,middle
2026/1/25 12:34:02,mid-sep
2026/1/25 12:34:25,middle
2026/1/25 12:34:29,mid-sep
2026/1/25 12:35:49,middle
2026/1/25 12:35:55,mid-sep
2026/1/25 12:37:26,middle
2026/1/25 12:40:24,corridor
2026/1/25 12:40:25,side
2026/1/25 12:41:19,corridor
2026/1/25 12:41:21,middle
2026/1/25 12:41:23,mid-sep
2026/1/25 12:41:42,middle
2026/1/25 12:41:46,corridor
2026/1/25 12:41:49,middle
2026/1/25 12:41:49,mid-sep
2026/1/25 12:42:04,middle
2026/1/25 12:46:34,mid-sep
2026/1/25 12:46:41,middle
2026/1/25 12:47:12,mid-sep
2026/1/25 12:47:19,middle
2026/1/25 12:47:21,corridor
2026/1/25 12:47:22,side
2026/1/25 15:04:39,corridor
2026/1/25 15:04:40,middle
2026/1/25 15:04:46,mid-sep
2026/1/25 15:04:54,middle
2026/1/25 15:05:01,mid-sep
2026/1/25 15:05:12,middle
2026/1/25 15:05:31,mid-sep
2026/1/25 15:07:06,middle
2026/1/25 15:07:21,mid-sep
2026/1/25 15:08:00,middle
2026/1/25 15:16:16,mid-sep
2026/1/25 15:16:17,middle
2026/1/25 15:16:28,mid-sep
2026/1/25 15:16:41,middle
2026/1/25 15:16:52,mid-sep
2026/1/25 15:16:54,middle
2026/1/25 15:16:56,corridor
2026/1/25 15:16:58,side
2026/1/25 15:17:55,corridor
2026/1/25 15:17:59,middle
2026/1/25 15:18:00,mid-sep
2026/1/25 15:18:05,middle
2026/1/25 15:18:05,corridor
2026/1/25 15:18:08,side
2026/1/25 15:18:32,corridor
2026/1/25 15:18:33,middle
2026/1/25 15:18:46,corridor
2026/1/25 15:18:47,side
2026/1/25 15:20:16,corridor
2026/1/25 15:20:18,middle
2026/1/25 15:20:26,mid-sep
2026/1/25 15:20:44,middle
2026/1/25 15:29:41,mid-sep
2026/1/25 15:29:55,middle
2026/1/25 15:29:58,corridor
2026/1/25 15:30:00,side
2026/1/25 15:30:25,corridor
2026/1/25 15:30:27,middle
2026/1/25 15:30:32,mid-sep
2026/1/25 15:30:35,middle
2026/1/25 15:30:36,corridor
2026/1/25 15:30:39,side
2026/1/25 15:32:24,corridor
2026/1/25 15:32:25,middle
2026/1/25 15:32:27,corridor
2026/1/25 15:32:35,side
2026/1/25 15:35:34,corridor
2026/1/25 15:35:54,side
2026/1/25 15:37:32,corridor
2026/1/25 15:37:33,middle
2026/1/25 15:37:35,mid-sep
2026/1/25 15:37:37,middle
2026/1/25 15:37:45,corridor
2026/1/25 15:37:47,side
2026/1/25 15:37:58,corridor
2026/1/25 15:37:58,middle
2026/1/25 15:50:06,mid-sep
2026/1/25 15:50:31,middle
2026/1/25 15:50:36,mid-sep
2026/1/25 15:50:42,middle
2026/1/25 15:50:42,corridor
2026/1/25 15:50:45,side
2026/1/25 15:51:24,corridor
2026/1/25 15:51:25,middle
2026/1/25 15:51:28,mid-sep
2026/1/25 15:51:59,middle
2026/1/25 15:52:07,corridor
2026/1/25 15:52:09,side
2026/1/25 16:54:36,corridor
2026/1/25 16:54:37,middle
2026/1/25 16:54:40,mid-sep
2026/1/25 16:54:56,middle
2026/1/25 16:54:58,corridor
2026/1/25 16:54:59,side
2026/1/25 16:56:24,corridor
2026/1/25 16:56:25,middle
2026/1/25 16:56:26,mid-sep
2026/1/25 16:56:33,middle
2026/1/25 16:56:35,corridor
2026/1/25 16:56:36,side
2026/1/25 17:00:56,corridor
2026/1/25 17:00:57,middle
2026/1/25 17:01:00,mid-sep
2026/1/25 17:01:22,middle
2026/1/25 17:01:40,mid-sep
2026/1/25 17:02:13,middle
2026/1/25 17:02:16,corridor
2026/1/25 17:02:16,side
2026/1/25 17:03:54,corridor
2026/1/25 17:03:54,middle
2026/1/25 17:03:55,mid-sep
2026/1/25 17:04:51,middle
2026/1/25 17:05:13,corridor
2026/1/25 17:05:15,side
2026/1/25 17:08:26,corridor
2026/1/25 17:08:27,middle
2026/1/25 17:08:28,mid-sep
2026/1/25 17:08:41,middle
2026/1/25 17:08:42,corridor
2026/1/25 17:08:44,side
2026/1/25 17:12:24,corridor
2026/1/25 17:12:27,middle
2026/1/25 17:12:29,mid-sep
2026/1/25 17:13:08,middle
2026/1/25 17:13:37,corridor
2026/1/25 17:13:49,side
2026/1/25 17:14:14,corridor
2026/1/25 17:14:16,middle
2026/1/25 17:14:18,mid-sep
2026/1/25 17:14:30,middle
2026/1/25 17:14:31,corridor
2026/1/25 17:14:33,side
2026/1/25 17:19:22,corridor
2026/1/25 17:19:23,middle
2026/1/25 17:19:23,mid-sep
2026/1/25 17:19:38,middle
2026/1/25 17:20:17,corridor
2026/1/25 17:20:22,side
2026/1/25 17:20:36,corridor
2026/1/25 17:20:37,middle
2026/1/25 17:20:54,mid-sep
2026/1/25 17:21:45,middle
2026/1/25 17:21:54,corridor
2026/1/25 17:21:56,side
2026/1/25 17:23:11,corridor
2026/1/25 17:23:12,middle
2026/1/25 17:23:13,mid-sep
2026/1/25 17:24:31,middle
2026/1/25 17:24:37,mid-sep
2026/1/25 17:25:59,middle
2026/1/25 17:26:01,corridor
2026/1/25 17:26:03,side
2026/1/25 17:26:41,corridor
2026/1/25 17:26:42,middle
2026/1/25 17:26:43,mid-sep
2026/1/25 17:26:56,middle
2026/1/25 17:27:02,corridor
2026/1/25 17:27:05,side
2026/1/25 18:27:34,corridor
2026/1/25 18:27:35,middle
2026/1/25 18:27:37,mid-sep
2026/1/25 18:28:00,middle
2026/1/25 18:28:01,corridor
2026/1/25 18:28:05,side
2026/1/25 18:28:23,corridor
2026/1/25 18:28:27,middle
2026/1/25 18:28:30,mid-sep
2026/1/25 18:29:36,middle
2026/1/25 18:30:11,mid-sep
2026/1/25 18:30:36,middle
2026/1/25 18:30:40,corridor
2026/1/25 18:30:45,side
2026/1/25 18:30:57,corridor
2026/1/25 18:31:12,side
2026/1/25 18:33:11,corridor
2026/1/25 18:33:11,middle
2026/1/25 18:33:11,mid-sep
2026/1/25 18:33:51,middle
2026/1/25 18:34:22,mid-sep
2026/1/25 18:34:27,middle
2026/1/25 18:34:28,corridor
2026/1/25 18:34:29,side
2026/1/25 18:36:35,corridor
2026/1/25 18:36:36,middle
2026/1/25 18:36:40,mid-sep
2026/1/25 18:36:48,middle
2026/1/25 18:36:50,corridor
2026/1/25 18:36:50,side
2026/1/25 18:38:26,corridor
2026/1/25 18:38:27,middle
2026/1/25 18:38:28,mid-sep
2026/1/25 18:38:30,middle
2026/1/25 18:38:34,corridor
2026/1/25 18:38:35,side
2026/1/25 18:41:22,corridor
2026/1/25 18:41:25,middle
2026/1/25 18:41:25,mid-sep
2026/1/25 18:41:40,middle
2026/1/25 18:44:31,corridor
2026/1/25 18:45:35,side
2026/1/25 18:46:18,corridor
2026/1/25 18:46:18,middle
2026/1/25 18:46:20,mid-sep
2026/1/25 18:46:36,middle
2026/1/25 18:46:36,corridor
2026/1/25 18:46:37,side
2026/1/25 18:47:54,corridor
2026/1/25 18:48:01,middle
2026/1/25 18:48:01,mid-sep
2026/1/25 18:48:19,middle
2026/1/25 18:48:35,corridor
2026/1/25 18:49:45,side
2026/1/25 18:49:55,corridor
2026/1/25 18:50:01,middle
2026/1/25 18:50:04,mid-sep
2026/1/25 18:50:06,middle
2026/1/25 18:50:12,corridor
2026/1/25 18:50:13,side
2026/1/25 18:50:27,corridor
2026/1/25 18:50:27,middle
2026/1/25 18:50:28,mid-sep
2026/1/25 18:52:19,middle
2026/1/25 18:52:20,corridor
2026/1/25 18:52:25,side
2026/1/25 18:52:45,corridor
2026/1/25 18:52:46,middle
2026/1/25 18:52:48,corridor
2026/1/25 18:52:50,side
2026/1/25 18:53:23,corridor
2026/1/25 18:53:24,middle
2026/1/25 18:53:27,corridor
2026/1/25 18:53:27,side
2026/1/25 19:00:51,corridor
2026/1/25 19:00:52,middle
2026/1/25 19:00:56,mid-sep
2026/1/25 19:01:18,middle
2026/1/25 19:01:44,mid-sep
2026/1/25 19:02:14,middle
2026/1/25 19:02:20,corridor
2026/1/25 19:02:23,side
2026/1/25 19:06:15,corridor
2026/1/25 19:06:15,middle
2026/1/25 19:06:16,mid-sep
2026/1/25 19:06:19,middle
2026/1/25 19:06:35,mid-sep
2026/1/25 19:07:30,middle
2026/1/25 19:07:33,corridor
2026/1/25 19:07:34,side
2026/1/25 19:13:07,corridor
2026/1/25 19:13:11,middle
2026/1/25 19:13:11,mid-sep
2026/1/25 19:13:14,middle
2026/1/25 19:13:24,mid-sep
2026/1/25 19:13:31,middle
2026/1/25 19:13:34,corridor
2026/1/25 19:14:24,side
2026/1/25 19:17:22,corridor
2026/1/25 19:17:23,middle
2026/1/25 19:17:23,mid-sep
2026/1/25 19:18:36,middle
2026/1/25 19:18:48,mid-sep
2026/1/25 19:19:15,middle
2026/1/25 19:19:16,corridor
2026/1/25 19:19:18,side
2026/1/25 19:19:24,corridor
2026/1/25 19:19:25,middle
2026/1/25 19:19:26,mid-sep
2026/1/25 19:20:09,middle
2026/1/25 19:20:24,mid-sep
2026/1/25 19:20:54,middle
2026/1/25 19:21:07,mid-sep
2026/1/25 19:21:10,middle
2026/1/25 19:21:44,mid-sep
2026/1/25 19:22:21,middle
2026/1/25 19:22:24,corridor
2026/1/25 19:22:25,side
2026/1/25 19:25:41,corridor
2026/1/25 19:25:44,middle
2026/1/25 19:25:47,mid-sep
2026/1/25 19:25:49,middle
2026/1/25 19:25:50,corridor
2026/1/25 19:26:00,side
2026/1/25 19:26:20,corridor
2026/1/25 19:26:21,middle
2026/1/25 19:26:22,corridor
2026/1/25 19:26:28,side
2026/1/25 19:29:36,corridor
2026/1/25 19:29:37,middle
2026/1/25 19:29:40,mid-sep
2026/1/25 19:29:43,middle
2026/1/25 19:30:07,mid-sep
2026/1/25 19:30:34,middle
2026/1/25 19:30:35,corridor
2026/1/25 19:30:40,side
2026/1/25 19:36:47,corridor
2026/1/25 19:36:49,middle
2026/1/25 19:36:49,mid-sep
2026/1/25 19:36:59,middle
2026/1/25 19:37:27,mid-sep
2026/1/25 19:37:46,middle
2026/1/25 19:38:54,mid-sep
2026/1/25 19:39:47,middle
2026/1/25 19:39:49,mid-sep
2026/1/25 19:40:50,middle
2026/1/25 19:40:55,corridor
2026/1/25 19:40:59,side
2026/1/25 19:41:04,corridor
2026/1/25 19:41:04,middle
2026/1/25 19:41:04,mid-sep
2026/1/25 19:41:24,middle
2026/1/25 19:41:27,corridor
2026/1/25 19:41:30,middle
2026/1/25 19:41:32,mid-sep
2026/1/25 19:42:02,middle
2026/1/25 19:44:06,mid-sep
2026/1/25 19:44:32,middle
2026/1/25 19:44:38,corridor
2026/1/25 19:44:41,middle
2026/1/25 19:44:43,mid-sep
2026/1/25 19:44:58,middle
2026/1/25 19:45:03,corridor
2026/1/25 19:45:26,side
2026/1/25 19:47:08,corridor
2026/1/25 19:47:08,middle
2026/1/25 19:47:09,mid-sep
2026/1/25 19:47:11,middle
2026/1/25 19:47:23,mid-sep
2026/1/25 19:48:03,middle
2026/1/25 19:48:39,mid-sep
2026/1/25 19:48:53,middle
2026/1/25 19:49:25,mid-sep
2026/1/25 19:49:47,middle
2026/1/25 19:49:52,mid-sep
2026/1/25 19:50:15,middle
2026/1/25 19:54:06,mid-sep
2026/1/25 19:55:08,middle
2026/1/25 19:57:27,mid-sep
2026/1/25 19:59:00,middle
2026/1/25 20:03:18,mid-sep
2026/1/25 20:03:22,middle
2026/1/25 20:05:11,mid-sep
2026/1/25 20:05:22,middle
2026/1/25 20:05:32,mid-sep
2026/1/25 20:05:37,middle
2026/1/25 20:24:08,corridor
2026/1/25 20:24:24,side
2026/1/25 20:27:01,corridor
2026/1/25 20:27:01,middle
2026/1/25 20:27:02,mid-sep
2026/1/25 20:27:07,middle
2026/1/25 20:27:41,corridor
2026/1/25 20:27:53,side
2026/1/25 20:29:04,corridor
2026/1/25 20:29:04,middle
2026/1/25 20:29:04,mid-sep
2026/1/25 20:29:39,middle
2026/1/25 20:29:41,corridor
2026/1/25 20:29:46,side
2026/1/25 20:33:18,corridor
2026/1/25 20:33:19,middle
2026/1/25 20:33:23,mid-sep
2026/1/25 20:34:01,middle
2026/1/25 20:34:41,mid-sep
2026/1/25 20:34:57,middle
2026/1/25 20:35:20,mid-sep
2026/1/25 20:36:22,middle
2026/1/25 20:36:32,corridor
2026/1/25 20:36:43,side
2026/1/25 20:37:13,corridor
2026/1/25 20:37:13,middle
2026/1/25 20:37:13,mid-sep
2026/1/25 20:37:15,middle
2026/1/25 20:37:18,corridor
2026/1/25 20:37:19,side
2026/1/25 20:37:35,corridor
2026/1/25 20:37:36,middle
2026/1/25 20:45:38,mid-sep
2026/1/25 20:46:35,middle
2026/1/25 20:46:43,corridor
2026/1/25 20:46:45,side
2026/1/25 20:47:33,corridor
2026/1/25 20:47:33,middle
2026/1/25 20:52:13,mid-sep
2026/1/25 20:52:28,middle
2026/1/25 20:52:44,corridor
2026/1/25 20:52:49,side
2026/1/25 20:53:16,corridor
2026/1/25 20:53:16,middle
2026/1/25 20:53:16,mid-sep
2026/1/25 20:53:18,middle
2026/1/25 20:57:55,mid-sep
2026/1/25 20:58:13,middle
2026/1/25 20:58:20,mid-sep
2026/1/25 20:58:44,middle
2026/1/25 20:59:06,mid-sep
2026/1/25 20:59:22,middle
2026/1/25 21:18:16,corridor
2026/1/25 21:18:21,side
2026/1/25 21:19:30,corridor
2026/1/25 21:19:30,middle
2026/1/25 21:19:30,mid-sep
2026/1/25 21:19:35,middle
2026/1/25 21:34:58,mid-sep
2026/1/25 21:35:19,middle
2026/1/25 21:45:06,mid-sep
2026/1/25 21:46:51,middle
2026/1/25 22:14:55,corridor
2026/1/25 22:15:05,middle
2026/1/25 22:44:24,corridor
2026/1/25 22:44:30,side
2026/1/26 0:30:52,corridor
2026/1/26 0:30:54,middle
2026/1/26 0:30:55,mid-sep
2026/1/26 0:31:12,middle
2026/1/26 0:31:21,corridor
2026/1/26 0:31:25,side
2026/1/26 0:31:51,corridor
2026/1/26 0:31:51,middle
2026/1/26 0:31:52,mid-sep
2026/1/26 0:31:56,middle
2026/1/26 0:32:03,corridor
2026/1/26 0:32:04,side
2026/1/26 0:32:23,corridor
2026/1/26 0:32:23,middle
2026/1/26 0:32:23,mid-sep
2026/1/26 0:32:24,middle
2026/1/26 0:33:25,mid-sep
2026/1/26 0:33:28,middle
2026/1/26 0:39:26,mid-sep
2026/1/26 0:39:31,middle
2026/1/26 0:39:39,corridor
2026/1/26 0:39:47,middle
2026/1/26 0:43:24,mid-sep
2026/1/26 0:43:41,middle
2026/1/26 0:47:12,corridor
2026/1/26 0:47:13,side
2026/1/26 0:50:12,corridor
2026/1/26 0:50:13,middle
2026/1/26 0:50:17,mid-sep
2026/1/26 0:50:34,middle
2026/1/26 0:50:39,mid-sep
2026/1/26 0:50:50,middle
2026/1/26 0:51:31,mid-sep
2026/1/26 0:51:58,middle
2026/1/26 1:00:55,corridor
2026/1/26 1:00:59,side
2026/1/26 1:02:05,corridor
2026/1/26 1:02:05,middle
2026/1/26 1:02:09,mid-sep
2026/1/26 1:03:45,middle
2026/1/26 1:09:48,mid-sep
2026/1/26 1:09:52,middle
2026/1/26 1:09:55,corridor
2026/1/26 1:09:56,side
2026/1/26 3:04:57,corridor
2026/1/26 3:04:58,middle
2026/1/26 3:04:59,mid-sep
2026/1/26 3:05:01,middle
2026/1/26 3:14:30,mid-sep
2026/1/26 3:14:38,middle
2026/1/26 3:14:41,mid-sep
2026/1/26 3:15:04,middle
2026/1/26 3:15:07,corridor
2026/1/26 3:15:08,side
2026/1/26 3:16:48,corridor
2026/1/26 3:16:49,middle
2026/1/26 3:16:50,mid-sep
2026/1/26 3:17:03,middle
2026/1/26 3:17:06,corridor
2026/1/26 3:17:07,side
2026/1/26 3:20:28,corridor
2026/1/26 3:20:28,middle
2026/1/26 3:20:29,mid-sep
2026/1/26 3:20:33,middle
2026/1/26 3:20:38,corridor
2026/1/26 3:20:39,side
2026/1/26 3:24:20,corridor
2026/1/26 3:24:20,middle
2026/1/26 3:24:21,mid-sep
2026/1/26 3:24:39,middle
2026/1/26 3:24:45,corridor
2026/1/26 3:24:46,side
2026/1/26 3:25:10,corridor
2026/1/26 3:25:10,middle
2026/1/26 3:25:11,mid-sep
2026/1/26 3:25:12,middle
2026/1/26 3:37:39,mid-sep
2026/1/26 3:38:27,middle
2026/1/26 3:38:38,mid-sep
2026/1/26 3:39:04,middle
2026/1/26 3:39:12,corridor
2026/1/26 3:39:21,side
2026/1/26 5:37:25,corridor
2026/1/26 5:37:25,middle
2026/1/26 5:37:27,mid-sep
2026/1/26 5:38:10,middle
2026/1/26 5:38:15,corridor
2026/1/26 5:38:19,side
2026/1/26 5:38:31,corridor
2026/1/26 5:38:33,middle
2026/1/26 5:38:40,mid-sep
2026/1/26 5:39:00,middle
2026/1/26 5:39:19,mid-sep
2026/1/26 5:39:51,middle
2026/1/26 5:47:14,corridor
2026/1/26 5:47:17,side
2026/1/26 5:47:34,corridor
2026/1/26 5:47:35,middle
2026/1/26 5:47:36,mid-sep
2026/1/26 5:47:54,middle
2026/1/26 5:51:14,corridor
2026/1/26 5:51:18,side
2026/1/26 7:04:47,corridor
2026/1/26 7:04:48,middle
2026/1/26 7:04:55,mid-sep
2026/1/26 7:05:14,middle
2026/1/26 7:06:03,mid-sep
2026/1/26 7:06:56,middle
2026/1/26 7:09:34,mid-sep
2026/1/26 7:09:59,middle
2026/1/26 7:10:03,corridor
2026/1/26 7:10:04,side
2026/1/26 9:36:17,corridor
2026/1/26 9:36:19,middle
2026/1/26 9:36:20,mid-sep
2026/1/26 9:36:30,middle
2026/1/26 9:36:40,mid-sep
2026/1/26 9:36:46,middle
2026/1/26 9:36:48,corridor
2026/1/26 9:36:52,side
2026/1/26 9:38:33,corridor
2026/1/26 9:38:34,middle
2026/1/26 9:38:35,mid-sep
2026/1/26 9:39:04,middle
2026/1/26 9:39:10,corridor
2026/1/26 9:39:11,side
2026/1/26 9:54:38,corridor
2026/1/26 9:54:39,middle
2026/1/26 9:54:39,mid-sep
2026/1/26 9:54:48,middle
2026/1/26 9:55:32,corridor
2026/1/26 9:55:36,side
2026/1/26 9:59:47,corridor
2026/1/26 9:59:48,middle
2026/1/26 9:59:49,mid-sep
2026/1/26 9:59:51,middle
2026/1/26 10:09:42,corridor
2026/1/26 10:09:56,side
2026/1/26 10:11:43,corridor
2026/1/26 10:11:44,middle
2026/1/26 10:11:44,mid-sep
2026/1/26 10:11:50,middle
2026/1/26 10:12:04,mid-sep
2026/1/26 10:12:12,middle
2026/1/26 10:26:08,mid-sep
2026/1/26 10:26:55,middle
2026/1/26 10:27:04,corridor
2026/1/26 10:27:08,side
2026/1/26 10:30:25,corridor
2026/1/26 10:30:27,middle
2026/1/26 10:30:28,mid-sep
2026/1/26 10:30:44,middle
2026/1/26 10:30:58,mid-sep
2026/1/26 10:31:58,middle
2026/1/26 10:38:20,mid-sep
2026/1/26 10:39:13,middle
2026/1/26 10:39:14,corridor
2026/1/26 10:39:16,side
2026/1/26 10:41:24,corridor
2026/1/26 10:41:25,middle
2026/1/26 10:41:26,mid-sep
2026/1/26 10:42:06,middle
2026/1/26 10:42:17,mid-sep
2026/1/26 10:42:31,middle
2026/1/26 10:48:27,mid-sep
2026/1/26 10:49:09,middle
2026/1/26 10:49:52,mid-sep
2026/1/26 10:50:07,middle
2026/1/26 10:51:19,mid-sep
2026/1/26 10:52:57,middle
2026/1/26 10:53:06,corridor
2026/1/26 10:53:10,side
2026/1/26 10:54:33,corridor
2026/1/26 10:54:33,middle
2026/1/26 10:54:33,mid-sep
2026/1/26 10:54:34,middle
2026/1/26 10:55:09,mid-sep
2026/1/26 10:56:01,middle
2026/1/26 11:01:04,mid-sep
2026/1/26 11:01:31,middle
2026/1/26 11:01:42,mid-sep
2026/1/26 11:01:53,middle
2026/1/26 11:02:33,corridor
2026/1/26 11:02:33,side
2026/1/26 11:03:16,corridor
2026/1/26 11:03:16,middle
2026/1/26 11:03:23,corridor
2026/1/26 11:03:23,side
2026/1/26 11:04:09,corridor
2026/1/26 11:04:10,middle
2026/1/26 11:04:11,mid-sep
2026/1/26 11:05:34,middle
2026/1/26 11:05:59,mid-sep
2026/1/26 11:08:20,middle
2026/1/26 11:08:37,mid-sep
2026/1/26 11:09:22,middle
2026/1/26 11:10:43,mid-sep
2026/1/26 11:11:02,middle
2026/1/26 11:11:23,mid-sep
2026/1/26 11:11:55,middle
2026/1/26 11:11:57,corridor
2026/1/26 11:12:00,side
2026/1/26 11:14:32,corridor
2026/1/26 11:14:34,middle
2026/1/26 11:14:34,mid-sep
2026/1/26 11:15:05,middle
2026/1/26 11:15:16,corridor
2026/1/26 11:15:17,side
2026/1/26 11:17:56,corridor
2026/1/26 11:17:58,middle
2026/1/26 11:17:58,mid-sep
2026/1/26 11:18:05,middle
2026/1/26 11:18:08,corridor
2026/1/26 11:18:11,side
2026/1/26 11:21:14,corridor
2026/1/26 11:21:16,middle
2026/1/26 11:21:16,mid-sep
2026/1/26 11:23:52,middle
2026/1/26 11:26:09,mid-sep
2026/1/26 11:26:33,middle
2026/1/26 11:27:34,corridor
2026/1/26 11:27:34,side
2026/1/26 11:28:17,corridor
2026/1/26 11:28:19,middle
2026/1/26 11:28:19,mid-sep
2026/1/26 11:28:25,middle
2026/1/26 11:28:28,corridor
2026/1/26 11:28:35,middle
2026/1/26 11:28:35,mid-sep
2026/1/26 11:28:35,middle
2026/1/26 11:28:35,corridor
2026/1/26 11:28:35,side
2026/1/26 11:30:37,corridor
2026/1/26 11:30:38,middle
2026/1/26 11:30:38,mid-sep
2026/1/26 11:30:48,middle
2026/1/26 11:30:59,corridor
2026/1/26 11:30:59,side
2026/1/26 11:32:21,corridor
2026/1/26 11:32:24,middle
2026/1/26 11:32:24,mid-sep
2026/1/26 11:32:31,middle
2026/1/26 11:32:32,corridor
2026/1/26 11:32:34,side
2026/1/26 11:36:39,corridor
2026/1/26 11:36:40,middle
2026/1/26 11:36:46,mid-sep
2026/1/26 11:37:02,middle
2026/1/26 11:37:09,mid-sep
2026/1/26 11:38:15,middle
2026/1/26 11:38:21,mid-sep
2026/1/26 11:38:53,middle
2026/1/26 11:43:06,corridor
2026/1/26 11:43:07,side
2026/1/26 11:47:01,corridor
2026/1/26 11:47:02,middle
2026/1/26 11:47:06,mid-sep
2026/1/26 11:49:11,middle
2026/1/26 11:49:24,mid-sep
2026/1/26 11:50:24,middle
2026/1/26 11:55:05,mid-sep
2026/1/26 11:55:09,middle
2026/1/26 11:55:10,corridor
2026/1/26 11:55:10,side
2026/1/26 11:56:58,corridor
2026/1/26 11:56:58,middle
2026/1/26 11:57:01,mid-sep
2026/1/26 11:57:16,middle
2026/1/26 11:57:44,mid-sep
2026/1/26 11:58:56,middle
2026/1/26 12:00:56,corridor
2026/1/26 12:00:58,side
2026/1/26 12:02:51,corridor
2026/1/26 12:02:52,middle
2026/1/26 12:02:52,mid-sep
2026/1/26 12:03:52,middle
2026/1/26 12:04:02,mid-sep
2026/1/26 12:04:28,middle
2026/1/26 12:04:35,mid-sep
2026/1/26 12:05:12,middle
2026/1/26 12:05:13,corridor
2026/1/26 12:05:15,middle
2026/1/26 12:05:18,mid-sep
2026/1/26 12:05:21,middle
2026/1/26 12:05:26,corridor
2026/1/26 12:05:26,side
2026/1/26 12:05:36,corridor
2026/1/26 12:05:36,middle
2026/1/26 12:05:36,mid-sep
2026/1/26 12:05:37,middle
2026/1/26 12:05:38,corridor
2026/1/26 12:05:38,side
2026/1/26 12:05:59,corridor
2026/1/26 12:06:00,middle
2026/1/26 12:06:00,mid-sep
2026/1/26 12:06:58,middle
2026/1/26 12:07:10,mid-sep
2026/1/26 12:07:25,middle
2026/1/26 12:07:26,corridor
2026/1/26 12:07:26,side
2026/1/26 12:10:36,corridor
2026/1/26 12:10:37,middle
2026/1/26 12:10:40,mid-sep
2026/1/26 12:11:35,middle
2026/1/26 12:12:07,mid-sep
2026/1/26 12:12:10,middle
2026/1/26 12:12:34,corridor
2026/1/26 12:12:35,side
2026/1/26 12:16:02,corridor
2026/1/26 12:16:04,middle
2026/1/26 12:16:10,corridor
2026/1/26 12:16:16,side
2026/1/26 12:21:49,corridor
2026/1/26 12:21:53,middle
2026/1/26 12:21:54,mid-sep
2026/1/26 12:22:35,middle
2026/1/26 12:22:47,corridor
2026/1/26 12:22:49,side
2026/1/26 12:23:08,corridor
2026/1/26 12:23:21,middle
2026/1/26 12:23:22,mid-sep
2026/1/26 12:23:39,middle
2026/1/26 12:23:46,corridor
2026/1/26 12:23:46,side
2026/1/26 14:10:19,corridor
2026/1/26 14:10:20,middle
2026/1/26 14:10:52,mid-sep
2026/1/26 14:11:43,middle
2026/1/26 14:13:14,corridor
2026/1/26 14:13:16,side
2026/1/26 14:14:38,corridor
2026/1/26 14:14:42,middle
2026/1/26 14:14:43,mid-sep
2026/1/26 14:14:46,middle
2026/1/26 14:14:47,corridor
2026/1/26 14:14:51,side
2026/1/26 14:15:25,corridor
2026/1/26 14:15:31,middle
2026/1/26 14:16:15,mid-sep
2026/1/26 14:16:17,middle
2026/1/26 14:16:34,corridor
2026/1/26 14:16:43,side
2026/1/26 14:17:07,corridor
2026/1/26 14:17:08,middle
2026/1/26 14:17:10,mid-sep
2026/1/26 14:17:21,middle
2026/1/26 14:19:20,mid-sep
2026/1/26 14:20:36,middle
2026/1/26 14:21:16,mid-sep
2026/1/26 14:21:20,middle
2026/1/26 14:21:22,corridor
2026/1/26 14:21:23,side
2026/1/26 14:24:30,corridor
2026/1/26 14:24:33,middle
2026/1/26 14:24:35,mid-sep
2026/1/26 14:25:10,middle
2026/1/26 14:26:17,mid-sep
2026/1/26 14:26:33,middle
2026/1/26 14:26:35,corridor
2026/1/26 14:28:37,side
2026/1/26 14:32:27,corridor
2026/1/26 14:32:35,side
2026/1/26 14:32:50,corridor
2026/1/26 14:32:55,middle
2026/1/26 14:32:57,mid-sep
2026/1/26 14:33:00,middle
2026/1/26 14:33:01,corridor
2026/1/26 14:33:02,side
2026/1/26 14:34:51,corridor
2026/1/26 14:34:54,middle
2026/1/26 14:43:30,mid-sep
2026/1/26 14:44:40,middle
2026/1/26 14:47:20,corridor
2026/1/26 14:47:22,side
2026/1/26 17:16:10,corridor
2026/1/26 17:16:11,middle
2026/1/26 17:16:11,mid-sep
2026/1/26 17:16:33,middle
2026/1/26 17:16:43,mid-sep
2026/1/26 17:16:54,middle
2026/1/26 17:17:01,corridor
2026/1/26 17:17:02,side
2026/1/26 17:17:39,corridor
2026/1/26 17:17:39,middle
2026/1/26 17:17:41,mid-sep
2026/1/26 17:19:15,middle
2026/1/26 17:19:17,corridor
2026/1/26 17:19:19,side
2026/1/26 17:19:51,corridor
2026/1/26 17:19:51,middle
2026/1/26 17:19:52,mid-sep
2026/1/26 17:20:10,middle
2026/1/26 17:20:13,corridor
2026/1/26 17:20:14,side
2026/1/26 17:24:36,corridor
2026/1/26 17:24:37,middle
2026/1/26 17:24:40,mid-sep
2026/1/26 17:25:12,middle
2026/1/26 17:25:14,corridor
2026/1/26 17:25:18,side
2026/1/26 17:25:33,corridor
2026/1/26 17:25:40,middle
2026/1/26 17:25:43,corridor
2026/1/26 17:25:43,side
2026/1/26 17:25:58,corridor
2026/1/26 17:25:59,middle
2026/1/26 17:26:37,corridor
2026/1/26 17:26:39,side
2026/1/26 17:27:18,corridor
2026/1/26 17:27:19,middle
2026/1/26 17:27:22,mid-sep
2026/1/26 17:27:28,middle
2026/1/26 17:27:50,mid-sep
2026/1/26 17:27:55,middle
2026/1/26 17:27:56,corridor
2026/1/26 17:27:56,side
2026/1/26 17:28:58,corridor
2026/1/26 17:28:58,middle
2026/1/26 17:29:00,mid-sep
2026/1/26 17:30:22,middle
2026/1/26 17:30:23,corridor
2026/1/26 17:30:24,side
2026/1/26 17:40:10,corridor
2026/1/26 17:40:13,middle
2026/1/26 17:40:14,mid-sep
2026/1/26 17:40:24,middle
2026/1/26 17:41:29,mid-sep
2026/1/26 17:41:43,middle
2026/1/26 17:41:52,mid-sep
2026/1/26 17:42:01,middle
2026/1/26 17:42:16,mid-sep
2026/1/26 17:42:44,middle
2026/1/26 17:42:52,corridor
2026/1/26 17:42:53,side
2026/1/26 17:43:45,corridor
2026/1/26 17:43:46,middle
2026/1/26 17:43:49,mid-sep
2026/1/26 17:44:46,middle
2026/1/26 17:45:08,corridor
2026/1/26 17:45:09,side
2026/1/26 17:53:59,corridor
2026/1/26 17:53:59,middle
2026/1/26 17:54:01,mid-sep
2026/1/26 17:54:12,middle
2026/1/26 17:54:31,mid-sep
2026/1/26 17:54:36,middle
2026/1/26 17:54:37,corridor
2026/1/26 17:54:38,side
2026/1/26 17:55:58,corridor
2026/1/26 17:55:59,middle
2026/1/26 17:56:00,mid-sep
2026/1/26 17:56:01,middle
2026/1/26 17:56:01,corridor
2026/1/26 17:56:01,side
2026/1/26 18:00:32,corridor
2026/1/26 18:00:34,middle
2026/1/26 18:00:34,mid-sep
2026/1/26 18:00:50,middle
2026/1/26 18:01:20,mid-sep
2026/1/26 18:01:24,middle
2026/1/26 18:01:26,corridor
2026/1/26 18:01:27,side
2026/1/26 18:04:36,corridor
2026/1/26 18:04:39,side
2026/1/26 18:05:22,corridor
2026/1/26 18:05:23,middle
2026/1/26 18:05:23,mid-sep
2026/1/26 18:05:28,middle
2026/1/26 18:11:38,mid-sep
2026/1/26 18:12:02,middle
2026/1/26 18:17:09,mid-sep
2026/1/26 18:17:12,middle
2026/1/26 18:17:20,corridor
2026/1/26 18:17:22,side
2026/1/26 18:18:58,corridor
2026/1/26 18:19:03,middle
2026/1/26 18:21:35,mid-sep
2026/1/26 18:22:00,middle
2026/1/26 18:27:04,mid-sep
2026/1/26 18:27:13,middle
2026/1/26 18:27:55,mid-sep
2026/1/26 18:29:40,middle
2026/1/26 18:29:42,corridor
2026/1/26 18:29:44,side
2026/1/26 18:30:36,corridor
2026/1/26 18:30:36,middle
2026/1/26 18:30:40,mid-sep
2026/1/26 18:31:15,middle
2026/1/26 18:31:23,mid-sep
2026/1/26 18:31:34,middle
2026/1/26 18:31:40,corridor
2026/1/26 18:31:40,side
2026/1/26 19:58:48,corridor
2026/1/26 19:58:49,middle
2026/1/26 19:58:52,mid-sep
2026/1/26 19:59:15,middle
2026/1/26 19:59:51,mid-sep
2026/1/26 19:59:57,middle
2026/1/26 20:00:10,corridor
2026/1/26 20:00:14,side
2026/1/26 20:00:42,corridor
2026/1/26 20:00:44,middle
2026/1/26 20:00:46,mid-sep
2026/1/26 20:00:57,middle
2026/1/26 20:01:09,mid-sep
2026/1/26 20:01:24,middle
2026/1/26 20:15:34,corridor
2026/1/26 20:15:46,side
2026/1/26 20:16:36,corridor
2026/1/26 20:16:36,middle
2026/1/26 20:16:42,mid-sep
2026/1/26 20:17:08,middle
2026/1/26 20:17:47,mid-sep
2026/1/26 20:17:59,middle
2026/1/26 20:17:59,corridor
2026/1/26 20:18:01,side
2026/1/26 20:18:21,corridor
2026/1/26 20:18:22,middle
2026/1/26 20:18:27,mid-sep
2026/1/26 20:18:46,middle
2026/1/26 20:24:31,mid-sep
2026/1/26 20:24:34,middle
2026/1/26 20:24:37,corridor
2026/1/26 20:24:38,side
2026/1/26 20:25:48,corridor
2026/1/26 20:25:48,middle
2026/1/26 20:25:49,mid-sep
2026/1/26 20:26:01,middle
2026/1/26 20:32:22,corridor
2026/1/26 20:32:26,side
2026/1/26 20:33:49,corridor
2026/1/26 20:33:50,middle
2026/1/26 20:33:50,mid-sep
2026/1/26 20:34:14,middle
2026/1/26 20:34:19,mid-sep
2026/1/26 20:34:31,middle
2026/1/26 20:36:49,corridor
2026/1/26 20:36:50,side
2026/1/26 20:37:41,corridor
2026/1/26 20:37:42,middle
2026/1/26 20:37:42,mid-sep
2026/1/26 20:38:05,middle
2026/1/26 20:38:43,mid-sep
2026/1/26 20:39:08,middle
2026/1/26 20:39:24,mid-sep
2026/1/26 20:39:36,middle
2026/1/26 20:39:42,mid-sep
2026/1/26 20:40:13,middle
2026/1/26 20:40:29,mid-sep
2026/1/26 20:40:57,middle
2026/1/26 20:54:13,mid-sep
2026/1/26 20:54:48,middle
2026/1/26 20:58:10,mid-sep
2026/1/26 20:58:26,middle
2026/1/26 20:58:34,mid-sep
2026/1/26 20:58:53,middle
2026/1/26 20:59:06,mid-sep
2026/1/26 20:59:36,middle
2026/1/26 21:00:12,mid-sep
2026/1/26 21:00:28,middle
2026/1/26 21:00:36,corridor
2026/1/26 21:00:45,middle
2026/1/26 21:01:11,mid-sep
2026/1/26 21:01:30,middle
2026/1/26 21:01:38,mid-sep
2026/1/26 21:01:48,middle
2026/1/26 21:07:17,mid-sep
2026/1/26 21:07:38,middle
2026/1/26 21:07:40,corridor
2026/1/26 21:07:41,side
2026/1/26 21:08:39,corridor
2026/1/26 21:08:39,middle
2026/1/26 21:11:00,mid-sep
2026/1/26 21:11:02,middle
2026/1/26 21:11:16,mid-sep
2026/1/26 21:11:25,middle
2026/1/26 21:12:17,mid-sep
2026/1/26 21:12:27,middle
2026/1/26 21:12:35,mid-sep
2026/1/26 21:12:47,middle
2026/1/26 21:35:34,mid-sep
2026/1/26 21:35:37,middle
2026/1/26 21:35:41,corridor
2026/1/26 21:35:42,side
2026/1/26 21:38:22,corridor
2026/1/26 21:38:22,middle
2026/1/26 21:38:22,mid-sep
2026/1/26 21:38:24,middle
2026/1/26 21:38:39,mid-sep
2026/1/26 21:39:41,middle
2026/1/26 21:39:46,mid-sep
2026/1/26 21:40:45,middle
2026/1/26 21:40:47,corridor
2026/1/26 21:40:52,middle
2026/1/26 21:40:54,mid-sep
2026/1/26 21:41:06,middle
2026/1/26 21:41:12,corridor
2026/1/26 21:41:13,side
2026/1/26 23:35:33,corridor
2026/1/26 23:35:33,middle
2026/1/26 23:35:45,mid-sep
2026/1/26 23:35:58,middle
2026/1/26 23:54:43,corridor
2026/1/26 23:54:44,side
2026/1/26 23:55:26,corridor
2026/1/26 23:55:27,middle
2026/1/26 23:55:28,mid-sep
2026/1/26 23:55:36,middle
2026/1/26 23:59:37,mid-sep
2026/1/26 23:59:42,middle
2026/1/27 0:01:15,mid-sep
2026/1/27 0:01:47,middle
2026/1/27 0:17:40,corridor
2026/1/27 0:17:42,side
2026/1/27 0:18:28,corridor
2026/1/27 0:18:30,middle
2026/1/27 0:18:32,mid-sep
2026/1/27 0:19:13,middle
2026/1/27 0:19:15,corridor
2026/1/27 0:19:16,side
2026/1/27 0:20:32,corridor
2026/1/27 0:20:32,middle
2026/1/27 0:20:39,mid-sep
2026/1/27 0:20:48,middle
2026/1/27 0:20:50,corridor
2026/1/27 0:20:51,side
2026/1/27 0:21:16,corridor
2026/1/27 0:21:16,middle
2026/1/27 0:21:16,mid-sep
2026/1/27 0:21:17,middle
2026/1/27 0:21:18,corridor
2026/1/27 0:21:18,side
2026/1/27 0:21:51,corridor
2026/1/27 0:21:51,middle
2026/1/27 0:21:51,mid-sep
2026/1/27 0:21:52,middle
2026/1/27 0:21:57,corridor
2026/1/27 0:21:58,side
2026/1/27 0:22:13,corridor
2026/1/27 0:22:13,middle
2026/1/27 0:22:21,mid-sep
2026/1/27 0:22:23,middle
2026/1/27 0:30:42,corridor
2026/1/27 0:30:43,side
2026/1/27 0:31:05,corridor
2026/1/27 0:31:07,middle
2026/1/27 0:31:10,corridor
2026/1/27 0:31:10,side
2026/1/27 0:31:43,corridor
2026/1/27 0:31:47,middle
2026/1/27 0:31:51,mid-sep
2026/1/27 0:32:06,middle
2026/1/27 0:32:10,corridor
2026/1/27 0:32:10,middle
2026/1/27 0:32:14,mid-sep
2026/1/27 0:32:46,middle
2026/1/27 0:33:02,mid-sep
2026/1/27 0:33:08,middle
2026/1/27 0:33:17,mid-sep
2026/1/27 0:33:41,middle
2026/1/27 0:34:01,mid-sep
2026/1/27 0:34:21,middle
2026/1/27 0:34:28,mid-sep
2026/1/27 0:34:38,middle
2026/1/27 0:37:06,mid-sep
2026/1/27 0:37:10,middle
2026/1/27 0:37:48,corridor
2026/1/27 0:37:54,side
2026/1/27 2:17:52,corridor
2026/1/27 2:17:52,middle
2026/1/27 2:17:52,mid-sep
2026/1/27 2:17:56,middle
2026/1/27 2:19:25,mid-sep
2026/1/27 2:19:53,middle
2026/1/27 2:21:17,mid-sep
2026/1/27 2:21:28,middle
2026/1/27 2:37:29,mid-sep
2026/1/27 2:37:34,middle
2026/1/27 2:38:11,mid-sep
2026/1/27 2:38:29,middle
2026/1/27 2:38:30,corridor
2026/1/27 2:38:32,side
2026/1/27 2:38:50,corridor
2026/1/27 2:38:50,middle
2026/1/27 2:38:51,mid-sep
2026/1/27 2:39:03,middle
2026/1/27 2:41:32,corridor
2026/1/27 2:41:34,side
2026/1/27 2:43:44,corridor
2026/1/27 2:43:44,middle
2026/1/27 2:43:44,mid-sep
2026/1/27 2:44:31,middle
2026/1/27 2:44:44,mid-sep
2026/1/27 2:44:53,middle
2026/1/27 2:56:05,corridor
2026/1/27 2:56:06,side
2026/1/27 5:11:09,corridor
2026/1/27 5:11:10,middle
2026/1/27 5:11:12,mid-sep
2026/1/27 5:11:14,middle
2026/1/27 5:12:04,mid-sep
2026/1/27 5:12:08,middle
2026/1/27 5:17:10,mid-sep
2026/1/27 5:17:41,middle
2026/1/27 5:23:29,mid-sep
2026/1/27 5:23:44,middle
2026/1/27 5:23:46,corridor
2026/1/27 5:23:48,side
2026/1/27 5:24:35,corridor
2026/1/27 5:24:37,side
2026/1/27 5:29:21,corridor
2026/1/27 5:29:22,middle
2026/1/27 5:29:22,mid-sep
2026/1/27 5:29:33,middle
2026/1/27 5:40:45,corridor
2026/1/27 5:40:49,side
2026/1/27 6:55:14,corridor
2026/1/27 6:55:15,middle
2026/1/27 6:55:15,mid-sep
2026/1/27 6:56:35,middle
2026/1/27 6:57:53,mid-sep
2026/1/27 6:57:58,middle
2026/1/27 7:01:33,mid-sep
2026/1/27 7:02:00,middle
2026/1/27 7:02:01,corridor
2026/1/27 7:02:02,side
2026/1/27 7:02:35,corridor
2026/1/27 7:02:37,middle
2026/1/27 7:02:37,mid-sep
2026/1/27 7:02:41,middle
2026/1/27 7:07:43,corridor
2026/1/27 7:08:01,side
2026/1/27 7:08:28,corridor
2026/1/27 7:08:28,middle
2026/1/27 7:08:28,mid-sep
2026/1/27 7:09:31,middle
2026/1/27 7:10:19,mid-sep
2026/1/27 7:10:47,middle
2026/1/27 7:11:46,mid-sep
2026/1/27 7:11:54,middle
2026/1/27 7:11:55,corridor
2026/1/27 7:11:59,side
2026/1/27 8:22:35,corridor
2026/1/27 8:22:36,middle
2026/1/27 8:22:36,mid-sep
2026/1/27 8:22:38,middle
2026/1/27 8:22:39,corridor
2026/1/27 8:22:39,side
2026/1/27 9:02:31,corridor
2026/1/27 9:02:32,middle
2026/1/27 9:02:34,mid-sep
2026/1/27 9:02:46,middle
2026/1/27 9:02:58,mid-sep
2026/1/27 9:03:16,middle
2026/1/27 9:03:21,mid-sep
2026/1/27 9:03:46,middle
2026/1/27 9:10:35,corridor
2026/1/27 9:10:38,side
2026/1/27 9:12:11,corridor
2026/1/27 9:12:11,middle
2026/1/27 9:12:11,mid-sep
2026/1/27 9:12:25,middle
2026/1/27 9:12:43,corridor
2026/1/27 9:12:50,side
2026/1/27 9:38:09,middle
2026/1/27 9:38:09,corridor
2026/1/27 9:38:10,middle
2026/1/27 9:38:16,mid-sep
2026/1/27 9:38:18,middle
2026/1/27 9:38:28,corridor
2026/1/27 9:38:30,side
2026/1/27 9:39:18,corridor
2026/1/27 9:39:20,middle
2026/1/27 9:39:22,mid-sep
2026/1/27 9:39:30,middle
2026/1/27 9:39:42,corridor
2026/1/27 9:39:45,side
2026/1/27 9:46:29,corridor
2026/1/27 9:46:30,middle
2026/1/27 9:46:31,mid-sep
2026/1/27 9:46:34,middle
2026/1/27 9:46:35,corridor
2026/1/27 9:46:35,side
2026/1/27 9:46:50,corridor
2026/1/27 9:46:51,middle
2026/1/27 9:46:52,mid-sep
2026/1/27 9:46:58,middle
2026/1/27 9:47:05,mid-sep
2026/1/27 9:47:07,middle
2026/1/27 9:47:09,corridor
2026/1/27 9:47:13,middle
2026/1/27 9:47:13,mid-sep
2026/1/27 9:49:16,middle
2026/1/27 9:49:51,corridor
2026/1/27 9:49:56,side
2026/1/27 9:50:02,corridor
2026/1/27 9:50:03,middle
2026/1/27 9:50:04,mid-sep
2026/1/27 9:51:42,middle
2026/1/27 9:51:48,corridor
2026/1/27 9:51:49,side
2026/1/27 9:54:31,corridor
2026/1/27 9:55:10,side
2026/1/27 10:00:14,corridor
2026/1/27 10:00:15,middle
2026/1/27 10:00:16,mid-sep
2026/1/27 10:00:20,middle
2026/1/27 10:00:42,corridor
2026/1/27 10:00:44,side
2026/1/27 10:01:31,corridor
2026/1/27 10:01:32,middle
2026/1/27 10:01:33,mid-sep
2026/1/27 10:01:35,middle
2026/1/27 10:04:24,mid-sep
2026/1/27 10:04:43,middle
2026/1/27 10:04:50,corridor
2026/1/27 10:04:53,side
2026/1/27 10:05:04,corridor
2026/1/27 10:05:04,middle
2026/1/27 10:05:04,mid-sep
2026/1/27 10:05:05,middle
2026/1/27 10:05:22,mid-sep
2026/1/27 10:05:38,middle
2026/1/27 10:06:00,corridor
2026/1/27 10:06:02,side
2026/1/27 10:11:06,corridor
2026/1/27 10:11:06,middle
2026/1/27 10:11:08,mid-sep
2026/1/27 10:12:32,middle
2026/1/27 10:12:35,corridor
2026/1/27 10:12:36,side
2026/1/27 10:12:59,corridor
2026/1/27 10:12:59,middle
2026/1/27 10:13:00,mid-sep
2026/1/27 10:13:03,middle
2026/1/27 10:13:12,mid-sep
2026/1/27 10:13:38,middle
2026/1/27 10:14:23,corridor
2026/1/27 10:14:24,side
2026/1/27 10:20:58,corridor
2026/1/27 10:20:58,middle
2026/1/27 10:21:00,mid-sep
2026/1/27 10:21:07,middle
2026/1/27 10:21:19,mid-sep
2026/1/27 10:21:43,middle
2026/1/27 10:22:57,mid-sep
2026/1/27 10:23:10,middle
2026/1/27 10:23:29,corridor
2026/1/27 10:23:30,side
2026/1/27 10:32:24,corridor
2026/1/27 10:32:25,middle
2026/1/27 10:32:26,mid-sep
2026/1/27 10:32:44,middle
2026/1/27 10:33:08,corridor
2026/1/27 10:33:11,side
2026/1/27 10:40:45,corridor
2026/1/27 10:40:45,middle
2026/1/27 10:40:47,mid-sep
2026/1/27 10:41:23,middle
2026/1/27 10:41:32,mid-sep
2026/1/27 10:42:05,middle
2026/1/27 10:42:06,corridor
2026/1/27 10:42:07,side
2026/1/27 10:43:52,corridor
2026/1/27 10:43:53,middle
2026/1/27 10:43:56,mid-sep
2026/1/27 10:44:18,middle
2026/1/27 10:44:18,corridor
2026/1/27 10:44:18,side
2026/1/27 10:50:00,side
