DateTime,RightMouseLocation
2025/7/20 19:10:59,side
2025/7/20 19:12:22,middle
2025/7/20 19:12:23,side
2025/7/20 19:12:52,middle
2025/7/20 19:12:54,side
2025/7/20 19:18:13,corridor
2025/7/20 19:18:14,middle
2025/7/20 19:18:15,mid-sep
2025/7/20 19:18:45,corridor
2025/7/20 19:18:45,side
2025/7/20 19:19:43,corridor
2025/7/20 19:19:43,middle
2025/7/20 19:19:43,mid-sep
2025/7/20 19:19:58,middle
2025/7/20 19:20:00,side
2025/7/20 19:24:32,corridor
2025/7/20 19:24:33,middle
2025/7/20 19:24:34,mid-sep
2025/7/20 19:24:43,middle
2025/7/20 19:24:51,corridor
2025/7/20 19:24:52,side
2025/7/20 19:27:52,corridor
2025/7/20 19:27:53,middle
2025/7/20 19:27:54,mid-sep
2025/7/20 19:27:59,middle
2025/7/20 19:27:59,corridor
2025/7/20 19:28:00,side
2025/7/20 19:28:11,corridor
2025/7/20 19:28:11,middle
2025/7/20 19:28:12,mid-sep
2025/7/20 19:28:14,side
2025/7/20 19:34:37,corridor
2025/7/20 19:34:41,middle
2025/7/20 19:34:41,side
2025/7/20 19:36:27,corridor
2025/7/20 19:36:27,middle
2025/7/20 19:36:28,mid-sep
2025/7/20 19:36:54,middle
2025/7/20 19:37:00,corridor
2025/7/20 19:37:01,side
2025/7/20 19:49:56,corridor
2025/7/20 19:49:57,middle
2025/7/20 19:49:58,mid-sep
2025/7/20 19:50:02,middle
2025/7/20 19:50:05,corridor
2025/7/20 19:50:05,side
2025/7/20 19:52:13,corridor
2025/7/20 19:52:14,middle
2025/7/20 19:52:15,mid-sep
2025/7/20 19:52:28,middle
2025/7/20 19:52:34,corridor
2025/7/20 19:52:35,side
2025/7/20 19:56:51,corridor
2025/7/20 19:56:54,middle
2025/7/20 19:56:55,mid-sep
2025/7/20 19:57:05,middle
2025/7/20 19:57:10,side
2025/7/20 20:16:27,corridor
2025/7/20 20:16:28,middle
2025/7/20 20:16:28,mid-sep
2025/7/20 20:16:49,middle
2025/7/20 20:16:52,corridor
2025/7/20 20:16:53,side
2025/7/20 20:21:15,middle
2025/7/20 20:21:19,mid-sep
2025/7/20 20:21:23,middle
2025/7/20 20:22:08,corridor
2025/7/20 20:22:09,side
2025/7/20 20:32:30,middle
2025/7/20 20:32:34,mid-sep
2025/7/20 20:32:38,middle
2025/7/20 20:32:47,corridor
2025/7/20 20:32:48,side
2025/7/20 20:50:13,corridor
2025/7/20 20:50:14,middle
2025/7/20 20:50:14,side
2025/7/20 20:51:06,middle
2025/7/20 20:51:10,mid-sep
2025/7/20 20:51:15,middle
2025/7/20 20:51:40,corridor
2025/7/20 20:51:43,side
2025/7/20 20:52:05,middle
2025/7/20 20:52:07,corridor
2025/7/20 20:52:08,side
2025/7/20 21:01:54,corridor
2025/7/20 21:01:56,middle
2025/7/20 21:01:57,side
2025/7/20 21:23:28,corridor
2025/7/20 21:23:29,middle
2025/7/20 21:23:29,mid-sep
2025/7/20 21:23:32,middle
2025/7/20 21:23:33,corridor
2025/7/20 21:23:35,side
2025/7/20 21:49:22,corridor
2025/7/20 21:49:23,middle
2025/7/20 21:49:24,mid-sep
2025/7/20 21:49:30,middle
2025/7/20 21:49:32,corridor
2025/7/20 21:49:33,side
2025/7/20 22:16:42,corridor
2025/7/20 22:16:44,middle
2025/7/20 22:16:44,mid-sep
2025/7/20 22:16:55,middle
2025/7/20 22:16:58,corridor
2025/7/20 22:17:00,side
2025/7/20 22:45:47,corridor
2025/7/20 22:45:47,middle
2025/7/20 22:45:48,mid-sep
2025/7/20 22:45:49,middle
2025/7/20 22:45:49,corridor
2025/7/20 22:45:50,side
2025/7/20 22:47:12,middle
2025/7/20 22:47:29,corridor
2025/7/20 22:47:31,side
2025/7/20 22:51:38,corridor
2025/7/20 22:51:38,middle
2025/7/20 22:51:39,corridor
2025/7/20 22:51:39,side
2025/7/20 22:52:18,middle
2025/7/20 22:52:19,side
2025/7/20 23:03:50,middle
2025/7/20 23:03:51,mid-sep
2025/7/20 23:03:52,middle
2025/7/20 23:03:56,mid-sep
2025/7/20 23:03:56,middle
2025/7/20 23:04:05,mid-sep
2025/7/20 23:04:10,middle
2025/7/20 23:04:22,corridor
2025/7/20 23:04:23,side
2025/7/20 23:10:34,middle
2025/7/20 23:10:34,mid-sep
2025/7/20 23:10:35,side
2025/7/20 23:12:18,middle
2025/7/20 23:12:19,side
2025/7/20 23:14:57,corridor
2025/7/20 23:14:59,middle
2025/7/20 23:15:02,mid-sep
2025/7/20 23:15:04,middle
2025/7/20 23:15:23,corridor
2025/7/20 23:15:24,side
2025/7/20 23:27:04,corridor
2025/7/20 23:27:05,middle
2025/7/20 23:27:09,mid-sep
2025/7/20 23:27:16,middle
2025/7/20 23:27:26,corridor
2025/7/20 23:27:39,side
2025/7/20 23:27:47,corridor
2025/7/20 23:28:10,middle
2025/7/20 23:28:10,side
2025/7/20 23:28:12,corridor
2025/7/20 23:29:22,side
2025/7/20 23:36:25,corridor
2025/7/20 23:36:26,middle
2025/7/20 23:36:27,mid-sep
2025/7/20 23:36:29,middle
2025/7/20 23:36:48,corridor
2025/7/20 23:37:05,side
2025/7/20 23:57:06,corridor
2025/7/20 23:57:07,middle
2025/7/20 23:57:08,mid-sep
2025/7/20 23:58:02,middle
2025/7/20 23:58:31,side
2025/7/21 0:04:31,side
2025/7/21 0:04:32,middle
2025/7/21 0:04:34,mid-sep
2025/7/21 0:05:05,middle
2025/7/21 0:05:09,corridor
2025/7/21 0:05:10,side
2025/7/21 0:19:38,corridor
2025/7/21 0:19:40,middle
2025/7/21 0:19:40,mid-sep
2025/7/21 0:19:44,middle
2025/7/21 0:19:56,corridor
2025/7/21 0:19:59,side
2025/7/21 1:29:03,corridor
2025/7/21 1:29:05,middle
2025/7/21 1:29:06,mid-sep
2025/7/21 1:29:15,middle
2025/7/21 1:29:15,corridor
2025/7/21 1:29:16,side
2025/7/21 2:15:40,corridor
2025/7/21 2:15:42,middle
2025/7/21 2:15:43,mid-sep
2025/7/21 2:15:46,middle
2025/7/21 2:15:48,corridor
2025/7/21 2:15:50,side
2025/7/21 2:26:11,corridor
2025/7/21 2:26:12,middle
2025/7/21 2:26:13,mid-sep
2025/7/21 2:26:32,middle
2025/7/21 2:26:36,corridor
2025/7/21 2:26:36,side
2025/7/21 2:28:14,corridor
2025/7/21 2:28:15,middle
2025/7/21 2:28:17,mid-sep
2025/7/21 2:28:30,middle
2025/7/21 2:28:31,corridor
2025/7/21 2:28:33,side
2025/7/21 2:45:16,corridor
2025/7/21 2:45:28,middle
2025/7/21 2:45:29,mid-sep
2025/7/21 2:45:35,middle
2025/7/21 2:45:37,corridor
2025/7/21 2:45:39,side
2025/7/21 3:10:10,corridor
2025/7/21 3:10:19,middle
2025/7/21 3:10:21,mid-sep
2025/7/21 3:10:35,middle
2025/7/21 3:11:12,corridor
2025/7/21 3:11:18,side
2025/7/21 3:11:21,corridor
2025/7/21 3:11:30,side
2025/7/21 3:15:21,corridor
2025/7/21 3:15:24,middle
2025/7/21 3:15:25,mid-sep
2025/7/21 3:15:34,middle
2025/7/21 3:16:41,mid-sep
2025/7/21 3:16:50,middle
2025/7/21 3:17:11,middle
2025/7/21 3:17:14,corridor
2025/7/21 3:17:16,side
2025/7/21 3:47:26,corridor
2025/7/21 3:47:30,middle
2025/7/21 3:47:31,mid-sep
2025/7/21 3:47:39,middle
2025/7/21 3:47:40,corridor
2025/7/21 3:47:41,side
2025/7/21 3:48:45,corridor
2025/7/21 3:48:46,middle
2025/7/21 3:48:50,mid-sep
2025/7/21 3:48:54,middle
2025/7/21 3:49:50,mid-sep
2025/7/21 3:50:04,middle
2025/7/21 3:50:07,corridor
2025/7/21 3:50:10,side
2025/7/21 4:09:16,corridor
2025/7/21 4:09:24,middle
2025/7/21 4:09:26,mid-sep
2025/7/21 4:09:38,middle
2025/7/21 4:09:54,corridor
2025/7/21 4:09:57,side
2025/7/21 6:19:53,corridor
2025/7/21 6:19:53,middle
2025/7/21 6:19:54,mid-sep
2025/7/21 6:20:01,middle
2025/7/21 6:20:04,corridor
2025/7/21 6:20:05,side
2025/7/21 6:25:55,corridor
2025/7/21 6:25:56,middle
2025/7/21 6:25:56,mid-sep
2025/7/21 6:25:58,middle
2025/7/21 6:25:58,corridor
2025/7/21 6:25:59,side
2025/7/21 6:47:06,corridor
2025/7/21 6:47:07,middle
2025/7/21 6:47:08,mid-sep
2025/7/21 6:47:33,middle
2025/7/21 6:47:39,corridor
2025/7/21 6:47:39,side
2025/7/21 6:47:44,corridor
2025/7/21 6:47:45,middle
2025/7/21 6:48:30,corridor
2025/7/21 6:48:31,side
2025/7/21 6:49:15,corridor
2025/7/21 6:49:15,middle
2025/7/21 6:49:15,mid-sep
2025/7/21 6:49:17,middle
2025/7/21 6:49:19,side
2025/7/21 6:55:45,corridor
2025/7/21 6:55:46,middle
2025/7/21 6:55:47,mid-sep
2025/7/21 6:55:50,middle
2025/7/21 6:55:55,corridor
2025/7/21 6:55:58,side
2025/7/21 7:00:01,corridor
2025/7/21 7:00:02,middle
2025/7/21 7:00:02,mid-sep
2025/7/21 7:00:21,middle
2025/7/21 7:00:33,mid-sep
2025/7/21 7:00:36,middle
2025/7/21 7:00:37,mid-sep
2025/7/21 7:01:35,middle
2025/7/21 7:02:34,mid-sep
2025/7/21 7:02:34,middle
2025/7/21 7:02:48,corridor
2025/7/21 7:02:51,side
2025/7/21 7:03:01,corridor
2025/7/21 7:03:03,middle
2025/7/21 7:03:04,mid-sep
2025/7/21 7:03:08,middle
2025/7/21 7:03:23,corridor
2025/7/21 7:03:24,side
2025/7/21 8:06:45,corridor
2025/7/21 8:06:45,middle
2025/7/21 8:06:45,mid-sep
2025/7/21 8:06:55,middle
2025/7/21 8:07:00,corridor
2025/7/21 8:07:01,side
2025/7/21 8:08:55,corridor
2025/7/21 8:08:55,middle
2025/7/21 8:08:57,mid-sep
2025/7/21 8:09:01,middle
2025/7/21 8:09:04,corridor
2025/7/21 8:09:06,side
2025/7/21 10:32:11,corridor
2025/7/21 10:32:14,middle
2025/7/21 10:32:14,mid-sep
2025/7/21 10:32:25,middle
2025/7/21 10:32:30,corridor
2025/7/21 10:32:31,side
2025/7/21 14:51:08,corridor
2025/7/21 14:51:11,middle
2025/7/21 14:51:12,mid-sep
2025/7/21 14:51:18,middle
2025/7/21 14:51:22,corridor
2025/7/21 14:51:23,side
2025/7/21 14:58:54,middle
2025/7/21 14:58:54,corridor
2025/7/21 14:58:54,middle
2025/7/21 14:58:56,mid-sep
2025/7/21 14:59:17,middle
2025/7/21 14:59:19,corridor
2025/7/21 14:59:20,side
2025/7/21 17:01:12,corridor
2025/7/21 17:01:16,middle
2025/7/21 17:01:17,mid-sep
2025/7/21 17:01:24,middle
2025/7/21 17:01:28,corridor
2025/7/21 17:01:29,side
2025/7/21 17:08:09,corridor
2025/7/21 17:08:10,middle
2025/7/21 17:08:10,corridor
2025/7/21 17:08:11,side
2025/7/21 17:09:31,corridor
2025/7/21 17:09:32,middle
2025/7/21 17:09:33,mid-sep
2025/7/21 17:09:34,middle
2025/7/21 17:09:40,corridor
2025/7/21 17:09:41,side
2025/7/21 17:56:28,corridor
2025/7/21 17:56:29,middle
2025/7/21 17:56:33,side
2025/7/21 18:14:27,corridor
2025/7/21 18:14:27,middle
2025/7/21 18:14:28,mid-sep
2025/7/21 18:14:45,middle
2025/7/21 18:15:01,mid-sep
2025/7/21 18:15:36,middle
2025/7/21 18:15:47,corridor
2025/7/21 18:15:49,side
2025/7/21 18:23:34,corridor
2025/7/21 18:23:50,middle
2025/7/21 18:24:13,mid-sep
2025/7/21 18:24:19,middle
2025/7/21 18:24:35,corridor
2025/7/21 18:24:39,side
2025/7/21 18:32:49,corridor
2025/7/21 18:32:49,middle
2025/7/21 18:32:53,side
2025/7/21 18:38:00,middle
2025/7/21 18:38:09,mid-sep
2025/7/21 18:38:11,middle
2025/7/21 18:38:23,corridor
2025/7/21 18:38:24,side
2025/7/21 18:45:31,corridor
2025/7/21 18:45:34,side
2025/7/21 18:48:57,corridor
2025/7/21 18:48:58,middle
2025/7/21 18:49:00,mid-sep
2025/7/21 18:49:21,middle
2025/7/21 18:49:25,corridor
2025/7/21 18:49:26,side
2025/7/21 18:53:43,corridor
2025/7/21 18:53:48,side
2025/7/21 18:58:09,corridor
2025/7/21 18:58:10,middle
2025/7/21 18:58:12,mid-sep
2025/7/21 18:58:22,side
2025/7/21 19:02:50,corridor
2025/7/21 19:02:55,side
2025/7/21 19:06:00,middle
2025/7/21 19:06:18,mid-sep
2025/7/21 19:06:19,middle
2025/7/21 19:06:20,corridor
2025/7/21 19:06:20,side
2025/7/21 19:12:50,middle
2025/7/21 19:12:52,corridor
2025/7/21 19:12:52,side
2025/7/21 19:18:10,corridor
2025/7/21 19:18:13,middle
2025/7/21 19:18:13,side
2025/7/21 19:18:29,middle
2025/7/21 19:18:29,mid-sep
2025/7/21 19:18:31,middle
2025/7/21 19:18:32,side
2025/7/21 19:22:51,corridor
2025/7/21 19:22:53,middle
2025/7/21 19:22:53,mid-sep
2025/7/21 19:23:08,middle
2025/7/21 19:23:09,corridor
2025/7/21 19:23:10,side
2025/7/21 19:27:05,middle
2025/7/21 19:30:39,middle
2025/7/21 19:30:41,side
2025/7/21 19:34:22,corridor
2025/7/21 19:34:23,middle
2025/7/21 19:34:33,mid-sep
2025/7/21 19:34:46,middle
2025/7/21 19:34:48,corridor
2025/7/21 19:34:48,side
2025/7/21 19:38:23,middle
2025/7/21 19:38:26,corridor
2025/7/21 19:38:28,middle
2025/7/21 19:38:32,side
2025/7/21 19:53:21,corridor
2025/7/21 19:53:24,middle
2025/7/21 19:53:30,mid-sep
2025/7/21 19:53:37,middle
2025/7/21 19:53:39,corridor
2025/7/21 19:53:39,side
2025/7/21 19:54:54,corridor
2025/7/21 19:54:58,middle
2025/7/21 19:55:00,mid-sep
2025/7/21 19:55:00,middle
2025/7/21 19:55:01,side
2025/7/21 20:05:17,middle
2025/7/21 20:05:21,mid-sep
2025/7/21 20:05:28,middle
2025/7/21 20:05:29,corridor
2025/7/21 20:05:29,side
2025/7/21 20:08:44,corridor
2025/7/21 20:08:46,middle
2025/7/21 20:08:46,mid-sep
2025/7/21 20:09:08,middle
2025/7/21 20:09:09,corridor
2025/7/21 20:09:09,side
2025/7/21 20:11:04,corridor
2025/7/21 20:11:12,middle
2025/7/21 20:11:12,mid-sep
2025/7/21 20:11:17,middle
2025/7/21 20:11:18,corridor
2025/7/21 20:11:19,side
2025/7/21 20:11:54,corridor
2025/7/21 20:11:57,middle
2025/7/21 20:12:07,mid-sep
2025/7/21 20:12:10,middle
2025/7/21 20:12:12,corridor
2025/7/21 20:12:13,side
2025/7/21 20:21:06,corridor
2025/7/21 20:21:08,middle
2025/7/21 20:21:13,mid-sep
2025/7/21 20:21:20,middle
2025/7/21 20:21:24,corridor
2025/7/21 20:21:25,side
2025/7/21 20:34:43,corridor
2025/7/21 20:34:45,middle
2025/7/21 20:34:46,mid-sep
2025/7/21 20:35:03,middle
2025/7/21 20:35:11,corridor
2025/7/21 20:35:11,side
2025/7/21 20:39:41,corridor
2025/7/21 20:39:44,middle
2025/7/21 20:39:48,mid-sep
2025/7/21 20:39:50,middle
2025/7/21 20:39:51,side
2025/7/21 20:41:38,corridor
2025/7/21 20:41:42,middle
2025/7/21 20:41:44,mid-sep
2025/7/21 20:41:47,middle
2025/7/21 20:42:52,side
2025/7/21 20:42:52,corridor
2025/7/21 20:42:56,middle
2025/7/21 20:42:58,corridor
2025/7/21 20:42:59,side
2025/7/21 20:47:05,corridor
2025/7/21 20:47:08,middle
2025/7/21 20:47:10,mid-sep
2025/7/21 20:47:17,middle
2025/7/21 20:47:17,corridor
2025/7/21 20:47:18,side
2025/7/21 20:54:29,corridor
2025/7/21 20:54:30,middle
2025/7/21 20:54:30,mid-sep
2025/7/21 20:54:35,middle
2025/7/21 20:54:36,corridor
2025/7/21 20:54:36,side
2025/7/21 21:06:24,corridor
2025/7/21 21:06:27,middle
2025/7/21 21:06:28,mid-sep
2025/7/21 21:06:37,middle
2025/7/21 21:06:38,corridor
2025/7/21 21:06:38,side
2025/7/21 21:43:13,corridor
2025/7/21 21:43:16,middle
2025/7/21 21:43:17,mid-sep
2025/7/21 21:43:18,middle
2025/7/21 21:43:43,mid-sep
2025/7/21 21:43:47,middle
2025/7/21 21:43:51,corridor
2025/7/21 21:43:52,side
2025/7/21 21:45:37,corridor
2025/7/21 21:45:38,middle
2025/7/21 21:45:42,mid-sep
2025/7/21 21:45:44,middle
2025/7/21 21:45:45,corridor
2025/7/21 21:45:59,middle
2025/7/21 21:46:00,corridor
2025/7/21 21:46:00,side
2025/7/21 21:48:21,corridor
2025/7/21 21:48:22,middle
2025/7/21 21:48:24,mid-sep
2025/7/21 21:48:24,middle
2025/7/21 21:48:27,side
2025/7/21 21:55:07,middle
2025/7/21 21:55:10,mid-sep
2025/7/21 21:55:15,middle
2025/7/21 21:55:30,side
2025/7/21 22:00:05,corridor
2025/7/21 22:00:06,middle
2025/7/21 22:00:07,mid-sep
2025/7/21 22:00:16,middle
2025/7/21 22:00:18,corridor
2025/7/21 22:00:19,side
2025/7/21 22:15:53,corridor
2025/7/21 22:15:55,middle
2025/7/21 22:15:55,mid-sep
2025/7/21 22:15:55,middle
2025/7/21 22:16:00,side
2025/7/21 22:18:53,corridor
2025/7/21 22:18:53,middle
2025/7/21 22:19:32,corridor
2025/7/21 22:19:39,side
2025/7/21 22:26:49,corridor
2025/7/21 22:26:52,middle
2025/7/21 22:26:52,mid-sep
2025/7/21 22:26:55,middle
2025/7/21 22:26:57,corridor
2025/7/21 22:26:58,side
2025/7/21 22:33:16,middle
2025/7/21 22:33:17,mid-sep
2025/7/21 22:33:23,middle
2025/7/21 22:33:36,corridor
2025/7/21 22:33:37,side
2025/7/21 22:35:53,corridor
2025/7/21 22:35:54,middle
2025/7/21 22:35:56,mid-sep
2025/7/21 22:36:07,middle
2025/7/21 22:36:15,mid-sep
2025/7/21 22:36:47,middle
2025/7/21 22:37:36,corridor
2025/7/21 22:37:37,side
2025/7/21 22:47:12,corridor
2025/7/21 22:47:16,side
2025/7/21 22:53:45,corridor
2025/7/21 22:53:46,middle
2025/7/21 22:53:50,mid-sep
2025/7/21 22:53:51,middle
2025/7/21 22:53:54,corridor
2025/7/21 22:53:55,side
2025/7/21 23:04:51,corridor
2025/7/21 23:04:52,middle
2025/7/21 23:04:55,mid-sep
2025/7/21 23:05:10,middle
2025/7/21 23:05:31,mid-sep
2025/7/21 23:06:23,middle
2025/7/21 23:06:28,corridor
2025/7/21 23:06:29,side
2025/7/21 23:12:28,corridor
2025/7/21 23:12:31,middle
2025/7/21 23:12:34,mid-sep
2025/7/21 23:12:42,middle
2025/7/21 23:12:45,corridor
2025/7/21 23:12:45,middle
2025/7/21 23:19:30,corridor
2025/7/21 23:19:31,middle
2025/7/21 23:19:33,mid-sep
2025/7/21 23:19:43,middle
2025/7/21 23:19:46,corridor
2025/7/21 23:19:46,side
2025/7/21 23:24:20,corridor
2025/7/21 23:24:23,middle
2025/7/21 23:24:28,mid-sep
2025/7/21 23:24:44,middle
2025/7/21 23:24:45,corridor
2025/7/21 23:24:45,side
2025/7/21 23:25:12,corridor
2025/7/21 23:25:13,middle
2025/7/21 23:25:16,mid-sep
2025/7/21 23:25:19,middle
2025/7/21 23:25:26,mid-sep
2025/7/21 23:25:34,middle
2025/7/21 23:25:50,mid-sep
2025/7/21 23:26:19,middle
2025/7/21 23:26:24,mid-sep
2025/7/21 23:26:39,middle
2025/7/21 23:26:40,corridor
2025/7/21 23:26:40,side
2025/7/21 23:27:06,corridor
2025/7/21 23:27:11,middle
2025/7/21 23:27:13,mid-sep
2025/7/21 23:27:13,middle
2025/7/21 23:27:30,mid-sep
2025/7/21 23:27:49,middle
2025/7/21 23:27:50,corridor
2025/7/21 23:27:50,side
2025/7/21 23:31:21,corridor
2025/7/21 23:31:22,middle
2025/7/21 23:31:24,mid-sep
2025/7/21 23:31:48,middle
2025/7/21 23:32:08,mid-sep
2025/7/21 23:32:18,middle
2025/7/21 23:32:25,mid-sep
2025/7/21 23:32:32,middle
2025/7/21 23:32:33,corridor
2025/7/21 23:32:33,side
2025/7/21 23:37:01,corridor
2025/7/21 23:37:04,middle
2025/7/21 23:37:09,mid-sep
2025/7/21 23:37:14,middle
2025/7/21 23:37:17,corridor
2025/7/21 23:37:17,side
2025/7/21 23:42:21,corridor
2025/7/21 23:42:25,middle
2025/7/21 23:42:26,mid-sep
2025/7/21 23:43:18,middle
2025/7/21 23:43:19,corridor
2025/7/21 23:43:22,side
2025/7/21 23:43:42,corridor
2025/7/21 23:43:46,middle
2025/7/21 23:43:48,mid-sep
2025/7/21 23:44:29,middle
2025/7/21 23:45:02,mid-sep
2025/7/21 23:45:18,middle
2025/7/21 23:45:20,corridor
2025/7/21 23:45:21,side
2025/7/21 23:56:38,corridor
2025/7/21 23:56:40,middle
2025/7/21 23:56:41,mid-sep
2025/7/21 23:56:54,middle
2025/7/21 23:56:56,corridor
2025/7/21 23:56:56,side
2025/7/21 23:56:58,corridor
2025/7/21 23:57:01,middle
2025/7/21 23:57:03,mid-sep
2025/7/21 23:57:24,middle
2025/7/21 23:57:32,mid-sep
2025/7/21 23:57:39,middle
2025/7/21 23:57:53,corridor
2025/7/21 23:57:55,side
2025/7/22 0:04:53,corridor
2025/7/22 0:04:57,middle
2025/7/22 0:04:58,corridor
2025/7/22 0:04:59,side
2025/7/22 1:27:37,corridor
2025/7/22 1:27:39,middle
2025/7/22 1:27:45,mid-sep
2025/7/22 1:28:00,middle
2025/7/22 1:28:10,corridor
2025/7/22 1:28:12,side
2025/7/22 1:32:55,corridor
2025/7/22 1:32:55,middle
2025/7/22 1:32:57,mid-sep
2025/7/22 1:33:07,middle
2025/7/22 1:33:15,mid-sep
2025/7/22 1:33:15,middle
2025/7/22 1:33:23,mid-sep
2025/7/22 1:33:24,middle
2025/7/22 1:33:25,corridor
2025/7/22 1:33:26,side
2025/7/22 1:37:19,corridor
2025/7/22 1:37:21,middle
2025/7/22 1:37:22,mid-sep
2025/7/22 1:37:38,middle
2025/7/22 1:38:17,mid-sep
2025/7/22 1:38:17,middle
2025/7/22 1:38:20,corridor
2025/7/22 1:38:21,side
2025/7/22 2:55:16,corridor
2025/7/22 2:55:17,middle
2025/7/22 2:55:17,mid-sep
2025/7/22 2:55:22,middle
2025/7/22 2:55:22,corridor
2025/7/22 2:55:22,side
2025/7/22 2:58:33,corridor
2025/7/22 2:58:34,middle
2025/7/22 2:58:34,mid-sep
2025/7/22 2:58:34,middle
2025/7/22 2:58:35,side
2025/7/22 3:08:00,corridor
2025/7/22 3:08:01,middle
2025/7/22 3:08:01,mid-sep
2025/7/22 3:08:10,middle
2025/7/22 3:08:16,corridor
2025/7/22 3:08:17,side
2025/7/22 3:12:38,corridor
2025/7/22 3:12:39,middle
2025/7/22 3:12:39,mid-sep
2025/7/22 3:13:26,middle
2025/7/22 3:13:27,corridor
2025/7/22 3:13:27,side
2025/7/22 3:23:33,corridor
2025/7/22 3:23:33,middle
2025/7/22 3:23:36,mid-sep
2025/7/22 3:23:37,middle
2025/7/22 3:23:42,corridor
2025/7/22 3:23:43,side
2025/7/22 3:28:32,corridor
2025/7/22 3:28:33,middle
2025/7/22 3:28:34,mid-sep
2025/7/22 3:28:52,middle
2025/7/22 3:28:53,corridor
2025/7/22 3:28:53,side
2025/7/22 3:33:12,corridor
2025/7/22 3:33:13,middle
2025/7/22 3:33:14,mid-sep
2025/7/22 3:33:28,middle
2025/7/22 3:33:31,corridor
2025/7/22 3:33:32,side
2025/7/22 3:40:46,corridor
2025/7/22 3:40:47,middle
2025/7/22 3:40:47,mid-sep
2025/7/22 3:41:08,middle
2025/7/22 3:41:09,corridor
2025/7/22 3:41:09,side
2025/7/22 3:57:13,corridor
2025/7/22 3:57:15,middle
2025/7/22 3:57:16,mid-sep
2025/7/22 3:57:23,middle
2025/7/22 3:57:35,mid-sep
2025/7/22 3:58:14,middle
2025/7/22 4:08:57,side
2025/7/22 4:08:58,corridor
2025/7/22 4:09:00,side
2025/7/22 5:00:28,corridor
2025/7/22 5:00:28,middle
2025/7/22 5:00:33,mid-sep
2025/7/22 5:00:39,middle
2025/7/22 5:01:02,mid-sep
2025/7/22 5:01:16,middle
2025/7/22 5:01:33,mid-sep
2025/7/22 5:01:37,middle
2025/7/22 5:01:42,corridor
2025/7/22 5:01:42,side
2025/7/22 5:14:28,corridor
2025/7/22 5:14:29,middle
2025/7/22 5:14:35,corridor
2025/7/22 5:14:35,side
2025/7/22 5:14:58,corridor
2025/7/22 5:14:59,middle
2025/7/22 5:15:04,corridor
2025/7/22 5:15:09,side
2025/7/22 5:25:24,corridor
2025/7/22 5:25:25,middle
2025/7/22 5:25:26,mid-sep
2025/7/22 5:25:37,middle
2025/7/22 5:25:39,corridor
2025/7/22 5:25:39,side
2025/7/22 5:27:11,corridor
2025/7/22 5:27:15,middle
2025/7/22 5:27:15,mid-sep
2025/7/22 5:27:32,middle
2025/7/22 5:27:45,mid-sep
2025/7/22 5:27:52,middle
2025/7/22 5:28:00,mid-sep
2025/7/22 5:28:16,middle
2025/7/22 5:28:17,side
2025/7/22 5:37:40,corridor
2025/7/22 5:37:43,middle
2025/7/22 5:37:55,mid-sep
2025/7/22 5:38:22,middle
2025/7/22 5:38:26,corridor
2025/7/22 5:38:26,side
2025/7/22 5:43:56,corridor
2025/7/22 5:43:58,side
2025/7/22 5:51:32,corridor
2025/7/22 5:51:34,middle
2025/7/22 5:51:40,mid-sep
2025/7/22 5:51:40,middle
2025/7/22 5:52:22,mid-sep
2025/7/22 5:52:25,middle
2025/7/22 5:53:07,corridor
2025/7/22 5:53:07,middle
2025/7/22 5:53:07,side
2025/7/22 5:53:07,corridor
2025/7/22 5:53:08,side
2025/7/22 5:57:18,corridor
2025/7/22 5:57:20,middle
2025/7/22 5:57:24,mid-sep
2025/7/22 5:57:41,middle
2025/7/22 5:57:42,side
2025/7/22 6:09:04,corridor
2025/7/22 6:09:05,middle
2025/7/22 6:09:13,mid-sep
2025/7/22 6:09:38,middle
2025/7/22 6:09:54,mid-sep
2025/7/22 6:10:16,middle
2025/7/22 6:10:56,corridor
2025/7/22 6:10:57,side
2025/7/22 6:11:10,corridor
2025/7/22 6:11:11,middle
2025/7/22 6:11:16,mid-sep
2025/7/22 6:11:58,middle
2025/7/22 6:13:13,corridor
2025/7/22 6:13:13,side
2025/7/22 6:13:23,corridor
2025/7/22 6:13:26,middle
2025/7/22 6:13:28,mid-sep
2025/7/22 6:13:31,middle
2025/7/22 6:13:35,corridor
2025/7/22 6:13:36,side
2025/7/22 6:18:45,corridor
2025/7/22 6:18:49,middle
2025/7/22 6:18:51,corridor
2025/7/22 6:18:52,side
2025/7/22 6:22:32,corridor
2025/7/22 6:22:35,middle
2025/7/22 6:22:39,corridor
2025/7/22 6:22:39,side
2025/7/22 11:12:13,corridor
2025/7/22 11:12:17,middle
2025/7/22 11:12:19,mid-sep
2025/7/22 11:12:33,middle
2025/7/22 11:12:36,corridor
2025/7/22 11:12:38,side
2025/7/22 11:16:04,corridor
2025/7/22 11:16:05,middle
2025/7/22 11:16:16,corridor
2025/7/22 11:16:18,side
2025/7/22 11:23:43,corridor
2025/7/22 11:23:44,middle
2025/7/22 11:23:45,mid-sep
2025/7/22 11:23:46,middle
2025/7/22 11:23:52,corridor
2025/7/22 11:23:55,side
2025/7/22 13:57:37,corridor
2025/7/22 13:57:38,middle
2025/7/22 13:57:45,corridor
2025/7/22 13:57:48,side
2025/7/22 16:10:07,corridor
2025/7/22 16:10:07,middle
2025/7/22 16:10:19,mid-sep
2025/7/22 16:10:27,middle
2025/7/22 16:10:39,mid-sep
2025/7/22 16:10:46,middle
2025/7/22 16:10:50,corridor
2025/7/22 16:10:52,side
2025/7/22 16:15:20,corridor
2025/7/22 16:15:22,middle
2025/7/22 16:15:23,corridor
2025/7/22 16:15:24,side
2025/7/22 16:15:53,corridor
2025/7/22 16:15:54,middle
2025/7/22 16:15:57,mid-sep
2025/7/22 16:16:03,middle
2025/7/22 16:16:14,mid-sep
2025/7/22 16:16:17,middle
2025/7/22 16:16:20,corridor
2025/7/22 16:16:22,side
2025/7/22 17:31:17,corridor
2025/7/22 17:31:18,middle
2025/7/22 17:31:24,mid-sep
2025/7/22 17:31:36,middle
2025/7/22 17:31:41,corridor
2025/7/22 17:31:45,side
2025/7/22 17:39:01,corridor
2025/7/22 17:39:05,middle
2025/7/22 17:39:06,mid-sep
2025/7/22 17:39:10,middle
2025/7/22 17:39:11,corridor
2025/7/22 17:39:12,side
2025/7/22 17:56:49,corridor
2025/7/22 17:56:50,middle
2025/7/22 17:56:54,corridor
2025/7/22 17:56:55,side
2025/7/22 17:57:41,corridor
2025/7/22 17:57:41,middle
2025/7/22 17:57:42,mid-sep
2025/7/22 17:57:50,middle
2025/7/22 17:57:51,corridor
2025/7/22 17:57:52,side
2025/7/22 17:58:29,corridor
2025/7/22 17:58:29,middle
2025/7/22 17:58:30,mid-sep
2025/7/22 17:58:37,middle
2025/7/22 17:58:40,corridor
2025/7/22 17:58:43,side
2025/7/22 18:07:20,corridor
2025/7/22 18:07:20,middle
2025/7/22 18:07:21,mid-sep
2025/7/22 18:08:01,middle
2025/7/22 18:08:02,corridor
2025/7/22 18:08:02,side
2025/7/22 18:09:32,corridor
2025/7/22 18:09:32,middle
2025/7/22 18:09:37,mid-sep
2025/7/22 18:09:40,middle
2025/7/22 18:09:42,corridor
2025/7/22 18:09:43,side
2025/7/22 18:10:22,corridor
2025/7/22 18:10:23,mid-sep
2025/7/22 18:10:28,corridor
2025/7/22 18:10:28,side
2025/7/22 18:14:21,corridor
2025/7/22 18:14:22,middle
2025/7/22 18:14:23,mid-sep
2025/7/22 18:14:26,middle
2025/7/22 18:14:27,corridor
2025/7/22 18:14:27,side
2025/7/22 18:58:14,corridor
2025/7/22 18:58:15,middle
2025/7/22 18:58:21,mid-sep
2025/7/22 18:58:25,side
2025/7/22 18:58:41,corridor
2025/7/22 18:58:42,mid-sep
2025/7/22 18:58:44,side
2025/7/22 19:05:34,corridor
2025/7/22 19:05:35,middle
2025/7/22 19:05:36,mid-sep
2025/7/22 19:05:43,middle
2025/7/22 19:05:46,corridor
2025/7/22 19:05:47,side
2025/7/22 19:13:04,corridor
2025/7/22 19:13:06,middle
2025/7/22 19:13:07,mid-sep
2025/7/22 19:13:15,middle
2025/7/22 19:13:16,corridor
2025/7/22 19:13:17,side
2025/7/22 19:18:55,corridor
2025/7/22 19:18:57,middle
2025/7/22 19:18:57,mid-sep
2025/7/22 19:19:22,middle
2025/7/22 19:19:23,side
2025/7/22 19:28:49,corridor
2025/7/22 19:28:49,middle
2025/7/22 19:28:50,mid-sep
2025/7/22 19:29:02,middle
2025/7/22 19:29:04,corridor
2025/7/22 19:29:05,side
2025/7/22 19:29:15,corridor
2025/7/22 19:29:16,middle
2025/7/22 19:29:19,mid-sep
2025/7/22 19:29:26,middle
2025/7/22 19:29:27,corridor
2025/7/22 19:29:27,side
2025/7/22 19:44:19,corridor
2025/7/22 19:44:20,middle
2025/7/22 19:44:20,mid-sep
2025/7/22 19:44:37,middle
2025/7/22 19:44:43,corridor
2025/7/22 19:44:47,side
2025/7/22 19:57:22,corridor
2025/7/22 19:57:24,middle
2025/7/22 19:57:25,mid-sep
2025/7/22 19:57:31,middle
2025/7/22 19:57:33,side
2025/7/22 19:57:42,corridor
2025/7/22 19:57:43,middle
2025/7/22 19:57:44,mid-sep
2025/7/22 19:58:36,middle
2025/7/22 19:58:43,mid-sep
2025/7/22 19:59:25,middle
2025/7/22 19:59:27,corridor
2025/7/22 19:59:27,side
2025/7/22 20:07:14,corridor
2025/7/22 20:07:16,middle
2025/7/22 20:07:17,mid-sep
2025/7/22 20:07:22,middle
2025/7/22 20:07:22,corridor
2025/7/22 20:07:23,side
2025/7/22 20:17:14,corridor
2025/7/22 20:17:16,middle
2025/7/22 20:17:18,mid-sep
2025/7/22 20:17:19,middle
2025/7/22 20:17:25,corridor
2025/7/22 20:17:25,side
2025/7/22 20:21:19,corridor
2025/7/22 20:21:20,middle
2025/7/22 20:21:20,mid-sep
2025/7/22 20:21:43,middle
2025/7/22 20:21:50,side
2025/7/22 20:24:56,corridor
2025/7/22 20:24:57,middle
2025/7/22 20:24:58,mid-sep
2025/7/22 20:25:00,side
2025/7/22 20:37:05,corridor
2025/7/22 20:37:06,middle
2025/7/22 20:37:06,mid-sep
2025/7/22 20:38:06,middle
2025/7/22 20:38:07,corridor
2025/7/22 20:38:07,side
2025/7/22 20:47:09,corridor
2025/7/22 20:47:12,middle
2025/7/22 20:47:12,mid-sep
2025/7/22 20:47:32,middle
2025/7/22 20:47:34,corridor
2025/7/22 20:47:36,side
2025/7/22 21:01:00,corridor
2025/7/22 21:01:01,middle
2025/7/22 21:01:10,mid-sep
2025/7/22 21:01:15,middle
2025/7/22 21:01:33,mid-sep
2025/7/22 21:01:58,middle
2025/7/22 21:02:16,corridor
2025/7/22 21:02:17,side
2025/7/22 21:26:46,corridor
2025/7/22 21:26:48,middle
2025/7/22 21:26:48,mid-sep
2025/7/22 21:27:03,middle
2025/7/22 21:27:04,corridor
2025/7/22 21:27:05,side
2025/7/22 21:31:46,corridor
2025/7/22 21:31:48,middle
2025/7/22 21:31:50,mid-sep
2025/7/22 21:32:09,middle
2025/7/22 21:32:27,mid-sep
2025/7/22 21:32:53,middle
2025/7/22 21:32:55,corridor
2025/7/22 21:32:56,side
2025/7/22 22:11:34,corridor
2025/7/22 22:11:36,middle
2025/7/22 22:11:36,mid-sep
2025/7/22 22:11:55,middle
2025/7/22 22:11:57,corridor
2025/7/22 22:11:59,side
2025/7/22 22:15:27,corridor
2025/7/22 22:15:28,middle
2025/7/22 22:15:33,mid-sep
2025/7/22 22:15:43,middle
2025/7/22 22:15:44,side
2025/7/22 22:20:25,corridor
2025/7/22 22:20:27,middle
2025/7/22 22:20:27,corridor
2025/7/22 22:20:29,side
2025/7/22 22:20:47,corridor
2025/7/22 22:20:48,middle
2025/7/22 22:20:49,corridor
2025/7/22 22:21:03,side
2025/7/22 22:43:52,corridor
2025/7/22 22:43:54,middle
2025/7/22 22:43:55,mid-sep
2025/7/22 22:44:37,middle
2025/7/22 22:44:38,corridor
2025/7/22 22:44:39,side
2025/7/22 23:08:04,corridor
2025/7/22 23:08:04,middle
2025/7/22 23:08:05,mid-sep
2025/7/22 23:08:09,middle
2025/7/22 23:08:11,corridor
2025/7/22 23:08:11,side
2025/7/22 23:14:25,corridor
2025/7/22 23:14:28,middle
2025/7/22 23:14:32,mid-sep
2025/7/22 23:14:36,middle
2025/7/22 23:14:50,corridor
2025/7/22 23:14:51,side
2025/7/22 23:49:54,corridor
2025/7/22 23:49:54,middle
2025/7/22 23:49:55,mid-sep
2025/7/22 23:50:00,middle
2025/7/22 23:50:02,corridor
2025/7/22 23:50:04,side
2025/7/23 0:23:15,corridor
2025/7/23 0:23:15,middle
2025/7/23 0:23:16,mid-sep
2025/7/23 0:23:31,middle
2025/7/23 0:23:32,corridor
2025/7/23 0:23:33,side
2025/7/23 0:37:44,corridor
2025/7/23 0:37:45,middle
2025/7/23 0:37:45,mid-sep
2025/7/23 0:38:08,middle
2025/7/23 0:38:10,side
2025/7/23 0:47:36,corridor
2025/7/23 0:47:37,middle
2025/7/23 0:47:38,mid-sep
2025/7/23 0:49:13,middle
2025/7/23 0:49:15,corridor
2025/7/23 0:49:15,side
2025/7/23 0:55:45,corridor
2025/7/23 0:55:47,middle
2025/7/23 0:55:48,mid-sep
2025/7/23 0:55:52,middle
2025/7/23 0:55:53,corridor
2025/7/23 0:55:54,side
2025/7/23 1:03:07,corridor
2025/7/23 1:03:09,middle
2025/7/23 1:03:13,side
2025/7/23 1:05:38,corridor
2025/7/23 1:05:41,middle
2025/7/23 1:05:42,mid-sep
2025/7/23 1:06:24,middle
2025/7/23 1:06:26,corridor
2025/7/23 1:06:26,side
2025/7/23 1:08:03,corridor
2025/7/23 1:08:03,middle
2025/7/23 1:08:05,corridor
2025/7/23 1:08:06,side
2025/7/23 1:17:14,corridor
2025/7/23 1:17:14,middle
2025/7/23 1:17:17,mid-sep
2025/7/23 1:17:40,middle
2025/7/23 1:18:06,mid-sep
2025/7/23 1:18:12,middle
2025/7/23 1:18:16,corridor
2025/7/23 1:18:18,side
2025/7/23 2:07:46,corridor
2025/7/23 2:07:47,middle
2025/7/23 2:07:48,mid-sep
2025/7/23 2:08:15,middle
2025/7/23 2:08:17,corridor
2025/7/23 2:08:18,side
2025/7/23 2:40:46,corridor
2025/7/23 2:40:47,middle
2025/7/23 2:40:55,mid-sep
2025/7/23 2:41:00,middle
2025/7/23 2:41:01,corridor
2025/7/23 2:41:03,side
2025/7/23 2:58:30,corridor
2025/7/23 2:58:31,middle
2025/7/23 2:58:31,mid-sep
2025/7/23 2:58:32,middle
2025/7/23 2:58:33,corridor
2025/7/23 2:58:33,side
2025/7/23 3:14:56,corridor
2025/7/23 3:15:02,mid-sep
2025/7/23 3:15:05,corridor
2025/7/23 3:15:06,side
2025/7/23 3:24:06,corridor
2025/7/23 3:24:10,middle
2025/7/23 3:24:10,mid-sep
2025/7/23 3:24:12,middle
2025/7/23 3:24:15,corridor
2025/7/23 3:24:16,side
2025/7/23 3:53:58,corridor
2025/7/23 3:54:00,middle
2025/7/23 3:54:01,corridor
2025/7/23 3:54:02,side
2025/7/23 3:54:49,corridor
2025/7/23 3:54:50,middle
2025/7/23 3:54:54,mid-sep
2025/7/23 3:56:09,middle
2025/7/23 3:56:10,corridor
2025/7/23 3:56:11,side
2025/7/23 3:56:20,corridor
2025/7/23 3:56:21,middle
2025/7/23 3:56:30,mid-sep
2025/7/23 3:57:13,middle
2025/7/23 3:57:17,corridor
2025/7/23 3:57:20,middle
2025/7/23 3:57:21,mid-sep
2025/7/23 3:57:27,middle
2025/7/23 3:57:28,corridor
2025/7/23 3:57:29,side
2025/7/23 4:15:26,corridor
2025/7/23 4:15:32,middle
2025/7/23 4:15:32,mid-sep
2025/7/23 4:15:55,middle
2025/7/23 4:16:00,side
2025/7/23 4:16:14,corridor
2025/7/23 4:16:17,middle
2025/7/23 4:16:20,mid-sep
2025/7/23 4:18:32,middle
2025/7/23 4:18:34,corridor
2025/7/23 4:18:34,side
2025/7/23 4:19:41,corridor
2025/7/23 4:19:47,middle
2025/7/23 4:19:50,mid-sep
2025/7/23 4:23:08,middle
2025/7/23 4:23:10,corridor
2025/7/23 4:23:10,side
2025/7/23 5:32:45,side
2025/7/23 5:32:45,corridor
2025/7/23 5:32:47,middle
2025/7/23 5:32:50,mid-sep
2025/7/23 5:33:08,middle
2025/7/23 5:33:13,corridor
2025/7/23 5:33:15,side
2025/7/23 6:24:27,corridor
2025/7/23 6:24:28,middle
2025/7/23 6:24:30,mid-sep
2025/7/23 6:24:40,middle
2025/7/23 6:24:46,corridor
2025/7/23 6:24:49,side
2025/7/23 6:42:04,corridor
2025/7/23 6:42:05,middle
2025/7/23 6:42:06,mid-sep
2025/7/23 6:42:37,middle
2025/7/23 6:42:40,corridor
2025/7/23 6:42:41,side
2025/7/23 6:46:31,corridor
2025/7/23 6:46:33,middle
2025/7/23 6:46:35,mid-sep
2025/7/23 6:47:08,middle
2025/7/23 6:47:50,side
2025/7/23 6:48:09,corridor
2025/7/23 6:48:10,middle
2025/7/23 6:48:11,mid-sep
2025/7/23 6:48:49,middle
2025/7/23 6:48:52,side
2025/7/23 6:53:25,corridor
2025/7/23 6:53:29,middle
2025/7/23 6:53:39,mid-sep
2025/7/23 6:53:54,middle
2025/7/23 6:54:05,corridor
2025/7/23 6:54:07,side
2025/7/23 6:54:22,corridor
2025/7/23 6:54:25,middle
2025/7/23 6:54:28,mid-sep
2025/7/23 6:55:30,middle
2025/7/23 6:56:07,corridor
2025/7/23 6:56:08,side
2025/7/23 6:57:16,corridor
2025/7/23 6:57:17,middle
2025/7/23 6:57:19,corridor
2025/7/23 6:57:19,side
2025/7/23 7:03:03,corridor
2025/7/23 7:03:04,middle
2025/7/23 7:03:05,mid-sep
2025/7/23 7:03:18,middle
2025/7/23 7:03:42,mid-sep
2025/7/23 7:03:54,middle
2025/7/23 7:04:20,mid-sep
2025/7/23 7:04:53,middle
2025/7/23 7:04:56,corridor
2025/7/23 7:04:58,side
2025/7/23 8:41:43,corridor
2025/7/23 8:41:44,middle
2025/7/23 8:41:44,mid-sep
2025/7/23 8:42:10,middle
2025/7/23 8:42:10,corridor
2025/7/23 8:42:14,side
2025/7/23 9:21:32,corridor
2025/7/23 9:21:33,middle
2025/7/23 9:21:37,mid-sep
2025/7/23 9:21:46,middle
2025/7/23 9:21:49,corridor
2025/7/23 9:21:52,side
2025/7/23 10:30:01,corridor
2025/7/23 10:30:03,middle
2025/7/23 10:30:03,mid-sep
2025/7/23 10:30:04,middle
2025/7/23 10:30:12,corridor
2025/7/23 10:30:14,side
2025/7/23 10:57:10,corridor
2025/7/23 10:57:12,middle
2025/7/23 10:57:21,mid-sep
2025/7/23 10:57:23,middle
2025/7/23 10:57:24,corridor
2025/7/23 10:57:27,side
2025/7/23 11:19:16,corridor
2025/7/23 11:19:18,middle
2025/7/23 11:19:19,mid-sep
2025/7/23 11:19:32,middle
2025/7/23 11:19:33,corridor
2025/7/23 11:19:39,side
2025/7/23 12:31:04,corridor
2025/7/23 12:31:06,middle
2025/7/23 12:31:07,mid-sep
2025/7/23 12:31:26,middle
2025/7/23 12:31:30,corridor
2025/7/23 12:31:32,side
2025/7/23 13:16:11,corridor
2025/7/23 13:16:13,middle
2025/7/23 13:16:14,corridor
2025/7/23 13:16:15,side
2025/7/23 13:17:19,corridor
2025/7/23 13:17:20,middle
2025/7/23 13:17:21,mid-sep
2025/7/23 13:17:22,middle
2025/7/23 13:17:24,corridor
2025/7/23 13:17:25,side
2025/7/23 13:19:15,corridor
2025/7/23 13:19:15,middle
2025/7/23 13:19:15,mid-sep
2025/7/23 13:19:35,middle
2025/7/23 13:19:38,corridor
2025/7/23 13:19:40,side
2025/7/23 14:20:26,corridor
2025/7/23 14:20:27,middle
2025/7/23 14:20:30,mid-sep
2025/7/23 14:20:37,middle
2025/7/23 14:20:37,corridor
2025/7/23 14:20:39,side
2025/7/23 14:34:19,corridor
2025/7/23 14:34:20,middle
2025/7/23 14:34:21,mid-sep
2025/7/23 14:34:35,middle
2025/7/23 14:34:35,corridor
2025/7/23 14:34:38,side
2025/7/23 15:20:31,corridor
2025/7/23 15:20:32,middle
2025/7/23 15:20:33,mid-sep
2025/7/23 15:20:48,middle
2025/7/23 15:20:48,corridor
2025/7/23 15:20:50,side
2025/7/23 16:45:28,corridor
2025/7/23 16:45:29,middle
2025/7/23 16:45:30,corridor
2025/7/23 16:45:32,side
2025/7/23 17:47:33,corridor
2025/7/23 17:47:35,middle
2025/7/23 17:47:36,mid-sep
2025/7/23 17:47:38,middle
2025/7/23 17:47:49,corridor
2025/7/23 17:47:49,side
2025/7/23 17:48:45,corridor
2025/7/23 17:48:48,middle
2025/7/23 17:48:56,mid-sep
2025/7/23 17:48:56,middle
2025/7/23 17:49:04,corridor
2025/7/23 17:49:07,side
2025/7/23 17:58:41,corridor
2025/7/23 17:58:42,middle
2025/7/23 17:58:42,mid-sep
2025/7/23 17:58:47,middle
2025/7/23 17:58:51,corridor
2025/7/23 17:58:52,side
2025/7/23 18:30:42,corridor
2025/7/23 18:30:44,middle
2025/7/23 18:30:44,mid-sep
2025/7/23 18:30:52,middle
2025/7/23 18:30:53,corridor
2025/7/23 18:30:55,side
2025/7/23 18:45:19,corridor
2025/7/23 18:45:20,middle
2025/7/23 18:45:21,mid-sep
2025/7/23 18:45:51,middle
2025/7/23 18:45:53,corridor
2025/7/23 18:45:54,side
2025/7/23 18:50:10,corridor
2025/7/23 18:50:11,middle
2025/7/23 18:50:13,mid-sep
2025/7/23 18:50:32,middle
2025/7/23 18:58:15,corridor
2025/7/23 18:58:17,middle
2025/7/23 18:58:17,mid-sep
2025/7/23 18:58:30,middle
2025/7/23 18:58:31,side
2025/7/23 19:05:02,corridor
2025/7/23 19:05:03,middle
2025/7/23 19:05:05,mid-sep
2025/7/23 19:05:27,middle
2025/7/23 19:05:32,corridor
2025/7/23 19:05:33,side
2025/7/23 19:14:14,corridor
2025/7/23 19:14:16,middle
2025/7/23 19:14:17,mid-sep
2025/7/23 19:14:24,middle
2025/7/23 19:14:26,corridor
2025/7/23 19:14:26,side
2025/7/23 19:19:03,corridor
2025/7/23 19:19:07,side
2025/7/23 19:22:12,corridor
2025/7/23 19:22:13,middle
2025/7/23 19:22:13,mid-sep
2025/7/23 19:22:33,middle
2025/7/23 19:22:34,side
2025/7/23 19:24:15,corridor
2025/7/23 19:24:18,middle
2025/7/23 19:24:18,mid-sep
2025/7/23 19:24:35,middle
2025/7/23 19:24:39,side
2025/7/23 19:24:44,corridor
2025/7/23 19:24:46,middle
2025/7/23 19:24:46,corridor
2025/7/23 19:24:49,side
2025/7/23 19:35:25,corridor
2025/7/23 19:35:29,side
2025/7/23 19:38:24,corridor
2025/7/23 19:38:27,middle
2025/7/23 19:38:28,mid-sep
2025/7/23 19:39:51,middle
2025/7/23 19:40:20,mid-sep
2025/7/23 19:40:48,middle
2025/7/23 19:40:54,mid-sep
2025/7/23 19:41:22,middle
2025/7/23 19:41:24,corridor
2025/7/23 19:41:24,side
2025/7/23 19:51:21,corridor
2025/7/23 19:51:22,middle
2025/7/23 19:51:23,mid-sep
2025/7/23 19:51:31,middle
2025/7/23 19:51:31,side
2025/7/23 20:09:11,corridor
2025/7/23 20:09:14,middle
2025/7/23 20:09:15,mid-sep
2025/7/23 20:09:25,middle
2025/7/23 20:09:28,corridor
2025/7/23 20:09:31,side
2025/7/23 20:09:41,middle
2025/7/23 20:09:42,corridor
2025/7/23 20:09:43,middle
2025/7/23 20:09:43,mid-sep
2025/7/23 20:10:05,middle
2025/7/23 20:10:07,corridor
2025/7/23 20:10:07,side
2025/7/23 20:27:14,corridor
2025/7/23 20:27:16,middle
2025/7/23 20:27:18,mid-sep
2025/7/23 20:27:45,middle
2025/7/23 20:27:59,mid-sep
2025/7/23 20:29:10,middle
2025/7/23 20:29:30,mid-sep
2025/7/23 20:29:59,middle
2025/7/23 20:30:00,corridor
2025/7/23 20:30:00,side
2025/7/23 20:31:00,corridor
2025/7/23 20:31:04,middle
2025/7/23 20:31:06,mid-sep
2025/7/23 20:31:37,middle
2025/7/23 20:31:40,corridor
2025/7/23 20:31:40,side
2025/7/23 21:00:39,corridor
2025/7/23 21:00:41,middle
2025/7/23 21:00:41,mid-sep
2025/7/23 21:00:53,middle
2025/7/23 21:01:03,corridor
2025/7/23 21:01:04,side
2025/7/23 21:01:14,corridor
2025/7/23 21:01:17,middle
2025/7/23 21:01:23,mid-sep
2025/7/23 21:03:12,middle
2025/7/23 21:03:15,corridor
2025/7/23 21:03:16,side
2025/7/23 21:23:56,corridor
2025/7/23 21:24:01,middle
2025/7/23 21:24:02,side
2025/7/23 21:25:22,corridor
2025/7/23 21:25:24,middle
2025/7/23 21:25:25,mid-sep
2025/7/23 21:25:29,middle
2025/7/23 21:25:30,corridor
2025/7/23 21:25:31,side
2025/7/23 21:25:33,corridor
2025/7/23 21:25:37,middle
2025/7/23 21:25:44,mid-sep
2025/7/23 21:26:08,middle
2025/7/23 21:26:08,corridor
2025/7/23 21:26:09,side
2025/7/23 21:43:57,corridor
2025/7/23 21:44:01,middle
2025/7/23 21:44:01,mid-sep
2025/7/23 21:44:13,middle
2025/7/23 21:44:18,corridor
2025/7/23 21:44:20,side
2025/7/23 21:49:58,corridor
2025/7/23 21:50:00,middle
2025/7/23 21:50:00,mid-sep
2025/7/23 21:51:09,middle
2025/7/23 21:51:10,corridor
2025/7/23 21:51:22,side
2025/7/23 22:03:49,corridor
2025/7/23 22:03:53,middle
2025/7/23 22:03:54,mid-sep
2025/7/23 22:04:05,middle
2025/7/23 22:04:05,corridor
2025/7/23 22:04:08,side
2025/7/23 22:04:43,corridor
2025/7/23 22:04:43,middle
2025/7/23 22:04:44,corridor
2025/7/23 22:04:51,middle
2025/7/23 22:04:51,mid-sep
2025/7/23 22:05:03,middle
2025/7/23 22:05:04,corridor
2025/7/23 22:05:10,side
2025/7/23 23:30:05,corridor
2025/7/23 23:30:17,middle
2025/7/23 23:30:17,mid-sep
2025/7/23 23:30:29,middle
2025/7/23 23:30:30,corridor
2025/7/23 23:30:36,side
2025/7/23 23:42:40,corridor
2025/7/23 23:42:43,middle
2025/7/23 23:42:45,mid-sep
2025/7/23 23:43:11,middle
2025/7/23 23:43:18,corridor
2025/7/23 23:43:18,side
2025/7/23 23:54:42,corridor
2025/7/23 23:54:44,middle
2025/7/23 23:54:45,mid-sep
2025/7/23 23:54:46,middle
2025/7/23 23:54:47,corridor
2025/7/23 23:54:48,side
2025/7/24 0:05:04,corridor
2025/7/24 0:05:08,middle
2025/7/24 0:05:10,mid-sep
2025/7/24 0:05:25,middle
2025/7/24 0:05:31,corridor
2025/7/24 0:05:32,side
2025/7/24 0:14:37,corridor
2025/7/24 0:14:38,middle
2025/7/24 0:14:39,mid-sep
2025/7/24 0:15:54,middle
2025/7/24 0:15:55,corridor
2025/7/24 0:15:55,side
2025/7/24 0:20:14,corridor
2025/7/24 0:20:16,side
2025/7/24 0:29:00,corridor
2025/7/24 0:29:07,middle
2025/7/24 0:29:09,mid-sep
2025/7/24 0:29:10,middle
2025/7/24 0:29:13,corridor
2025/7/24 0:29:15,side
2025/7/24 1:25:58,corridor
2025/7/24 1:26:00,middle
2025/7/24 1:26:07,mid-sep
2025/7/24 1:26:10,middle
2025/7/24 1:26:11,corridor
2025/7/24 1:26:12,side
2025/7/24 1:35:32,corridor
2025/7/24 1:35:40,middle
2025/7/24 1:35:40,side
2025/7/24 1:43:46,corridor
2025/7/24 1:43:57,middle
2025/7/24 1:43:58,mid-sep
2025/7/24 1:44:07,middle
2025/7/24 1:44:07,corridor
2025/7/24 1:44:09,side
2025/7/24 1:53:23,corridor
2025/7/24 1:53:24,middle
2025/7/24 1:53:27,mid-sep
2025/7/24 1:53:48,middle
2025/7/24 1:54:00,corridor
2025/7/24 1:54:01,side
2025/7/24 2:04:24,corridor
2025/7/24 2:04:28,middle
2025/7/24 2:04:30,mid-sep
2025/7/24 2:04:39,middle
2025/7/24 2:04:41,corridor
2025/7/24 2:04:44,side
2025/7/24 2:24:14,corridor
2025/7/24 2:24:15,middle
2025/7/24 2:24:16,corridor
2025/7/24 2:24:17,side
2025/7/24 3:45:39,corridor
2025/7/24 3:45:41,mid-sep
2025/7/24 3:45:42,middle
2025/7/24 3:45:43,corridor
2025/7/24 3:45:44,side
2025/7/24 3:58:44,corridor
2025/7/24 3:58:45,middle
2025/7/24 3:58:46,corridor
2025/7/24 3:58:47,side
2025/7/24 4:12:10,corridor
2025/7/24 4:12:12,middle
2025/7/24 4:12:13,mid-sep
2025/7/24 4:12:40,middle
2025/7/24 4:12:43,corridor
2025/7/24 4:12:44,side
2025/7/24 4:17:13,corridor
2025/7/24 4:17:18,middle
2025/7/24 4:17:21,mid-sep
2025/7/24 4:17:26,middle
2025/7/24 4:17:27,corridor
2025/7/24 4:17:28,side
2025/7/24 4:26:21,corridor
2025/7/24 4:26:22,middle
2025/7/24 4:26:23,mid-sep
2025/7/24 4:26:55,middle
2025/7/24 4:27:10,mid-sep
2025/7/24 4:28:16,middle
2025/7/24 4:28:18,corridor
2025/7/24 4:28:19,side
2025/7/24 5:01:58,corridor
2025/7/24 5:02:00,side
2025/7/24 6:05:09,corridor
2025/7/24 6:05:11,mid-sep
2025/7/24 6:05:32,middle
2025/7/24 6:05:33,corridor
2025/7/24 6:05:35,side
2025/7/24 6:09:08,corridor
2025/7/24 6:09:10,middle
2025/7/24 6:09:13,mid-sep
2025/7/24 6:09:25,middle
2025/7/24 6:09:28,corridor
2025/7/24 6:09:29,side
2025/7/24 6:09:53,corridor
2025/7/24 6:09:56,middle
2025/7/24 6:10:01,mid-sep
2025/7/24 6:10:19,middle
2025/7/24 6:10:22,corridor
2025/7/24 6:10:25,side
2025/7/24 6:11:12,corridor
2025/7/24 6:11:16,side
2025/7/24 6:16:07,corridor
2025/7/24 6:16:09,side
2025/7/24 6:25:47,corridor
2025/7/24 6:25:48,middle
2025/7/24 6:25:48,side
2025/7/24 6:32:09,corridor
2025/7/24 6:32:11,middle
2025/7/24 6:32:12,mid-sep
2025/7/24 6:32:53,middle
2025/7/24 6:33:02,mid-sep
2025/7/24 6:34:20,middle
2025/7/24 6:34:29,mid-sep
2025/7/24 6:34:47,middle
2025/7/24 6:35:40,mid-sep
2025/7/24 6:36:24,middle
2025/7/24 6:36:41,mid-sep
2025/7/24 6:36:56,middle
2025/7/24 6:36:58,corridor
2025/7/24 6:36:59,side
2025/7/24 9:04:45,corridor
2025/7/24 9:04:47,middle
2025/7/24 9:04:49,mid-sep
2025/7/24 9:04:53,middle
2025/7/24 9:04:59,corridor
2025/7/24 9:05:01,side
2025/7/24 10:34:54,corridor
2025/7/24 10:34:56,middle
2025/7/24 10:34:56,mid-sep
2025/7/24 10:34:59,middle
2025/7/24 10:34:59,corridor
2025/7/24 10:35:01,side
2025/7/24 11:48:26,Unknown
2025/7/24 18:21:39,side
2025/7/24 19:03:39,corridor
2025/7/24 19:03:45,middle
2025/7/24 19:03:50,mid-sep
2025/7/24 19:03:51,middle
2025/7/24 19:03:53,corridor
2025/7/24 19:03:55,side
2025/7/24 19:04:12,middle
2025/7/24 19:04:15,corridor
2025/7/24 19:04:16,side
2025/7/24 19:05:10,corridor
2025/7/24 19:05:11,mid-sep
2025/7/24 19:05:16,corridor
2025/7/24 19:05:17,side
2025/7/24 19:09:01,corridor
2025/7/24 19:09:02,middle
2025/7/24 19:09:05,mid-sep
2025/7/24 19:09:06,middle
2025/7/24 19:09:15,corridor
2025/7/24 19:09:18,side
2025/7/24 19:12:25,corridor
2025/7/24 19:12:26,middle
2025/7/24 19:12:29,corridor
2025/7/24 19:12:29,side
2025/7/24 19:13:41,corridor
2025/7/24 19:13:42,middle
2025/7/24 19:13:45,mid-sep
2025/7/24 19:13:58,middle
2025/7/24 19:14:00,corridor
2025/7/24 19:14:00,side
2025/7/24 19:16:25,corridor
2025/7/24 19:16:26,middle
2025/7/24 19:16:29,corridor
2025/7/24 19:16:30,side
2025/7/24 19:16:39,corridor
2025/7/24 19:16:40,middle
2025/7/24 19:16:52,mid-sep
2025/7/24 19:16:52,middle
2025/7/24 19:16:53,mid-sep
2025/7/24 19:16:53,middle
2025/7/24 19:16:53,mid-sep
2025/7/24 19:16:54,middle
2025/7/24 19:16:57,corridor
2025/7/24 19:17:00,middle
2025/7/24 19:17:02,corridor
2025/7/24 19:17:02,side
2025/7/24 19:21:46,corridor
2025/7/24 19:21:48,middle
2025/7/24 19:21:51,mid-sep
2025/7/24 19:21:53,middle
2025/7/24 19:21:54,mid-sep
2025/7/24 19:21:56,middle
2025/7/24 19:21:58,mid-sep
2025/7/24 19:22:01,middle
2025/7/24 19:22:06,corridor
2025/7/24 19:22:06,side
2025/7/24 19:22:21,corridor
2025/7/24 19:22:21,middle
2025/7/24 19:26:56,side
2025/7/24 19:26:56,corridor
2025/7/24 19:26:56,middle
2025/7/24 19:26:57,mid-sep
2025/7/24 19:26:57,middle
2025/7/24 19:26:58,mid-sep
2025/7/24 19:26:58,middle
2025/7/24 19:26:59,mid-sep
2025/7/24 19:27:01,middle
2025/7/24 19:27:02,corridor
2025/7/24 19:27:03,side
2025/7/24 19:30:23,corridor
2025/7/24 19:30:23,middle
2025/7/24 19:30:27,corridor
2025/7/24 19:30:27,side
2025/7/24 19:36:16,corridor
2025/7/24 19:36:17,middle
2025/7/24 19:36:21,mid-sep
2025/7/24 19:36:22,middle
2025/7/24 19:36:22,mid-sep
2025/7/24 19:36:23,middle
2025/7/24 19:36:26,mid-sep
2025/7/24 19:36:29,middle
2025/7/24 19:36:32,mid-sep
2025/7/24 19:36:32,middle
2025/7/24 19:36:32,mid-sep
2025/7/24 19:36:32,middle
2025/7/24 19:36:33,mid-sep
2025/7/24 19:36:34,middle
2025/7/24 19:36:45,mid-sep
2025/7/24 19:36:45,middle
2025/7/24 19:36:47,corridor
2025/7/24 19:36:48,side
2025/7/24 19:37:25,corridor
2025/7/24 19:37:26,middle
2025/7/24 19:37:30,side
2025/7/24 19:41:29,corridor
2025/7/24 19:41:30,middle
2025/7/24 19:41:34,mid-sep
2025/7/24 19:41:34,middle
2025/7/24 19:41:35,mid-sep
2025/7/24 19:41:36,middle
2025/7/24 19:41:39,corridor
2025/7/24 19:41:40,side
2025/7/24 19:48:57,corridor
2025/7/24 19:48:58,middle
2025/7/24 19:49:01,mid-sep
2025/7/24 19:49:04,middle
2025/7/24 19:49:10,corridor
2025/7/24 19:49:11,side
2025/7/24 19:51:05,corridor
2025/7/24 19:51:06,middle
2025/7/24 19:51:09,mid-sep
2025/7/24 19:51:11,middle
2025/7/24 19:51:22,mid-sep
2025/7/24 19:51:22,middle
2025/7/24 19:51:22,mid-sep
2025/7/24 19:51:23,middle
2025/7/24 19:51:23,mid-sep
2025/7/24 19:51:25,middle
2025/7/24 19:51:26,mid-sep
2025/7/24 19:51:27,middle
2025/7/24 19:51:27,mid-sep
2025/7/24 19:51:30,middle
2025/7/24 19:51:40,corridor
2025/7/24 19:51:41,side
2025/7/24 19:57:07,corridor
2025/7/24 19:57:10,middle
2025/7/24 19:57:20,mid-sep
2025/7/24 19:57:20,middle
2025/7/24 19:57:21,mid-sep
2025/7/24 19:57:21,middle
2025/7/24 19:57:22,corridor
2025/7/24 19:57:22,side
2025/7/24 20:02:51,corridor
2025/7/24 20:02:51,middle
2025/7/24 20:02:54,mid-sep
2025/7/24 20:02:54,middle
2025/7/24 20:02:55,mid-sep
2025/7/24 20:02:55,middle
2025/7/24 20:02:57,corridor
2025/7/24 20:02:58,side
2025/7/24 20:08:03,corridor
2025/7/24 20:08:06,middle
2025/7/24 20:08:06,mid-sep
2025/7/24 20:08:07,middle
2025/7/24 20:08:09,mid-sep
2025/7/24 20:08:10,middle
2025/7/24 20:08:10,mid-sep
2025/7/24 20:08:12,middle
2025/7/24 20:08:13,mid-sep
2025/7/24 20:08:17,middle
2025/7/24 20:08:27,mid-sep
2025/7/24 20:08:28,middle
2025/7/24 20:08:34,corridor
2025/7/24 20:08:35,side
2025/7/24 20:13:37,corridor
2025/7/24 20:13:38,middle
2025/7/24 20:13:38,side
2025/7/24 20:17:47,corridor
2025/7/24 20:17:48,middle
2025/7/24 20:17:50,corridor
2025/7/24 20:17:51,side
2025/7/24 20:22:46,corridor
2025/7/24 20:22:46,middle
2025/7/24 20:22:51,side
2025/7/24 20:22:55,mid-sep
2025/7/24 20:23:01,middle
2025/7/24 20:23:02,mid-sep
2025/7/24 20:23:02,middle
2025/7/24 20:23:02,mid-sep
2025/7/24 20:23:04,middle
2025/7/24 20:23:07,mid-sep
2025/7/24 20:23:08,middle
2025/7/24 20:23:14,corridor
2025/7/24 20:23:15,side
2025/7/24 20:25:13,corridor
2025/7/24 20:25:19,middle
2025/7/24 20:25:32,mid-sep
2025/7/24 20:25:33,middle
2025/7/24 20:25:36,corridor
2025/7/24 20:25:37,side
2025/7/24 20:27:10,corridor
2025/7/24 20:27:15,middle
2025/7/24 20:27:16,mid-sep
2025/7/24 20:27:17,middle
2025/7/24 20:27:20,corridor
2025/7/24 20:27:22,side
2025/7/24 20:38:18,corridor
2025/7/24 20:38:18,middle
2025/7/24 20:38:45,mid-sep
2025/7/24 20:38:45,middle
2025/7/24 20:38:45,mid-sep
2025/7/24 20:38:46,middle
2025/7/24 20:38:47,mid-sep
2025/7/24 20:38:57,middle
2025/7/24 20:38:58,mid-sep
2025/7/24 20:38:59,middle
2025/7/24 20:38:59,corridor
2025/7/24 20:39:00,side
2025/7/24 20:53:02,corridor
2025/7/24 20:53:05,middle
2025/7/24 20:53:11,mid-sep
2025/7/24 20:53:12,middle
2025/7/24 20:53:15,mid-sep
2025/7/24 20:53:15,middle
2025/7/24 20:53:15,mid-sep
2025/7/24 20:53:18,middle
2025/7/24 20:53:20,corridor
2025/7/24 20:53:21,side
2025/7/24 20:53:42,corridor
2025/7/24 20:53:44,middle
2025/7/24 20:53:46,corridor
2025/7/24 20:53:47,side
2025/7/24 20:56:46,corridor
2025/7/24 20:56:48,side
2025/7/24 21:03:12,middle
2025/7/24 21:03:12,corridor
2025/7/24 21:03:13,middle
2025/7/24 21:03:16,mid-sep
2025/7/24 21:03:17,middle
2025/7/24 21:03:24,mid-sep
2025/7/24 21:03:27,middle
2025/7/24 21:03:34,corridor
2025/7/24 21:03:36,side
2025/7/24 21:08:18,corridor
2025/7/24 21:08:23,middle
2025/7/24 21:08:27,corridor
2025/7/24 21:08:28,side
2025/7/24 21:17:47,corridor
2025/7/24 21:17:48,middle
2025/7/24 21:18:03,mid-sep
2025/7/24 21:18:04,middle
2025/7/24 21:18:07,mid-sep
2025/7/24 21:18:07,middle
2025/7/24 21:18:12,mid-sep
2025/7/24 21:18:12,middle
2025/7/24 21:18:12,mid-sep
2025/7/24 21:18:13,middle
2025/7/24 21:18:15,corridor
2025/7/24 21:18:16,side
2025/7/24 21:23:31,corridor
2025/7/24 21:23:31,middle
2025/7/24 21:23:40,mid-sep
2025/7/24 21:23:40,middle
2025/7/24 21:23:41,mid-sep
2025/7/24 21:23:41,middle
2025/7/24 21:23:41,mid-sep
2025/7/24 21:23:41,middle
2025/7/24 21:23:42,mid-sep
2025/7/24 21:23:42,middle
2025/7/24 21:23:50,mid-sep
2025/7/24 21:23:52,middle
2025/7/24 21:23:58,mid-sep
2025/7/24 21:23:59,middle
2025/7/24 21:24:03,mid-sep
2025/7/24 21:24:04,middle
2025/7/24 21:24:18,mid-sep
2025/7/24 21:24:18,middle
2025/7/24 21:24:18,mid-sep
2025/7/24 21:24:19,middle
2025/7/24 21:24:19,mid-sep
2025/7/24 21:24:20,middle
2025/7/24 21:24:20,mid-sep
2025/7/24 21:24:21,middle
2025/7/24 21:24:21,mid-sep
2025/7/24 21:24:21,middle
2025/7/24 21:24:28,mid-sep
2025/7/24 21:24:28,middle
2025/7/24 21:24:29,corridor
2025/7/24 21:24:31,side
2025/7/24 21:24:38,corridor
2025/7/24 21:24:42,middle
2025/7/24 21:24:43,side
2025/7/24 21:24:43,corridor
2025/7/24 21:24:49,side
2025/7/24 21:27:47,corridor
2025/7/24 21:27:47,side
2025/7/24 21:58:41,corridor
2025/7/24 21:58:42,middle
2025/7/24 21:58:47,side
2025/7/24 22:30:54,corridor
2025/7/24 22:30:55,middle
2025/7/24 22:31:10,mid-sep
2025/7/24 22:31:11,middle
2025/7/24 22:31:11,mid-sep
2025/7/24 22:31:12,middle
2025/7/24 22:31:22,corridor
2025/7/24 22:31:23,side
2025/7/24 22:33:29,corridor
2025/7/24 22:33:30,middle
2025/7/24 22:33:37,mid-sep
2025/7/24 22:33:37,middle
2025/7/24 22:33:37,mid-sep
2025/7/24 22:33:38,middle
2025/7/24 22:33:45,corridor
2025/7/24 22:33:47,side
2025/7/24 22:33:54,corridor
2025/7/24 22:33:57,middle
2025/7/24 22:34:03,corridor
2025/7/24 22:34:04,side
2025/7/24 22:48:27,middle
2025/7/24 22:48:28,corridor
2025/7/24 22:48:28,middle
2025/7/24 22:48:42,mid-sep
2025/7/24 22:48:42,middle
2025/7/24 22:48:43,mid-sep
2025/7/24 22:48:44,middle
2025/7/24 22:48:48,mid-sep
2025/7/24 22:48:48,middle
2025/7/24 22:48:51,mid-sep
2025/7/24 22:48:53,middle
2025/7/24 22:48:53,corridor
2025/7/24 22:48:55,side
2025/7/24 23:02:29,corridor
2025/7/24 23:02:32,middle
2025/7/24 23:02:35,mid-sep
2025/7/24 23:02:37,middle
2025/7/24 23:02:38,mid-sep
2025/7/24 23:02:39,middle
2025/7/24 23:02:41,mid-sep
2025/7/24 23:02:44,middle
2025/7/24 23:02:44,mid-sep
2025/7/24 23:02:49,middle
2025/7/24 23:02:50,mid-sep
2025/7/24 23:02:50,middle
2025/7/24 23:03:00,corridor
2025/7/24 23:03:01,side
2025/7/24 23:14:15,corridor
2025/7/24 23:14:17,side
2025/7/24 23:32:21,corridor
2025/7/24 23:32:22,middle
2025/7/24 23:32:55,mid-sep
2025/7/24 23:32:55,middle
2025/7/24 23:32:55,mid-sep
2025/7/24 23:32:56,middle
2025/7/24 23:32:56,mid-sep
2025/7/24 23:32:57,middle
2025/7/24 23:32:58,mid-sep
2025/7/24 23:32:58,middle
2025/7/24 23:32:58,mid-sep
2025/7/24 23:32:59,middle
2025/7/24 23:33:09,mid-sep
2025/7/24 23:33:10,middle
2025/7/24 23:33:18,mid-sep
2025/7/24 23:33:18,middle
2025/7/24 23:33:20,mid-sep
2025/7/24 23:33:22,middle
2025/7/24 23:34:07,mid-sep
2025/7/24 23:34:07,middle
2025/7/24 23:34:12,corridor
2025/7/24 23:34:18,side
2025/7/24 23:47:34,middle
2025/7/24 23:47:34,corridor
2025/7/24 23:47:37,middle
2025/7/24 23:47:41,mid-sep
2025/7/24 23:47:42,middle
2025/7/24 23:47:45,mid-sep
2025/7/24 23:47:45,middle
2025/7/24 23:47:45,mid-sep
2025/7/24 23:47:46,middle
2025/7/24 23:47:48,mid-sep
2025/7/24 23:47:52,middle
2025/7/24 23:48:00,mid-sep
2025/7/24 23:48:00,middle
2025/7/24 23:48:00,mid-sep
2025/7/24 23:48:02,middle
2025/7/24 23:48:03,mid-sep
2025/7/24 23:48:05,middle
2025/7/24 23:48:06,mid-sep
2025/7/24 23:48:06,middle
2025/7/24 23:48:08,corridor
2025/7/24 23:48:09,side
2025/7/24 23:56:45,corridor
2025/7/24 23:56:47,middle
2025/7/24 23:57:03,mid-sep
2025/7/24 23:57:04,middle
2025/7/24 23:57:19,mid-sep
2025/7/24 23:57:19,middle
2025/7/24 23:57:19,mid-sep
2025/7/24 23:57:20,middle
2025/7/24 23:57:20,mid-sep
2025/7/24 23:57:20,middle
2025/7/24 23:57:21,mid-sep
2025/7/24 23:57:21,middle
2025/7/24 23:57:22,mid-sep
2025/7/24 23:57:23,middle
2025/7/24 23:57:23,mid-sep
2025/7/24 23:57:27,middle
2025/7/24 23:57:37,mid-sep
2025/7/24 23:57:37,middle
2025/7/24 23:57:40,mid-sep
2025/7/24 23:57:41,middle
2025/7/24 23:57:51,mid-sep
2025/7/24 23:57:52,middle
2025/7/24 23:57:54,mid-sep
2025/7/24 23:57:55,middle
2025/7/24 23:57:55,mid-sep
2025/7/24 23:58:00,middle
2025/7/24 23:58:09,mid-sep
2025/7/24 23:58:11,middle
2025/7/24 23:58:11,mid-sep
2025/7/24 23:58:11,middle
2025/7/24 23:58:18,mid-sep
2025/7/24 23:58:18,middle
2025/7/24 23:58:19,mid-sep
2025/7/24 23:58:20,middle
2025/7/24 23:58:21,mid-sep
2025/7/24 23:58:21,middle
2025/7/24 23:58:22,mid-sep
2025/7/24 23:58:22,middle
2025/7/24 23:58:23,mid-sep
2025/7/24 23:58:23,middle
2025/7/24 23:58:27,mid-sep
2025/7/24 23:58:30,middle
2025/7/24 23:58:31,mid-sep
2025/7/24 23:58:32,middle
2025/7/24 23:58:34,corridor
2025/7/24 23:58:34,side
2025/7/25 0:00:27,corridor
2025/7/25 0:00:31,side
2025/7/25 0:00:47,corridor
2025/7/25 0:00:52,middle
2025/7/25 0:01:07,mid-sep
2025/7/25 0:01:08,middle
2025/7/25 0:01:08,mid-sep
2025/7/25 0:01:08,middle
2025/7/25 0:01:08,mid-sep
2025/7/25 0:01:09,middle
2025/7/25 0:01:09,mid-sep
2025/7/25 0:01:10,middle
2025/7/25 0:01:11,mid-sep
2025/7/25 0:01:11,middle
2025/7/25 0:01:15,mid-sep
2025/7/25 0:01:15,middle
2025/7/25 0:01:17,mid-sep
2025/7/25 0:01:23,middle
2025/7/25 0:01:23,mid-sep
2025/7/25 0:01:25,middle
2025/7/25 0:01:25,mid-sep
2025/7/25 0:01:25,middle
2025/7/25 0:01:25,mid-sep
2025/7/25 0:01:25,middle
2025/7/25 0:01:26,mid-sep
2025/7/25 0:01:29,middle
2025/7/25 0:01:41,mid-sep
2025/7/25 0:01:42,middle
2025/7/25 0:01:42,mid-sep
2025/7/25 0:01:50,middle
2025/7/25 0:01:53,mid-sep
2025/7/25 0:01:53,middle
2025/7/25 0:01:53,mid-sep
2025/7/25 0:01:54,middle
2025/7/25 0:02:01,corridor
2025/7/25 0:02:01,side
2025/7/25 0:04:47,corridor
2025/7/25 0:04:55,middle
2025/7/25 0:05:02,corridor
2025/7/25 0:05:02,side
2025/7/25 0:05:11,corridor
2025/7/25 0:05:11,middle
2025/7/25 0:05:11,side
2025/7/25 0:16:01,corridor
2025/7/25 0:16:05,side
2025/7/25 0:19:08,corridor
2025/7/25 0:19:11,middle
2025/7/25 0:19:24,mid-sep
2025/7/25 0:19:25,middle
2025/7/25 0:19:25,mid-sep
2025/7/25 0:19:26,middle
2025/7/25 0:19:26,mid-sep
2025/7/25 0:19:26,middle
2025/7/25 0:19:27,mid-sep
2025/7/25 0:19:27,middle
2025/7/25 0:19:27,mid-sep
2025/7/25 0:19:28,middle
2025/7/25 0:19:31,mid-sep
2025/7/25 0:19:32,middle
2025/7/25 0:19:32,mid-sep
2025/7/25 0:19:32,middle
2025/7/25 0:19:33,mid-sep
2025/7/25 0:19:34,middle
2025/7/25 0:19:34,mid-sep
2025/7/25 0:19:34,middle
2025/7/25 0:19:35,mid-sep
2025/7/25 0:19:35,middle
2025/7/25 0:19:36,mid-sep
2025/7/25 0:19:42,middle
2025/7/25 0:19:43,mid-sep
2025/7/25 0:19:46,middle
2025/7/25 0:19:47,mid-sep
2025/7/25 0:19:52,middle
2025/7/25 0:19:54,mid-sep
2025/7/25 0:19:54,middle
2025/7/25 0:19:56,mid-sep
2025/7/25 0:19:56,middle
2025/7/25 0:19:56,mid-sep
2025/7/25 0:19:57,middle
2025/7/25 0:19:57,mid-sep
2025/7/25 0:19:59,middle
2025/7/25 0:20:00,mid-sep
2025/7/25 0:20:00,middle
2025/7/25 0:20:03,mid-sep
2025/7/25 0:20:05,middle
2025/7/25 0:20:05,mid-sep
2025/7/25 0:20:06,middle
2025/7/25 0:20:06,mid-sep
2025/7/25 0:20:08,middle
2025/7/25 0:20:08,mid-sep
2025/7/25 0:20:10,middle
2025/7/25 0:20:14,mid-sep
2025/7/25 0:20:15,middle
2025/7/25 0:20:15,mid-sep
2025/7/25 0:20:16,middle
2025/7/25 0:20:17,mid-sep
2025/7/25 0:20:19,middle
2025/7/25 0:20:35,mid-sep
2025/7/25 0:20:36,middle
2025/7/25 0:20:42,mid-sep
2025/7/25 0:20:43,middle
2025/7/25 0:20:57,mid-sep
2025/7/25 0:20:58,middle
2025/7/25 0:21:04,corridor
2025/7/25 0:21:06,side
2025/7/25 0:25:55,corridor
2025/7/25 0:25:59,middle
2025/7/25 0:26:05,corridor
2025/7/25 0:26:08,side
2025/7/25 0:31:34,middle
2025/7/25 0:31:34,corridor
2025/7/25 0:31:36,middle
2025/7/25 0:31:38,mid-sep
2025/7/25 0:31:39,middle
2025/7/25 0:31:45,mid-sep
2025/7/25 0:31:46,middle
2025/7/25 0:31:48,mid-sep
2025/7/25 0:31:48,middle
2025/7/25 0:31:48,mid-sep
2025/7/25 0:31:51,middle
2025/7/25 0:31:51,mid-sep
2025/7/25 0:31:52,middle
2025/7/25 0:32:07,mid-sep
2025/7/25 0:32:09,middle
2025/7/25 0:32:10,mid-sep
2025/7/25 0:32:18,middle
2025/7/25 0:32:18,mid-sep
2025/7/25 0:32:18,middle
2025/7/25 0:32:35,mid-sep
2025/7/25 0:32:36,middle
2025/7/25 0:32:37,mid-sep
2025/7/25 0:32:39,middle
2025/7/25 0:32:53,mid-sep
2025/7/25 0:32:54,middle
2025/7/25 0:32:58,mid-sep
2025/7/25 0:32:58,middle
2025/7/25 0:33:01,mid-sep
2025/7/25 0:33:02,middle
2025/7/25 0:33:12,mid-sep
2025/7/25 0:33:13,middle
2025/7/25 0:33:15,mid-sep
2025/7/25 0:33:15,middle
2025/7/25 0:33:15,mid-sep
2025/7/25 0:33:17,middle
2025/7/25 0:33:17,mid-sep
2025/7/25 0:33:17,middle
2025/7/25 0:33:18,mid-sep
2025/7/25 0:33:18,middle
2025/7/25 0:33:19,mid-sep
2025/7/25 0:33:24,middle
2025/7/25 0:33:25,mid-sep
2025/7/25 0:33:25,middle
2025/7/25 0:33:26,mid-sep
2025/7/25 0:33:52,middle
2025/7/25 0:33:52,mid-sep
2025/7/25 0:33:52,middle
2025/7/25 0:33:59,mid-sep
2025/7/25 0:34:08,middle
2025/7/25 0:34:09,mid-sep
2025/7/25 0:34:09,middle
2025/7/25 0:34:10,mid-sep
2025/7/25 0:34:10,middle
2025/7/25 0:34:15,mid-sep
2025/7/25 0:34:19,middle
2025/7/25 0:34:19,mid-sep
2025/7/25 0:34:25,middle
2025/7/25 0:34:25,mid-sep
2025/7/25 0:34:27,middle
2025/7/25 0:34:38,mid-sep
2025/7/25 0:34:38,middle
2025/7/25 0:34:40,mid-sep
2025/7/25 0:34:40,middle
2025/7/25 0:34:45,mid-sep
2025/7/25 0:34:45,middle
2025/7/25 0:34:46,mid-sep
2025/7/25 0:34:46,middle
2025/7/25 0:34:47,mid-sep
2025/7/25 0:34:49,middle
2025/7/25 0:34:52,mid-sep
2025/7/25 0:34:54,middle
2025/7/25 0:34:54,mid-sep
2025/7/25 0:34:54,middle
2025/7/25 0:34:55,mid-sep
2025/7/25 0:34:55,middle
2025/7/25 0:34:58,mid-sep
2025/7/25 0:34:59,middle
2025/7/25 0:35:04,mid-sep
2025/7/25 0:35:04,middle
2025/7/25 0:35:11,mid-sep
2025/7/25 0:35:12,middle
2025/7/25 0:35:13,mid-sep
2025/7/25 0:35:14,middle
2025/7/25 0:35:14,mid-sep
2025/7/25 0:35:14,middle
2025/7/25 0:35:15,mid-sep
2025/7/25 0:35:16,middle
2025/7/25 0:35:17,mid-sep
2025/7/25 0:35:17,middle
2025/7/25 0:35:17,mid-sep
2025/7/25 0:35:18,middle
2025/7/25 0:35:18,mid-sep
2025/7/25 0:35:28,middle
2025/7/25 0:35:30,mid-sep
2025/7/25 0:35:30,middle
2025/7/25 0:35:30,mid-sep
2025/7/25 0:35:31,middle
2025/7/25 0:35:31,mid-sep
2025/7/25 0:35:32,middle
2025/7/25 0:35:32,mid-sep
2025/7/25 0:35:32,middle
2025/7/25 0:35:35,mid-sep
2025/7/25 0:35:36,middle
2025/7/25 0:35:38,mid-sep
2025/7/25 0:35:41,middle
2025/7/25 0:35:41,mid-sep
2025/7/25 0:35:41,middle
2025/7/25 0:35:44,mid-sep
2025/7/25 0:35:46,middle
2025/7/25 0:35:46,mid-sep
2025/7/25 0:35:46,middle
2025/7/25 0:35:53,corridor
2025/7/25 0:35:53,side
2025/7/25 0:39:39,corridor
2025/7/25 0:39:54,middle
2025/7/25 0:39:58,mid-sep
2025/7/25 0:39:59,middle
2025/7/25 0:39:59,mid-sep
2025/7/25 0:40:01,middle
2025/7/25 0:40:04,corridor
2025/7/25 0:40:06,side
2025/7/25 1:24:06,corridor
2025/7/25 1:24:09,middle
2025/7/25 1:24:13,mid-sep
2025/7/25 1:24:13,middle
2025/7/25 1:24:15,mid-sep
2025/7/25 1:24:15,middle
2025/7/25 1:24:15,mid-sep
2025/7/25 1:24:16,middle
2025/7/25 1:24:17,corridor
2025/7/25 1:24:20,side
2025/7/25 1:30:08,corridor
2025/7/25 1:30:08,middle
2025/7/25 1:30:10,side
2025/7/25 1:30:22,corridor
2025/7/25 1:30:22,middle
2025/7/25 1:30:26,corridor
2025/7/25 1:30:26,side
2025/7/25 1:35:20,corridor
2025/7/25 1:35:21,middle
2025/7/25 1:35:26,mid-sep
2025/7/25 1:35:27,middle
2025/7/25 1:35:28,mid-sep
2025/7/25 1:35:28,middle
2025/7/25 1:35:32,mid-sep
2025/7/25 1:35:32,middle
2025/7/25 1:35:38,corridor
2025/7/25 1:35:40,side
2025/7/25 1:40:07,corridor
2025/7/25 1:40:08,middle
2025/7/25 1:40:13,mid-sep
2025/7/25 1:40:13,middle
2025/7/25 1:40:13,mid-sep
2025/7/25 1:40:13,middle
2025/7/25 1:40:14,mid-sep
2025/7/25 1:40:14,middle
2025/7/25 1:40:14,mid-sep
2025/7/25 1:40:15,middle
2025/7/25 1:40:16,mid-sep
2025/7/25 1:40:16,middle
2025/7/25 1:40:22,mid-sep
2025/7/25 1:40:23,middle
2025/7/25 1:40:27,corridor
2025/7/25 1:40:29,side
2025/7/25 1:43:24,corridor
2025/7/25 1:43:25,middle
2025/7/25 1:43:28,mid-sep
2025/7/25 1:43:30,middle
2025/7/25 1:43:35,mid-sep
2025/7/25 1:43:37,middle
2025/7/25 1:43:46,corridor
2025/7/25 1:43:47,side
2025/7/25 2:33:36,corridor
2025/7/25 2:33:39,middle
2025/7/25 2:33:42,mid-sep
2025/7/25 2:33:42,middle
2025/7/25 2:33:52,corridor
2025/7/25 2:33:57,side
2025/7/25 2:49:57,middle
2025/7/25 2:50:07,mid-sep
2025/7/25 2:50:08,middle
2025/7/25 2:50:14,corridor
2025/7/25 2:50:15,side
2025/7/25 2:50:27,corridor
2025/7/25 2:50:30,middle
2025/7/25 2:50:33,mid-sep
2025/7/25 2:50:33,middle
2025/7/25 2:50:35,corridor
2025/7/25 2:50:35,side
2025/7/25 2:55:03,corridor
2025/7/25 2:55:05,middle
2025/7/25 2:55:06,mid-sep
2025/7/25 2:55:06,middle
2025/7/25 2:55:08,mid-sep
2025/7/25 2:55:09,middle
2025/7/25 2:55:13,corridor
2025/7/25 2:55:15,side
2025/7/25 2:58:00,corridor
2025/7/25 2:58:01,side
2025/7/25 3:03:17,corridor
2025/7/25 3:03:18,middle
2025/7/25 3:03:24,mid-sep
2025/7/25 3:03:24,middle
2025/7/25 3:03:24,mid-sep
2025/7/25 3:03:25,middle
2025/7/25 3:03:26,mid-sep
2025/7/25 3:03:26,middle
2025/7/25 3:03:26,mid-sep
2025/7/25 3:03:26,middle
2025/7/25 3:03:30,mid-sep
2025/7/25 3:03:33,middle
2025/7/25 3:03:44,mid-sep
2025/7/25 3:03:44,middle
2025/7/25 3:03:48,mid-sep
2025/7/25 3:03:59,middle
2025/7/25 3:04:00,corridor
2025/7/25 3:04:01,side
2025/7/25 3:04:27,corridor
2025/7/25 3:04:28,middle
2025/7/25 3:04:33,corridor
2025/7/25 3:04:34,side
2025/7/25 3:14:26,corridor
2025/7/25 3:14:32,middle
2025/7/25 3:14:39,mid-sep
2025/7/25 3:14:41,middle
2025/7/25 3:14:42,mid-sep
2025/7/25 3:14:42,middle
2025/7/25 3:14:42,mid-sep
2025/7/25 3:14:44,middle
2025/7/25 3:14:47,mid-sep
2025/7/25 3:14:47,middle
2025/7/25 3:14:48,mid-sep
2025/7/25 3:14:48,middle
2025/7/25 3:14:51,mid-sep
2025/7/25 3:14:51,middle
2025/7/25 3:14:51,mid-sep
2025/7/25 3:14:52,middle
2025/7/25 3:14:53,mid-sep
2025/7/25 3:14:58,middle
2025/7/25 3:15:00,mid-sep
2025/7/25 3:15:00,middle
2025/7/25 3:15:00,mid-sep
2025/7/25 3:15:00,middle
2025/7/25 3:15:16,mid-sep
2025/7/25 3:15:16,middle
2025/7/25 3:15:19,mid-sep
2025/7/25 3:15:20,middle
2025/7/25 3:15:22,mid-sep
2025/7/25 3:15:23,middle
2025/7/25 3:15:24,mid-sep
2025/7/25 3:15:25,middle
2025/7/25 3:15:25,mid-sep
2025/7/25 3:15:29,middle
2025/7/25 3:15:30,mid-sep
2025/7/25 3:15:31,middle
2025/7/25 3:15:31,mid-sep
2025/7/25 3:15:34,middle
2025/7/25 3:15:35,mid-sep
2025/7/25 3:15:35,middle
2025/7/25 3:15:35,mid-sep
2025/7/25 3:15:38,middle
2025/7/25 3:15:40,mid-sep
2025/7/25 3:15:42,middle
2025/7/25 3:15:46,mid-sep
2025/7/25 3:15:46,middle
2025/7/25 3:16:02,mid-sep
2025/7/25 3:16:03,middle
2025/7/25 3:16:09,mid-sep
2025/7/25 3:16:10,middle
2025/7/25 3:16:10,mid-sep
2025/7/25 3:16:13,middle
2025/7/25 3:16:18,mid-sep
2025/7/25 3:16:19,middle
2025/7/25 3:16:23,mid-sep
2025/7/25 3:16:24,middle
2025/7/25 3:16:25,mid-sep
2025/7/25 3:16:25,middle
2025/7/25 3:16:25,mid-sep
2025/7/25 3:16:25,middle
2025/7/25 3:16:29,mid-sep
2025/7/25 3:16:39,middle
2025/7/25 3:16:43,mid-sep
2025/7/25 3:16:44,middle
2025/7/25 3:16:44,mid-sep
2025/7/25 3:16:45,middle
2025/7/25 3:16:46,mid-sep
2025/7/25 3:16:48,middle
2025/7/25 3:16:48,mid-sep
2025/7/25 3:16:49,middle
2025/7/25 3:16:54,mid-sep
2025/7/25 3:16:54,middle
2025/7/25 3:16:55,mid-sep
2025/7/25 3:16:55,middle
2025/7/25 3:16:56,mid-sep
2025/7/25 3:16:56,middle
2025/7/25 3:17:24,mid-sep
2025/7/25 3:17:24,middle
2025/7/25 3:17:24,mid-sep
2025/7/25 3:17:26,middle
2025/7/25 3:17:31,mid-sep
2025/7/25 3:17:32,middle
2025/7/25 3:17:37,mid-sep
2025/7/25 3:17:37,middle
2025/7/25 3:17:39,mid-sep
2025/7/25 3:17:40,middle
2025/7/25 3:17:41,mid-sep
2025/7/25 3:17:42,middle
2025/7/25 3:17:42,mid-sep
2025/7/25 3:17:43,middle
2025/7/25 3:17:46,corridor
2025/7/25 3:17:48,side
2025/7/25 4:08:46,corridor
2025/7/25 4:08:47,middle
2025/7/25 4:09:10,mid-sep
2025/7/25 4:09:11,middle
2025/7/25 4:09:17,mid-sep
2025/7/25 4:09:18,middle
2025/7/25 4:09:25,corridor
2025/7/25 4:09:28,side
2025/7/25 4:10:03,corridor
2025/7/25 4:10:04,side
2025/7/25 4:10:17,mid-sep
2025/7/25 4:10:18,middle
2025/7/25 4:10:20,corridor
2025/7/25 4:10:21,side
2025/7/25 4:19:12,corridor
2025/7/25 4:19:13,middle
2025/7/25 4:19:15,mid-sep
2025/7/25 4:19:15,middle
2025/7/25 4:19:17,corridor
2025/7/25 4:19:18,side
2025/7/25 4:21:54,middle
2025/7/25 4:22:02,mid-sep
2025/7/25 4:22:03,middle
2025/7/25 4:22:25,mid-sep
2025/7/25 4:22:25,middle
2025/7/25 4:22:32,corridor
2025/7/25 4:22:33,side
2025/7/25 4:26:45,corridor
2025/7/25 4:26:50,middle
2025/7/25 4:26:58,mid-sep
2025/7/25 4:26:58,middle
2025/7/25 4:26:59,mid-sep
2025/7/25 4:26:59,middle
2025/7/25 4:26:59,mid-sep
2025/7/25 4:26:59,middle
2025/7/25 4:27:04,mid-sep
2025/7/25 4:27:04,middle
2025/7/25 4:27:05,mid-sep
2025/7/25 4:27:05,middle
2025/7/25 4:27:08,mid-sep
2025/7/25 4:27:09,middle
2025/7/25 4:27:10,mid-sep
2025/7/25 4:27:10,middle
2025/7/25 4:27:11,mid-sep
2025/7/25 4:27:11,middle
2025/7/25 4:27:11,mid-sep
2025/7/25 4:27:14,middle
2025/7/25 4:27:24,mid-sep
2025/7/25 4:27:25,middle
2025/7/25 4:27:26,mid-sep
2025/7/25 4:27:26,middle
2025/7/25 4:27:26,mid-sep
2025/7/25 4:27:27,middle
2025/7/25 4:27:30,mid-sep
2025/7/25 4:27:31,middle
2025/7/25 4:27:32,mid-sep
2025/7/25 4:27:33,middle
2025/7/25 4:27:33,mid-sep
2025/7/25 4:27:34,middle
2025/7/25 4:27:34,mid-sep
2025/7/25 4:27:34,middle
2025/7/25 4:27:34,mid-sep
2025/7/25 4:27:35,middle
2025/7/25 4:27:35,mid-sep
2025/7/25 4:27:35,middle
2025/7/25 4:27:36,mid-sep
2025/7/25 4:27:37,middle
2025/7/25 4:27:40,mid-sep
2025/7/25 4:27:42,middle
2025/7/25 4:27:43,mid-sep
2025/7/25 4:27:44,middle
2025/7/25 4:28:13,corridor
2025/7/25 4:28:14,side
2025/7/25 4:32:24,corridor
2025/7/25 4:32:31,middle
2025/7/25 4:32:36,corridor
2025/7/25 4:32:37,side
2025/7/25 4:38:18,corridor
2025/7/25 4:38:23,side
2025/7/25 5:43:02,corridor
2025/7/25 5:43:04,middle
2025/7/25 5:43:08,mid-sep
2025/7/25 5:43:09,middle
2025/7/25 5:43:12,mid-sep
2025/7/25 5:43:13,middle
2025/7/25 5:43:16,mid-sep
2025/7/25 5:43:16,middle
2025/7/25 5:43:18,corridor
2025/7/25 5:43:24,side
2025/7/25 5:49:46,middle
2025/7/25 5:49:46,corridor
2025/7/25 5:49:49,middle
2025/7/25 5:49:51,corridor
2025/7/25 5:49:53,side
2025/7/25 5:53:20,corridor
2025/7/25 5:53:25,middle
2025/7/25 5:53:33,corridor
2025/7/25 5:53:36,middle
2025/7/25 5:53:42,corridor
2025/7/25 5:53:42,side
2025/7/25 6:02:23,corridor
2025/7/25 6:02:30,middle
2025/7/25 6:02:30,mid-sep
2025/7/25 6:02:31,middle
2025/7/25 6:02:32,mid-sep
2025/7/25 6:02:33,middle
2025/7/25 6:02:35,mid-sep
2025/7/25 6:02:35,middle
2025/7/25 6:02:35,mid-sep
2025/7/25 6:02:38,middle
2025/7/25 6:02:41,mid-sep
2025/7/25 6:02:44,middle
2025/7/25 6:02:50,corridor
2025/7/25 6:02:55,side
2025/7/25 6:07:57,corridor
2025/7/25 6:07:57,middle
2025/7/25 6:07:59,mid-sep
2025/7/25 6:08:01,middle
2025/7/25 6:08:04,mid-sep
2025/7/25 6:08:04,middle
2025/7/25 6:08:06,mid-sep
2025/7/25 6:08:06,middle
2025/7/25 6:08:09,mid-sep
2025/7/25 6:08:10,middle
2025/7/25 6:08:16,mid-sep
2025/7/25 6:08:17,middle
2025/7/25 6:08:17,mid-sep
2025/7/25 6:08:19,middle
2025/7/25 6:08:19,mid-sep
2025/7/25 6:08:23,middle
2025/7/25 6:08:32,mid-sep
2025/7/25 6:08:33,middle
2025/7/25 6:08:34,mid-sep
2025/7/25 6:08:34,middle
2025/7/25 6:08:35,mid-sep
2025/7/25 6:08:37,middle
2025/7/25 6:08:38,mid-sep
2025/7/25 6:08:42,middle
2025/7/25 6:08:55,mid-sep
2025/7/25 6:08:55,middle
2025/7/25 6:09:09,mid-sep
2025/7/25 6:09:10,middle
2025/7/25 6:09:16,mid-sep
2025/7/25 6:09:18,middle
2025/7/25 6:09:40,mid-sep
2025/7/25 6:09:40,middle
2025/7/25 6:09:41,mid-sep
2025/7/25 6:09:43,middle
2025/7/25 6:09:43,mid-sep
2025/7/25 6:09:44,middle
2025/7/25 6:09:54,mid-sep
2025/7/25 6:09:54,middle
2025/7/25 6:09:55,mid-sep
2025/7/25 6:09:55,middle
2025/7/25 6:09:56,mid-sep
2025/7/25 6:09:56,middle
2025/7/25 6:09:56,mid-sep
2025/7/25 6:09:56,middle
2025/7/25 6:09:57,mid-sep
2025/7/25 6:09:58,middle
2025/7/25 6:09:59,mid-sep
2025/7/25 6:10:15,middle
2025/7/25 6:10:16,mid-sep
2025/7/25 6:10:18,middle
2025/7/25 6:10:25,mid-sep
2025/7/25 6:10:25,middle
2025/7/25 6:10:30,mid-sep
2025/7/25 6:10:33,middle
2025/7/25 6:10:37,mid-sep
2025/7/25 6:10:38,middle
2025/7/25 6:10:41,mid-sep
2025/7/25 6:10:45,middle
2025/7/25 6:10:51,mid-sep
2025/7/25 6:10:51,middle
2025/7/25 6:10:51,mid-sep
2025/7/25 6:10:51,middle
2025/7/25 6:11:07,mid-sep
2025/7/25 6:11:08,middle
2025/7/25 6:11:09,mid-sep
2025/7/25 6:11:11,middle
2025/7/25 6:11:11,mid-sep
2025/7/25 6:11:11,middle
2025/7/25 6:11:15,corridor
2025/7/25 6:11:16,side
2025/7/25 6:11:50,corridor
2025/7/25 6:11:52,middle
2025/7/25 6:11:58,mid-sep
2025/7/25 6:12:00,middle
2025/7/25 6:12:06,mid-sep
2025/7/25 6:12:06,middle
2025/7/25 6:12:13,mid-sep
2025/7/25 6:12:15,middle
2025/7/25 6:12:19,mid-sep
2025/7/25 6:12:19,middle
2025/7/25 6:12:22,mid-sep
2025/7/25 6:12:22,middle
2025/7/25 6:12:23,mid-sep
2025/7/25 6:12:24,middle
2025/7/25 6:12:24,mid-sep
2025/7/25 6:12:24,middle
2025/7/25 6:12:24,mid-sep
2025/7/25 6:12:27,middle
2025/7/25 6:12:28,mid-sep
2025/7/25 6:12:29,middle
2025/7/25 6:12:32,mid-sep
2025/7/25 6:12:35,middle
2025/7/25 6:12:35,mid-sep
2025/7/25 6:12:36,middle
2025/7/25 6:12:38,mid-sep
2025/7/25 6:12:38,middle
2025/7/25 6:12:39,mid-sep
2025/7/25 6:12:40,middle
2025/7/25 6:12:40,mid-sep
2025/7/25 6:12:42,middle
2025/7/25 6:13:22,mid-sep
2025/7/25 6:13:23,middle
2025/7/25 6:13:35,mid-sep
2025/7/25 6:13:36,middle
2025/7/25 6:13:38,corridor
2025/7/25 6:13:38,side
2025/7/25 6:23:05,middle
2025/7/25 6:23:06,corridor
2025/7/25 6:23:07,middle
2025/7/25 6:23:08,mid-sep
2025/7/25 6:23:09,middle
2025/7/25 6:23:09,mid-sep
2025/7/25 6:23:10,middle
2025/7/25 6:23:18,mid-sep
2025/7/25 6:23:18,middle
2025/7/25 6:23:19,mid-sep
2025/7/25 6:23:19,middle
2025/7/25 6:23:19,mid-sep
2025/7/25 6:23:19,middle
2025/7/25 6:23:20,mid-sep
2025/7/25 6:23:24,middle
2025/7/25 6:24:49,mid-sep
2025/7/25 6:24:49,middle
2025/7/25 6:24:50,mid-sep
2025/7/25 6:24:51,middle
2025/7/25 6:24:53,corridor
2025/7/25 6:24:56,side
2025/7/25 6:26:36,corridor
2025/7/25 6:26:38,middle
2025/7/25 6:26:52,corridor
2025/7/25 6:26:56,side
2025/7/25 6:27:20,corridor
2025/7/25 6:27:21,middle
2025/7/25 6:27:26,mid-sep
2025/7/25 6:27:27,middle
2025/7/25 6:27:33,mid-sep
2025/7/25 6:27:33,middle
2025/7/25 6:27:36,mid-sep
2025/7/25 6:27:40,middle
2025/7/25 6:27:41,mid-sep
2025/7/25 6:27:44,middle
2025/7/25 6:27:46,mid-sep
2025/7/25 6:27:46,middle
2025/7/25 6:27:54,mid-sep
2025/7/25 6:27:54,middle
2025/7/25 6:27:58,mid-sep
2025/7/25 6:27:59,middle
2025/7/25 6:28:05,mid-sep
2025/7/25 6:28:06,middle
2025/7/25 6:28:06,mid-sep
2025/7/25 6:28:07,middle
2025/7/25 6:28:08,mid-sep
2025/7/25 6:28:09,middle
2025/7/25 6:28:12,mid-sep
2025/7/25 6:28:14,middle
2025/7/25 6:28:28,mid-sep
2025/7/25 6:28:29,middle
2025/7/25 6:28:44,mid-sep
2025/7/25 6:28:45,middle
2025/7/25 6:28:49,mid-sep
2025/7/25 6:28:56,middle
2025/7/25 6:29:44,corridor
2025/7/25 6:29:45,side
2025/7/25 6:51:03,corridor
2025/7/25 6:51:03,middle
2025/7/25 6:51:56,corridor
2025/7/25 6:52:09,side
2025/7/25 6:52:23,middle
2025/7/25 6:52:23,corridor
2025/7/25 6:52:24,middle
2025/7/25 6:52:29,mid-sep
2025/7/25 6:52:29,middle
2025/7/25 6:52:30,mid-sep
2025/7/25 6:52:32,middle
2025/7/25 6:52:32,mid-sep
2025/7/25 6:52:35,middle
2025/7/25 6:52:36,mid-sep
2025/7/25 6:52:36,middle
2025/7/25 6:52:36,mid-sep
2025/7/25 6:52:37,middle
2025/7/25 6:52:38,mid-sep
2025/7/25 6:52:38,middle
2025/7/25 6:53:12,mid-sep
2025/7/25 6:53:13,middle
2025/7/25 6:53:22,mid-sep
2025/7/25 6:53:22,middle
2025/7/25 6:53:28,mid-sep
2025/7/25 6:53:29,middle
2025/7/25 6:53:29,mid-sep
2025/7/25 6:53:29,middle
2025/7/25 6:53:29,mid-sep
2025/7/25 6:53:29,middle
2025/7/25 6:53:31,mid-sep
2025/7/25 6:53:31,middle
2025/7/25 6:53:41,mid-sep
2025/7/25 6:53:41,middle
2025/7/25 6:53:42,mid-sep
2025/7/25 6:53:43,middle
2025/7/25 6:53:45,mid-sep
2025/7/25 6:53:53,middle
2025/7/25 6:54:37,mid-sep
2025/7/25 6:54:38,middle
2025/7/25 6:54:44,side
2025/7/25 8:20:49,corridor
2025/7/25 8:20:51,middle
2025/7/25 8:20:53,mid-sep
2025/7/25 8:20:53,middle
2025/7/25 8:20:53,mid-sep
2025/7/25 8:20:55,middle
2025/7/25 8:21:05,mid-sep
2025/7/25 8:21:08,middle
2025/7/25 8:21:10,mid-sep
2025/7/25 8:21:12,middle
2025/7/25 8:21:13,corridor
2025/7/25 8:21:14,side
2025/7/25 8:23:44,corridor
2025/7/25 8:23:46,middle
2025/7/25 8:23:48,corridor
2025/7/25 8:23:49,side
2025/7/25 9:45:46,corridor
2025/7/25 9:45:47,middle
2025/7/25 9:45:54,mid-sep
2025/7/25 9:45:55,middle
2025/7/25 9:45:59,mid-sep
2025/7/25 9:46:06,middle
2025/7/25 9:46:07,mid-sep
2025/7/25 9:46:07,middle
2025/7/25 9:46:07,mid-sep
2025/7/25 9:46:08,middle
2025/7/25 9:46:09,mid-sep
2025/7/25 9:46:09,middle
2025/7/25 9:46:10,mid-sep
2025/7/25 9:46:10,middle
2025/7/25 9:46:11,mid-sep
2025/7/25 9:46:12,middle
2025/7/25 9:46:16,mid-sep
2025/7/25 9:46:16,middle
2025/7/25 9:46:18,mid-sep
2025/7/25 9:46:19,middle
2025/7/25 9:46:20,mid-sep
2025/7/25 9:46:23,middle
2025/7/25 9:46:23,mid-sep
2025/7/25 9:46:25,middle
2025/7/25 9:46:26,mid-sep
2025/7/25 9:46:27,middle
2025/7/25 9:46:28,corridor
2025/7/25 9:46:30,side
2025/7/25 11:47:08,corridor
2025/7/25 11:47:09,middle
2025/7/25 11:47:14,mid-sep
2025/7/25 11:47:15,middle
2025/7/25 11:47:15,mid-sep
2025/7/25 11:47:15,middle
2025/7/25 11:47:18,mid-sep
2025/7/25 11:47:18,middle
2025/7/25 11:47:18,mid-sep
2025/7/25 11:47:18,middle
2025/7/25 11:47:23,mid-sep
2025/7/25 11:47:23,middle
2025/7/25 11:47:26,mid-sep
2025/7/25 11:47:27,middle
2025/7/25 11:47:27,mid-sep
2025/7/25 11:47:27,middle
2025/7/25 11:47:36,mid-sep
2025/7/25 11:47:38,middle
2025/7/25 11:47:53,mid-sep
2025/7/25 11:47:54,middle
2025/7/25 11:48:06,mid-sep
2025/7/25 11:48:07,middle
2025/7/25 11:48:11,mid-sep
2025/7/25 11:48:11,middle
2025/7/25 11:48:12,mid-sep
2025/7/25 11:48:12,middle
2025/7/25 11:48:16,corridor
2025/7/25 11:48:16,side
2025/7/25 11:50:49,corridor
2025/7/25 11:50:53,middle
2025/7/25 11:50:55,corridor
2025/7/25 11:50:56,side
2025/7/25 11:53:49,corridor
2025/7/25 11:53:52,middle
2025/7/25 11:53:54,mid-sep
2025/7/25 11:53:55,middle
2025/7/25 11:53:56,mid-sep
2025/7/25 11:53:57,middle
2025/7/25 11:54:05,corridor
2025/7/25 11:54:06,side
2025/7/25 12:04:22,corridor
2025/7/25 12:04:25,middle
2025/7/25 12:04:26,corridor
2025/7/25 12:04:27,side
2025/7/25 14:49:30,corridor
2025/7/25 14:49:32,middle
2025/7/25 14:49:33,mid-sep
2025/7/25 14:49:37,middle
2025/7/25 14:49:38,corridor
2025/7/25 14:49:38,side
2025/7/25 16:29:23,corridor
2025/7/25 16:29:24,middle
2025/7/25 16:29:25,mid-sep
2025/7/25 16:29:26,middle
2025/7/25 16:29:26,mid-sep
2025/7/25 16:29:27,middle
2025/7/25 16:29:27,mid-sep
2025/7/25 16:29:28,middle
2025/7/25 16:29:31,corridor
2025/7/25 16:29:33,middle
2025/7/25 16:29:35,mid-sep
2025/7/25 16:29:36,middle
2025/7/25 16:29:36,mid-sep
2025/7/25 16:29:38,middle
2025/7/25 16:29:38,mid-sep
2025/7/25 16:29:40,middle
2025/7/25 16:29:46,corridor
2025/7/25 16:29:47,side
2025/7/25 16:33:20,corridor
2025/7/25 16:33:21,middle
2025/7/25 16:33:29,corridor
2025/7/25 16:33:29,side
2025/7/25 16:42:27,corridor
2025/7/25 16:42:31,middle
2025/7/25 16:42:35,mid-sep
2025/7/25 16:42:36,middle
2025/7/25 16:42:36,mid-sep
2025/7/25 16:42:36,middle
2025/7/25 16:42:38,mid-sep
2025/7/25 16:42:38,middle
2025/7/25 16:42:44,mid-sep
2025/7/25 16:42:44,middle
2025/7/25 16:42:45,mid-sep
2025/7/25 16:42:47,middle
2025/7/25 16:42:47,mid-sep
2025/7/25 16:42:48,middle
2025/7/25 16:42:50,mid-sep
2025/7/25 16:42:54,middle
2025/7/25 16:42:56,mid-sep
2025/7/25 16:42:57,middle
2025/7/25 16:43:01,corridor
2025/7/25 16:43:03,side
2025/7/25 16:43:08,corridor
2025/7/25 16:43:10,middle
2025/7/25 16:43:12,corridor
2025/7/25 16:43:13,side
2025/7/25 16:43:38,corridor
2025/7/25 16:43:38,middle
2025/7/25 16:43:48,corridor
2025/7/25 16:43:49,side
2025/7/25 17:28:24,corridor
2025/7/25 17:28:25,middle
2025/7/25 17:28:29,mid-sep
2025/7/25 17:29:03,middle
2025/7/25 17:29:15,corridor
2025/7/25 17:29:17,side
2025/7/25 18:12:42,corridor
2025/7/25 18:12:43,middle
2025/7/25 18:12:43,mid-sep
2025/7/25 18:12:46,middle
2025/7/25 18:12:48,corridor
2025/7/25 18:12:49,side
2025/7/25 18:47:25,corridor
2025/7/25 18:47:25,middle
2025/7/25 18:47:28,mid-sep
2025/7/25 18:47:33,middle
2025/7/25 18:48:02,corridor
2025/7/25 18:48:03,side
2025/7/25 18:58:19,corridor
2025/7/25 18:58:20,middle
2025/7/25 18:58:22,mid-sep
2025/7/25 18:58:27,middle
2025/7/25 18:58:31,corridor
2025/7/25 18:58:33,side
2025/7/25 18:59:36,corridor
2025/7/25 18:59:38,middle
2025/7/25 18:59:39,mid-sep
2025/7/25 18:59:41,corridor
2025/7/25 18:59:42,side
2025/7/25 19:01:41,corridor
2025/7/25 19:01:42,middle
2025/7/25 19:01:43,side
2025/7/25 19:05:50,corridor
2025/7/25 19:05:50,middle
2025/7/25 19:05:51,mid-sep
2025/7/25 19:05:56,middle
2025/7/25 19:05:58,corridor
2025/7/25 19:05:58,side
2025/7/25 19:09:06,corridor
2025/7/25 19:09:06,mid-sep
2025/7/25 19:09:08,corridor
2025/7/25 19:09:09,side
2025/7/25 19:09:26,corridor
2025/7/25 19:09:26,middle
2025/7/25 19:09:27,mid-sep
2025/7/25 19:09:42,middle
2025/7/25 19:09:47,corridor
2025/7/25 19:09:50,side
2025/7/25 19:10:03,corridor
2025/7/25 19:10:04,middle
2025/7/25 19:10:07,mid-sep
2025/7/25 19:10:39,middle
2025/7/25 19:11:19,corridor
2025/7/25 19:11:20,side
2025/7/25 19:16:07,corridor
2025/7/25 19:16:11,mid-sep
2025/7/25 19:16:13,side
2025/7/25 19:21:17,corridor
2025/7/25 19:21:18,middle
2025/7/25 19:21:18,corridor
2025/7/25 19:21:20,side
2025/7/25 19:27:07,corridor
2025/7/25 19:27:08,middle
2025/7/25 19:27:09,mid-sep
2025/7/25 19:27:17,middle
2025/7/25 19:27:29,mid-sep
2025/7/25 19:27:43,middle
2025/7/25 19:27:46,corridor
2025/7/25 19:27:47,side
2025/7/25 19:35:00,corridor
2025/7/25 19:35:11,middle
2025/7/25 19:35:12,mid-sep
2025/7/25 19:35:17,middle
2025/7/25 19:35:20,corridor
2025/7/25 19:35:21,side
2025/7/25 19:36:45,corridor
2025/7/25 19:36:48,side
2025/7/25 19:37:36,corridor
2025/7/25 19:37:42,middle
2025/7/25 19:37:42,mid-sep
2025/7/25 19:37:49,middle
2025/7/25 19:37:53,corridor
2025/7/25 19:37:54,side
2025/7/25 19:45:55,corridor
2025/7/25 19:45:57,middle
2025/7/25 19:46:01,mid-sep
2025/7/25 19:46:15,middle
2025/7/25 19:46:19,corridor
2025/7/25 19:46:21,side
2025/7/25 20:34:09,corridor
2025/7/25 20:34:11,middle
2025/7/25 20:34:29,corridor
2025/7/25 20:34:31,side
2025/7/25 20:34:50,corridor
2025/7/25 20:34:58,middle
2025/7/25 20:35:01,side
2025/7/25 20:37:13,corridor
2025/7/25 20:37:14,middle
2025/7/25 20:37:20,mid-sep
2025/7/25 20:37:25,middle
2025/7/25 20:37:26,corridor
2025/7/25 20:37:27,side
2025/7/25 20:47:46,corridor
2025/7/25 20:47:50,side
2025/7/25 20:48:22,corridor
2025/7/25 20:48:25,middle
2025/7/25 20:48:26,mid-sep
2025/7/25 20:48:38,middle
2025/7/25 20:48:39,corridor
2025/7/25 20:48:40,side
2025/7/25 20:54:33,corridor
2025/7/25 20:54:39,middle
2025/7/25 20:54:40,mid-sep
2025/7/25 20:54:47,middle
2025/7/25 20:54:49,side
2025/7/25 20:54:50,corridor
2025/7/25 20:54:57,side
2025/7/25 20:59:06,corridor
2025/7/25 20:59:12,side
2025/7/25 21:01:48,corridor
2025/7/25 21:01:52,middle
2025/7/25 21:01:59,mid-sep
2025/7/25 21:02:13,middle
2025/7/25 21:02:15,corridor
2025/7/25 21:02:17,side
2025/7/25 21:12:40,corridor
2025/7/25 21:12:43,middle
2025/7/25 21:12:43,mid-sep
2025/7/25 21:12:48,middle
2025/7/25 21:12:48,corridor
2025/7/25 21:12:52,side
2025/7/25 21:18:18,corridor
2025/7/25 21:18:22,middle
2025/7/25 21:18:24,mid-sep
2025/7/25 21:18:33,middle
2025/7/25 21:18:34,corridor
2025/7/25 21:18:36,side
2025/7/25 21:19:19,corridor
2025/7/25 21:19:32,middle
2025/7/25 21:19:34,mid-sep
2025/7/25 21:20:51,middle
2025/7/25 21:20:53,corridor
2025/7/25 21:20:54,side
2025/7/25 21:21:04,corridor
2025/7/25 21:21:10,middle
2025/7/25 21:21:14,mid-sep
2025/7/25 21:23:02,middle
2025/7/25 21:23:18,mid-sep
2025/7/25 21:23:41,middle
2025/7/25 21:23:50,corridor
2025/7/25 21:23:51,side
2025/7/25 21:35:12,corridor
2025/7/25 21:35:16,side
2025/7/25 21:37:01,corridor
2025/7/25 21:37:02,middle
2025/7/25 21:37:04,side
2025/7/25 21:37:08,corridor
2025/7/25 21:37:16,side
2025/7/25 21:44:07,corridor
2025/7/25 21:44:11,side
2025/7/25 21:46:39,corridor
2025/7/25 21:46:44,side
2025/7/25 22:44:02,corridor
2025/7/25 22:44:05,middle
2025/7/25 22:44:09,mid-sep
2025/7/25 22:44:10,middle
2025/7/25 22:44:15,corridor
2025/7/25 22:44:19,side
2025/7/25 22:53:49,corridor
2025/7/25 22:53:53,middle
2025/7/25 22:53:54,mid-sep
2025/7/25 22:53:54,middle
2025/7/25 22:53:55,corridor
2025/7/25 22:53:56,side
2025/7/25 22:59:53,corridor
2025/7/25 22:59:56,side
2025/7/25 23:00:58,corridor
2025/7/25 23:01:00,middle
2025/7/25 23:01:02,mid-sep
2025/7/25 23:01:23,middle
2025/7/25 23:01:38,corridor
2025/7/25 23:01:45,side
2025/7/25 23:05:44,corridor
2025/7/25 23:05:46,middle
2025/7/25 23:05:50,mid-sep
2025/7/25 23:06:12,middle
2025/7/25 23:06:14,corridor
2025/7/25 23:06:15,side
2025/7/25 23:11:14,corridor
2025/7/25 23:11:20,side
2025/7/25 23:19:21,corridor
2025/7/25 23:19:23,mid-sep
2025/7/25 23:19:33,middle
2025/7/25 23:19:46,corridor
2025/7/25 23:19:49,side
2025/7/25 23:23:24,corridor
2025/7/25 23:23:25,side
2025/7/25 23:33:49,corridor
2025/7/25 23:33:50,middle
2025/7/25 23:33:58,mid-sep
2025/7/25 23:34:09,middle
2025/7/25 23:34:12,mid-sep
2025/7/25 23:34:13,middle
2025/7/25 23:34:27,mid-sep
2025/7/25 23:34:35,middle
2025/7/25 23:34:38,corridor
2025/7/25 23:34:39,side
2025/7/25 23:34:52,corridor
2025/7/25 23:34:57,middle
2025/7/25 23:35:00,mid-sep
2025/7/25 23:35:29,middle
2025/7/25 23:36:14,mid-sep
2025/7/25 23:36:47,middle
2025/7/25 23:36:48,corridor
2025/7/25 23:36:50,side
2025/7/26 1:02:47,corridor
2025/7/26 1:02:49,middle
2025/7/26 1:02:49,mid-sep
2025/7/26 1:02:50,middle
2025/7/26 1:02:52,corridor
2025/7/26 1:02:54,side
2025/7/26 1:12:34,corridor
2025/7/26 1:12:37,mid-sep
2025/7/26 1:12:41,side
2025/7/26 1:18:48,corridor
2025/7/26 1:18:49,middle
2025/7/26 1:18:49,mid-sep
2025/7/26 1:19:13,middle
2025/7/26 1:19:13,corridor
2025/7/26 1:19:14,side
2025/7/26 1:23:48,corridor
2025/7/26 1:23:51,middle
2025/7/26 1:23:54,mid-sep
2025/7/26 1:24:01,middle
2025/7/26 1:24:08,corridor
2025/7/26 1:24:11,side
2025/7/26 1:24:24,corridor
2025/7/26 1:24:25,middle
2025/7/26 1:24:28,mid-sep
2025/7/26 1:28:24,middle
2025/7/26 1:28:27,corridor
2025/7/26 1:28:28,side
2025/7/26 1:37:25,corridor
2025/7/26 1:37:29,middle
2025/7/26 1:37:30,mid-sep
2025/7/26 1:37:41,middle
2025/7/26 1:37:44,corridor
2025/7/26 1:37:46,side
2025/7/26 1:37:50,corridor
2025/7/26 1:37:55,middle
2025/7/26 1:37:56,mid-sep
2025/7/26 1:37:59,middle
2025/7/26 1:38:00,corridor
2025/7/26 1:38:01,side
2025/7/26 1:41:31,corridor
2025/7/26 1:41:31,middle
2025/7/26 1:41:34,mid-sep
2025/7/26 1:41:38,middle
2025/7/26 1:42:17,corridor
2025/7/26 1:42:19,side
2025/7/26 1:52:36,corridor
2025/7/26 1:52:38,middle
2025/7/26 1:52:39,corridor
2025/7/26 1:52:39,side
2025/7/26 1:53:54,corridor
2025/7/26 1:53:54,mid-sep
2025/7/26 1:53:56,side
2025/7/26 2:40:56,corridor
2025/7/26 2:40:57,middle
2025/7/26 2:40:58,mid-sep
2025/7/26 2:41:15,middle
2025/7/26 2:41:16,corridor
2025/7/26 2:41:17,side
2025/7/26 3:49:23,corridor
2025/7/26 3:49:24,middle
2025/7/26 3:49:25,mid-sep
2025/7/26 3:49:30,middle
2025/7/26 3:49:30,corridor
2025/7/26 3:49:32,side
2025/7/26 3:54:48,corridor
2025/7/26 3:54:49,middle
2025/7/26 3:54:51,mid-sep
2025/7/26 3:55:09,middle
2025/7/26 3:55:12,corridor
2025/7/26 3:55:13,side
2025/7/26 3:58:45,corridor
2025/7/26 3:58:47,middle
2025/7/26 3:58:50,mid-sep
2025/7/26 3:58:53,middle
2025/7/26 3:58:54,corridor
2025/7/26 3:58:54,side
2025/7/26 4:01:34,corridor
2025/7/26 4:01:35,middle
2025/7/26 4:01:36,mid-sep
2025/7/26 4:01:36,middle
2025/7/26 4:01:38,corridor
2025/7/26 4:01:38,side
2025/7/26 4:07:16,corridor
2025/7/26 4:07:16,middle
2025/7/26 4:07:18,mid-sep
2025/7/26 4:07:51,middle
2025/7/26 4:08:23,corridor
2025/7/26 4:08:27,side
2025/7/26 4:12:45,corridor
2025/7/26 4:12:48,middle
2025/7/26 4:12:53,mid-sep
2025/7/26 4:13:15,middle
2025/7/26 4:13:55,mid-sep
2025/7/26 4:15:31,middle
2025/7/26 4:16:14,mid-sep
2025/7/26 4:16:18,middle
2025/7/26 4:16:50,corridor
2025/7/26 4:16:51,side
2025/7/26 4:24:21,corridor
2025/7/26 4:24:24,middle
2025/7/26 4:24:26,mid-sep
2025/7/26 4:24:28,middle
2025/7/26 4:25:00,mid-sep
2025/7/26 4:25:34,middle
2025/7/26 4:25:41,corridor
2025/7/26 4:25:46,side
2025/7/26 5:50:05,corridor
2025/7/26 5:50:06,middle
2025/7/26 5:50:07,mid-sep
2025/7/26 5:50:20,middle
2025/7/26 5:50:22,corridor
2025/7/26 5:50:23,side
2025/7/26 5:57:10,corridor
2025/7/26 5:57:11,middle
2025/7/26 5:57:13,mid-sep
2025/7/26 5:57:15,middle
2025/7/26 5:57:19,corridor
2025/7/26 5:57:20,side
2025/7/26 6:03:22,corridor
2025/7/26 6:03:24,middle
2025/7/26 6:03:27,mid-sep
2025/7/26 6:07:14,middle
2025/7/26 6:07:45,mid-sep
2025/7/26 6:07:59,middle
2025/7/26 6:08:32,mid-sep
2025/7/26 6:09:00,middle
2025/7/26 6:09:02,corridor
2025/7/26 6:09:03,side
2025/7/26 6:10:37,corridor
2025/7/26 6:10:38,middle
2025/7/26 6:10:43,mid-sep
2025/7/26 6:11:20,middle
2025/7/26 6:11:38,mid-sep
2025/7/26 6:14:00,middle
2025/7/26 6:14:45,mid-sep
2025/7/26 6:15:37,middle
2025/7/26 6:15:43,corridor
2025/7/26 6:15:44,side
2025/7/26 6:30:43,corridor
2025/7/26 6:30:44,middle
2025/7/26 6:30:44,mid-sep
2025/7/26 6:31:07,middle
2025/7/26 6:31:38,mid-sep
2025/7/26 6:31:56,middle
2025/7/26 6:32:12,mid-sep
2025/7/26 6:33:38,middle
2025/7/26 6:33:55,mid-sep
2025/7/26 6:34:15,middle
2025/7/26 6:34:17,corridor
2025/7/26 6:34:19,side
2025/7/26 6:39:49,corridor
2025/7/26 6:39:51,middle
2025/7/26 6:39:52,side
2025/7/26 7:56:36,corridor
2025/7/26 7:56:38,middle
2025/7/26 7:56:40,mid-sep
2025/7/26 7:57:29,middle
2025/7/26 7:57:30,corridor
2025/7/26 7:57:31,side
2025/7/26 8:05:29,corridor
2025/7/26 8:05:33,middle
2025/7/26 8:05:34,corridor
2025/7/26 8:05:34,side
2025/7/26 8:06:20,corridor
2025/7/26 8:06:22,middle
2025/7/26 8:06:23,corridor
2025/7/26 8:06:23,side
2025/7/26 8:06:41,corridor
2025/7/26 8:06:42,middle
2025/7/26 8:06:43,corridor
2025/7/26 8:06:46,side
2025/7/26 8:07:24,corridor
2025/7/26 8:07:25,middle
2025/7/26 8:07:28,mid-sep
2025/7/26 8:07:29,middle
2025/7/26 8:07:31,corridor
2025/7/26 8:07:32,side
2025/7/26 9:10:17,corridor
2025/7/26 9:10:19,middle
2025/7/26 9:10:21,mid-sep
2025/7/26 9:10:35,middle
2025/7/26 9:10:36,corridor
2025/7/26 9:10:38,side
2025/7/26 9:20:40,corridor
2025/7/26 9:20:46,side
2025/7/26 9:21:14,corridor
2025/7/26 9:21:14,middle
2025/7/26 9:21:16,side
2025/7/26 9:21:58,corridor
2025/7/26 9:22:01,middle
2025/7/26 9:22:02,corridor
2025/7/26 9:22:03,side
2025/7/26 9:22:39,corridor
2025/7/26 9:22:40,middle
2025/7/26 9:22:44,mid-sep
2025/7/26 9:23:07,middle
2025/7/26 9:24:00,corridor
2025/7/26 9:24:02,side
2025/7/26 12:13:47,corridor
2025/7/26 12:13:50,middle
2025/7/26 12:13:53,mid-sep
2025/7/26 12:13:54,middle
2025/7/26 12:14:05,mid-sep
2025/7/26 12:14:09,middle
2025/7/26 12:14:12,corridor
2025/7/26 12:14:13,side
2025/7/26 12:16:18,corridor
2025/7/26 12:16:20,side
2025/7/26 12:16:28,corridor
2025/7/26 12:16:29,mid-sep
2025/7/26 12:16:30,corridor
2025/7/26 12:16:30,side
2025/7/26 14:32:08,corridor
2025/7/26 14:32:10,middle
2025/7/26 14:32:10,mid-sep
2025/7/26 14:32:23,middle
2025/7/26 14:32:27,corridor
2025/7/26 14:32:29,side
2025/7/26 15:36:30,corridor
2025/7/26 15:36:31,middle
2025/7/26 15:36:32,mid-sep
2025/7/26 15:36:35,middle
2025/7/26 15:36:45,corridor
2025/7/26 15:36:48,side
2025/7/26 15:37:30,corridor
2025/7/26 15:37:30,middle
2025/7/26 15:37:31,mid-sep
2025/7/26 15:37:32,middle
2025/7/26 15:37:48,corridor
2025/7/26 15:37:48,side
2025/7/26 16:36:24,corridor
2025/7/26 16:36:25,middle
2025/7/26 16:36:29,mid-sep
2025/7/26 16:36:40,middle
2025/7/26 16:36:41,corridor
2025/7/26 16:36:43,side
2025/7/26 17:24:52,corridor
2025/7/26 17:24:53,middle
2025/7/26 17:24:54,mid-sep
2025/7/26 17:25:15,middle
2025/7/26 17:25:17,corridor
2025/7/26 17:25:17,side
2025/7/26 17:26:06,corridor
2025/7/26 17:26:07,middle
2025/7/26 17:26:09,mid-sep
2025/7/26 17:26:37,middle
2025/7/26 17:26:50,corridor
2025/7/26 17:26:53,side
2025/7/26 17:59:46,corridor
2025/7/26 17:59:47,mid-sep
2025/7/26 17:59:51,middle
2025/7/26 17:59:55,corridor
2025/7/26 17:59:56,side
2025/7/26 18:36:39,corridor
2025/7/26 18:36:40,mid-sep
2025/7/26 18:36:45,side
2025/7/26 18:49:43,corridor
2025/7/26 18:49:44,middle
2025/7/26 18:49:44,mid-sep
2025/7/26 18:49:47,middle
2025/7/26 18:49:50,corridor
2025/7/26 18:49:50,side
2025/7/26 18:54:37,corridor
2025/7/26 18:54:37,middle
2025/7/26 18:54:46,mid-sep
2025/7/26 18:54:56,middle
2025/7/26 18:54:59,side
2025/7/26 18:59:52,corridor
2025/7/26 18:59:54,middle
2025/7/26 18:59:55,side
2025/7/26 18:59:58,corridor
2025/7/26 18:59:58,mid-sep
2025/7/26 19:00:05,corridor
2025/7/26 19:00:05,side
2025/7/26 19:06:00,corridor
2025/7/26 19:06:01,middle
2025/7/26 19:06:03,corridor
2025/7/26 19:06:04,side
2025/7/26 19:13:21,corridor
2025/7/26 19:13:24,middle
2025/7/26 19:13:25,mid-sep
2025/7/26 19:13:38,middle
2025/7/26 19:13:46,corridor
2025/7/26 19:13:46,side
2025/7/26 19:15:23,corridor
2025/7/26 19:15:26,middle
2025/7/26 19:15:34,mid-sep
2025/7/26 19:16:32,middle
2025/7/26 19:16:32,corridor
2025/7/26 19:16:34,side
2025/7/26 19:16:51,corridor
2025/7/26 19:16:58,middle
2025/7/26 19:17:04,mid-sep
2025/7/26 19:17:23,middle
2025/7/26 19:17:24,corridor
2025/7/26 19:17:25,side
2025/7/26 19:28:01,corridor
2025/7/26 19:28:06,side
2025/7/26 19:28:43,corridor
2025/7/26 19:28:44,middle
2025/7/26 19:28:47,mid-sep
2025/7/26 19:28:51,middle
2025/7/26 19:29:01,corridor
2025/7/26 19:29:03,side
2025/7/26 19:29:17,corridor
2025/7/26 19:29:18,middle
2025/7/26 19:29:41,mid-sep
2025/7/26 19:29:41,middle
2025/7/26 19:29:50,corridor
2025/7/26 19:29:50,side
2025/7/26 19:30:16,corridor
2025/7/26 19:30:18,middle
2025/7/26 19:30:21,corridor
2025/7/26 19:30:23,side
2025/7/26 19:37:46,corridor
2025/7/26 19:37:48,middle
2025/7/26 19:37:49,mid-sep
2025/7/26 19:39:34,middle
2025/7/26 19:40:25,mid-sep
2025/7/26 19:41:25,middle
2025/7/26 19:41:27,corridor
2025/7/26 19:41:36,side
2025/7/26 19:48:02,corridor
2025/7/26 19:48:11,middle
2025/7/26 19:48:20,mid-sep
2025/7/26 19:48:32,middle
2025/7/26 19:48:39,mid-sep
2025/7/26 19:48:43,middle
2025/7/26 19:48:53,corridor
2025/7/26 19:48:53,side
2025/7/26 19:49:18,corridor
2025/7/26 19:49:18,middle
2025/7/26 19:49:25,mid-sep
2025/7/26 19:50:41,middle
2025/7/26 19:51:45,corridor
2025/7/26 19:51:46,side
2025/7/26 19:55:59,corridor
2025/7/26 19:56:09,middle
2025/7/26 19:56:15,mid-sep
2025/7/26 19:56:17,middle
2025/7/26 19:56:18,corridor
2025/7/26 19:56:19,side
2025/7/26 20:07:40,corridor
2025/7/26 20:07:48,middle
2025/7/26 20:07:51,corridor
2025/7/26 20:07:52,side
2025/7/26 20:48:20,corridor
2025/7/26 20:48:21,middle
2025/7/26 20:48:24,mid-sep
2025/7/26 20:48:38,middle
2025/7/26 20:48:45,mid-sep
2025/7/26 20:49:03,middle
2025/7/26 20:49:10,corridor
2025/7/26 20:49:12,side
2025/7/26 20:57:15,corridor
2025/7/26 20:57:17,middle
2025/7/26 20:57:18,mid-sep
2025/7/26 20:57:29,middle
2025/7/26 20:57:30,corridor
2025/7/26 20:57:30,side
2025/7/26 20:57:38,corridor
2025/7/26 20:57:39,middle
2025/7/26 20:57:43,mid-sep
2025/7/26 20:57:53,middle
2025/7/26 20:57:54,side
2025/7/26 21:04:55,corridor
2025/7/26 21:04:58,middle
2025/7/26 21:04:59,mid-sep
2025/7/26 21:05:00,middle
2025/7/26 21:05:03,corridor
2025/7/26 21:05:04,side
2025/7/26 21:05:25,corridor
2025/7/26 21:05:26,middle
2025/7/26 21:05:26,corridor
2025/7/26 21:05:26,side
2025/7/26 21:15:47,corridor
2025/7/26 21:15:51,middle
2025/7/26 21:16:15,mid-sep
2025/7/26 21:17:07,middle
2025/7/26 21:17:51,mid-sep
2025/7/26 21:18:04,middle
2025/7/26 21:18:05,corridor
2025/7/26 21:18:06,side
2025/7/26 21:26:04,corridor
2025/7/26 21:26:08,middle
2025/7/26 21:26:08,side
2025/7/26 21:26:16,corridor
2025/7/26 21:26:21,middle
2025/7/26 21:26:30,mid-sep
2025/7/26 21:27:46,middle
2025/7/26 21:28:23,mid-sep
2025/7/26 21:28:38,middle
2025/7/26 21:28:46,corridor
2025/7/26 21:28:47,side
2025/7/26 21:29:15,corridor
2025/7/26 21:29:20,middle
2025/7/26 21:29:28,mid-sep
2025/7/26 21:29:59,middle
2025/7/26 21:30:09,corridor
2025/7/26 21:30:13,side
2025/7/26 21:30:34,corridor
2025/7/26 21:30:35,middle
2025/7/26 21:30:50,mid-sep
2025/7/26 21:31:00,middle
2025/7/26 21:31:09,mid-sep
2025/7/26 21:31:11,middle
2025/7/26 21:31:12,mid-sep
2025/7/26 21:31:25,middle
2025/7/26 21:31:29,corridor
2025/7/26 21:31:30,side
2025/7/26 21:31:36,corridor
2025/7/26 21:31:37,middle
2025/7/26 21:31:38,mid-sep
2025/7/26 21:32:37,middle
2025/7/26 21:32:41,corridor
2025/7/26 21:32:42,side
2025/7/26 21:49:19,corridor
2025/7/26 21:49:23,middle
2025/7/26 21:49:36,mid-sep
2025/7/26 21:49:50,middle
2025/7/26 21:49:56,mid-sep
2025/7/26 21:49:57,middle
2025/7/26 21:50:58,corridor
2025/7/26 21:50:59,side
2025/7/26 22:01:19,corridor
2025/7/26 22:01:22,middle
2025/7/26 22:01:32,mid-sep
2025/7/26 22:01:37,middle
2025/7/26 22:01:49,mid-sep
2025/7/26 22:02:16,middle
2025/7/26 22:02:36,mid-sep
2025/7/26 22:02:57,middle
2025/7/26 22:02:59,corridor
2025/7/26 22:03:00,side
2025/7/26 22:06:40,corridor
2025/7/26 22:06:44,middle
2025/7/26 22:06:46,corridor
2025/7/26 22:06:48,middle
2025/7/26 22:06:56,corridor
2025/7/26 22:06:59,side
2025/7/26 23:27:40,corridor
2025/7/26 23:27:41,middle
2025/7/26 23:27:53,corridor
2025/7/26 23:27:59,side
2025/7/27 0:03:37,corridor
2025/7/27 0:03:39,middle
2025/7/27 0:03:41,mid-sep
2025/7/27 0:03:43,middle
2025/7/27 0:03:44,corridor
2025/7/27 0:03:45,side
2025/7/27 0:06:58,corridor
2025/7/27 0:06:59,middle
2025/7/27 0:07:00,mid-sep
2025/7/27 0:07:13,middle
2025/7/27 0:07:15,corridor
2025/7/27 0:07:16,side
2025/7/27 0:11:49,corridor
2025/7/27 0:11:51,middle
2025/7/27 0:11:52,mid-sep
2025/7/27 0:12:14,middle
2025/7/27 0:12:18,corridor
2025/7/27 0:12:18,side
2025/7/27 0:15:43,corridor
2025/7/27 0:15:47,middle
2025/7/27 0:15:48,mid-sep
2025/7/27 0:15:58,middle
2025/7/27 0:16:05,corridor
2025/7/27 0:16:06,side
2025/7/27 0:16:12,corridor
2025/7/27 0:16:13,middle
2025/7/27 0:16:15,mid-sep
2025/7/27 0:16:45,middle
2025/7/27 0:16:46,corridor
2025/7/27 0:16:46,side
2025/7/27 0:23:32,corridor
2025/7/27 0:23:33,middle
2025/7/27 0:23:43,mid-sep
2025/7/27 0:23:59,middle
2025/7/27 0:24:21,mid-sep
2025/7/27 0:25:31,middle
2025/7/27 0:25:51,mid-sep
2025/7/27 0:26:06,middle
2025/7/27 0:26:09,corridor
2025/7/27 0:26:09,side
2025/7/27 0:43:58,corridor
2025/7/27 0:44:01,side
2025/7/27 0:59:12,corridor
2025/7/27 0:59:14,middle
2025/7/27 0:59:19,mid-sep
2025/7/27 0:59:23,middle
2025/7/27 0:59:45,mid-sep
2025/7/27 0:59:46,middle
2025/7/27 0:59:47,corridor
2025/7/27 0:59:49,side
2025/7/27 1:51:34,corridor
2025/7/27 1:51:35,middle
2025/7/27 1:51:35,mid-sep
2025/7/27 1:51:36,middle
2025/7/27 1:51:40,corridor
2025/7/27 1:51:42,side
2025/7/27 2:19:36,corridor
2025/7/27 2:19:37,middle
2025/7/27 2:19:37,mid-sep
2025/7/27 2:19:41,middle
2025/7/27 2:19:46,corridor
2025/7/27 2:19:48,side
2025/7/27 2:36:53,corridor
2025/7/27 2:36:57,middle
2025/7/27 2:36:59,mid-sep
2025/7/27 2:37:02,middle
2025/7/27 2:37:10,corridor
2025/7/27 2:37:12,side
2025/7/27 2:42:00,corridor
2025/7/27 2:42:04,side
2025/7/27 2:42:42,corridor
2025/7/27 2:42:42,middle
2025/7/27 2:42:45,mid-sep
2025/7/27 2:42:47,middle
2025/7/27 2:42:50,corridor
2025/7/27 2:42:50,side
2025/7/27 2:44:45,corridor
2025/7/27 2:44:48,middle
2025/7/27 2:44:48,mid-sep
2025/7/27 2:44:56,middle
2025/7/27 2:45:03,corridor
2025/7/27 2:45:05,side
2025/7/27 2:52:34,corridor
2025/7/27 2:52:36,middle
2025/7/27 2:52:38,mid-sep
2025/7/27 2:52:38,middle
2025/7/27 2:52:39,corridor
2025/7/27 2:52:40,side
2025/7/27 2:52:47,corridor
2025/7/27 2:52:48,middle
2025/7/27 2:52:49,mid-sep
2025/7/27 2:53:12,middle
2025/7/27 2:53:15,mid-sep
2025/7/27 2:53:34,middle
2025/7/27 2:53:40,corridor
2025/7/27 2:53:43,side
2025/7/27 3:00:23,corridor
2025/7/27 3:00:26,middle
2025/7/27 3:00:27,mid-sep
2025/7/27 3:00:28,middle
2025/7/27 3:00:37,corridor
2025/7/27 3:00:42,side
2025/7/27 3:00:50,corridor
2025/7/27 3:00:52,middle
2025/7/27 3:00:53,mid-sep
2025/7/27 3:01:24,middle
2025/7/27 3:02:49,corridor
2025/7/27 3:02:54,side
2025/7/27 3:19:20,corridor
2025/7/27 3:19:22,middle
2025/7/27 3:19:24,corridor
2025/7/27 3:19:26,side
2025/7/27 4:52:57,corridor
2025/7/27 4:52:58,middle
2025/7/27 4:53:06,corridor
2025/7/27 4:53:08,side
2025/7/27 5:05:47,corridor
2025/7/27 5:05:48,middle
2025/7/27 5:05:51,mid-sep
2025/7/27 5:05:52,middle
2025/7/27 5:05:52,corridor
2025/7/27 5:05:52,side
2025/7/27 5:11:09,corridor
2025/7/27 5:11:13,middle
2025/7/27 5:11:14,mid-sep
2025/7/27 5:11:21,middle
2025/7/27 5:11:24,corridor
2025/7/27 5:11:25,side
2025/7/27 5:12:48,corridor
2025/7/27 5:12:50,middle
2025/7/27 5:12:53,mid-sep
2025/7/27 5:13:04,middle
2025/7/27 5:13:18,corridor
2025/7/27 5:13:19,side
2025/7/27 5:14:44,corridor
2025/7/27 5:14:45,middle
2025/7/27 5:14:45,mid-sep
2025/7/27 5:15:12,middle
2025/7/27 5:15:14,corridor
2025/7/27 5:15:15,side
2025/7/27 5:24:15,corridor
2025/7/27 5:24:19,side
2025/7/27 5:29:07,corridor
2025/7/27 5:29:08,middle
2025/7/27 5:29:10,mid-sep
2025/7/27 5:29:31,middle
2025/7/27 5:29:38,mid-sep
2025/7/27 5:29:40,middle
2025/7/27 5:29:58,corridor
2025/7/27 5:29:59,side
2025/7/27 5:32:37,corridor
2025/7/27 5:32:43,middle
2025/7/27 5:32:44,mid-sep
2025/7/27 5:32:53,middle
2025/7/27 5:32:55,corridor
2025/7/27 5:32:56,side
2025/7/27 5:33:06,corridor
2025/7/27 5:33:07,middle
2025/7/27 5:33:08,mid-sep
2025/7/27 5:33:25,middle
2025/7/27 5:33:52,mid-sep
2025/7/27 5:34:00,middle
2025/7/27 5:34:26,corridor
2025/7/27 5:34:28,side
2025/7/27 5:34:58,corridor
2025/7/27 5:35:02,middle
2025/7/27 5:35:03,mid-sep
2025/7/27 5:35:26,middle
2025/7/27 5:35:52,mid-sep
2025/7/27 5:36:06,middle
2025/7/27 5:36:30,mid-sep
2025/7/27 5:37:07,middle
2025/7/27 5:37:33,corridor
2025/7/27 5:37:34,side
2025/7/27 6:54:14,corridor
2025/7/27 6:54:15,middle
2025/7/27 6:54:19,corridor
2025/7/27 6:54:20,side
2025/7/27 6:56:46,corridor
2025/7/27 6:56:47,middle
2025/7/27 6:56:56,mid-sep
2025/7/27 6:57:10,middle
2025/7/27 6:57:58,corridor
2025/7/27 6:58:04,side
2025/7/27 7:03:33,corridor
2025/7/27 7:03:35,middle
2025/7/27 7:03:37,mid-sep
2025/7/27 7:03:38,middle
2025/7/27 7:03:43,corridor
2025/7/27 7:03:48,side
2025/7/27 7:04:53,corridor
2025/7/27 7:04:54,middle
2025/7/27 7:05:30,mid-sep
2025/7/27 7:05:46,middle
2025/7/27 7:05:57,mid-sep
2025/7/27 7:06:10,middle
2025/7/27 7:06:17,corridor
2025/7/27 7:06:19,side
2025/7/27 7:10:56,corridor
2025/7/27 7:10:58,middle
2025/7/27 7:11:05,mid-sep
2025/7/27 7:11:06,middle
2025/7/27 7:11:24,mid-sep
2025/7/27 7:11:50,middle
2025/7/27 7:14:12,corridor
2025/7/27 7:14:24,side
2025/7/27 7:18:25,corridor
2025/7/27 7:18:28,middle
2025/7/27 7:18:30,mid-sep
2025/7/27 7:18:33,middle
2025/7/27 7:18:36,corridor
2025/7/27 7:18:39,side
2025/7/27 8:54:04,corridor
2025/7/27 8:54:05,middle
2025/7/27 8:54:06,mid-sep
2025/7/27 8:54:07,middle
2025/7/27 8:54:27,corridor
2025/7/27 8:54:31,side
2025/7/27 10:07:50,corridor
2025/7/27 10:07:52,middle
2025/7/27 10:08:07,mid-sep
2025/7/27 10:08:08,middle
2025/7/27 10:08:12,corridor
2025/7/27 10:08:16,side
2025/7/27 10:13:33,corridor
2025/7/27 10:13:34,middle
2025/7/27 10:13:40,mid-sep
2025/7/27 10:13:48,middle
2025/7/27 10:13:56,mid-sep
2025/7/27 10:13:59,middle
2025/7/27 10:14:35,corridor
2025/7/27 10:14:41,side
2025/7/27 10:14:44,corridor
2025/7/27 10:14:50,side
2025/7/27 10:19:36,corridor
2025/7/27 10:19:36,middle
2025/7/27 10:19:37,mid-sep
2025/7/27 10:19:43,middle
2025/7/27 10:19:48,corridor
2025/7/27 10:19:50,side
2025/7/27 10:21:59,corridor
2025/7/27 10:22:00,middle
2025/7/27 10:22:05,corridor
2025/7/27 10:22:12,side
2025/7/27 12:06:38,corridor
2025/7/27 12:06:39,middle
2025/7/27 12:06:48,corridor
2025/7/27 12:06:56,side
2025/7/27 12:18:04,corridor
2025/7/27 12:18:05,middle
2025/7/27 12:18:05,mid-sep
2025/7/27 12:18:06,middle
2025/7/27 12:18:08,corridor
2025/7/27 12:18:10,side
2025/7/27 14:11:39,corridor
2025/7/27 14:11:39,middle
2025/7/27 14:11:40,mid-sep
2025/7/27 14:11:42,middle
2025/7/27 14:11:48,mid-sep
2025/7/27 14:11:49,middle
2025/7/27 14:11:53,corridor
2025/7/27 14:11:57,side
2025/7/27 14:16:09,corridor
2025/7/27 14:16:10,middle
2025/7/27 14:16:14,corridor
2025/7/27 14:16:57,side
2025/7/27 14:19:07,corridor
2025/7/27 14:19:09,middle
2025/7/27 14:19:11,mid-sep
2025/7/27 14:19:12,middle
2025/7/27 14:19:42,corridor
2025/7/27 14:19:44,side
2025/7/27 16:27:36,corridor
2025/7/27 16:27:37,middle
2025/7/27 16:27:39,mid-sep
2025/7/27 16:27:40,middle
2025/7/27 16:27:49,corridor
2025/7/27 16:27:55,side
2025/7/27 17:16:16,corridor
2025/7/27 17:16:17,middle
2025/7/27 17:16:28,corridor
2025/7/27 17:16:31,side
2025/7/27 17:32:53,corridor
2025/7/27 17:32:54,middle
2025/7/27 17:32:56,mid-sep
2025/7/27 17:33:05,middle
2025/7/27 17:33:09,corridor
2025/7/27 17:33:12,side
2025/7/27 17:56:41,corridor
2025/7/27 17:56:43,middle
2025/7/27 17:56:43,mid-sep
2025/7/27 17:56:47,middle
2025/7/27 17:56:52,corridor
2025/7/27 17:56:54,side
2025/7/27 17:59:15,corridor
2025/7/27 17:59:17,middle
2025/7/27 17:59:21,mid-sep
2025/7/27 17:59:25,middle
2025/7/27 17:59:30,corridor
2025/7/27 17:59:32,side
2025/7/27 18:13:39,corridor
2025/7/27 18:13:40,middle
2025/7/27 18:13:41,mid-sep
2025/7/27 18:13:50,middle
2025/7/27 18:13:51,corridor
2025/7/27 18:14:11,side
2025/7/27 19:10:05,corridor
2025/7/27 19:10:05,middle
2025/7/27 19:10:05,mid-sep
2025/7/27 19:10:09,middle
2025/7/27 19:10:12,mid-sep
2025/7/27 19:10:13,middle
2025/7/27 19:10:20,mid-sep
2025/7/27 19:10:24,middle
2025/7/27 19:10:27,corridor
2025/7/27 19:10:29,side
2025/7/27 19:18:31,corridor
2025/7/27 19:18:31,middle
2025/7/27 19:18:33,mid-sep
2025/7/27 19:18:42,middle
2025/7/27 19:19:04,mid-sep
2025/7/27 19:19:08,middle
2025/7/27 19:19:09,corridor
2025/7/27 19:19:13,side
2025/7/27 19:28:26,corridor
2025/7/27 19:28:27,middle
2025/7/27 19:28:29,mid-sep
2025/7/27 19:28:35,middle
2025/7/27 19:28:42,mid-sep
2025/7/27 19:28:50,middle
2025/7/27 19:29:03,mid-sep
2025/7/27 19:29:40,middle
2025/7/27 19:30:17,mid-sep
2025/7/27 19:30:22,middle
2025/7/27 19:30:25,corridor
2025/7/27 19:30:26,side
2025/7/27 19:53:04,corridor
2025/7/27 19:53:06,middle
2025/7/27 19:53:07,mid-sep
2025/7/27 19:53:12,middle
2025/7/27 19:53:18,mid-sep
2025/7/27 19:53:21,middle
2025/7/27 19:53:32,mid-sep
2025/7/27 19:53:47,middle
2025/7/27 19:53:49,corridor
2025/7/27 19:53:52,middle
2025/7/27 19:53:53,mid-sep
2025/7/27 19:54:11,middle
2025/7/27 19:54:21,mid-sep
2025/7/27 19:54:39,middle
2025/7/27 19:54:49,mid-sep
2025/7/27 19:54:50,middle
2025/7/27 19:55:05,mid-sep
2025/7/27 19:55:16,middle
2025/7/27 19:55:20,corridor
2025/7/27 19:55:22,side
2025/7/27 20:52:46,corridor
2025/7/27 20:52:47,middle
2025/7/27 20:52:48,mid-sep
2025/7/27 20:52:54,middle
2025/7/27 20:53:00,mid-sep
2025/7/27 20:53:31,middle
2025/7/27 20:53:38,mid-sep
2025/7/27 20:53:49,middle
2025/7/27 20:53:50,corridor
2025/7/27 20:54:04,middle
2025/7/27 20:54:12,mid-sep
2025/7/27 20:54:38,middle
2025/7/27 20:56:07,mid-sep
2025/7/27 20:56:52,middle
2025/7/27 20:57:12,corridor
2025/7/27 20:57:13,side
2025/7/27 21:14:20,corridor
2025/7/27 21:14:28,middle
2025/7/27 21:14:29,mid-sep
2025/7/27 21:14:29,middle
2025/7/27 21:14:30,corridor
2025/7/27 21:14:48,side
2025/7/27 21:16:44,corridor
2025/7/27 21:16:45,middle
2025/7/27 21:16:45,mid-sep
2025/7/27 21:16:46,middle
2025/7/27 21:16:49,corridor
2025/7/27 21:17:05,side
2025/7/27 22:05:55,corridor
2025/7/27 22:05:56,middle
2025/7/27 22:06:12,mid-sep
2025/7/27 22:06:13,middle
2025/7/27 22:06:15,corridor
2025/7/27 22:06:17,side
2025/7/27 22:26:49,corridor
2025/7/27 22:26:51,middle
2025/7/27 22:26:53,mid-sep
2025/7/27 22:26:57,middle
2025/7/27 22:27:06,corridor
2025/7/27 22:27:07,middle
2025/7/27 22:27:17,mid-sep
2025/7/27 22:27:47,middle
2025/7/27 22:27:57,corridor
2025/7/27 22:27:58,side
2025/7/27 22:28:38,corridor
2025/7/27 22:28:45,middle
2025/7/27 22:28:48,mid-sep
2025/7/27 22:28:59,middle
2025/7/27 22:29:10,corridor
2025/7/27 22:29:12,side
2025/7/27 22:29:27,corridor
2025/7/27 22:29:30,middle
2025/7/27 22:29:33,mid-sep
2025/7/27 22:31:13,middle
2025/7/27 22:31:15,corridor
2025/7/27 22:31:16,side
2025/7/27 22:34:51,corridor
2025/7/27 22:34:52,middle
2025/7/27 22:34:53,corridor
2025/7/27 22:34:56,side
2025/7/27 22:38:18,corridor
2025/7/27 22:38:21,middle
2025/7/27 22:38:25,mid-sep
2025/7/27 22:38:28,middle
2025/7/27 22:38:30,corridor
2025/7/27 22:38:31,side
2025/7/27 22:53:31,corridor
2025/7/27 22:53:33,middle
2025/7/27 22:53:35,mid-sep
2025/7/27 22:53:39,middle
2025/7/27 22:53:57,mid-sep
2025/7/27 22:54:02,middle
2025/7/27 22:54:49,corridor
2025/7/27 22:54:50,side
2025/7/27 23:02:52,corridor
2025/7/27 23:03:00,middle
2025/7/27 23:03:01,mid-sep
2025/7/27 23:03:03,middle
2025/7/27 23:03:19,mid-sep
2025/7/27 23:03:25,middle
2025/7/27 23:03:46,mid-sep
2025/7/27 23:03:50,middle
2025/7/27 23:04:09,corridor
2025/7/27 23:04:11,side
2025/7/28 0:52:56,corridor
2025/7/28 0:52:57,middle
2025/7/28 0:52:59,corridor
2025/7/28 0:53:00,side
2025/7/28 1:00:02,middle
2025/7/28 1:00:06,mid-sep
2025/7/28 1:00:09,middle
2025/7/28 1:00:23,mid-sep
2025/7/28 1:00:30,middle
2025/7/28 1:00:32,corridor
2025/7/28 1:00:35,side
2025/7/28 1:05:15,corridor
2025/7/28 1:05:18,middle
2025/7/28 1:05:19,mid-sep
2025/7/28 1:05:19,middle
2025/7/28 1:05:21,corridor
2025/7/28 1:06:34,side
2025/7/28 1:13:19,corridor
2025/7/28 1:13:19,middle
2025/7/28 1:13:23,mid-sep
2025/7/28 1:13:26,middle
2025/7/28 1:13:35,mid-sep
2025/7/28 1:13:36,middle
2025/7/28 1:13:46,mid-sep
2025/7/28 1:13:56,middle
2025/7/28 1:14:10,mid-sep
2025/7/28 1:15:51,middle
2025/7/28 1:16:16,corridor
2025/7/28 1:16:17,middle
2025/7/28 1:16:20,mid-sep
2025/7/28 1:17:00,middle
2025/7/28 1:17:02,corridor
2025/7/28 1:17:03,side
2025/7/28 1:17:36,corridor
2025/7/28 1:17:40,middle
2025/7/28 1:17:41,mid-sep
2025/7/28 1:18:07,middle
2025/7/28 1:18:58,corridor
2025/7/28 1:22:34,side
2025/7/28 1:23:54,corridor
2025/7/28 1:24:09,side
2025/7/28 1:24:28,corridor
2025/7/28 1:24:32,side
2025/7/28 1:24:54,corridor
2025/7/28 1:25:00,side
2025/7/28 1:25:33,corridor
2025/7/28 1:25:35,side
2025/7/28 2:42:35,corridor
2025/7/28 2:42:37,middle
2025/7/28 2:42:44,mid-sep
2025/7/28 2:42:45,middle
2025/7/28 2:42:47,corridor
2025/7/28 2:43:35,side
2025/7/28 3:01:15,corridor
2025/7/28 3:01:17,middle
2025/7/28 3:01:18,mid-sep
2025/7/28 3:01:24,middle
2025/7/28 3:01:39,corridor
2025/7/28 3:01:40,side
2025/7/28 3:10:04,corridor
2025/7/28 3:10:12,side
2025/7/28 3:13:10,corridor
2025/7/28 3:13:11,middle
2025/7/28 3:13:14,mid-sep
2025/7/28 3:13:18,middle
2025/7/28 3:16:05,mid-sep
2025/7/28 3:16:08,middle
2025/7/28 3:16:10,corridor
2025/7/28 3:16:13,side
2025/7/28 4:17:32,corridor
2025/7/28 4:17:33,middle
2025/7/28 4:17:38,corridor
2025/7/28 4:17:39,side
2025/7/28 4:25:43,corridor
2025/7/28 4:25:48,middle
2025/7/28 4:25:49,mid-sep
2025/7/28 4:25:50,middle
2025/7/28 4:25:51,corridor
2025/7/28 4:25:52,side
2025/7/28 4:29:40,corridor
2025/7/28 4:29:43,middle
2025/7/28 4:29:44,mid-sep
2025/7/28 4:30:04,middle
2025/7/28 4:30:21,mid-sep
2025/7/28 4:30:40,middle
2025/7/28 4:31:18,corridor
2025/7/28 4:31:19,side
2025/7/28 4:35:47,corridor
2025/7/28 4:35:56,side
2025/7/28 4:36:01,corridor
2025/7/28 4:36:05,side
2025/7/28 4:42:10,corridor
2025/7/28 4:42:12,middle
2025/7/28 4:42:13,mid-sep
2025/7/28 4:42:14,middle
2025/7/28 4:42:26,mid-sep
2025/7/28 4:42:36,middle
2025/7/28 4:42:40,mid-sep
2025/7/28 4:42:45,middle
2025/7/28 4:42:51,mid-sep
2025/7/28 4:43:06,middle
2025/7/28 4:43:17,mid-sep
2025/7/28 4:43:42,middle
2025/7/28 4:44:14,corridor
2025/7/28 4:44:16,side
2025/7/28 6:01:17,corridor
2025/7/28 6:01:20,middle
2025/7/28 6:01:21,mid-sep
2025/7/28 6:01:37,middle
2025/7/28 6:01:39,corridor
2025/7/28 6:01:41,side
2025/7/28 6:06:37,corridor
2025/7/28 6:06:37,middle
2025/7/28 6:06:38,mid-sep
2025/7/28 6:06:39,middle
2025/7/28 6:06:41,corridor
2025/7/28 6:06:41,side
2025/7/28 6:13:12,corridor
2025/7/28 6:13:14,middle
2025/7/28 6:13:15,mid-sep
2025/7/28 6:13:17,middle
2025/7/28 6:13:17,corridor
2025/7/28 6:13:18,side
2025/7/28 6:16:16,corridor
2025/7/28 6:16:17,middle
2025/7/28 6:16:18,mid-sep
2025/7/28 6:16:20,middle
2025/7/28 6:16:36,mid-sep
2025/7/28 6:16:38,middle
2025/7/28 6:17:04,corridor
2025/7/28 6:17:22,middle
2025/7/28 6:17:23,mid-sep
2025/7/28 6:17:39,middle
2025/7/28 6:17:43,mid-sep
2025/7/28 6:18:13,middle
2025/7/28 6:18:26,mid-sep
2025/7/28 6:18:35,middle
2025/7/28 6:18:37,corridor
2025/7/28 6:18:38,side
2025/7/28 7:43:46,corridor
2025/7/28 7:43:47,middle
2025/7/28 7:43:50,mid-sep
2025/7/28 7:43:51,middle
2025/7/28 7:43:55,corridor
2025/7/28 7:43:57,side
2025/7/28 7:44:37,corridor
2025/7/28 7:44:38,middle
2025/7/28 7:44:40,mid-sep
2025/7/28 7:44:41,middle
2025/7/28 7:44:42,corridor
2025/7/28 7:44:44,side
2025/7/28 7:49:34,corridor
2025/7/28 7:49:35,middle
2025/7/28 7:49:35,mid-sep
2025/7/28 7:49:42,middle
2025/7/28 7:50:06,mid-sep
2025/7/28 7:50:22,middle
2025/7/28 7:50:32,corridor
2025/7/28 7:50:33,side
2025/7/28 7:54:41,corridor
2025/7/28 7:54:41,middle
2025/7/28 7:54:42,mid-sep
2025/7/28 7:54:44,middle
2025/7/28 7:54:46,corridor
2025/7/28 7:54:48,side
2025/7/28 7:55:06,corridor
2025/7/28 7:55:06,middle
2025/7/28 7:55:21,corridor
2025/7/28 7:55:35,side
2025/7/28 8:01:35,corridor
2025/7/28 8:01:38,middle
2025/7/28 8:01:42,mid-sep
2025/7/28 8:01:43,middle
2025/7/28 8:01:45,corridor
2025/7/28 8:01:46,side
2025/7/28 8:08:42,corridor
2025/7/28 8:08:43,side
2025/7/28 8:09:53,corridor
2025/7/28 8:09:54,middle
2025/7/28 8:09:56,corridor
2025/7/28 8:10:01,side
2025/7/28 8:13:59,corridor
2025/7/28 8:14:03,middle
2025/7/28 8:14:07,mid-sep
2025/7/28 8:14:10,middle
2025/7/28 8:14:18,mid-sep
2025/7/28 8:14:19,middle
2025/7/28 8:14:57,mid-sep
2025/7/28 8:15:11,middle
2025/7/28 8:15:18,corridor
2025/7/28 8:15:22,side
2025/7/28 10:41:02,corridor
2025/7/28 10:41:03,middle
2025/7/28 10:41:03,mid-sep
2025/7/28 10:41:05,middle
2025/7/28 10:41:06,corridor
2025/7/28 10:41:14,side
2025/7/28 10:49:04,corridor
2025/7/28 10:49:05,middle
2025/7/28 10:49:10,corridor
2025/7/28 10:49:11,side
2025/7/28 10:50:46,corridor
2025/7/28 10:50:47,middle
2025/7/28 10:50:52,mid-sep
2025/7/28 10:50:55,middle
2025/7/28 10:50:57,mid-sep
2025/7/28 10:51:00,middle
2025/7/28 10:51:03,mid-sep
2025/7/28 10:51:05,middle
2025/7/28 10:51:38,mid-sep
2025/7/28 10:51:40,middle
2025/7/28 10:52:25,corridor
2025/7/28 10:52:28,side
2025/7/28 12:49:10,corridor
2025/7/28 12:49:13,middle
2025/7/28 12:49:13,mid-sep
2025/7/28 12:49:15,middle
2025/7/28 12:49:17,corridor
2025/7/28 12:49:26,side
2025/7/28 13:01:28,corridor
2025/7/28 13:01:33,middle
2025/7/28 13:01:35,corridor
2025/7/28 13:01:35,side
2025/7/28 13:01:56,corridor
2025/7/28 13:01:57,middle
2025/7/28 13:02:04,mid-sep
2025/7/28 13:02:25,middle
2025/7/28 13:02:43,corridor
2025/7/28 13:02:44,side
2025/7/28 15:04:05,corridor
2025/7/28 15:04:05,middle
2025/7/28 15:04:06,mid-sep
2025/7/28 15:04:07,middle
2025/7/28 15:04:09,corridor
2025/7/28 15:04:15,side
2025/7/28 15:10:24,corridor
2025/7/28 15:10:24,middle
2025/7/28 15:10:26,corridor
2025/7/28 15:10:29,side
2025/7/28 15:11:30,side
