DateTime,LeftMouseLocation
2025/11/13 14:44:23,side
2025/11/13 15:00:07,middle
2025/11/13 15:02:38,mid-sep
2025/11/13 15:03:02,middle
2025/11/13 15:04:14,mid-sep
2025/11/13 15:04:25,middle
2025/11/13 15:04:48,mid-sep
2025/11/13 15:05:22,middle
2025/11/13 15:05:27,side
2025/11/13 15:10:10,corridor
2025/11/13 15:10:10,middle
2025/11/13 15:10:15,mid-sep
2025/11/13 15:10:21,middle
2025/11/13 15:11:23,corridor
2025/11/13 15:11:26,side
2025/11/13 15:11:57,corridor
2025/11/13 15:11:58,middle
2025/11/13 15:12:00,mid-sep
2025/11/13 15:12:03,middle
2025/11/13 15:12:29,mid-sep
2025/11/13 15:13:02,middle
2025/11/13 15:13:55,mid-sep
2025/11/13 15:14:06,middle
2025/11/13 15:14:07,corridor
2025/11/13 15:14:07,side
2025/11/13 16:56:13,corridor
2025/11/13 16:56:15,middle
2025/11/13 16:56:16,mid-sep
2025/11/13 16:56:17,middle
2025/11/13 16:56:53,corridor
2025/11/13 16:56:54,side
2025/11/13 16:57:06,corridor
2025/11/13 16:57:07,middle
2025/11/13 16:58:16,mid-sep
2025/11/13 16:58:20,middle
2025/11/13 16:58:50,mid-sep
2025/11/13 16:59:02,middle
2025/11/13 16:59:30,mid-sep
2025/11/13 16:59:57,middle
2025/11/13 17:00:02,mid-sep
2025/11/13 17:00:23,middle
2025/11/13 17:00:35,corridor
2025/11/13 17:00:36,side
2025/11/13 17:02:43,middle
2025/11/13 17:02:46,mid-sep
2025/11/13 17:02:54,middle
2025/11/13 17:03:15,corridor
2025/11/13 17:03:28,side
2025/11/13 17:03:34,corridor
2025/11/13 17:03:35,middle
2025/11/13 17:03:36,mid-sep
2025/11/13 17:04:25,middle
2025/11/13 17:04:35,corridor
2025/11/13 17:04:50,middle
2025/11/13 17:05:40,mid-sep
2025/11/13 17:05:59,middle
2025/11/13 17:06:19,mid-sep
2025/11/13 17:06:24,middle
2025/11/13 17:07:10,mid-sep
2025/11/13 17:07:36,middle
2025/11/13 17:07:37,mid-sep
2025/11/13 17:07:42,middle
2025/11/13 17:07:50,corridor
2025/11/13 17:07:52,side
2025/11/13 17:49:46,corridor
2025/11/13 17:49:47,middle
2025/11/13 17:49:49,mid-sep
2025/11/13 17:49:52,middle
2025/11/13 17:50:40,corridor
2025/11/13 17:50:41,side
2025/11/13 18:13:09,corridor
2025/11/13 18:13:10,middle
2025/11/13 18:13:11,mid-sep
2025/11/13 18:13:15,middle
2025/11/13 18:14:44,mid-sep
2025/11/13 18:14:50,middle
2025/11/13 18:15:01,mid-sep
2025/11/13 18:15:10,middle
2025/11/13 18:15:43,corridor
2025/11/13 18:15:48,side
2025/11/13 18:16:46,corridor
2025/11/13 18:16:47,middle
2025/11/13 18:16:48,mid-sep
2025/11/13 18:16:49,middle
2025/11/13 18:17:04,corridor
2025/11/13 18:17:23,side
2025/11/13 18:21:03,middle
2025/11/13 18:21:04,mid-sep
2025/11/13 18:21:05,middle
2025/11/13 18:23:10,mid-sep
2025/11/13 18:23:35,middle
2025/11/13 18:23:40,side
2025/11/13 18:24:40,middle
2025/11/13 18:24:43,mid-sep
2025/11/13 18:25:02,middle
2025/11/13 18:25:06,mid-sep
2025/11/13 18:25:12,middle
2025/11/13 18:25:15,corridor
2025/11/13 18:25:16,side
2025/11/13 18:39:36,middle
2025/11/13 18:39:38,mid-sep
2025/11/13 18:39:52,middle
2025/11/13 18:42:43,mid-sep
2025/11/13 18:42:54,middle
2025/11/13 18:43:17,mid-sep
2025/11/13 18:43:24,middle
2025/11/13 18:44:36,mid-sep
2025/11/13 18:44:43,middle
2025/11/13 18:44:47,side
2025/11/13 18:52:21,middle
2025/11/13 18:52:23,mid-sep
2025/11/13 18:52:25,middle
2025/11/13 18:52:26,corridor
2025/11/13 18:52:28,side
2025/11/13 18:59:25,corridor
2025/11/13 18:59:26,middle
2025/11/13 18:59:27,mid-sep
2025/11/13 18:59:29,middle
2025/11/13 18:59:35,corridor
2025/11/13 18:59:39,side
2025/11/13 19:05:51,corridor
2025/11/13 19:05:54,middle
2025/11/13 19:06:18,corridor
2025/11/13 19:06:19,side
2025/11/13 19:07:09,middle
2025/11/13 19:07:13,mid-sep
2025/11/13 19:07:45,middle
2025/11/13 19:07:49,mid-sep
2025/11/13 19:07:54,middle
2025/11/13 19:08:04,mid-sep
2025/11/13 19:08:06,middle
2025/11/13 19:08:10,side
2025/11/13 19:10:16,corridor
2025/11/13 19:10:17,middle
2025/11/13 19:10:21,mid-sep
2025/11/13 19:10:23,middle
2025/11/13 19:11:45,mid-sep
2025/11/13 19:11:57,middle
2025/11/13 19:11:59,corridor
2025/11/13 19:11:59,side
2025/11/13 19:13:09,middle
2025/11/13 19:13:10,mid-sep
2025/11/13 19:13:11,middle
2025/11/13 19:13:11,side
2025/11/13 19:16:29,corridor
2025/11/13 19:16:30,middle
2025/11/13 19:16:32,mid-sep
2025/11/13 19:16:33,middle
2025/11/13 19:17:11,corridor
2025/11/13 19:17:13,side
2025/11/13 19:17:37,corridor
2025/11/13 19:17:37,middle
2025/11/13 19:17:38,corridor
2025/11/13 19:17:39,side
2025/11/13 19:26:39,corridor
2025/11/13 19:26:40,middle
2025/11/13 19:26:40,mid-sep
2025/11/13 19:26:40,middle
2025/11/13 19:26:54,mid-sep
2025/11/13 19:26:54,middle
2025/11/13 19:27:03,mid-sep
2025/11/13 19:27:05,middle
2025/11/13 19:27:10,mid-sep
2025/11/13 19:27:24,middle
2025/11/13 19:27:29,mid-sep
2025/11/13 19:27:38,middle
2025/11/13 19:29:15,mid-sep
2025/11/13 19:29:17,middle
2025/11/13 19:29:22,corridor
2025/11/13 19:29:23,side
2025/11/13 19:32:20,middle
2025/11/13 19:32:25,mid-sep
2025/11/13 19:32:34,middle
2025/11/13 19:33:34,corridor
2025/11/13 19:33:36,side
2025/11/13 19:36:18,middle
2025/11/13 19:36:20,side
2025/11/13 19:37:13,middle
2025/11/13 19:37:14,mid-sep
2025/11/13 19:37:14,middle
2025/11/13 19:37:15,corridor
2025/11/13 19:37:15,middle
2025/11/13 19:37:16,side
2025/11/13 19:39:52,corridor
2025/11/13 19:39:52,middle
2025/11/13 19:39:53,mid-sep
2025/11/13 19:39:54,middle
2025/11/13 19:39:56,side
2025/11/13 19:40:03,corridor
2025/11/13 19:40:03,middle
2025/11/13 19:40:03,mid-sep
2025/11/13 19:40:04,corridor
2025/11/13 19:40:54,side
2025/11/13 19:44:18,corridor
2025/11/13 19:44:19,mid-sep
2025/11/13 19:44:20,middle
2025/11/13 19:44:32,corridor
2025/11/13 19:44:36,side
2025/11/13 19:49:29,corridor
2025/11/13 19:49:29,middle
2025/11/13 19:49:30,mid-sep
2025/11/13 19:49:31,middle
2025/11/13 19:51:18,corridor
2025/11/13 19:51:21,side
2025/11/13 19:54:05,corridor
2025/11/13 19:54:06,middle
2025/11/13 19:54:07,mid-sep
2025/11/13 19:54:08,middle
2025/11/13 19:54:09,corridor
2025/11/13 19:54:10,side
2025/11/13 19:55:13,corridor
2025/11/13 19:55:14,middle
2025/11/13 19:55:14,mid-sep
2025/11/13 19:55:15,middle
2025/11/13 19:55:16,side
2025/11/13 19:58:43,middle
2025/11/13 19:58:44,mid-sep
2025/11/13 19:58:45,middle
2025/11/13 19:59:40,corridor
2025/11/13 19:59:42,side
2025/11/13 20:04:05,corridor
2025/11/13 20:04:07,middle
2025/11/13 20:04:08,mid-sep
2025/11/13 20:04:09,middle
2025/11/13 20:04:12,corridor
2025/11/13 20:04:14,side
2025/11/13 20:13:24,middle
2025/11/13 20:13:26,mid-sep
2025/11/13 20:13:27,middle
2025/11/13 20:13:44,corridor
2025/11/13 20:13:52,middle
2025/11/13 20:15:51,corridor
2025/11/13 20:15:52,side
2025/11/13 20:19:05,middle
2025/11/13 20:19:07,mid-sep
2025/11/13 20:19:09,middle
2025/11/13 20:20:21,corridor
2025/11/13 20:20:23,side
2025/11/13 20:34:43,corridor
2025/11/13 20:34:44,middle
2025/11/13 20:34:44,mid-sep
2025/11/13 20:35:20,middle
2025/11/13 20:36:09,corridor
2025/11/13 20:36:10,side
2025/11/13 20:41:07,corridor
2025/11/13 20:41:08,middle
2025/11/13 20:41:10,mid-sep
2025/11/13 20:41:13,middle
2025/11/13 20:41:19,side
2025/11/13 20:43:26,corridor
2025/11/13 20:43:27,middle
2025/11/13 20:43:28,mid-sep
2025/11/13 20:43:30,middle
2025/11/13 20:45:05,mid-sep
2025/11/13 20:45:24,middle
2025/11/13 20:45:40,corridor
2025/11/13 20:45:41,side
2025/11/13 20:48:53,corridor
2025/11/13 20:48:54,mid-sep
2025/11/13 20:48:55,side
2025/11/13 20:57:42,corridor
2025/11/13 20:57:43,middle
2025/11/13 20:57:43,mid-sep
2025/11/13 20:57:44,middle
2025/11/13 20:58:06,mid-sep
2025/11/13 20:58:09,middle
2025/11/13 20:58:10,side
2025/11/13 21:02:05,corridor
2025/11/13 21:02:06,middle
2025/11/13 21:02:41,mid-sep
2025/11/13 21:02:45,middle
2025/11/13 21:03:26,side
2025/11/13 21:09:02,middle
2025/11/13 21:09:03,mid-sep
2025/11/13 21:09:04,middle
2025/11/13 21:09:30,side
2025/11/13 21:17:57,middle
2025/11/13 21:17:59,mid-sep
2025/11/13 21:18:00,middle
2025/11/13 21:18:33,mid-sep
2025/11/13 21:18:49,middle
2025/11/13 21:19:00,corridor
2025/11/13 21:19:01,side
2025/11/13 21:19:14,corridor
2025/11/13 21:19:14,middle
2025/11/13 21:19:20,mid-sep
2025/11/13 21:19:25,middle
2025/11/13 21:20:56,corridor
2025/11/13 21:20:56,side
2025/11/13 21:23:53,middle
2025/11/13 21:23:54,mid-sep
2025/11/13 21:23:58,middle
2025/11/13 21:24:03,corridor
2025/11/13 21:24:03,side
2025/11/13 21:28:21,corridor
2025/11/13 21:28:22,middle
2025/11/13 21:28:22,mid-sep
2025/11/13 21:28:23,middle
2025/11/13 21:32:39,corridor
2025/11/13 21:32:40,side
2025/11/13 21:38:43,middle
2025/11/13 21:38:44,mid-sep
2025/11/13 21:38:45,middle
2025/11/13 21:38:57,side
2025/11/13 21:41:22,middle
2025/11/13 21:41:23,mid-sep
2025/11/13 21:41:23,middle
2025/11/13 21:41:58,side
2025/11/13 21:47:32,corridor
2025/11/13 21:47:33,middle
2025/11/13 21:47:35,mid-sep
2025/11/13 21:47:35,middle
2025/11/13 21:49:48,corridor
2025/11/13 21:49:50,side
2025/11/13 21:54:17,middle
2025/11/13 21:54:18,side
2025/11/13 21:59:35,middle
2025/11/13 21:59:54,mid-sep
2025/11/13 22:00:03,middle
2025/11/13 22:00:04,side
2025/11/13 22:10:20,corridor
2025/11/13 22:10:26,middle
2025/11/13 22:10:58,corridor
2025/11/13 22:10:59,side
2025/11/13 22:16:28,middle
2025/11/13 22:16:31,mid-sep
2025/11/13 22:16:35,middle
2025/11/13 22:16:36,corridor
2025/11/13 22:16:39,side
2025/11/13 22:20:09,corridor
2025/11/13 22:20:10,middle
2025/11/13 22:20:14,mid-sep
2025/11/13 22:20:30,middle
2025/11/13 22:20:35,mid-sep
2025/11/13 22:20:56,middle
2025/11/13 22:20:57,corridor
2025/11/13 22:20:57,side
2025/11/13 22:21:06,corridor
2025/11/13 22:21:08,middle
2025/11/13 22:21:09,mid-sep
2025/11/13 22:21:16,middle
2025/11/13 22:21:17,corridor
2025/11/13 22:21:17,side
2025/11/13 22:21:23,corridor
2025/11/13 22:21:23,middle
2025/11/13 22:21:26,mid-sep
2025/11/13 22:21:28,middle
2025/11/13 22:21:54,corridor
2025/11/13 22:21:55,side
2025/11/13 22:23:29,corridor
2025/11/13 22:23:31,middle
2025/11/13 22:28:48,mid-sep
2025/11/13 22:28:55,middle
2025/11/13 22:28:57,corridor
2025/11/13 22:28:57,side
2025/11/13 22:31:34,corridor
2025/11/13 22:31:37,middle
2025/11/13 22:31:44,mid-sep
2025/11/13 22:31:45,middle
2025/11/13 22:31:47,corridor
2025/11/13 22:31:48,side
2025/11/13 22:33:09,corridor
2025/11/13 22:33:14,middle
2025/11/13 22:33:36,mid-sep
2025/11/13 22:33:36,middle
2025/11/13 22:33:37,corridor
2025/11/13 22:33:38,side
2025/11/13 22:35:16,corridor
2025/11/13 22:35:17,middle
2025/11/13 22:36:22,mid-sep
2025/11/13 22:36:23,middle
2025/11/13 22:36:24,side
2025/11/13 22:50:13,corridor
2025/11/13 22:50:13,mid-sep
2025/11/13 22:50:13,side
2025/11/13 22:53:16,mid-sep
2025/11/13 22:53:16,corridor
2025/11/13 22:53:17,middle
2025/11/13 22:53:42,mid-sep
2025/11/13 22:54:07,middle
2025/11/13 22:54:08,side
2025/11/13 22:59:30,middle
2025/11/13 22:59:47,mid-sep
2025/11/13 22:59:48,middle
2025/11/13 22:59:49,side
2025/11/13 23:03:00,middle
2025/11/13 23:06:30,side
2025/11/13 23:07:04,middle
2025/11/13 23:07:05,mid-sep
2025/11/13 23:07:35,middle
2025/11/13 23:07:46,corridor
2025/11/13 23:07:47,side
2025/11/13 23:17:39,corridor
2025/11/13 23:17:40,middle
2025/11/13 23:19:46,mid-sep
2025/11/13 23:20:16,middle
2025/11/13 23:20:20,corridor
2025/11/13 23:20:20,side
2025/11/13 23:22:39,corridor
2025/11/13 23:22:42,middle
2025/11/13 23:22:49,mid-sep
2025/11/13 23:22:50,middle
2025/11/13 23:23:56,mid-sep
2025/11/13 23:24:30,middle
2025/11/13 23:24:33,corridor
2025/11/13 23:24:37,side
2025/11/13 23:25:36,corridor
2025/11/13 23:25:37,middle
2025/11/13 23:25:38,mid-sep
2025/11/13 23:25:50,middle
2025/11/13 23:25:51,side
2025/11/13 23:38:11,middle
2025/11/13 23:41:13,corridor
2025/11/13 23:41:16,side
2025/11/13 23:44:12,corridor
2025/11/13 23:44:15,middle
2025/11/13 23:44:38,mid-sep
2025/11/13 23:44:53,middle
2025/11/13 23:44:55,side
2025/11/13 23:51:14,corridor
2025/11/13 23:51:38,middle
2025/11/13 23:51:41,mid-sep
2025/11/13 23:51:48,middle
2025/11/13 23:51:51,corridor
2025/11/13 23:51:51,side
2025/11/13 23:52:08,corridor
2025/11/13 23:52:09,middle
2025/11/13 23:52:10,mid-sep
2025/11/13 23:52:11,middle
2025/11/13 23:52:17,corridor
2025/11/13 23:52:18,side
2025/11/13 23:55:35,middle
2025/11/13 23:56:48,mid-sep
2025/11/13 23:56:59,middle
2025/11/13 23:57:26,mid-sep
2025/11/13 23:57:32,middle
2025/11/13 23:57:35,side
2025/11/14 0:06:11,corridor
2025/11/14 0:06:12,middle
2025/11/14 0:06:17,side
2025/11/14 0:07:16,corridor
2025/11/14 0:07:18,middle
2025/11/14 0:07:19,mid-sep
2025/11/14 0:07:20,middle
2025/11/14 0:08:46,mid-sep
2025/11/14 0:09:13,middle
2025/11/14 0:09:15,corridor
2025/11/14 0:09:15,side
2025/11/14 0:13:07,corridor
2025/11/14 0:13:08,middle
2025/11/14 0:13:09,mid-sep
2025/11/14 0:13:25,middle
2025/11/14 0:13:25,corridor
2025/11/14 0:13:25,side
2025/11/14 0:18:36,corridor
2025/11/14 0:18:36,middle
2025/11/14 0:19:21,mid-sep
2025/11/14 0:19:23,middle
2025/11/14 0:19:35,corridor
2025/11/14 0:19:36,side
2025/11/14 0:30:24,middle
2025/11/14 0:31:40,corridor
2025/11/14 0:32:09,middle
2025/11/14 0:32:10,corridor
2025/11/14 0:32:10,side
2025/11/14 0:36:21,middle
2025/11/14 0:36:24,mid-sep
2025/11/14 0:36:25,middle
2025/11/14 0:36:26,corridor
2025/11/14 0:36:27,side
2025/11/14 0:42:35,corridor
2025/11/14 0:42:37,middle
2025/11/14 0:42:39,mid-sep
2025/11/14 0:42:52,middle
2025/11/14 0:43:05,corridor
2025/11/14 0:43:08,side
2025/11/14 0:47:34,middle
2025/11/14 0:47:51,mid-sep
2025/11/14 0:48:28,middle
2025/11/14 0:48:54,corridor
2025/11/14 0:48:54,side
2025/11/14 0:51:26,middle
2025/11/14 0:51:27,mid-sep
2025/11/14 0:51:32,middle
2025/11/14 0:51:36,side
2025/11/14 0:52:48,corridor
2025/11/14 0:52:49,middle
2025/11/14 0:52:49,mid-sep
2025/11/14 0:52:50,middle
2025/11/14 0:53:17,side
2025/11/14 0:53:46,corridor
2025/11/14 0:53:46,middle
2025/11/14 0:53:47,mid-sep
2025/11/14 0:53:47,middle
2025/11/14 0:57:16,corridor
2025/11/14 0:57:16,side
2025/11/14 1:04:31,corridor
2025/11/14 1:04:33,middle
2025/11/14 1:04:34,mid-sep
2025/11/14 1:04:35,middle
2025/11/14 1:06:58,mid-sep
2025/11/14 1:07:12,middle
2025/11/14 1:07:16,mid-sep
2025/11/14 1:07:38,middle
2025/11/14 1:07:58,mid-sep
2025/11/14 1:08:12,middle
2025/11/14 1:08:32,side
2025/11/14 1:09:56,corridor
2025/11/14 1:09:57,middle
2025/11/14 1:10:00,mid-sep
2025/11/14 1:10:30,middle
2025/11/14 1:10:39,side
2025/11/14 1:14:29,corridor
2025/11/14 1:14:30,middle
2025/11/14 1:15:31,mid-sep
2025/11/14 1:15:55,middle
2025/11/14 1:16:05,side
2025/11/14 1:20:04,corridor
2025/11/14 1:20:05,middle
2025/11/14 1:20:06,mid-sep
2025/11/14 1:20:07,middle
2025/11/14 1:21:32,mid-sep
2025/11/14 1:21:55,middle
2025/11/14 1:22:11,mid-sep
2025/11/14 1:22:20,middle
2025/11/14 1:30:29,mid-sep
2025/11/14 1:30:41,middle
2025/11/14 1:31:26,corridor
2025/11/14 1:31:27,side
2025/11/14 1:40:33,middle
2025/11/14 1:40:37,mid-sep
2025/11/14 1:40:38,middle
2025/11/14 1:42:04,middle
2025/11/14 1:42:11,mid-sep
2025/11/14 1:42:28,middle
2025/11/14 1:42:49,corridor
2025/11/14 1:42:50,middle
2025/11/14 1:42:53,mid-sep
2025/11/14 1:43:03,middle
2025/11/14 1:43:13,side
2025/11/14 2:21:36,corridor
2025/11/14 2:21:38,middle
2025/11/14 2:21:39,mid-sep
2025/11/14 2:22:44,middle
2025/11/14 2:22:51,side
2025/11/14 2:22:58,middle
2025/11/14 2:23:02,mid-sep
2025/11/14 2:23:06,middle
2025/11/14 2:23:07,mid-sep
2025/11/14 2:23:30,middle
2025/11/14 2:23:50,mid-sep
2025/11/14 2:24:08,middle
2025/11/14 2:24:10,side
2025/11/14 2:30:50,corridor
2025/11/14 2:30:51,middle
2025/11/14 2:30:52,mid-sep
2025/11/14 2:31:06,middle
2025/11/14 2:31:23,corridor
2025/11/14 2:31:23,side
2025/11/14 3:21:32,corridor
2025/11/14 3:21:33,middle
2025/11/14 3:21:34,mid-sep
2025/11/14 3:21:49,middle
2025/11/14 3:22:04,mid-sep
2025/11/14 3:22:50,middle
2025/11/14 3:23:07,corridor
2025/11/14 3:23:08,side
2025/11/14 3:29:25,corridor
2025/11/14 3:29:26,middle
2025/11/14 3:29:28,mid-sep
2025/11/14 3:29:40,middle
2025/11/14 3:30:04,corridor
2025/11/14 3:30:08,middle
2025/11/14 3:30:10,mid-sep
2025/11/14 3:30:33,middle
2025/11/14 3:30:39,corridor
2025/11/14 3:30:39,side
2025/11/14 3:35:40,corridor
2025/11/14 3:35:41,middle
2025/11/14 3:35:42,mid-sep
2025/11/14 3:35:59,middle
2025/11/14 3:36:02,side
2025/11/14 3:39:56,middle
2025/11/14 3:39:57,mid-sep
2025/11/14 3:40:59,middle
2025/11/14 3:42:23,corridor
2025/11/14 3:42:24,side
2025/11/14 3:44:47,middle
2025/11/14 3:44:47,mid-sep
2025/11/14 3:44:52,middle
2025/11/14 3:44:53,corridor
2025/11/14 3:44:54,side
2025/11/14 3:47:31,corridor
2025/11/14 3:47:32,middle
2025/11/14 3:50:50,side
2025/11/14 4:58:13,middle
2025/11/14 4:58:17,mid-sep
2025/11/14 4:58:23,middle
2025/11/14 4:58:28,corridor
2025/11/14 4:58:29,side
2025/11/14 4:58:50,corridor
2025/11/14 4:58:51,middle
2025/11/14 4:58:53,mid-sep
2025/11/14 4:58:56,middle
2025/11/14 4:59:45,corridor
2025/11/14 5:00:08,side
2025/11/14 5:02:01,corridor
2025/11/14 5:02:02,middle
2025/11/14 5:02:03,mid-sep
2025/11/14 5:02:30,middle
2025/11/14 5:03:26,mid-sep
2025/11/14 5:03:30,middle
2025/11/14 5:03:36,corridor
2025/11/14 5:03:38,side
2025/11/14 5:04:03,corridor
2025/11/14 5:04:04,middle
2025/11/14 5:04:06,mid-sep
2025/11/14 5:04:18,middle
2025/11/14 5:04:31,mid-sep
2025/11/14 5:04:32,middle
2025/11/14 5:04:32,corridor
2025/11/14 5:04:33,side
2025/11/14 5:10:23,corridor
2025/11/14 5:10:24,middle
2025/11/14 5:10:41,mid-sep
2025/11/14 5:11:41,middle
2025/11/14 5:11:44,mid-sep
2025/11/14 5:12:25,middle
2025/11/14 5:12:30,corridor
2025/11/14 5:12:30,side
2025/11/14 5:13:04,corridor
2025/11/14 5:13:05,middle
2025/11/14 5:13:05,mid-sep
2025/11/14 5:13:06,middle
2025/11/14 5:14:04,mid-sep
2025/11/14 5:14:19,middle
2025/11/14 5:14:22,corridor
2025/11/14 5:14:22,side
2025/11/14 5:15:14,corridor
2025/11/14 5:15:18,middle
2025/11/14 5:15:19,mid-sep
2025/11/14 5:16:23,middle
2025/11/14 5:17:52,mid-sep
2025/11/14 5:18:06,middle
2025/11/14 5:18:11,side
2025/11/14 5:18:40,corridor
2025/11/14 5:18:40,middle
2025/11/14 5:18:41,mid-sep
2025/11/14 5:19:04,middle
2025/11/14 5:19:07,corridor
2025/11/14 5:19:08,side
2025/11/14 5:22:20,middle
2025/11/14 5:22:24,mid-sep
2025/11/14 5:22:29,middle
2025/11/14 5:22:30,corridor
2025/11/14 5:22:30,side
2025/11/14 5:23:40,corridor
2025/11/14 5:23:43,middle
2025/11/14 5:23:44,mid-sep
2025/11/14 5:23:47,middle
2025/11/14 5:24:16,mid-sep
2025/11/14 5:24:56,middle
2025/11/14 5:24:57,corridor
2025/11/14 5:24:57,side
2025/11/14 5:25:02,middle
2025/11/14 5:25:04,mid-sep
2025/11/14 5:26:17,middle
2025/11/14 5:26:19,corridor
2025/11/14 5:26:19,side
2025/11/14 5:26:26,corridor
2025/11/14 5:26:27,middle
2025/11/14 5:27:05,mid-sep
2025/11/14 5:27:12,middle
2025/11/14 5:27:13,corridor
2025/11/14 5:27:15,side
2025/11/14 5:33:53,corridor
2025/11/14 5:33:54,middle
2025/11/14 5:33:56,mid-sep
2025/11/14 5:33:57,middle
2025/11/14 5:37:23,mid-sep
2025/11/14 5:37:48,middle
2025/11/14 5:37:52,corridor
2025/11/14 5:37:52,side
2025/11/14 5:42:21,corridor
2025/11/14 5:42:23,middle
2025/11/14 5:42:26,mid-sep
2025/11/14 5:42:40,middle
2025/11/14 5:42:40,side
2025/11/14 5:52:35,middle
2025/11/14 5:55:42,mid-sep
2025/11/14 5:55:57,middle
2025/11/14 5:56:00,side
2025/11/14 5:56:11,middle
2025/11/14 5:56:12,mid-sep
2025/11/14 5:56:17,middle
2025/11/14 5:56:26,corridor
2025/11/14 5:56:27,side
2025/11/14 6:07:01,corridor
2025/11/14 6:07:02,middle
2025/11/14 6:07:04,mid-sep
2025/11/14 6:07:10,middle
2025/11/14 6:07:58,side
2025/11/14 6:08:23,middle
2025/11/14 6:08:29,mid-sep
2025/11/14 6:08:34,middle
2025/11/14 6:08:35,side
2025/11/14 6:11:42,corridor
2025/11/14 6:11:42,middle
2025/11/14 6:11:43,side
2025/11/14 6:12:47,corridor
2025/11/14 6:12:49,middle
2025/11/14 6:12:50,mid-sep
2025/11/14 6:12:51,middle
2025/11/14 6:13:00,corridor
2025/11/14 6:13:00,side
2025/11/14 6:23:34,middle
2025/11/14 6:25:20,middle
2025/11/14 6:25:22,mid-sep
2025/11/14 6:26:19,middle
2025/11/14 6:26:30,mid-sep
2025/11/14 6:27:53,middle
2025/11/14 6:27:54,side
2025/11/14 6:28:42,middle
2025/11/14 6:28:43,mid-sep
2025/11/14 6:30:13,middle
2025/11/14 6:30:15,side
2025/11/14 6:30:34,middle
2025/11/14 6:30:37,mid-sep
2025/11/14 6:31:18,middle
2025/11/14 6:31:32,mid-sep
2025/11/14 6:32:03,middle
2025/11/14 6:32:05,corridor
2025/11/14 6:32:06,side
2025/11/14 6:33:42,middle
2025/11/14 6:33:44,mid-sep
2025/11/14 6:34:29,middle
2025/11/14 6:34:31,corridor
2025/11/14 6:34:33,side
2025/11/14 6:34:39,middle
2025/11/14 6:34:40,mid-sep
2025/11/14 6:36:00,corridor
2025/11/14 6:36:01,side
2025/11/14 6:38:20,middle
2025/11/14 6:38:24,mid-sep
2025/11/14 6:38:26,middle
2025/11/14 6:39:47,mid-sep
2025/11/14 6:40:35,middle
2025/11/14 6:40:37,side
2025/11/14 6:44:15,corridor
2025/11/14 6:44:15,middle
2025/11/14 6:44:17,mid-sep
2025/11/14 6:44:35,middle
2025/11/14 6:44:37,side
2025/11/14 6:50:20,middle
2025/11/14 6:50:30,mid-sep
2025/11/14 6:50:32,middle
2025/11/14 6:51:49,corridor
2025/11/14 6:51:52,side
2025/11/14 6:52:02,middle
2025/11/14 6:52:04,mid-sep
2025/11/14 6:52:14,middle
2025/11/14 6:52:27,mid-sep
2025/11/14 6:52:50,middle
2025/11/14 6:52:55,mid-sep
2025/11/14 6:53:24,middle
2025/11/14 6:53:29,mid-sep
2025/11/14 6:53:34,middle
2025/11/14 6:55:58,mid-sep
2025/11/14 6:57:00,middle
2025/11/14 6:57:48,mid-sep
2025/11/14 6:58:05,middle
2025/11/14 6:58:19,mid-sep
2025/11/14 6:59:03,middle
2025/11/14 6:59:33,mid-sep
2025/11/14 6:59:49,middle
2025/11/14 7:01:03,mid-sep
2025/11/14 7:02:45,middle
2025/11/14 7:03:05,side
2025/11/14 8:08:28,corridor
2025/11/14 8:08:28,middle
2025/11/14 8:08:36,mid-sep
2025/11/14 8:08:38,middle
2025/11/14 8:10:01,mid-sep
2025/11/14 8:10:15,middle
2025/11/14 8:11:23,corridor
2025/11/14 8:11:31,side
2025/11/14 8:11:59,corridor
2025/11/14 8:12:00,middle
2025/11/14 8:12:05,mid-sep
2025/11/14 8:12:15,middle
2025/11/14 8:12:45,corridor
2025/11/14 8:12:45,side
2025/11/14 8:15:31,corridor
2025/11/14 8:15:32,middle
2025/11/14 8:15:35,mid-sep
2025/11/14 8:15:52,middle
2025/11/14 8:15:57,middle
2025/11/14 8:15:59,side
2025/11/14 8:17:36,corridor
2025/11/14 8:17:37,middle
2025/11/14 8:17:39,mid-sep
2025/11/14 8:17:41,middle
2025/11/14 8:20:21,mid-sep
2025/11/14 8:20:45,middle
2025/11/14 8:21:03,corridor
2025/11/14 8:21:04,side
2025/11/14 9:13:31,corridor
2025/11/14 9:13:31,middle
2025/11/14 9:13:34,mid-sep
2025/11/14 9:14:09,middle
2025/11/14 9:14:39,mid-sep
2025/11/14 9:15:07,middle
2025/11/14 9:16:10,mid-sep
2025/11/14 9:16:59,mid-sep
2025/11/14 9:17:08,middle
2025/11/14 9:17:17,mid-sep
2025/11/14 9:17:20,middle
2025/11/14 9:17:27,corridor
2025/11/14 9:17:29,side
2025/11/14 9:17:35,middle
2025/11/14 9:17:40,mid-sep
2025/11/14 9:17:52,middle
2025/11/14 9:17:53,corridor
2025/11/14 9:17:54,side
2025/11/14 13:12:05,corridor
2025/11/14 13:12:09,middle
2025/11/14 13:12:11,mid-sep
2025/11/14 13:12:18,middle
2025/11/14 13:13:04,corridor
2025/11/14 13:13:12,side
2025/11/14 13:13:52,middle
2025/11/14 13:13:54,mid-sep
2025/11/14 13:14:02,middle
2025/11/14 13:14:20,mid-sep
2025/11/14 13:14:24,middle
2025/11/14 13:16:17,corridor
2025/11/14 13:16:17,side
2025/11/14 13:18:55,corridor
2025/11/14 13:18:56,middle
2025/11/14 13:18:57,mid-sep
2025/11/14 13:19:00,middle
2025/11/14 13:20:03,mid-sep
2025/11/14 13:20:04,middle
2025/11/14 13:20:05,corridor
2025/11/14 13:20:06,side
2025/11/14 13:53:53,middle
2025/11/14 13:53:57,mid-sep
2025/11/14 13:55:00,middle
2025/11/14 13:55:01,corridor
2025/11/14 13:55:01,side
2025/11/14 13:55:12,corridor
2025/11/14 13:55:14,middle
2025/11/14 13:55:17,mid-sep
2025/11/14 13:55:43,middle
2025/11/14 13:55:51,mid-sep
2025/11/14 13:56:00,middle
2025/11/14 13:57:31,mid-sep
2025/11/14 13:58:08,middle
2025/11/14 13:58:21,mid-sep
2025/11/14 13:58:25,middle
2025/11/14 13:58:26,corridor
2025/11/14 13:58:26,side
2025/11/14 13:58:59,corridor
2025/11/14 13:59:00,middle
2025/11/14 13:59:00,mid-sep
2025/11/14 13:59:17,middle
2025/11/14 13:59:17,corridor
2025/11/14 13:59:18,side
2025/11/14 16:00:48,corridor
2025/11/14 16:00:52,middle
2025/11/14 16:00:53,mid-sep
2025/11/14 16:00:54,middle
2025/11/14 16:01:10,mid-sep
2025/11/14 16:01:18,middle
2025/11/14 16:02:57,mid-sep
2025/11/14 16:03:05,middle
2025/11/14 16:03:10,mid-sep
2025/11/14 16:03:17,middle
2025/11/14 16:03:20,corridor
2025/11/14 16:03:20,side
2025/11/14 17:01:10,corridor
2025/11/14 17:01:12,middle
2025/11/14 17:01:15,mid-sep
2025/11/14 17:01:23,middle
2025/11/14 17:01:40,mid-sep
2025/11/14 17:01:57,middle
2025/11/14 17:03:32,mid-sep
2025/11/14 17:03:44,middle
2025/11/14 17:03:54,corridor
2025/11/14 17:03:55,side
2025/11/14 17:04:18,corridor
2025/11/14 17:04:20,middle
2025/11/14 17:04:23,mid-sep
2025/11/14 17:04:42,middle
2025/11/14 17:04:55,mid-sep
2025/11/14 17:05:09,middle
2025/11/14 17:05:10,corridor
2025/11/14 17:05:11,side
2025/11/14 17:06:14,corridor
2025/11/14 17:06:16,middle
2025/11/14 17:06:17,mid-sep
2025/11/14 17:06:52,middle
2025/11/14 17:07:35,mid-sep
2025/11/14 17:08:15,middle
2025/11/14 17:08:16,corridor
2025/11/14 17:08:17,side
2025/11/14 17:08:31,corridor
2025/11/14 17:08:34,middle
2025/11/14 17:08:35,mid-sep
2025/11/14 17:08:37,middle
2025/11/14 17:09:06,mid-sep
2025/11/14 17:09:51,middle
2025/11/14 17:09:51,corridor
2025/11/14 17:09:52,side
2025/11/14 17:12:30,corridor
2025/11/14 17:12:30,middle
2025/11/14 17:13:47,mid-sep
2025/11/14 17:14:04,middle
2025/11/14 17:14:11,mid-sep
2025/11/14 17:14:19,middle
2025/11/14 17:14:31,mid-sep
2025/11/14 17:14:36,middle
2025/11/14 17:14:37,corridor
2025/11/14 17:14:38,side
2025/11/14 17:16:31,corridor
2025/11/14 17:16:33,middle
2025/11/14 17:16:36,mid-sep
2025/11/14 17:16:42,middle
2025/11/14 17:16:43,corridor
2025/11/14 17:16:44,side
2025/11/14 17:17:04,corridor
2025/11/14 17:17:08,middle
2025/11/14 17:17:46,mid-sep
2025/11/14 17:18:08,middle
2025/11/14 17:18:20,mid-sep
2025/11/14 17:18:39,middle
2025/11/14 17:18:44,corridor
2025/11/14 17:18:45,side
2025/11/14 17:55:19,corridor
2025/11/14 17:55:21,middle
2025/11/14 17:55:26,mid-sep
2025/11/14 17:55:28,middle
2025/11/14 17:57:37,mid-sep
2025/11/14 17:57:38,middle
2025/11/14 17:57:53,middle
2025/11/14 17:57:54,corridor
2025/11/14 17:57:55,side
2025/11/14 17:59:21,corridor
2025/11/14 17:59:23,middle
2025/11/14 17:59:24,mid-sep
2025/11/14 17:59:34,middle
2025/11/14 17:59:37,corridor
2025/11/14 17:59:39,side
2025/11/14 18:21:42,corridor
2025/11/14 18:21:42,middle
2025/11/14 18:22:36,mid-sep
2025/11/14 18:22:51,middle
2025/11/14 18:23:07,mid-sep
2025/11/14 18:23:21,middle
2025/11/14 18:23:38,mid-sep
2025/11/14 18:23:42,middle
2025/11/14 18:23:56,mid-sep
2025/11/14 18:24:13,middle
2025/11/14 18:24:35,mid-sep
2025/11/14 18:24:43,middle
2025/11/14 18:24:47,corridor
2025/11/14 18:24:48,side
2025/11/14 18:28:09,corridor
2025/11/14 18:28:10,middle
2025/11/14 18:28:12,mid-sep
2025/11/14 18:28:27,middle
2025/11/14 18:28:34,mid-sep
2025/11/14 18:29:02,middle
2025/11/14 18:29:07,corridor
2025/11/14 18:29:09,side
2025/11/14 18:29:09,corridor
2025/11/14 18:29:11,middle
2025/11/14 18:29:11,mid-sep
2025/11/14 18:29:33,middle
2025/11/14 18:30:50,corridor
2025/11/14 18:30:53,middle
2025/11/14 18:30:55,mid-sep
2025/11/14 18:31:23,middle
2025/11/14 18:31:24,corridor
2025/11/14 18:32:18,side
2025/11/14 18:32:26,corridor
2025/11/14 18:32:28,middle
2025/11/14 18:32:29,mid-sep
2025/11/14 18:32:44,middle
2025/11/14 18:33:03,mid-sep
2025/11/14 18:33:17,middle
2025/11/14 18:34:59,mid-sep
2025/11/14 18:35:02,middle
2025/11/14 18:35:03,corridor
2025/11/14 18:35:04,side
2025/11/14 18:36:39,corridor
2025/11/14 18:36:41,middle
2025/11/14 18:36:42,mid-sep
2025/11/14 18:36:47,middle
2025/11/14 18:36:51,corridor
2025/11/14 18:36:54,side
2025/11/14 18:37:21,middle
2025/11/14 18:37:22,side
2025/11/14 18:39:39,corridor
2025/11/14 18:39:41,middle
2025/11/14 18:44:39,mid-sep
2025/11/14 18:44:43,middle
2025/11/14 18:44:46,corridor
2025/11/14 18:44:46,side
2025/11/14 18:52:19,corridor
2025/11/14 18:52:20,middle
2025/11/14 18:52:21,mid-sep
2025/11/14 18:52:34,middle
2025/11/14 18:52:48,mid-sep
2025/11/14 18:53:06,middle
2025/11/14 18:54:23,corridor
2025/11/14 18:54:40,middle
2025/11/14 18:54:43,mid-sep
2025/11/14 18:54:50,middle
2025/11/14 18:54:50,corridor
2025/11/14 18:54:51,side
2025/11/14 18:56:16,corridor
2025/11/14 18:56:17,middle
2025/11/14 18:56:18,mid-sep
2025/11/14 18:56:20,middle
2025/11/14 18:56:20,side
2025/11/14 18:57:59,corridor
2025/11/14 18:57:59,middle
2025/11/14 18:58:16,corridor
2025/11/14 18:58:16,side
2025/11/14 18:59:54,corridor
2025/11/14 18:59:54,middle
2025/11/14 18:59:58,mid-sep
2025/11/14 19:00:04,middle
2025/11/14 19:00:04,corridor
2025/11/14 19:00:05,side
2025/11/14 19:01:50,corridor
2025/11/14 19:01:50,middle
2025/11/14 19:02:35,mid-sep
2025/11/14 19:02:40,middle
2025/11/14 19:02:43,corridor
2025/11/14 19:02:44,side
2025/11/14 19:03:05,corridor
2025/11/14 19:03:05,middle
2025/11/14 19:03:07,mid-sep
2025/11/14 19:03:17,middle
2025/11/14 19:03:18,corridor
2025/11/14 19:03:18,side
2025/11/14 19:03:21,corridor
2025/11/14 19:03:21,middle
2025/11/14 19:03:23,mid-sep
2025/11/14 19:03:33,middle
2025/11/14 19:03:35,corridor
2025/11/14 19:03:35,side
2025/11/14 19:06:24,corridor
2025/11/14 19:06:25,middle
2025/11/14 19:07:11,corridor
2025/11/14 19:07:13,side
2025/11/14 19:07:30,corridor
2025/11/14 19:07:33,middle
2025/11/14 19:07:34,mid-sep
2025/11/14 19:08:46,middle
2025/11/14 19:08:47,corridor
2025/11/14 19:08:48,side
2025/11/14 19:09:11,corridor
2025/11/14 19:09:12,middle
2025/11/14 19:09:14,mid-sep
2025/11/14 19:09:29,middle
2025/11/14 19:09:32,corridor
2025/11/14 19:09:32,side
2025/11/14 19:10:12,corridor
2025/11/14 19:10:13,middle
2025/11/14 19:10:16,mid-sep
2025/11/14 19:10:22,middle
2025/11/14 19:10:24,corridor
2025/11/14 19:10:24,side
2025/11/14 19:13:00,corridor
2025/11/14 19:13:01,middle
2025/11/14 19:13:03,mid-sep
2025/11/14 19:13:09,middle
2025/11/14 19:15:50,mid-sep
2025/11/14 19:15:57,middle
2025/11/14 19:15:57,corridor
2025/11/14 19:15:59,side
2025/11/14 19:23:22,corridor
2025/11/14 19:23:24,middle
2025/11/14 19:23:29,mid-sep
2025/11/14 19:23:30,middle
2025/11/14 19:23:30,side
2025/11/14 19:24:36,corridor
2025/11/14 19:24:37,middle
2025/11/14 19:24:38,mid-sep
2025/11/14 19:24:41,middle
2025/11/14 19:24:48,corridor
2025/11/14 19:24:49,side
2025/11/14 19:25:05,corridor
2025/11/14 19:25:05,middle
2025/11/14 19:25:05,mid-sep
2025/11/14 19:25:09,middle
2025/11/14 19:25:58,mid-sep
2025/11/14 19:26:00,middle
2025/11/14 19:26:01,corridor
2025/11/14 19:26:01,side
2025/11/14 19:30:30,corridor
2025/11/14 19:30:32,middle
2025/11/14 19:31:44,corridor
2025/11/14 19:31:45,side
2025/11/14 19:33:12,corridor
2025/11/14 19:33:13,middle
2025/11/14 19:33:14,mid-sep
2025/11/14 19:33:15,middle
2025/11/14 19:33:15,corridor
2025/11/14 19:33:17,side
2025/11/14 19:38:31,corridor
2025/11/14 19:38:32,middle
2025/11/14 19:38:34,mid-sep
2025/11/14 19:39:03,middle
2025/11/14 19:39:04,corridor
2025/11/14 19:39:04,side
2025/11/14 19:41:54,corridor
2025/11/14 19:41:54,middle
2025/11/14 19:44:17,mid-sep
2025/11/14 19:44:33,middle
2025/11/14 19:44:34,corridor
2025/11/14 19:44:35,side
2025/11/14 19:44:45,corridor
2025/11/14 19:44:46,middle
2025/11/14 19:44:47,mid-sep
2025/11/14 19:44:57,middle
2025/11/14 19:44:57,corridor
2025/11/14 19:44:58,side
2025/11/14 19:50:26,corridor
2025/11/14 19:50:27,middle
2025/11/14 19:51:26,corridor
2025/11/14 19:51:27,side
2025/11/14 20:00:59,corridor
2025/11/14 20:01:00,middle
2025/11/14 20:01:43,mid-sep
2025/11/14 20:02:11,middle
2025/11/14 20:02:12,corridor
2025/11/14 20:02:13,side
2025/11/14 20:06:51,corridor
2025/11/14 20:06:52,middle
2025/11/14 20:07:20,corridor
2025/11/14 20:07:20,side
2025/11/14 20:07:39,corridor
2025/11/14 20:07:39,middle
2025/11/14 20:07:42,mid-sep
2025/11/14 20:07:59,middle
2025/11/14 20:08:05,mid-sep
2025/11/14 20:08:17,middle
2025/11/14 20:08:19,corridor
2025/11/14 20:08:19,side
2025/11/14 20:10:23,corridor
2025/11/14 20:10:23,middle
2025/11/14 20:11:12,mid-sep
2025/11/14 20:11:14,middle
2025/11/14 20:11:14,corridor
2025/11/14 20:11:14,side
2025/11/14 20:19:03,corridor
2025/11/14 20:19:04,middle
2025/11/14 20:22:43,mid-sep
2025/11/14 20:23:11,middle
2025/11/14 20:23:13,corridor
2025/11/14 20:23:13,side
2025/11/14 20:26:32,corridor
2025/11/14 20:26:33,middle
2025/11/14 20:26:34,mid-sep
2025/11/14 20:26:45,middle
2025/11/14 20:26:46,corridor
2025/11/14 20:26:46,side
2025/11/14 20:29:47,corridor
2025/11/14 20:29:48,middle
2025/11/14 20:33:06,corridor
2025/11/14 20:33:07,side
2025/11/14 20:36:44,corridor
2025/11/14 20:36:45,middle
2025/11/14 20:36:47,mid-sep
2025/11/14 20:36:52,middle
2025/11/14 20:36:55,corridor
2025/11/14 20:36:55,side
2025/11/14 20:37:08,corridor
2025/11/14 20:37:09,middle
2025/11/14 20:37:10,mid-sep
2025/11/14 20:37:14,middle
2025/11/14 20:37:16,corridor
2025/11/14 20:37:16,side
2025/11/14 20:40:26,corridor
2025/11/14 20:40:27,middle
2025/11/14 20:41:34,mid-sep
2025/11/14 20:41:42,middle
2025/11/14 20:41:44,corridor
2025/11/14 20:41:51,middle
2025/11/14 20:41:52,mid-sep
2025/11/14 20:42:33,middle
2025/11/14 20:42:49,corridor
2025/11/14 20:42:49,side
2025/11/14 20:46:28,corridor
2025/11/14 20:46:28,middle
2025/11/14 20:48:36,corridor
2025/11/14 20:48:37,side
2025/11/14 20:50:20,corridor
2025/11/14 20:50:21,middle
2025/11/14 20:50:22,mid-sep
2025/11/14 20:50:25,middle
2025/11/14 20:50:27,corridor
2025/11/14 20:50:27,side
2025/11/14 20:53:16,corridor
2025/11/14 20:53:20,middle
2025/11/14 20:53:22,mid-sep
2025/11/14 20:53:24,middle
2025/11/14 20:53:24,corridor
2025/11/14 20:53:25,side
2025/11/14 20:57:39,corridor
2025/11/14 20:57:42,middle
2025/11/14 20:57:42,mid-sep
2025/11/14 20:57:43,middle
2025/11/14 20:59:06,corridor
2025/11/14 20:59:06,side
2025/11/14 21:05:42,corridor
2025/11/14 21:05:44,middle
2025/11/14 21:07:30,mid-sep
2025/11/14 21:08:30,middle
2025/11/14 21:08:41,mid-sep
2025/11/14 21:08:46,middle
2025/11/14 21:08:48,corridor
2025/11/14 21:08:48,side
2025/11/14 21:09:17,corridor
2025/11/14 21:09:19,middle
2025/11/14 21:09:19,mid-sep
2025/11/14 21:09:20,middle
2025/11/14 21:09:21,corridor
2025/11/14 21:09:26,side
2025/11/14 21:11:06,middle
2025/11/14 21:11:07,mid-sep
2025/11/14 21:12:10,middle
2025/11/14 21:14:10,corridor
2025/11/14 21:14:12,side
2025/11/14 21:19:06,corridor
2025/11/14 21:19:06,middle
2025/11/14 21:19:07,mid-sep
2025/11/14 21:19:32,middle
2025/11/14 21:20:05,mid-sep
2025/11/14 21:20:28,middle
2025/11/14 21:20:45,mid-sep
2025/11/14 21:20:47,middle
2025/11/14 21:20:49,corridor
2025/11/14 21:20:50,side
2025/11/14 21:21:59,corridor
2025/11/14 21:22:00,middle
2025/11/14 21:22:02,mid-sep
2025/11/14 21:22:41,middle
2025/11/14 21:22:43,side
2025/11/14 21:22:54,corridor
2025/11/14 21:22:55,middle
2025/11/14 21:22:57,mid-sep
2025/11/14 21:23:00,middle
2025/11/14 21:23:01,corridor
2025/11/14 21:23:02,side
2025/11/14 21:26:01,corridor
2025/11/14 21:26:01,middle
2025/11/14 21:28:00,mid-sep
2025/11/14 21:28:12,middle
2025/11/14 21:28:29,corridor
2025/11/14 21:28:29,side
2025/11/14 21:34:02,corridor
2025/11/14 21:34:02,middle
2025/11/14 21:34:04,mid-sep
2025/11/14 21:34:05,middle
2025/11/14 21:34:09,corridor
2025/11/14 21:34:09,side
2025/11/14 21:39:54,corridor
2025/11/14 21:39:54,middle
2025/11/14 21:40:18,corridor
2025/11/14 21:40:18,side
2025/11/14 21:42:40,corridor
2025/11/14 21:42:41,middle
2025/11/14 21:42:47,corridor
2025/11/14 21:42:48,side
2025/11/14 21:48:32,corridor
2025/11/14 21:48:33,middle
2025/11/14 21:48:35,mid-sep
2025/11/14 21:48:46,middle
2025/11/14 21:48:47,corridor
2025/11/14 21:48:47,side
2025/11/14 21:52:33,corridor
2025/11/14 21:52:34,middle
2025/11/14 21:52:36,mid-sep
2025/11/14 21:52:49,middle
2025/11/14 21:52:52,corridor
2025/11/14 21:52:52,side
2025/11/14 21:56:39,corridor
2025/11/14 21:56:39,middle
2025/11/14 21:58:25,mid-sep
2025/11/14 21:58:44,middle
2025/11/14 21:59:47,mid-sep
2025/11/14 21:59:50,middle
2025/11/14 21:59:51,corridor
2025/11/14 21:59:52,side
2025/11/14 22:05:58,corridor
2025/11/14 22:05:59,middle
2025/11/14 22:06:00,mid-sep
2025/11/14 22:06:15,middle
2025/11/14 22:06:16,corridor
2025/11/14 22:06:17,side
2025/11/14 22:08:28,corridor
2025/11/14 22:08:28,middle
2025/11/14 22:08:28,mid-sep
2025/11/14 22:08:28,corridor
2025/11/14 22:08:29,side
2025/11/14 22:11:11,corridor
2025/11/14 22:11:12,middle
2025/11/14 22:12:14,mid-sep
2025/11/14 22:12:15,middle
2025/11/14 22:12:17,corridor
2025/11/14 22:12:17,side
2025/11/14 22:17:13,corridor
2025/11/14 22:17:14,middle
2025/11/14 22:17:17,corridor
2025/11/14 22:17:17,side
2025/11/14 22:22:05,corridor
2025/11/14 22:22:06,middle
2025/11/14 22:22:28,mid-sep
2025/11/14 22:22:34,middle
2025/11/14 22:22:36,corridor
2025/11/14 22:22:36,side
2025/11/14 22:28:45,corridor
2025/11/14 22:28:45,middle
2025/11/14 22:32:26,mid-sep
2025/11/14 22:32:29,middle
2025/11/14 22:32:34,corridor
2025/11/14 22:32:35,side
2025/11/14 22:33:28,corridor
2025/11/14 22:33:29,middle
2025/11/14 22:33:29,mid-sep
2025/11/14 22:33:42,middle
2025/11/14 22:33:45,mid-sep
2025/11/14 22:33:48,middle
2025/11/14 22:33:49,corridor
2025/11/14 22:33:52,side
2025/11/14 22:34:27,corridor
2025/11/14 22:34:28,middle
2025/11/14 22:34:29,mid-sep
2025/11/14 22:34:29,middle
2025/11/14 22:34:30,corridor
2025/11/14 22:34:31,side
2025/11/14 22:35:33,corridor
2025/11/14 22:35:34,middle
2025/11/14 22:35:35,mid-sep
2025/11/14 22:35:48,middle
2025/11/14 22:35:50,corridor
2025/11/14 22:35:52,side
2025/11/14 22:47:57,corridor
2025/11/14 22:47:58,middle
2025/11/14 22:48:43,mid-sep
2025/11/14 22:48:52,middle
2025/11/14 22:51:04,corridor
2025/11/14 22:51:05,side
2025/11/14 22:54:10,corridor
2025/11/14 22:54:10,middle
2025/11/14 22:54:12,mid-sep
2025/11/14 22:54:14,middle
2025/11/14 22:54:15,corridor
2025/11/14 22:54:15,side
2025/11/14 22:54:26,corridor
2025/11/14 22:54:27,middle
2025/11/14 22:54:29,mid-sep
2025/11/14 22:54:37,middle
2025/11/14 22:54:38,corridor
2025/11/14 22:54:39,side
2025/11/14 22:57:53,corridor
2025/11/14 22:57:53,middle
2025/11/14 22:57:55,mid-sep
2025/11/14 22:58:16,middle
2025/11/14 22:58:16,corridor
2025/11/14 22:58:17,side
2025/11/14 23:01:29,corridor
2025/11/14 23:01:31,middle
2025/11/14 23:02:26,mid-sep
2025/11/14 23:02:28,middle
2025/11/14 23:02:29,corridor
2025/11/14 23:02:30,side
2025/11/14 23:13:32,corridor
2025/11/14 23:13:32,middle
2025/11/14 23:17:43,corridor
2025/11/14 23:17:44,side
2025/11/14 23:21:08,corridor
2025/11/14 23:21:08,middle
2025/11/14 23:21:10,mid-sep
2025/11/14 23:21:14,middle
2025/11/14 23:21:22,corridor
2025/11/14 23:21:23,side
2025/11/14 23:28:05,corridor
2025/11/14 23:28:07,middle
2025/11/14 23:29:04,mid-sep
2025/11/14 23:29:23,middle
2025/11/14 23:29:24,corridor
2025/11/14 23:29:24,side
2025/11/14 23:36:41,corridor
2025/11/14 23:36:42,middle
2025/11/14 23:36:48,mid-sep
2025/11/14 23:36:52,middle
2025/11/14 23:36:53,corridor
2025/11/14 23:36:53,side
2025/11/14 23:39:44,corridor
2025/11/14 23:39:45,middle
2025/11/14 23:41:38,mid-sep
2025/11/14 23:42:26,middle
2025/11/14 23:42:51,mid-sep
2025/11/14 23:43:03,middle
2025/11/14 23:43:22,mid-sep
2025/11/14 23:44:24,middle
2025/11/14 23:44:26,corridor
2025/11/14 23:44:26,side
2025/11/14 23:45:11,corridor
2025/11/14 23:45:15,middle
2025/11/14 23:45:17,mid-sep
2025/11/14 23:45:34,middle
2025/11/14 23:46:17,corridor
2025/11/14 23:46:30,middle
2025/11/14 23:46:36,mid-sep
2025/11/14 23:46:41,middle
2025/11/14 23:46:56,mid-sep
2025/11/14 23:47:35,middle
2025/11/14 23:47:45,mid-sep
2025/11/14 23:47:53,middle
2025/11/14 23:47:56,corridor
2025/11/14 23:47:57,side
2025/11/14 23:48:49,corridor
2025/11/14 23:48:50,middle
2025/11/14 23:48:52,mid-sep
2025/11/14 23:49:28,middle
2025/11/14 23:49:40,mid-sep
2025/11/14 23:49:51,middle
2025/11/14 23:49:53,corridor
2025/11/14 23:49:53,side
2025/11/14 23:51:10,corridor
2025/11/14 23:51:10,middle
2025/11/14 23:51:13,mid-sep
2025/11/14 23:51:25,middle
2025/11/14 23:51:26,corridor
2025/11/14 23:51:27,side
2025/11/14 23:57:20,corridor
2025/11/14 23:57:21,middle
2025/11/14 23:58:01,mid-sep
2025/11/14 23:58:12,middle
2025/11/14 23:58:12,corridor
2025/11/14 23:58:13,side
2025/11/15 0:03:03,corridor
2025/11/15 0:03:03,middle
2025/11/15 0:04:14,mid-sep
2025/11/15 0:04:19,middle
2025/11/15 0:06:17,mid-sep
2025/11/15 0:06:30,middle
2025/11/15 0:07:24,mid-sep
2025/11/15 0:07:46,middle
2025/11/15 0:07:47,corridor
2025/11/15 0:07:47,side
2025/11/15 0:09:06,corridor
2025/11/15 0:09:07,middle
2025/11/15 0:09:07,mid-sep
2025/11/15 0:09:44,middle
2025/11/15 0:09:48,mid-sep
2025/11/15 0:10:43,middle
2025/11/15 0:10:44,corridor
2025/11/15 0:10:45,side
2025/11/15 0:11:13,corridor
2025/11/15 0:11:14,middle
2025/11/15 0:11:16,mid-sep
2025/11/15 0:11:38,middle
2025/11/15 0:11:42,corridor
2025/11/15 0:11:44,side
2025/11/15 0:13:43,corridor
2025/11/15 0:13:43,middle
2025/11/15 0:14:06,mid-sep
2025/11/15 0:14:30,middle
2025/11/15 0:14:41,mid-sep
2025/11/15 0:14:49,middle
2025/11/15 0:14:50,corridor
2025/11/15 0:14:52,side
2025/11/15 0:17:05,corridor
2025/11/15 0:17:05,middle
2025/11/15 0:18:24,mid-sep
2025/11/15 0:18:37,middle
2025/11/15 0:18:38,corridor
2025/11/15 0:18:38,side
2025/11/15 0:21:25,corridor
2025/11/15 0:21:26,middle
2025/11/15 0:21:28,mid-sep
2025/11/15 0:21:48,middle
2025/11/15 0:21:49,corridor
2025/11/15 0:21:50,side
2025/11/15 0:21:53,corridor
2025/11/15 0:21:54,middle
2025/11/15 0:21:56,mid-sep
2025/11/15 0:22:04,middle
2025/11/15 0:22:13,mid-sep
2025/11/15 0:22:49,middle
2025/11/15 0:22:49,corridor
2025/11/15 0:22:50,side
2025/11/15 0:22:58,corridor
2025/11/15 0:23:05,middle
2025/11/15 0:23:07,mid-sep
2025/11/15 0:25:47,middle
2025/11/15 0:26:07,mid-sep
2025/11/15 0:26:10,middle
2025/11/15 0:26:14,mid-sep
2025/11/15 0:26:35,middle
2025/11/15 0:26:37,corridor
2025/11/15 0:26:37,side
2025/11/15 0:27:50,corridor
2025/11/15 0:27:51,middle
2025/11/15 0:28:26,mid-sep
2025/11/15 0:28:37,middle
2025/11/15 0:28:38,corridor
2025/11/15 0:28:39,side
2025/11/15 0:29:08,corridor
2025/11/15 0:29:08,middle
2025/11/15 0:31:41,mid-sep
2025/11/15 0:32:36,middle
2025/11/15 0:32:44,mid-sep
2025/11/15 0:32:58,middle
2025/11/15 0:33:04,mid-sep
2025/11/15 0:33:33,middle
2025/11/15 0:33:33,corridor
2025/11/15 0:33:34,side
2025/11/15 1:36:08,corridor
2025/11/15 1:36:08,middle
2025/11/15 1:38:04,mid-sep
2025/11/15 1:38:07,middle
2025/11/15 1:38:16,corridor
2025/11/15 1:38:18,side
2025/11/15 1:38:31,middle
2025/11/15 1:38:32,mid-sep
2025/11/15 1:38:37,middle
2025/11/15 1:38:56,mid-sep
2025/11/15 1:39:01,middle
2025/11/15 1:39:02,corridor
2025/11/15 1:39:03,side
2025/11/15 1:41:35,corridor
2025/11/15 1:41:36,middle
2025/11/15 1:41:37,mid-sep
2025/11/15 1:41:41,middle
2025/11/15 1:41:43,corridor
2025/11/15 1:41:43,side
2025/11/15 1:45:34,corridor
2025/11/15 1:45:35,middle
2025/11/15 1:45:37,mid-sep
2025/11/15 1:45:49,middle
2025/11/15 1:45:51,corridor
2025/11/15 1:46:08,side
2025/11/15 1:51:15,corridor
2025/11/15 1:51:16,middle
2025/11/15 1:51:18,mid-sep
2025/11/15 1:51:19,middle
2025/11/15 1:51:19,corridor
2025/11/15 1:51:19,side
2025/11/15 1:51:43,corridor
2025/11/15 1:51:43,middle
2025/11/15 1:51:47,mid-sep
2025/11/15 1:51:51,middle
2025/11/15 1:51:52,corridor
2025/11/15 1:51:53,side
2025/11/15 1:53:31,corridor
2025/11/15 1:53:32,middle
2025/11/15 1:54:25,mid-sep
2025/11/15 1:54:46,middle
2025/11/15 1:54:49,corridor
2025/11/15 1:54:49,side
2025/11/15 2:00:38,corridor
2025/11/15 2:00:38,middle
2025/11/15 2:01:12,mid-sep
2025/11/15 2:01:33,middle
2025/11/15 2:05:21,mid-sep
2025/11/15 2:05:45,middle
2025/11/15 2:05:47,corridor
2025/11/15 2:05:47,side
2025/11/15 2:06:20,corridor
2025/11/15 2:06:20,middle
2025/11/15 2:06:23,mid-sep
2025/11/15 2:06:52,middle
2025/11/15 2:06:53,side
2025/11/15 2:10:35,corridor
2025/11/15 2:10:35,middle
2025/11/15 2:10:40,mid-sep
2025/11/15 2:11:11,middle
2025/11/15 2:11:13,corridor
2025/11/15 2:11:14,side
2025/11/15 2:12:11,corridor
2025/11/15 2:12:38,middle
2025/11/15 2:12:45,mid-sep
2025/11/15 2:12:53,middle
2025/11/15 2:13:15,mid-sep
2025/11/15 2:13:27,middle
2025/11/15 2:13:40,mid-sep
2025/11/15 2:14:02,middle
2025/11/15 2:14:11,mid-sep
2025/11/15 2:14:36,middle
2025/11/15 2:14:37,corridor
2025/11/15 2:14:40,side
2025/11/15 2:18:35,corridor
2025/11/15 2:18:39,middle
2025/11/15 2:21:12,mid-sep
2025/11/15 2:21:14,middle
2025/11/15 2:21:40,corridor
2025/11/15 2:21:42,side
2025/11/15 2:22:25,corridor
2025/11/15 2:22:27,middle
2025/11/15 2:22:30,mid-sep
2025/11/15 2:22:35,middle
2025/11/15 2:22:42,corridor
2025/11/15 2:22:47,middle
2025/11/15 2:22:50,mid-sep
2025/11/15 2:24:17,middle
2025/11/15 2:24:23,mid-sep
2025/11/15 2:24:48,middle
2025/11/15 2:24:49,corridor
2025/11/15 2:24:50,side
2025/11/15 2:25:55,corridor
2025/11/15 2:26:12,middle
2025/11/15 2:26:29,mid-sep
2025/11/15 2:26:48,middle
2025/11/15 2:27:41,corridor
2025/11/15 2:28:00,middle
2025/11/15 2:28:58,mid-sep
2025/11/15 2:30:07,middle
2025/11/15 2:30:08,corridor
2025/11/15 2:30:08,side
2025/11/15 2:30:34,corridor
2025/11/15 2:30:35,middle
2025/11/15 2:30:38,mid-sep
2025/11/15 2:31:00,middle
2025/11/15 2:31:17,corridor
2025/11/15 2:31:17,side
2025/11/15 2:36:00,corridor
2025/11/15 2:36:01,middle
2025/11/15 2:36:22,mid-sep
2025/11/15 2:36:26,middle
2025/11/15 2:36:48,mid-sep
2025/11/15 2:37:05,middle
2025/11/15 2:37:13,mid-sep
2025/11/15 2:37:27,middle
2025/11/15 2:37:41,mid-sep
2025/11/15 2:37:48,middle
2025/11/15 2:42:03,mid-sep
2025/11/15 2:42:10,middle
2025/11/15 2:42:11,corridor
2025/11/15 2:42:12,side
2025/11/15 3:26:59,corridor
2025/11/15 3:27:00,middle
2025/11/15 3:27:07,mid-sep
2025/11/15 3:27:13,middle
2025/11/15 3:27:15,corridor
2025/11/15 3:27:16,side
2025/11/15 3:41:55,corridor
2025/11/15 3:42:03,middle
2025/11/15 3:42:03,mid-sep
2025/11/15 3:42:23,middle
2025/11/15 3:42:37,mid-sep
2025/11/15 3:43:01,middle
2025/11/15 3:43:37,mid-sep
2025/11/15 3:43:45,middle
2025/11/15 3:43:46,corridor
2025/11/15 3:43:51,side
2025/11/15 4:29:02,corridor
2025/11/15 4:29:04,middle
2025/11/15 4:30:01,corridor
2025/11/15 4:30:05,side
2025/11/15 4:31:02,corridor
2025/11/15 4:31:03,middle
2025/11/15 4:31:04,mid-sep
2025/11/15 4:31:14,middle
2025/11/15 4:32:26,corridor
2025/11/15 4:32:28,side
2025/11/15 4:36:20,corridor
2025/11/15 4:36:22,middle
2025/11/15 4:36:23,mid-sep
2025/11/15 4:36:24,middle
2025/11/15 4:36:29,corridor
2025/11/15 4:36:31,side
2025/11/15 4:41:15,corridor
2025/11/15 4:41:19,middle
2025/11/15 4:41:23,mid-sep
2025/11/15 4:41:33,middle
2025/11/15 4:41:42,corridor
2025/11/15 4:42:07,side
2025/11/15 4:43:50,corridor
2025/11/15 4:43:51,middle
2025/11/15 4:43:53,mid-sep
2025/11/15 4:43:58,middle
2025/11/15 4:44:00,corridor
2025/11/15 4:44:01,side
2025/11/15 4:48:04,corridor
2025/11/15 4:48:05,middle
2025/11/15 4:48:52,mid-sep
2025/11/15 4:49:02,middle
2025/11/15 4:49:41,mid-sep
2025/11/15 4:49:44,middle
2025/11/15 4:49:45,corridor
2025/11/15 4:49:47,side
2025/11/15 4:52:27,corridor
2025/11/15 4:52:28,middle
2025/11/15 4:52:29,mid-sep
2025/11/15 4:52:51,middle
2025/11/15 4:53:15,mid-sep
2025/11/15 4:54:34,middle
2025/11/15 4:54:35,corridor
2025/11/15 4:54:36,side
2025/11/15 4:59:29,corridor
2025/11/15 4:59:29,middle
2025/11/15 4:59:30,mid-sep
2025/11/15 4:59:54,middle
2025/11/15 5:00:25,mid-sep
2025/11/15 5:00:53,middle
2025/11/15 5:02:33,mid-sep
2025/11/15 5:02:45,middle
2025/11/15 5:02:57,mid-sep
2025/11/15 5:03:29,middle
2025/11/15 5:03:30,corridor
2025/11/15 5:03:32,side
2025/11/15 5:56:39,corridor
2025/11/15 5:56:40,middle
2025/11/15 5:56:42,mid-sep
2025/11/15 5:56:46,middle
2025/11/15 5:57:12,mid-sep
2025/11/15 5:57:21,middle
2025/11/15 5:58:55,mid-sep
2025/11/15 5:59:10,middle
2025/11/15 5:59:12,corridor
2025/11/15 5:59:14,side
2025/11/15 5:59:30,corridor
2025/11/15 5:59:33,middle
2025/11/15 5:59:47,mid-sep
2025/11/15 5:59:51,middle
2025/11/15 6:00:12,corridor
2025/11/15 6:00:13,side
2025/11/15 6:00:22,middle
2025/11/15 6:00:24,mid-sep
2025/11/15 6:00:32,middle
2025/11/15 6:00:34,corridor
2025/11/15 6:00:34,side
2025/11/15 6:02:53,middle
2025/11/15 6:02:54,mid-sep
2025/11/15 6:03:04,middle
2025/11/15 6:03:25,mid-sep
2025/11/15 6:03:42,middle
2025/11/15 6:04:02,mid-sep
2025/11/15 6:04:11,middle
2025/11/15 6:04:12,corridor
2025/11/15 6:04:13,side
2025/11/15 6:06:52,corridor
2025/11/15 6:06:52,middle
2025/11/15 6:06:53,mid-sep
2025/11/15 6:06:54,middle
2025/11/15 6:07:10,corridor
2025/11/15 6:07:10,side
2025/11/15 6:10:51,corridor
2025/11/15 6:10:53,middle
2025/11/15 6:10:55,mid-sep
2025/11/15 6:11:57,middle
2025/11/15 6:12:00,corridor
2025/11/15 6:12:01,side
2025/11/15 6:15:02,middle
2025/11/15 6:15:04,mid-sep
2025/11/15 6:15:10,middle
2025/11/15 6:15:31,mid-sep
2025/11/15 6:15:36,middle
2025/11/15 6:17:57,corridor
2025/11/15 6:17:59,side
2025/11/15 6:18:22,corridor
2025/11/15 6:18:22,middle
2025/11/15 6:18:57,mid-sep
2025/11/15 6:19:37,middle
2025/11/15 6:19:43,corridor
2025/11/15 6:19:45,side
2025/11/15 6:20:42,corridor
2025/11/15 6:20:43,middle
2025/11/15 6:20:50,mid-sep
2025/11/15 6:21:20,middle
2025/11/15 6:21:21,corridor
2025/11/15 6:21:21,side
2025/11/15 6:24:44,corridor
2025/11/15 6:24:44,middle
2025/11/15 6:26:56,mid-sep
2025/11/15 6:27:42,middle
2025/11/15 6:28:49,mid-sep
2025/11/15 6:29:29,middle
2025/11/15 6:29:35,corridor
2025/11/15 6:29:35,side
2025/11/15 6:34:17,corridor
2025/11/15 6:34:18,middle
2025/11/15 6:34:31,mid-sep
2025/11/15 6:35:20,middle
2025/11/15 6:35:31,mid-sep
2025/11/15 6:35:46,middle
2025/11/15 6:35:52,corridor
2025/11/15 6:35:54,side
2025/11/15 6:36:04,corridor
2025/11/15 6:36:05,middle
2025/11/15 6:36:08,mid-sep
2025/11/15 6:36:59,middle
2025/11/15 6:38:59,corridor
2025/11/15 6:39:00,side
2025/11/15 7:33:21,corridor
2025/11/15 7:33:21,middle
2025/11/15 7:34:07,mid-sep
2025/11/15 7:34:25,middle
2025/11/15 7:36:39,mid-sep
2025/11/15 7:36:43,middle
2025/11/15 7:37:19,mid-sep
2025/11/15 7:37:49,middle
2025/11/15 7:37:59,mid-sep
2025/11/15 7:38:15,middle
2025/11/15 7:38:35,mid-sep
2025/11/15 7:39:40,middle
2025/11/15 7:39:52,mid-sep
2025/11/15 7:40:21,middle
2025/11/15 7:40:25,corridor
2025/11/15 7:40:28,side
2025/11/15 7:40:43,corridor
2025/11/15 7:40:43,middle
2025/11/15 7:40:46,mid-sep
2025/11/15 7:41:49,middle
2025/11/15 7:41:56,mid-sep
2025/11/15 7:42:01,side
2025/11/15 7:42:09,mid-sep
2025/11/15 7:42:43,middle
2025/11/15 7:42:50,mid-sep
2025/11/15 7:43:04,middle
2025/11/15 7:43:04,corridor
2025/11/15 7:43:05,side
2025/11/15 7:45:24,corridor
2025/11/15 7:45:24,middle
2025/11/15 7:45:26,mid-sep
2025/11/15 7:45:31,middle
2025/11/15 7:46:50,corridor
2025/11/15 7:47:05,side
2025/11/15 7:47:19,corridor
2025/11/15 7:47:19,middle
2025/11/15 7:47:22,mid-sep
2025/11/15 7:48:25,middle
2025/11/15 7:48:34,mid-sep
2025/11/15 7:49:00,middle
2025/11/15 7:49:01,corridor
2025/11/15 7:49:05,side
2025/11/15 9:11:55,corridor
2025/11/15 9:11:55,middle
2025/11/15 9:11:58,mid-sep
2025/11/15 9:12:00,middle
2025/11/15 9:13:50,mid-sep
2025/11/15 9:13:57,middle
2025/11/15 9:14:32,mid-sep
2025/11/15 9:15:12,middle
2025/11/15 9:15:16,mid-sep
2025/11/15 9:15:29,middle
2025/11/15 9:15:36,corridor
2025/11/15 9:15:49,middle
2025/11/15 9:15:50,mid-sep
2025/11/15 9:16:19,middle
2025/11/15 9:17:45,mid-sep
2025/11/15 9:18:34,middle
2025/11/15 9:18:42,corridor
2025/11/15 9:18:43,side
2025/11/15 9:22:00,corridor
2025/11/15 9:22:00,middle
2025/11/15 9:22:08,mid-sep
2025/11/15 9:22:20,middle
2025/11/15 9:22:33,mid-sep
2025/11/15 9:23:28,middle
2025/11/15 9:23:47,mid-sep
2025/11/15 9:24:15,middle
2025/11/15 9:24:22,mid-sep
2025/11/15 9:24:33,middle
2025/11/15 9:25:10,mid-sep
2025/11/15 9:25:19,middle
2025/11/15 9:25:48,mid-sep
2025/11/15 9:26:09,middle
2025/11/15 9:26:13,corridor
2025/11/15 9:26:19,side
2025/11/15 9:26:47,corridor
2025/11/15 9:26:48,middle
2025/11/15 9:26:49,mid-sep
2025/11/15 9:27:14,middle
2025/11/15 9:27:34,mid-sep
2025/11/15 9:27:46,middle
2025/11/15 9:27:49,corridor
2025/11/15 9:27:59,side
2025/11/15 9:29:42,corridor
2025/11/15 9:29:42,middle
2025/11/15 9:30:17,mid-sep
2025/11/15 9:30:22,middle
2025/11/15 9:30:28,mid-sep
2025/11/15 9:30:31,middle
2025/11/15 9:31:18,corridor
2025/11/15 9:31:31,middle
2025/11/15 9:31:32,mid-sep
2025/11/15 9:31:58,middle
2025/11/15 9:32:11,mid-sep
2025/11/15 9:32:16,middle
2025/11/15 9:32:28,corridor
2025/11/15 9:32:32,middle
2025/11/15 9:34:14,corridor
2025/11/15 9:34:33,side
2025/11/15 11:08:15,corridor
2025/11/15 11:08:16,middle
2025/11/15 11:08:20,mid-sep
2025/11/15 11:08:45,middle
2025/11/15 11:08:58,mid-sep
2025/11/15 11:09:02,middle
2025/11/15 11:10:31,corridor
2025/11/15 11:11:26,side
2025/11/15 11:11:39,corridor
2025/11/15 11:11:40,middle
2025/11/15 11:11:42,mid-sep
2025/11/15 11:11:55,middle
2025/11/15 11:11:59,corridor
2025/11/15 11:12:16,side
2025/11/15 11:14:06,corridor
2025/11/15 11:14:07,middle
2025/11/15 11:14:08,mid-sep
2025/11/15 11:14:10,middle
2025/11/15 11:14:17,corridor
2025/11/15 11:14:20,side
2025/11/15 11:14:50,corridor
2025/11/15 11:14:51,middle
2025/11/15 11:14:53,mid-sep
2025/11/15 11:15:21,middle
2025/11/15 11:15:25,corridor
2025/11/15 11:15:26,side
2025/11/15 11:16:33,corridor
2025/11/15 11:16:34,middle
2025/11/15 11:16:40,mid-sep
2025/11/15 11:16:47,middle
2025/11/15 11:17:58,mid-sep
2025/11/15 11:18:48,middle
2025/11/15 11:18:51,corridor
2025/11/15 11:18:55,side
2025/11/15 13:15:21,corridor
2025/11/15 13:15:21,middle
2025/11/15 13:20:11,mid-sep
2025/11/15 13:20:28,middle
2025/11/15 13:21:04,mid-sep
2025/11/15 13:21:23,middle
2025/11/15 13:23:43,mid-sep
2025/11/15 13:24:10,middle
2025/11/15 13:24:21,corridor
2025/11/15 13:24:28,side
2025/11/15 13:25:34,corridor
2025/11/15 13:25:34,middle
2025/11/15 13:25:37,mid-sep
2025/11/15 13:25:38,middle
2025/11/15 13:25:46,corridor
2025/11/15 13:26:05,middle
2025/11/15 13:26:13,corridor
2025/11/15 13:26:31,middle
2025/11/15 13:27:40,corridor
2025/11/15 13:27:43,side
2025/11/15 14:47:26,corridor
2025/11/15 14:47:28,middle
2025/11/15 14:47:30,mid-sep
2025/11/15 14:47:37,middle
2025/11/15 14:50:34,mid-sep
2025/11/15 14:50:48,middle
2025/11/15 14:50:48,corridor
2025/11/15 14:50:49,side
2025/11/15 16:07:28,corridor
2025/11/15 16:07:28,middle
2025/11/15 16:07:44,mid-sep
2025/11/15 16:07:56,middle
2025/11/15 16:10:46,mid-sep
2025/11/15 16:11:24,middle
2025/11/15 16:11:31,mid-sep
2025/11/15 16:11:38,middle
2025/11/15 16:11:39,corridor
2025/11/15 16:11:40,side
2025/11/15 16:13:02,corridor
2025/11/15 16:13:03,middle
2025/11/15 16:13:04,mid-sep
2025/11/15 16:13:12,middle
2025/11/15 16:13:13,corridor
2025/11/15 16:13:14,side
2025/11/15 16:13:51,corridor
2025/11/15 16:13:52,middle
2025/11/15 16:13:53,mid-sep
2025/11/15 16:14:01,middle
2025/11/15 16:15:16,mid-sep
2025/11/15 16:15:24,middle
2025/11/15 16:15:36,corridor
2025/11/15 16:15:38,side
2025/11/15 17:22:23,middle
2025/11/15 17:22:35,mid-sep
2025/11/15 17:22:53,middle
2025/11/15 17:23:02,mid-sep
2025/11/15 17:23:13,middle
2025/11/15 17:23:50,mid-sep
2025/11/15 17:24:23,middle
2025/11/15 17:24:38,corridor
2025/11/15 17:24:39,side
2025/11/15 17:26:50,corridor
2025/11/15 17:26:51,middle
2025/11/15 17:27:33,mid-sep
2025/11/15 17:27:50,middle
2025/11/15 17:28:04,mid-sep
2025/11/15 17:28:10,middle
2025/11/15 17:28:25,corridor
2025/11/15 17:28:32,middle
2025/11/15 17:28:34,mid-sep
2025/11/15 17:29:09,middle
2025/11/15 17:29:21,mid-sep
2025/11/15 17:29:32,middle
2025/11/15 17:30:05,corridor
2025/11/15 17:30:08,side
2025/11/15 17:31:40,corridor
2025/11/15 17:31:42,middle
2025/11/15 17:33:31,mid-sep
2025/11/15 17:33:35,middle
2025/11/15 17:33:52,mid-sep
2025/11/15 17:34:22,middle
2025/11/15 17:34:42,mid-sep
2025/11/15 17:34:48,middle
2025/11/15 17:34:49,corridor
2025/11/15 17:34:49,side
2025/11/15 18:12:55,corridor
2025/11/15 18:12:56,middle
2025/11/15 18:13:08,mid-sep
2025/11/15 18:13:20,middle
2025/11/15 18:13:35,mid-sep
2025/11/15 18:13:38,middle
2025/11/15 18:13:43,corridor
2025/11/15 18:13:45,side
2025/11/15 18:14:00,corridor
2025/11/15 18:14:01,middle
2025/11/15 18:16:32,mid-sep
2025/11/15 18:16:45,middle
2025/11/15 18:17:00,mid-sep
2025/11/15 18:17:50,middle
2025/11/15 18:17:50,corridor
2025/11/15 18:17:51,side
2025/11/15 18:22:36,corridor
2025/11/15 18:22:37,middle
2025/11/15 18:22:41,mid-sep
2025/11/15 18:22:47,middle
2025/11/15 18:23:58,mid-sep
2025/11/15 18:24:15,middle
2025/11/15 18:24:30,mid-sep
2025/11/15 18:24:32,middle
2025/11/15 18:24:33,corridor
2025/11/15 18:24:36,side
2025/11/15 18:42:28,corridor
2025/11/15 18:42:29,middle
2025/11/15 18:43:28,mid-sep
2025/11/15 18:43:43,middle
2025/11/15 18:43:49,mid-sep
2025/11/15 18:44:03,middle
2025/11/15 18:44:50,mid-sep
2025/11/15 18:45:15,middle
2025/11/15 18:45:17,corridor
2025/11/15 18:45:20,side
2025/11/15 18:49:01,corridor
2025/11/15 18:49:03,middle
2025/11/15 18:49:04,mid-sep
2025/11/15 18:49:08,middle
2025/11/15 18:50:50,mid-sep
2025/11/15 18:50:53,middle
2025/11/15 18:50:58,corridor
2025/11/15 18:50:59,side
2025/11/15 18:53:13,corridor
2025/11/15 18:53:13,middle
2025/11/15 18:53:33,mid-sep
2025/11/15 18:53:41,middle
2025/11/15 18:53:43,corridor
2025/11/15 18:53:43,side
2025/11/15 18:57:33,corridor
2025/11/15 18:57:33,middle
2025/11/15 18:57:35,mid-sep
2025/11/15 18:57:39,middle
2025/11/15 18:57:40,corridor
2025/11/15 18:57:40,side
2025/11/15 18:58:28,corridor
2025/11/15 18:58:29,middle
2025/11/15 18:58:34,mid-sep
2025/11/15 18:58:35,middle
2025/11/15 18:58:35,corridor
2025/11/15 18:58:35,side
2025/11/15 18:59:38,corridor
2025/11/15 18:59:38,middle
2025/11/15 18:59:43,mid-sep
2025/11/15 18:59:53,middle
2025/11/15 18:59:54,corridor
2025/11/15 18:59:54,side
2025/11/15 19:04:45,corridor
2025/11/15 19:04:45,middle
2025/11/15 19:06:47,mid-sep
2025/11/15 19:07:05,middle
2025/11/15 19:07:07,corridor
2025/11/15 19:07:08,side
2025/11/15 19:08:36,corridor
2025/11/15 19:08:38,middle
2025/11/15 19:08:39,mid-sep
2025/11/15 19:08:51,middle
2025/11/15 19:10:00,mid-sep
2025/11/15 19:10:17,middle
2025/11/15 19:10:20,corridor
2025/11/15 19:10:21,side
2025/11/15 19:19:22,corridor
2025/11/15 19:19:24,middle
2025/11/15 19:19:25,mid-sep
2025/11/15 19:19:30,middle
2025/11/15 19:19:30,corridor
2025/11/15 19:19:31,side
2025/11/15 19:21:19,corridor
2025/11/15 19:21:20,middle
2025/11/15 19:26:08,mid-sep
2025/11/15 19:26:19,middle
2025/11/15 19:26:20,corridor
2025/11/15 19:26:21,side
2025/11/15 19:28:50,corridor
2025/11/15 19:28:51,middle
2025/11/15 19:28:53,mid-sep
2025/11/15 19:29:25,middle
2025/11/15 19:29:26,corridor
2025/11/15 19:29:27,side
2025/11/15 19:35:01,corridor
2025/11/15 19:35:01,middle
2025/11/15 19:35:46,corridor
2025/11/15 19:35:48,side
2025/11/15 19:39:57,corridor
2025/11/15 19:40:10,middle
2025/11/15 19:40:14,mid-sep
2025/11/15 19:40:25,middle
2025/11/15 19:40:26,corridor
2025/11/15 19:40:26,side
2025/11/15 19:41:17,corridor
2025/11/15 19:41:19,middle
2025/11/15 19:41:34,mid-sep
2025/11/15 19:41:40,middle
2025/11/15 19:41:40,corridor
2025/11/15 19:41:41,side
2025/11/15 19:42:46,corridor
2025/11/15 19:42:49,middle
2025/11/15 19:43:25,mid-sep
2025/11/15 19:43:27,middle
2025/11/15 19:43:28,side
2025/11/15 19:47:31,corridor
2025/11/15 19:47:33,middle
2025/11/15 19:47:34,mid-sep
2025/11/15 19:47:41,middle
2025/11/15 19:47:43,corridor
2025/11/15 19:47:45,side
2025/11/15 19:50:46,corridor
2025/11/15 19:50:47,middle
2025/11/15 19:51:37,mid-sep
2025/11/15 19:52:11,middle
2025/11/15 19:52:13,corridor
2025/11/15 19:52:13,side
2025/11/15 20:02:14,corridor
2025/11/15 20:02:15,middle
2025/11/15 20:05:14,mid-sep
2025/11/15 20:05:26,middle
2025/11/15 20:05:27,corridor
2025/11/15 20:05:27,side
2025/11/15 20:22:32,corridor
2025/11/15 20:22:32,middle
2025/11/15 20:22:37,mid-sep
2025/11/15 20:22:47,middle
2025/11/15 20:22:47,corridor
2025/11/15 20:22:49,side
2025/11/15 20:25:58,corridor
2025/11/15 20:25:59,middle
2025/11/15 20:30:42,mid-sep
2025/11/15 20:30:53,middle
2025/11/15 20:30:53,corridor
2025/11/15 20:30:54,side
2025/11/15 20:32:51,corridor
2025/11/15 20:32:51,middle
2025/11/15 20:32:52,mid-sep
2025/11/15 20:33:00,middle
2025/11/15 20:33:03,corridor
2025/11/15 20:33:13,side
2025/11/15 20:41:02,corridor
2025/11/15 20:41:03,middle
2025/11/15 20:41:04,mid-sep
2025/11/15 20:41:07,middle
2025/11/15 20:41:08,corridor
2025/11/15 20:41:08,side
2025/11/15 20:45:33,corridor
2025/11/15 20:45:34,middle
2025/11/15 20:50:24,corridor
2025/11/15 20:50:25,side
2025/11/15 20:50:58,corridor
2025/11/15 20:50:59,middle
2025/11/15 20:51:00,mid-sep
2025/11/15 20:51:07,middle
2025/11/15 20:51:09,corridor
2025/11/15 20:51:10,side
2025/11/15 21:04:47,corridor
2025/11/15 21:04:48,middle
2025/11/15 21:09:28,mid-sep
2025/11/15 21:09:38,middle
2025/11/15 21:09:43,mid-sep
2025/11/15 21:09:56,middle
2025/11/15 21:09:58,corridor
2025/11/15 21:09:59,side
2025/11/15 21:22:32,corridor
2025/11/15 21:22:33,middle
2025/11/15 21:22:33,mid-sep
2025/11/15 21:23:10,middle
2025/11/15 21:23:49,mid-sep
2025/11/15 21:23:59,middle
2025/11/15 21:23:59,corridor
2025/11/15 21:24:00,side
2025/11/15 21:27:15,corridor
2025/11/15 21:27:16,middle
2025/11/15 21:28:28,mid-sep
2025/11/15 21:28:35,middle
2025/11/15 21:28:36,corridor
2025/11/15 21:28:36,side
2025/11/15 21:30:00,corridor
2025/11/15 21:30:01,middle
2025/11/15 21:30:02,mid-sep
2025/11/15 21:30:12,middle
2025/11/15 21:30:18,corridor
2025/11/15 21:30:20,side
2025/11/15 21:40:05,corridor
2025/11/15 21:40:05,middle
2025/11/15 21:42:14,mid-sep
2025/11/15 21:43:07,middle
2025/11/15 21:43:08,corridor
2025/11/15 21:43:08,middle
2025/11/15 21:45:08,mid-sep
2025/11/15 21:45:20,middle
2025/11/15 21:45:21,corridor
2025/11/15 21:45:38,middle
2025/11/15 21:45:40,corridor
2025/11/15 21:45:43,side
2025/11/15 21:48:09,corridor
2025/11/15 21:48:10,middle
2025/11/15 21:48:19,mid-sep
2025/11/15 21:48:30,middle
2025/11/15 21:51:55,mid-sep
2025/11/15 21:52:30,middle
2025/11/15 21:52:31,corridor
2025/11/15 21:52:34,side
2025/11/15 21:55:18,corridor
2025/11/15 21:55:20,middle
2025/11/15 21:55:21,mid-sep
2025/11/15 21:55:42,middle
2025/11/15 21:55:43,corridor
2025/11/15 21:55:43,side
2025/11/15 22:03:32,corridor
2025/11/15 22:03:39,middle
2025/11/15 22:03:50,mid-sep
2025/11/15 22:04:03,middle
2025/11/15 22:07:27,mid-sep
2025/11/15 22:07:43,middle
2025/11/15 22:07:44,corridor
2025/11/15 22:07:44,side
2025/11/15 22:08:42,corridor
2025/11/15 22:08:44,middle
2025/11/15 22:08:45,mid-sep
2025/11/15 22:09:00,middle
2025/11/15 22:09:00,corridor
2025/11/15 22:09:00,side
2025/11/15 22:13:05,corridor
2025/11/15 22:13:06,middle
2025/11/15 22:13:06,mid-sep
2025/11/15 22:13:09,middle
2025/11/15 22:13:11,corridor
2025/11/15 22:13:12,side
2025/11/15 22:18:32,corridor
2025/11/15 22:18:33,middle
2025/11/15 22:21:31,mid-sep
2025/11/15 22:21:52,middle
2025/11/15 22:21:57,mid-sep
2025/11/15 22:21:59,middle
2025/11/15 22:22:00,corridor
2025/11/15 22:22:00,side
2025/11/15 22:22:37,corridor
2025/11/15 22:22:37,middle
2025/11/15 22:22:42,mid-sep
2025/11/15 22:23:06,middle
2025/11/15 22:23:07,corridor
2025/11/15 22:23:07,side
2025/11/15 22:24:54,corridor
2025/11/15 22:24:54,middle
2025/11/15 22:24:56,mid-sep
2025/11/15 22:25:08,middle
2025/11/15 22:25:08,corridor
2025/11/15 22:25:08,side
2025/11/15 22:31:29,corridor
2025/11/15 22:31:30,middle
2025/11/15 22:31:31,mid-sep
2025/11/15 22:31:45,middle
2025/11/15 22:31:45,corridor
2025/11/15 22:31:48,side
2025/11/15 22:34:46,corridor
2025/11/15 22:34:47,middle
2025/11/15 22:34:49,mid-sep
2025/11/15 22:35:04,middle
2025/11/15 22:35:05,corridor
2025/11/15 22:35:07,side
2025/11/15 22:39:55,corridor
2025/11/15 22:39:57,middle
2025/11/15 22:39:57,mid-sep
2025/11/15 22:39:58,middle
2025/11/15 22:39:58,corridor
2025/11/15 22:39:59,side
2025/11/15 22:42:54,corridor
2025/11/15 22:42:55,middle
2025/11/15 22:47:09,corridor
2025/11/15 22:47:11,side
2025/11/15 22:47:54,corridor
2025/11/15 22:47:55,middle
2025/11/15 22:47:56,mid-sep
2025/11/15 22:49:01,middle
2025/11/15 22:49:02,corridor
2025/11/15 22:49:07,side
2025/11/15 22:59:02,corridor
2025/11/15 22:59:03,middle
2025/11/15 22:59:04,mid-sep
2025/11/15 22:59:31,middle
2025/11/15 23:01:29,mid-sep
2025/11/15 23:01:41,middle
2025/11/15 23:03:44,corridor
2025/11/15 23:03:48,side
2025/11/15 23:04:31,corridor
2025/11/15 23:04:32,middle
2025/11/15 23:04:35,mid-sep
2025/11/15 23:05:08,middle
2025/11/15 23:05:10,corridor
2025/11/15 23:05:11,side
2025/11/15 23:08:03,corridor
2025/11/15 23:08:04,middle
2025/11/15 23:08:07,mid-sep
2025/11/15 23:08:11,middle
2025/11/15 23:08:29,corridor
2025/11/15 23:08:31,middle
2025/11/15 23:08:33,mid-sep
2025/11/15 23:08:37,middle
2025/11/15 23:08:40,corridor
2025/11/15 23:08:40,side
2025/11/15 23:17:10,corridor
2025/11/15 23:17:11,middle
2025/11/15 23:17:13,mid-sep
2025/11/15 23:17:16,middle
2025/11/15 23:18:57,mid-sep
2025/11/15 23:19:04,middle
2025/11/15 23:19:15,mid-sep
2025/11/15 23:19:20,middle
2025/11/15 23:19:21,corridor
2025/11/15 23:19:23,side
2025/11/15 23:21:55,corridor
2025/11/15 23:21:56,middle
2025/11/15 23:21:58,mid-sep
2025/11/15 23:22:09,middle
2025/11/15 23:22:10,corridor
2025/11/15 23:22:10,side
2025/11/15 23:25:55,corridor
2025/11/15 23:25:55,middle
2025/11/15 23:26:22,mid-sep
2025/11/15 23:26:33,corridor
2025/11/15 23:26:34,side
2025/11/15 23:31:44,corridor
2025/11/15 23:31:44,middle
2025/11/15 23:32:14,mid-sep
2025/11/15 23:32:24,middle
2025/11/15 23:32:25,corridor
2025/11/15 23:32:25,side
2025/11/15 23:32:51,corridor
2025/11/15 23:32:53,middle
2025/11/15 23:33:00,mid-sep
2025/11/15 23:33:14,corridor
2025/11/15 23:33:15,side
2025/11/15 23:37:15,corridor
2025/11/15 23:37:16,middle
2025/11/15 23:37:31,mid-sep
2025/11/15 23:37:34,middle
2025/11/15 23:37:55,mid-sep
2025/11/15 23:38:04,middle
2025/11/15 23:38:05,corridor
2025/11/15 23:38:05,side
2025/11/15 23:39:18,corridor
2025/11/15 23:39:19,middle
2025/11/15 23:41:47,corridor
2025/11/15 23:41:49,side
2025/11/15 23:52:04,corridor
2025/11/15 23:52:05,middle
2025/11/15 23:52:07,mid-sep
2025/11/15 23:52:14,middle
2025/11/15 23:53:46,mid-sep
2025/11/15 23:54:08,middle
2025/11/15 23:54:20,corridor
2025/11/15 23:54:20,side
2025/11/15 23:54:40,corridor
2025/11/15 23:54:41,middle
2025/11/15 23:54:42,mid-sep
2025/11/15 23:55:13,middle
2025/11/15 23:55:18,mid-sep
2025/11/15 23:55:48,middle
2025/11/15 23:55:50,corridor
2025/11/15 23:55:52,side
2025/11/15 23:56:31,corridor
2025/11/15 23:56:32,middle
2025/11/15 23:56:35,mid-sep
2025/11/15 23:56:37,middle
2025/11/15 23:56:52,corridor
2025/11/15 23:57:02,middle
2025/11/15 23:57:05,mid-sep
2025/11/15 23:57:17,middle
2025/11/15 23:59:33,corridor
2025/11/15 23:59:34,side
2025/11/15 23:59:51,corridor
2025/11/15 23:59:56,middle
2025/11/15 23:59:56,mid-sep
2025/11/15 23:59:59,middle
2025/11/16 0:01:01,mid-sep
2025/11/16 0:01:20,middle
2025/11/16 0:01:20,corridor
2025/11/16 0:01:21,side
2025/11/16 0:04:07,corridor
2025/11/16 0:04:07,middle
2025/11/16 0:04:10,mid-sep
2025/11/16 0:04:54,middle
2025/11/16 0:04:55,corridor
2025/11/16 0:04:55,side
2025/11/16 0:06:07,corridor
2025/11/16 0:06:08,middle
2025/11/16 0:06:10,mid-sep
2025/11/16 0:06:29,middle
2025/11/16 0:08:10,corridor
2025/11/16 0:08:13,side
2025/11/16 0:08:34,corridor
2025/11/16 0:08:34,middle
2025/11/16 0:08:35,mid-sep
2025/11/16 0:08:41,middle
2025/11/16 0:09:16,mid-sep
2025/11/16 0:09:32,middle
2025/11/16 0:11:26,mid-sep
2025/11/16 0:11:46,middle
2025/11/16 0:11:47,corridor
2025/11/16 0:11:52,side
2025/11/16 0:14:53,corridor
2025/11/16 0:14:55,mid-sep
2025/11/16 0:14:56,middle
2025/11/16 0:14:57,corridor
2025/11/16 0:14:57,side
2025/11/16 0:15:06,corridor
2025/11/16 0:16:08,mid-sep
2025/11/16 0:16:45,middle
2025/11/16 0:17:38,mid-sep
2025/11/16 0:18:04,middle
2025/11/16 0:20:51,mid-sep
2025/11/16 0:21:14,middle
2025/11/16 0:21:17,corridor
2025/11/16 0:21:20,side
2025/11/16 0:56:47,corridor
2025/11/16 0:56:48,middle
2025/11/16 0:56:49,mid-sep
2025/11/16 0:56:53,middle
2025/11/16 0:59:07,mid-sep
2025/11/16 0:59:26,middle
2025/11/16 0:59:30,corridor
2025/11/16 0:59:33,side
2025/11/16 1:09:18,corridor
2025/11/16 1:09:19,middle
2025/11/16 1:09:20,mid-sep
2025/11/16 1:09:28,middle
2025/11/16 1:10:46,corridor
2025/11/16 1:10:58,side
2025/11/16 1:18:06,corridor
2025/11/16 1:18:06,middle
2025/11/16 1:18:07,mid-sep
2025/11/16 1:18:25,middle
2025/11/16 1:18:26,corridor
2025/11/16 1:18:29,side
2025/11/16 1:25:04,corridor
2025/11/16 1:25:04,middle
2025/11/16 1:25:11,mid-sep
2025/11/16 1:25:20,middle
2025/11/16 1:25:27,corridor
2025/11/16 1:25:29,side
2025/11/16 1:26:04,corridor
2025/11/16 1:26:08,middle
2025/11/16 1:26:09,corridor
2025/11/16 1:26:11,side
2025/11/16 2:43:31,corridor
2025/11/16 2:43:31,middle
2025/11/16 2:43:32,mid-sep
2025/11/16 2:43:49,middle
2025/11/16 2:44:00,mid-sep
2025/11/16 2:44:30,middle
2025/11/16 2:44:33,corridor
2025/11/16 2:44:36,side
2025/11/16 2:47:40,corridor
2025/11/16 2:47:41,middle
2025/11/16 2:47:47,mid-sep
2025/11/16 2:48:14,middle
2025/11/16 2:48:15,corridor
2025/11/16 2:48:15,side
2025/11/16 2:53:32,middle
2025/11/16 2:53:34,mid-sep
2025/11/16 2:53:37,middle
2025/11/16 2:53:43,mid-sep
2025/11/16 2:53:54,middle
2025/11/16 2:53:55,corridor
2025/11/16 2:53:56,side
2025/11/16 2:58:13,corridor
2025/11/16 2:58:13,middle
2025/11/16 2:58:15,mid-sep
2025/11/16 2:58:20,middle
2025/11/16 2:58:23,corridor
2025/11/16 2:58:23,side
2025/11/16 3:04:15,corridor
2025/11/16 3:04:15,middle
2025/11/16 3:04:47,mid-sep
2025/11/16 3:05:09,middle
2025/11/16 3:05:19,corridor
2025/11/16 3:05:19,side
2025/11/16 3:08:58,corridor
2025/11/16 3:08:59,middle
2025/11/16 3:09:00,mid-sep
2025/11/16 3:09:14,middle
2025/11/16 3:09:20,corridor
2025/11/16 3:09:21,side
2025/11/16 3:09:31,corridor
2025/11/16 3:09:31,middle
2025/11/16 3:09:34,mid-sep
2025/11/16 3:09:47,middle
2025/11/16 3:09:54,mid-sep
2025/11/16 3:10:58,middle
2025/11/16 3:11:00,corridor
2025/11/16 3:11:01,side
2025/11/16 3:12:26,corridor
2025/11/16 3:12:26,middle
2025/11/16 3:12:27,mid-sep
2025/11/16 3:12:53,middle
2025/11/16 3:12:53,corridor
2025/11/16 3:12:54,side
2025/11/16 3:13:09,corridor
2025/11/16 3:13:10,middle
2025/11/16 3:13:15,mid-sep
2025/11/16 3:13:37,middle
2025/11/16 3:13:38,corridor
2025/11/16 3:13:40,side
2025/11/16 3:14:49,corridor
2025/11/16 3:14:49,middle
2025/11/16 3:14:50,mid-sep
2025/11/16 3:15:01,middle
2025/11/16 3:16:52,corridor
2025/11/16 3:16:53,side
2025/11/16 4:32:27,corridor
2025/11/16 4:32:28,middle
2025/11/16 4:32:30,mid-sep
2025/11/16 4:32:53,middle
2025/11/16 4:32:56,mid-sep
2025/11/16 4:33:13,middle
2025/11/16 4:33:34,mid-sep
2025/11/16 4:33:58,middle
2025/11/16 4:34:44,mid-sep
2025/11/16 4:35:10,middle
2025/11/16 4:37:20,corridor
2025/11/16 4:37:23,side
2025/11/16 4:38:07,corridor
2025/11/16 4:38:09,middle
2025/11/16 4:38:11,mid-sep
2025/11/16 4:38:42,middle
2025/11/16 4:38:49,corridor
2025/11/16 4:38:49,side
2025/11/16 4:41:19,corridor
2025/11/16 4:41:20,middle
2025/11/16 4:41:20,mid-sep
2025/11/16 4:42:01,middle
2025/11/16 4:43:14,mid-sep
2025/11/16 4:43:30,middle
2025/11/16 4:43:33,corridor
2025/11/16 4:43:35,side
2025/11/16 4:50:18,corridor
2025/11/16 4:50:18,middle
2025/11/16 4:50:27,mid-sep
2025/11/16 4:50:48,middle
2025/11/16 4:50:50,corridor
2025/11/16 4:50:51,side
2025/11/16 4:51:44,corridor
2025/11/16 4:51:45,middle
2025/11/16 4:52:06,mid-sep
2025/11/16 4:53:13,middle
2025/11/16 4:53:18,corridor
2025/11/16 4:53:20,side
2025/11/16 4:55:54,corridor
2025/11/16 4:55:55,middle
2025/11/16 4:55:56,mid-sep
2025/11/16 4:55:59,middle
2025/11/16 4:56:27,mid-sep
2025/11/16 4:57:12,middle
2025/11/16 4:57:15,corridor
2025/11/16 4:57:15,side
2025/11/16 4:57:41,corridor
2025/11/16 4:57:41,middle
2025/11/16 4:58:28,mid-sep
2025/11/16 4:58:30,middle
2025/11/16 4:58:41,mid-sep
2025/11/16 4:58:49,middle
2025/11/16 4:59:09,corridor
2025/11/16 4:59:11,side
2025/11/16 5:47:50,corridor
2025/11/16 5:47:51,middle
2025/11/16 5:47:57,mid-sep
2025/11/16 5:48:20,middle
2025/11/16 5:48:28,mid-sep
2025/11/16 5:48:39,middle
2025/11/16 5:48:56,corridor
2025/11/16 5:49:00,side
2025/11/16 5:49:41,corridor
2025/11/16 5:49:41,middle
2025/11/16 5:49:42,mid-sep
2025/11/16 5:50:16,middle
2025/11/16 5:50:17,corridor
2025/11/16 5:50:18,side
2025/11/16 5:50:24,corridor
2025/11/16 5:50:24,middle
2025/11/16 5:50:28,mid-sep
2025/11/16 5:50:35,middle
2025/11/16 5:50:39,corridor
2025/11/16 5:50:40,side
2025/11/16 5:51:41,corridor
2025/11/16 5:51:41,mid-sep
2025/11/16 5:51:42,corridor
2025/11/16 5:51:42,side
2025/11/16 5:56:23,corridor
2025/11/16 5:56:23,middle
2025/11/16 5:56:24,mid-sep
2025/11/16 5:56:28,middle
2025/11/16 5:56:29,corridor
2025/11/16 5:56:30,side
2025/11/16 5:57:58,corridor
2025/11/16 5:57:58,middle
2025/11/16 5:58:00,mid-sep
2025/11/16 5:58:16,middle
2025/11/16 5:58:17,corridor
2025/11/16 5:58:17,side
2025/11/16 5:59:12,corridor
2025/11/16 5:59:12,middle
2025/11/16 5:59:13,mid-sep
2025/11/16 5:59:31,middle
2025/11/16 5:59:32,corridor
2025/11/16 5:59:32,side
2025/11/16 6:01:46,corridor
2025/11/16 6:01:47,middle
2025/11/16 6:01:50,mid-sep
2025/11/16 6:01:59,middle
2025/11/16 6:02:00,corridor
2025/11/16 6:02:00,side
2025/11/16 6:04:58,middle
2025/11/16 6:05:47,side
2025/11/16 6:06:39,corridor
2025/11/16 6:06:39,middle
2025/11/16 6:06:41,mid-sep
2025/11/16 6:06:57,middle
2025/11/16 6:06:59,side
2025/11/16 6:10:06,corridor
2025/11/16 6:10:06,middle
2025/11/16 6:10:07,mid-sep
2025/11/16 6:10:33,middle
2025/11/16 6:10:44,mid-sep
2025/11/16 6:11:18,middle
2025/11/16 6:11:18,corridor
2025/11/16 6:11:19,side
2025/11/16 6:15:40,corridor
2025/11/16 6:15:40,middle
2025/11/16 6:15:41,mid-sep
2025/11/16 6:15:51,middle
2025/11/16 6:17:05,mid-sep
2025/11/16 6:17:17,middle
2025/11/16 6:17:19,corridor
2025/11/16 6:17:19,side
2025/11/16 6:18:01,corridor
2025/11/16 6:18:02,middle
2025/11/16 6:18:02,mid-sep
2025/11/16 6:18:25,middle
2025/11/16 6:18:25,corridor
2025/11/16 6:18:26,side
2025/11/16 6:18:35,corridor
2025/11/16 6:18:35,middle
2025/11/16 6:19:26,mid-sep
2025/11/16 6:20:27,middle
2025/11/16 6:20:32,corridor
2025/11/16 6:20:35,side
2025/11/16 6:21:40,middle
2025/11/16 6:21:52,mid-sep
2025/11/16 6:23:10,middle
2025/11/16 6:23:17,corridor
2025/11/16 6:23:19,side
2025/11/16 6:26:26,middle
2025/11/16 6:26:30,mid-sep
2025/11/16 6:26:55,middle
2025/11/16 6:26:57,corridor
2025/11/16 6:26:57,side
2025/11/16 6:30:56,corridor
2025/11/16 6:30:56,middle
2025/11/16 6:31:00,mid-sep
2025/11/16 6:31:05,middle
2025/11/16 6:31:06,corridor
2025/11/16 6:31:43,middle
2025/11/16 6:31:45,mid-sep
2025/11/16 6:31:59,middle
2025/11/16 6:31:59,corridor
2025/11/16 6:31:59,side
2025/11/16 6:35:40,corridor
2025/11/16 6:35:41,middle
2025/11/16 6:36:03,mid-sep
2025/11/16 6:36:31,middle
2025/11/16 6:36:32,side
2025/11/16 6:36:39,middle
2025/11/16 6:37:22,mid-sep
2025/11/16 6:37:57,middle
2025/11/16 6:38:07,mid-sep
2025/11/16 6:38:25,middle
2025/11/16 6:38:26,corridor
2025/11/16 6:38:26,side
2025/11/16 6:39:32,middle
2025/11/16 6:40:53,corridor
2025/11/16 6:41:29,side
2025/11/16 6:41:58,corridor
2025/11/16 6:41:58,middle
2025/11/16 6:42:25,mid-sep
2025/11/16 6:42:39,middle
2025/11/16 6:42:42,mid-sep
2025/11/16 6:42:50,middle
2025/11/16 6:42:58,mid-sep
2025/11/16 6:43:06,middle
2025/11/16 6:43:07,corridor
2025/11/16 6:43:07,side
2025/11/16 6:45:13,corridor
2025/11/16 6:45:14,middle
2025/11/16 6:45:20,mid-sep
2025/11/16 6:45:27,middle
2025/11/16 6:46:37,mid-sep
2025/11/16 6:46:57,middle
2025/11/16 6:46:58,corridor
2025/11/16 6:46:58,side
2025/11/16 6:47:37,corridor
2025/11/16 6:47:37,middle
2025/11/16 6:47:39,mid-sep
2025/11/16 6:48:18,middle
2025/11/16 6:48:25,corridor
2025/11/16 6:48:28,middle
2025/11/16 6:48:33,mid-sep
2025/11/16 6:50:34,middle
2025/11/16 6:50:36,corridor
2025/11/16 6:50:40,mid-sep
2025/11/16 6:50:49,middle
2025/11/16 6:51:35,mid-sep
2025/11/16 6:52:25,middle
2025/11/16 6:52:35,mid-sep
2025/11/16 6:53:15,middle
2025/11/16 6:53:16,corridor
2025/11/16 6:53:19,side
2025/11/16 7:32:55,corridor
2025/11/16 7:32:55,middle
2025/11/16 7:33:00,mid-sep
2025/11/16 7:33:07,middle
2025/11/16 7:35:17,mid-sep
2025/11/16 7:35:40,middle
2025/11/16 7:36:00,mid-sep
2025/11/16 7:36:20,middle
2025/11/16 7:36:30,corridor
2025/11/16 7:36:31,side
2025/11/16 7:37:09,corridor
2025/11/16 7:37:11,middle
2025/11/16 7:37:14,mid-sep
2025/11/16 7:37:28,middle
2025/11/16 7:38:15,mid-sep
2025/11/16 7:38:29,middle
2025/11/16 7:38:40,corridor
2025/11/16 7:38:45,side
2025/11/16 7:43:13,corridor
2025/11/16 7:43:13,middle
2025/11/16 7:43:14,mid-sep
2025/11/16 7:43:17,middle
2025/11/16 7:43:32,mid-sep
2025/11/16 7:45:03,middle
2025/11/16 7:45:25,mid-sep
2025/11/16 7:48:14,middle
2025/11/16 7:48:22,corridor
2025/11/16 7:48:41,side
2025/11/16 7:50:51,corridor
2025/11/16 7:50:51,middle
2025/11/16 7:50:53,mid-sep
2025/11/16 7:51:08,middle
2025/11/16 7:51:18,mid-sep
2025/11/16 7:51:34,middle
2025/11/16 7:54:38,mid-sep
2025/11/16 7:54:52,middle
2025/11/16 7:55:05,mid-sep
2025/11/16 7:56:33,middle
2025/11/16 7:56:34,corridor
2025/11/16 7:56:34,side
2025/11/16 8:01:17,corridor
2025/11/16 8:01:18,middle
2025/11/16 8:03:46,mid-sep
2025/11/16 8:03:55,middle
2025/11/16 8:04:24,corridor
2025/11/16 8:04:44,middle
2025/11/16 8:05:09,mid-sep
2025/11/16 8:05:36,middle
2025/11/16 8:06:31,mid-sep
2025/11/16 8:07:22,middle
2025/11/16 8:08:59,corridor
2025/11/16 8:09:04,side
2025/11/16 9:04:06,corridor
2025/11/16 9:04:08,middle
2025/11/16 9:04:09,mid-sep
2025/11/16 9:04:27,middle
2025/11/16 9:06:41,mid-sep
2025/11/16 9:06:46,middle
2025/11/16 9:06:50,mid-sep
2025/11/16 9:07:14,middle
2025/11/16 9:07:16,corridor
2025/11/16 9:07:25,middle
2025/11/16 9:07:57,mid-sep
2025/11/16 9:08:23,middle
2025/11/16 9:08:24,corridor
2025/11/16 9:08:25,side
2025/11/16 9:21:24,corridor
2025/11/16 9:21:25,middle
2025/11/16 9:21:25,mid-sep
2025/11/16 9:21:53,middle
2025/11/16 9:21:58,mid-sep
2025/11/16 9:22:31,middle
2025/11/16 9:22:39,mid-sep
2025/11/16 9:23:27,middle
2025/11/16 9:24:01,mid-sep
2025/11/16 9:24:59,middle
2025/11/16 9:25:09,mid-sep
2025/11/16 9:25:26,middle
2025/11/16 9:25:35,mid-sep
2025/11/16 9:25:45,middle
2025/11/16 9:25:50,corridor
2025/11/16 9:25:59,side
2025/11/16 9:27:31,mid-sep
2025/11/16 9:27:32,corridor
2025/11/16 9:27:39,side
2025/11/16 9:27:40,corridor
2025/11/16 9:27:42,mid-sep
2025/11/16 9:27:43,corridor
2025/11/16 9:27:43,side
2025/11/16 9:28:28,middle
2025/11/16 9:28:29,corridor
2025/11/16 9:28:29,side
2025/11/16 9:29:15,corridor
2025/11/16 9:29:16,middle
2025/11/16 9:29:20,mid-sep
2025/11/16 9:29:37,middle
2025/11/16 9:29:49,mid-sep
2025/11/16 9:30:03,middle
2025/11/16 9:30:12,mid-sep
2025/11/16 9:30:40,middle
2025/11/16 9:32:30,corridor
2025/11/16 9:34:00,side
2025/11/16 9:34:11,corridor
2025/11/16 9:34:13,middle
2025/11/16 9:34:17,mid-sep
2025/11/16 9:34:22,middle
2025/11/16 9:34:28,corridor
2025/11/16 9:34:30,side
2025/11/16 12:14:14,corridor
2025/11/16 12:14:17,middle
2025/11/16 12:14:18,mid-sep
2025/11/16 12:14:20,middle
2025/11/16 12:14:41,corridor
2025/11/16 12:16:00,side
2025/11/16 12:16:21,corridor
2025/11/16 12:16:22,middle
2025/11/16 12:16:27,mid-sep
2025/11/16 12:16:38,middle
2025/11/16 12:17:42,mid-sep
2025/11/16 12:17:52,side
2025/11/16 13:21:13,corridor
2025/11/16 13:21:14,middle
2025/11/16 13:21:16,mid-sep
2025/11/16 13:21:36,middle
2025/11/16 13:21:50,mid-sep
2025/11/16 13:21:54,middle
2025/11/16 13:21:55,corridor
2025/11/16 13:21:57,side
2025/11/16 13:23:44,corridor
2025/11/16 13:23:45,middle
2025/11/16 13:23:47,mid-sep
2025/11/16 13:24:10,middle
2025/11/16 13:24:22,mid-sep
2025/11/16 13:24:40,middle
2025/11/16 13:24:49,mid-sep
2025/11/16 13:25:04,middle
2025/11/16 13:26:40,corridor
2025/11/16 13:27:40,middle
2025/11/16 13:27:42,mid-sep
2025/11/16 13:27:48,middle
2025/11/16 13:27:51,corridor
2025/11/16 13:27:52,side
2025/11/16 15:27:28,corridor
2025/11/16 15:27:29,middle
2025/11/16 15:27:30,mid-sep
2025/11/16 15:28:09,middle
2025/11/16 15:28:11,corridor
2025/11/16 15:28:13,side
2025/11/16 15:32:10,corridor
2025/11/16 15:32:10,middle
2025/11/16 15:32:12,mid-sep
2025/11/16 15:32:25,middle
2025/11/16 15:32:28,corridor
2025/11/16 15:32:28,side
2025/11/16 15:32:58,corridor
2025/11/16 15:32:58,middle
2025/11/16 15:34:30,mid-sep
2025/11/16 15:35:26,middle
2025/11/16 15:35:38,mid-sep
2025/11/16 15:36:35,middle
2025/11/16 15:36:41,corridor
2025/11/16 15:36:43,side
2025/11/16 15:38:58,corridor
2025/11/16 15:38:58,middle
2025/11/16 15:38:59,mid-sep
2025/11/16 15:39:21,middle
2025/11/16 15:42:02,mid-sep
2025/11/16 15:42:13,middle
2025/11/16 15:42:14,corridor
2025/11/16 15:42:14,side
2025/11/16 16:53:51,corridor
2025/11/16 16:53:52,middle
2025/11/16 16:54:06,mid-sep
2025/11/16 16:54:09,middle
2025/11/16 16:54:25,mid-sep
2025/11/16 16:54:32,middle
2025/11/16 16:54:33,corridor
2025/11/16 16:54:35,side
2025/11/16 16:54:44,corridor
2025/11/16 16:54:45,middle
2025/11/16 16:56:53,mid-sep
2025/11/16 16:56:59,middle
2025/11/16 16:57:00,corridor
2025/11/16 16:57:00,side
2025/11/16 17:37:42,corridor
2025/11/16 17:37:43,middle
2025/11/16 17:37:46,mid-sep
2025/11/16 17:38:31,middle
2025/11/16 17:38:57,mid-sep
2025/11/16 17:40:18,middle
2025/11/16 17:41:02,mid-sep
2025/11/16 17:41:10,middle
2025/11/16 17:41:12,corridor
2025/11/16 17:41:14,side
2025/11/16 17:41:45,corridor
2025/11/16 17:41:46,middle
2025/11/16 17:41:49,mid-sep
2025/11/16 17:41:56,middle
2025/11/16 17:41:57,corridor
2025/11/16 17:42:00,side
2025/11/16 17:43:53,corridor
2025/11/16 17:43:56,middle
2025/11/16 17:43:58,mid-sep
2025/11/16 17:43:59,middle
2025/11/16 17:44:00,corridor
2025/11/16 17:44:01,side
2025/11/16 17:46:39,corridor
2025/11/16 17:46:40,middle
2025/11/16 17:48:45,mid-sep
2025/11/16 17:48:58,middle
2025/11/16 17:49:42,mid-sep
2025/11/16 17:49:55,middle
2025/11/16 17:49:58,corridor
2025/11/16 17:50:00,side
2025/11/16 18:14:25,corridor
2025/11/16 18:14:25,middle
2025/11/16 18:14:33,mid-sep
2025/11/16 18:14:36,middle
2025/11/16 18:15:31,mid-sep
2025/11/16 18:15:41,middle
2025/11/16 18:15:41,corridor
2025/11/16 18:15:43,side
2025/11/16 18:16:05,corridor
2025/11/16 18:16:05,middle
2025/11/16 18:16:07,mid-sep
2025/11/16 18:16:09,middle
2025/11/16 18:16:16,corridor
2025/11/16 18:16:18,side
2025/11/16 18:28:47,corridor
2025/11/16 18:28:48,middle
2025/11/16 18:28:50,mid-sep
2025/11/16 18:29:06,middle
2025/11/16 18:29:18,mid-sep
2025/11/16 18:29:36,middle
2025/11/16 18:31:21,mid-sep
2025/11/16 18:31:36,middle
2025/11/16 18:31:39,corridor
2025/11/16 18:31:41,side
2025/11/16 18:32:27,corridor
2025/11/16 18:32:27,middle
2025/11/16 18:32:28,mid-sep
2025/11/16 18:32:37,middle
2025/11/16 18:32:39,corridor
2025/11/16 18:32:41,side
2025/11/16 18:33:25,corridor
2025/11/16 18:33:26,middle
2025/11/16 18:33:35,mid-sep
2025/11/16 18:34:06,middle
2025/11/16 18:34:27,mid-sep
2025/11/16 18:36:19,middle
2025/11/16 18:36:24,mid-sep
2025/11/16 18:36:47,middle
2025/11/16 18:36:51,corridor
2025/11/16 18:36:52,middle
2025/11/16 18:36:53,mid-sep
2025/11/16 18:37:12,middle
2025/11/16 18:37:17,corridor
2025/11/16 18:37:24,side
2025/11/16 18:39:18,corridor
2025/11/16 18:39:20,middle
2025/11/16 18:42:23,mid-sep
2025/11/16 18:42:32,middle
2025/11/16 18:42:48,mid-sep
2025/11/16 18:43:13,middle
2025/11/16 18:43:16,corridor
2025/11/16 18:43:19,side
2025/11/16 18:53:58,corridor
2025/11/16 18:54:01,middle
2025/11/16 18:54:02,mid-sep
2025/11/16 18:54:06,middle
2025/11/16 18:54:07,corridor
2025/11/16 18:54:07,side
2025/11/16 18:55:41,corridor
2025/11/16 18:55:42,middle
2025/11/16 18:55:48,mid-sep
2025/11/16 18:56:28,middle
2025/11/16 18:56:38,mid-sep
2025/11/16 18:56:45,middle
2025/11/16 18:56:58,mid-sep
2025/11/16 18:57:07,middle
2025/11/16 18:57:13,mid-sep
2025/11/16 18:57:36,middle
2025/11/16 18:57:43,mid-sep
2025/11/16 18:58:01,middle
2025/11/16 18:58:03,corridor
2025/11/16 18:58:03,side
2025/11/16 19:01:07,corridor
2025/11/16 19:01:08,middle
2025/11/16 19:01:10,mid-sep
2025/11/16 19:01:17,corridor
2025/11/16 19:01:18,side
2025/11/16 19:02:14,corridor
2025/11/16 19:02:14,middle
2025/11/16 19:02:15,mid-sep
2025/11/16 19:02:18,middle
2025/11/16 19:02:20,corridor
2025/11/16 19:02:21,side
2025/11/16 19:04:17,corridor
2025/11/16 19:04:18,middle
2025/11/16 19:04:55,mid-sep
2025/11/16 19:05:09,middle
2025/11/16 19:06:10,mid-sep
2025/11/16 19:06:20,middle
2025/11/16 19:06:22,corridor
2025/11/16 19:06:26,middle
2025/11/16 19:06:29,mid-sep
2025/11/16 19:06:54,middle
2025/11/16 19:06:55,corridor
2025/11/16 19:06:55,side
2025/11/16 19:09:31,corridor
2025/11/16 19:09:31,middle
2025/11/16 19:09:55,mid-sep
2025/11/16 19:10:09,middle
2025/11/16 19:10:12,corridor
2025/11/16 19:10:12,side
2025/11/16 19:12:31,corridor
2025/11/16 19:12:32,middle
2025/11/16 19:12:33,mid-sep
2025/11/16 19:12:34,middle
2025/11/16 19:12:34,corridor
2025/11/16 19:12:34,side
2025/11/16 19:16:27,corridor
2025/11/16 19:16:30,middle
2025/11/16 19:16:52,mid-sep
2025/11/16 19:16:57,middle
2025/11/16 19:16:59,corridor
2025/11/16 19:16:59,side
2025/11/16 19:23:48,corridor
2025/11/16 19:23:48,middle
2025/11/16 19:24:47,mid-sep
2025/11/16 19:24:58,middle
2025/11/16 19:24:58,corridor
2025/11/16 19:24:59,side
2025/11/16 19:29:42,corridor
2025/11/16 19:29:42,middle
2025/11/16 19:29:44,mid-sep
2025/11/16 19:30:14,middle
2025/11/16 19:30:26,mid-sep
2025/11/16 19:31:57,middle
2025/11/16 19:31:58,corridor
2025/11/16 19:32:03,side
2025/11/16 19:33:28,corridor
2025/11/16 19:33:28,middle
2025/11/16 19:33:29,mid-sep
2025/11/16 19:34:06,middle
2025/11/16 19:34:07,corridor
2025/11/16 19:34:15,middle
2025/11/16 19:34:17,mid-sep
2025/11/16 19:34:19,middle
2025/11/16 19:34:20,corridor
2025/11/16 19:34:20,side
2025/11/16 19:35:53,corridor
2025/11/16 19:35:54,middle
2025/11/16 19:35:57,mid-sep
2025/11/16 19:36:05,middle
2025/11/16 19:36:05,corridor
2025/11/16 19:36:05,side
2025/11/16 19:38:15,corridor
2025/11/16 19:38:16,middle
2025/11/16 19:38:17,mid-sep
2025/11/16 19:38:19,middle
2025/11/16 19:38:20,corridor
2025/11/16 19:38:20,side
2025/11/16 19:39:53,corridor
2025/11/16 19:39:58,middle
2025/11/16 19:39:59,corridor
2025/11/16 19:40:00,side
2025/11/16 19:45:42,corridor
2025/11/16 19:45:43,middle
2025/11/16 19:45:43,mid-sep
2025/11/16 19:46:10,middle
2025/11/16 19:46:10,corridor
2025/11/16 19:46:11,side
2025/11/16 19:47:17,corridor
2025/11/16 19:47:18,middle
2025/11/16 19:47:18,mid-sep
2025/11/16 19:47:37,middle
2025/11/16 19:49:45,corridor
2025/11/16 19:49:46,side
2025/11/16 19:54:22,corridor
2025/11/16 19:54:22,middle
2025/11/16 19:54:42,corridor
2025/11/16 19:54:44,side
2025/11/16 19:56:57,corridor
2025/11/16 19:56:57,middle
2025/11/16 19:57:46,corridor
2025/11/16 19:57:52,side
2025/11/16 19:58:12,corridor
2025/11/16 19:58:13,middle
2025/11/16 19:58:13,mid-sep
2025/11/16 19:58:14,middle
2025/11/16 19:58:17,corridor
2025/11/16 19:58:20,side
2025/11/16 19:58:44,corridor
2025/11/16 19:58:44,middle
2025/11/16 19:58:45,mid-sep
2025/11/16 19:58:45,middle
2025/11/16 19:59:47,corridor
2025/11/16 19:59:53,side
2025/11/16 20:00:20,corridor
2025/11/16 20:00:21,middle
2025/11/16 20:00:27,mid-sep
2025/11/16 20:00:29,middle
2025/11/16 20:00:29,corridor
2025/11/16 20:00:30,side
2025/11/16 20:01:38,corridor
2025/11/16 20:01:39,middle
2025/11/16 20:01:40,mid-sep
2025/11/16 20:01:55,middle
2025/11/16 20:02:24,corridor
2025/11/16 20:02:26,side
2025/11/16 20:04:23,corridor
2025/11/16 20:04:24,middle
2025/11/16 20:04:25,corridor
2025/11/16 20:04:26,side
2025/11/16 20:12:08,corridor
2025/11/16 20:12:09,middle
2025/11/16 20:12:11,mid-sep
2025/11/16 20:12:13,middle
2025/11/16 20:12:13,corridor
2025/11/16 20:12:15,side
2025/11/16 20:14:42,corridor
2025/11/16 20:14:42,middle
2025/11/16 20:14:42,mid-sep
2025/11/16 20:14:43,middle
2025/11/16 20:15:32,corridor
2025/11/16 20:15:33,side
2025/11/16 20:17:26,corridor
2025/11/16 20:17:26,middle
2025/11/16 20:17:26,mid-sep
2025/11/16 20:17:27,middle
2025/11/16 20:17:40,mid-sep
2025/11/16 20:17:47,middle
2025/11/16 20:17:47,corridor
2025/11/16 20:17:47,side
2025/11/16 20:21:27,corridor
2025/11/16 20:21:27,middle
2025/11/16 20:21:30,mid-sep
2025/11/16 20:21:52,middle
2025/11/16 20:21:52,corridor
2025/11/16 20:21:52,side
2025/11/16 20:22:54,corridor
2025/11/16 20:22:54,middle
2025/11/16 20:22:55,mid-sep
2025/11/16 20:22:55,middle
2025/11/16 20:23:03,mid-sep
2025/11/16 20:23:04,middle
2025/11/16 20:23:08,corridor
2025/11/16 20:23:09,side
2025/11/16 20:30:36,corridor
2025/11/16 20:30:37,middle
2025/11/16 20:31:50,mid-sep
2025/11/16 20:31:53,middle
2025/11/16 20:31:54,corridor
2025/11/16 20:31:57,side
2025/11/16 20:39:30,corridor
2025/11/16 20:39:30,middle
2025/11/16 20:39:31,mid-sep
2025/11/16 20:39:32,middle
2025/11/16 20:40:03,corridor
2025/11/16 20:40:04,side
2025/11/16 20:41:10,corridor
2025/11/16 20:41:11,middle
2025/11/16 20:41:12,mid-sep
2025/11/16 20:41:29,middle
2025/11/16 20:41:30,corridor
2025/11/16 20:41:33,side
2025/11/16 20:42:25,corridor
2025/11/16 20:42:26,middle
2025/11/16 20:42:27,mid-sep
2025/11/16 20:42:32,middle
2025/11/16 20:42:32,corridor
2025/11/16 20:42:32,side
2025/11/16 20:47:13,corridor
2025/11/16 20:47:14,middle
2025/11/16 20:47:16,mid-sep
2025/11/16 20:47:17,middle
2025/11/16 20:47:19,corridor
2025/11/16 20:47:19,side
2025/11/16 20:52:45,corridor
2025/11/16 20:52:45,middle
2025/11/16 20:53:59,mid-sep
2025/11/16 20:54:01,middle
2025/11/16 20:54:03,corridor
2025/11/16 20:54:06,side
2025/11/16 20:57:53,corridor
2025/11/16 20:57:54,middle
2025/11/16 20:58:29,corridor
2025/11/16 20:58:32,side
2025/11/16 21:00:23,corridor
2025/11/16 21:00:24,middle
2025/11/16 21:00:25,mid-sep
2025/11/16 21:00:26,middle
2025/11/16 21:00:27,corridor
2025/11/16 21:00:27,side
2025/11/16 21:05:44,corridor
2025/11/16 21:05:45,middle
2025/11/16 21:05:47,mid-sep
2025/11/16 21:06:00,middle
2025/11/16 21:06:01,corridor
2025/11/16 21:06:02,side
2025/11/16 21:15:48,corridor
2025/11/16 21:15:48,middle
2025/11/16 21:17:17,mid-sep
2025/11/16 21:17:18,middle
2025/11/16 21:17:21,corridor
2025/11/16 21:17:22,side
2025/11/16 21:19:12,corridor
2025/11/16 21:19:12,middle
2025/11/16 21:19:14,mid-sep
2025/11/16 21:19:15,middle
2025/11/16 21:19:20,corridor
2025/11/16 21:19:22,side
2025/11/16 21:29:01,corridor
2025/11/16 21:29:01,middle
2025/11/16 21:31:24,mid-sep
2025/11/16 21:31:26,middle
2025/11/16 21:31:27,corridor
2025/11/16 21:31:27,side
2025/11/16 21:40:42,corridor
2025/11/16 21:40:42,middle
2025/11/16 21:42:05,mid-sep
2025/11/16 21:42:07,middle
2025/11/16 21:42:09,corridor
2025/11/16 21:42:11,side
2025/11/16 21:47:09,corridor
2025/11/16 21:47:10,middle
2025/11/16 21:47:12,mid-sep
2025/11/16 21:47:19,middle
2025/11/16 21:47:22,corridor
2025/11/16 21:47:23,side
2025/11/16 21:50:41,corridor
2025/11/16 21:50:41,middle
2025/11/16 21:51:33,corridor
2025/11/16 21:51:36,side
2025/11/16 21:56:01,corridor
2025/11/16 21:56:01,middle
2025/11/16 21:56:03,mid-sep
2025/11/16 21:56:52,middle
2025/11/16 21:56:53,corridor
2025/11/16 21:56:53,side
2025/11/16 21:57:20,corridor
2025/11/16 21:57:21,middle
2025/11/16 21:57:51,mid-sep
2025/11/16 21:58:02,middle
2025/11/16 21:58:03,corridor
2025/11/16 21:58:03,side
2025/11/16 22:12:30,corridor
2025/11/16 22:12:32,middle
2025/11/16 22:12:35,mid-sep
2025/11/16 22:12:45,middle
2025/11/16 22:12:48,corridor
2025/11/16 22:12:49,side
2025/11/16 22:13:24,corridor
2025/11/16 22:13:25,middle
2025/11/16 22:13:25,mid-sep
2025/11/16 22:13:54,middle
2025/11/16 22:14:12,mid-sep
2025/11/16 22:14:29,middle
2025/11/16 22:14:55,mid-sep
2025/11/16 22:15:12,middle
2025/11/16 22:15:40,mid-sep
2025/11/16 22:15:50,middle
2025/11/16 22:16:47,corridor
2025/11/16 22:16:57,side
2025/11/16 22:18:24,corridor
2025/11/16 22:18:38,middle
2025/11/16 22:18:40,mid-sep
2025/11/16 22:18:42,middle
2025/11/16 22:18:43,corridor
2025/11/16 22:18:44,side
2025/11/16 22:19:00,corridor
2025/11/16 22:19:01,middle
2025/11/16 22:19:03,mid-sep
2025/11/16 22:19:16,middle
2025/11/16 22:19:17,corridor
2025/11/16 22:19:18,side
2025/11/16 22:24:54,corridor
2025/11/16 22:24:55,middle
2025/11/16 22:25:00,mid-sep
2025/11/16 22:25:28,middle
2025/11/16 22:27:33,mid-sep
2025/11/16 22:28:19,middle
2025/11/16 22:28:20,corridor
2025/11/16 22:28:21,side
2025/11/16 22:30:32,corridor
2025/11/16 22:30:35,middle
2025/11/16 22:30:36,mid-sep
2025/11/16 22:30:42,middle
2025/11/16 22:30:44,corridor
2025/11/16 22:30:45,side
2025/11/16 22:31:14,corridor
2025/11/16 22:31:15,middle
2025/11/16 22:32:03,mid-sep
2025/11/16 22:32:41,middle
2025/11/16 22:32:43,corridor
2025/11/16 22:32:44,side
2025/11/16 22:36:31,corridor
2025/11/16 22:36:45,side
2025/11/16 22:42:51,corridor
2025/11/16 22:42:53,middle
2025/11/16 22:43:00,mid-sep
2025/11/16 22:43:28,middle
2025/11/16 22:43:29,corridor
2025/11/16 22:43:32,side
2025/11/16 22:43:55,corridor
2025/11/16 22:43:59,middle
2025/11/16 22:44:02,mid-sep
2025/11/16 22:44:04,middle
2025/11/16 22:44:04,corridor
2025/11/16 22:44:05,side
2025/11/16 22:51:01,corridor
2025/11/16 22:51:03,middle
2025/11/16 22:51:28,mid-sep
2025/11/16 22:51:39,middle
2025/11/16 22:52:51,mid-sep
2025/11/16 22:53:05,middle
2025/11/16 22:53:12,corridor
2025/11/16 22:53:14,side
2025/11/16 22:53:38,corridor
2025/11/16 22:53:51,middle
2025/11/16 22:53:55,mid-sep
2025/11/16 22:54:04,middle
2025/11/16 22:54:28,corridor
2025/11/16 22:54:51,side
2025/11/16 22:55:05,corridor
2025/11/16 22:55:09,middle
2025/11/16 22:55:10,mid-sep
2025/11/16 22:55:12,middle
2025/11/16 22:55:12,corridor
2025/11/16 22:55:13,side
2025/11/16 22:56:29,corridor
2025/11/16 22:56:32,middle
2025/11/16 22:56:57,mid-sep
2025/11/16 22:57:02,middle
2025/11/16 22:57:03,corridor
2025/11/16 22:57:03,side
2025/11/16 23:01:31,corridor
2025/11/16 23:01:32,middle
2025/11/16 23:01:35,mid-sep
2025/11/16 23:02:10,middle
2025/11/16 23:03:41,corridor
2025/11/16 23:03:44,side
2025/11/16 23:04:59,corridor
2025/11/16 23:04:59,middle
2025/11/16 23:05:00,mid-sep
2025/11/16 23:05:08,middle
2025/11/16 23:05:18,corridor
2025/11/16 23:05:21,side
2025/11/16 23:11:13,corridor
2025/11/16 23:11:15,middle
2025/11/16 23:11:15,mid-sep
2025/11/16 23:11:16,middle
2025/11/16 23:11:49,corridor
2025/11/16 23:11:52,side
2025/11/16 23:12:16,corridor
2025/11/16 23:12:18,middle
2025/11/16 23:12:19,mid-sep
2025/11/16 23:12:27,middle
2025/11/16 23:14:17,corridor
2025/11/16 23:14:36,side
2025/11/16 23:20:08,corridor
2025/11/16 23:20:09,middle
2025/11/16 23:20:30,mid-sep
2025/11/16 23:20:33,middle
2025/11/16 23:20:35,corridor
2025/11/16 23:20:36,side
2025/11/16 23:27:00,corridor
2025/11/16 23:27:05,middle
2025/11/16 23:27:06,mid-sep
2025/11/16 23:27:06,middle
2025/11/16 23:27:07,corridor
2025/11/16 23:27:07,side
2025/11/16 23:28:55,corridor
2025/11/16 23:28:57,middle
2025/11/16 23:28:58,corridor
2025/11/16 23:28:58,side
2025/11/16 23:30:19,corridor
2025/11/16 23:30:20,middle
2025/11/16 23:30:20,mid-sep
2025/11/16 23:30:20,middle
2025/11/16 23:31:20,corridor
2025/11/16 23:31:22,side
2025/11/16 23:35:49,corridor
2025/11/16 23:35:50,middle
2025/11/16 23:35:53,corridor
2025/11/16 23:35:54,side
2025/11/16 23:38:20,corridor
2025/11/16 23:38:22,middle
2025/11/16 23:38:22,mid-sep
2025/11/16 23:38:46,middle
2025/11/16 23:38:48,corridor
2025/11/16 23:38:49,side
2025/11/16 23:41:15,corridor
2025/11/16 23:41:16,middle
2025/11/16 23:43:12,mid-sep
2025/11/16 23:43:13,middle
2025/11/16 23:43:28,mid-sep
2025/11/16 23:43:32,middle
2025/11/16 23:43:34,corridor
2025/11/16 23:43:34,side
2025/11/16 23:53:10,corridor
2025/11/16 23:53:11,middle
2025/11/16 23:53:11,mid-sep
2025/11/16 23:53:12,middle
2025/11/16 23:53:13,corridor
2025/11/16 23:53:13,side
2025/11/16 23:55:24,corridor
2025/11/16 23:55:24,middle
2025/11/16 23:55:24,mid-sep
2025/11/16 23:55:26,middle
2025/11/16 23:55:39,corridor
2025/11/16 23:55:40,side
2025/11/17 0:00:12,corridor
2025/11/17 0:00:12,middle
2025/11/17 0:00:13,mid-sep
2025/11/17 0:00:13,middle
2025/11/17 0:00:18,corridor
2025/11/17 0:00:18,side
2025/11/17 0:01:03,corridor
2025/11/17 0:01:04,middle
2025/11/17 0:01:06,corridor
2025/11/17 0:01:08,side
2025/11/17 0:04:14,corridor
2025/11/17 0:04:15,middle
2025/11/17 0:04:17,mid-sep
2025/11/17 0:04:38,middle
2025/11/17 0:04:57,mid-sep
2025/11/17 0:05:12,middle
2025/11/17 0:05:51,mid-sep
2025/11/17 0:07:06,middle
2025/11/17 0:07:07,corridor
2025/11/17 0:07:09,side
2025/11/17 0:07:28,corridor
2025/11/17 0:07:39,middle
2025/11/17 0:07:39,mid-sep
2025/11/17 0:07:52,middle
2025/11/17 0:07:57,mid-sep
2025/11/17 0:07:59,middle
2025/11/17 0:07:59,corridor
2025/11/17 0:08:00,side
2025/11/17 0:08:18,corridor
2025/11/17 0:08:19,middle
2025/11/17 0:08:19,mid-sep
2025/11/17 0:08:29,middle
2025/11/17 0:08:31,corridor
2025/11/17 0:08:32,side
2025/11/17 0:09:00,corridor
2025/11/17 0:09:07,middle
2025/11/17 0:09:13,mid-sep
2025/11/17 0:10:11,middle
2025/11/17 0:10:13,corridor
2025/11/17 0:10:14,side
2025/11/17 0:12:23,corridor
2025/11/17 0:12:24,middle
2025/11/17 0:12:25,mid-sep
2025/11/17 0:12:35,middle
2025/11/17 0:16:23,mid-sep
2025/11/17 0:16:40,middle
2025/11/17 0:16:51,corridor
2025/11/17 0:16:52,side
2025/11/17 0:19:38,corridor
2025/11/17 0:19:41,middle
2025/11/17 0:19:58,mid-sep
2025/11/17 0:20:14,middle
2025/11/17 0:20:16,corridor
2025/11/17 0:20:17,side
2025/11/17 0:24:24,corridor
2025/11/17 0:24:26,middle
2025/11/17 0:24:38,mid-sep
2025/11/17 0:24:40,middle
2025/11/17 0:25:10,corridor
2025/11/17 0:25:13,middle
2025/11/17 0:25:16,mid-sep
2025/11/17 0:25:46,middle
2025/11/17 0:26:46,mid-sep
2025/11/17 0:27:32,middle
2025/11/17 0:31:03,mid-sep
2025/11/17 0:31:10,middle
2025/11/17 0:31:14,corridor
2025/11/17 0:31:15,side
2025/11/17 0:32:35,corridor
2025/11/17 0:32:35,middle
2025/11/17 0:32:36,mid-sep
2025/11/17 0:32:44,middle
2025/11/17 0:32:46,corridor
2025/11/17 0:32:49,side
2025/11/17 0:34:07,corridor
2025/11/17 0:34:08,middle
2025/11/17 0:34:08,mid-sep
2025/11/17 0:34:34,middle
2025/11/17 0:34:34,corridor
2025/11/17 0:34:39,middle
2025/11/17 0:34:41,mid-sep
2025/11/17 0:35:04,middle
2025/11/17 0:35:26,mid-sep
2025/11/17 0:35:35,middle
2025/11/17 0:35:48,mid-sep
2025/11/17 0:35:53,middle
2025/11/17 0:36:23,corridor
2025/11/17 0:36:24,side
2025/11/17 0:37:31,corridor
2025/11/17 0:37:36,middle
2025/11/17 0:37:46,mid-sep
2025/11/17 0:39:04,middle
2025/11/17 0:39:10,corridor
2025/11/17 0:39:15,side
2025/11/17 0:40:01,corridor
2025/11/17 0:40:02,middle
2025/11/17 0:40:05,mid-sep
2025/11/17 0:40:41,middle
2025/11/17 0:40:53,mid-sep
2025/11/17 0:41:42,middle
2025/11/17 0:46:08,corridor
2025/11/17 0:46:22,side
2025/11/17 1:00:01,corridor
2025/11/17 1:00:03,middle
2025/11/17 1:00:05,mid-sep
2025/11/17 1:00:17,middle
2025/11/17 1:00:42,mid-sep
2025/11/17 1:00:47,middle
2025/11/17 1:01:00,mid-sep
2025/11/17 1:01:21,middle
2025/11/17 1:01:24,corridor
2025/11/17 1:01:27,side
2025/11/17 1:02:04,corridor
2025/11/17 1:02:05,middle
2025/11/17 1:02:07,mid-sep
2025/11/17 1:02:47,middle
2025/11/17 1:03:46,corridor
2025/11/17 1:03:48,side
2025/11/17 1:05:38,corridor
2025/11/17 1:05:39,middle
2025/11/17 1:05:41,mid-sep
2025/11/17 1:05:43,middle
2025/11/17 1:05:43,corridor
2025/11/17 1:05:44,side
2025/11/17 2:39:59,corridor
2025/11/17 2:40:00,middle
2025/11/17 2:40:03,mid-sep
2025/11/17 2:40:23,middle
2025/11/17 2:40:26,mid-sep
2025/11/17 2:40:41,middle
2025/11/17 2:41:22,mid-sep
2025/11/17 2:41:33,middle
2025/11/17 2:41:50,mid-sep
2025/11/17 2:42:08,middle
2025/11/17 2:45:25,mid-sep
2025/11/17 2:46:11,middle
2025/11/17 2:46:12,corridor
2025/11/17 2:46:18,side
2025/11/17 2:46:58,corridor
2025/11/17 2:46:59,middle
2025/11/17 2:46:59,mid-sep
2025/11/17 2:47:27,middle
2025/11/17 2:47:40,corridor
2025/11/17 2:48:59,middle
2025/11/17 2:51:00,mid-sep
2025/11/17 2:51:18,middle
2025/11/17 2:53:44,mid-sep
2025/11/17 2:53:56,middle
2025/11/17 2:54:26,mid-sep
2025/11/17 2:55:02,middle
2025/11/17 2:55:41,corridor
2025/11/17 2:55:56,side
2025/11/17 2:57:43,corridor
2025/11/17 2:57:43,middle
2025/11/17 2:57:44,mid-sep
2025/11/17 2:57:57,middle
2025/11/17 2:58:03,mid-sep
2025/11/17 2:58:20,middle
2025/11/17 2:59:27,corridor
2025/11/17 2:59:42,middle
2025/11/17 3:03:35,corridor
2025/11/17 3:03:36,side
2025/11/17 3:04:58,corridor
2025/11/17 3:04:58,middle
2025/11/17 3:05:00,mid-sep
2025/11/17 3:05:05,middle
2025/11/17 3:05:06,corridor
2025/11/17 3:05:21,side
2025/11/17 4:21:21,corridor
2025/11/17 4:21:22,middle
2025/11/17 4:21:25,mid-sep
2025/11/17 4:21:53,middle
2025/11/17 4:22:04,mid-sep
2025/11/17 4:22:10,middle
2025/11/17 4:22:29,mid-sep
2025/11/17 4:22:44,middle
2025/11/17 4:23:09,mid-sep
2025/11/17 4:23:11,middle
2025/11/17 4:23:14,corridor
2025/11/17 4:23:16,side
2025/11/17 4:23:50,corridor
2025/11/17 4:23:50,middle
2025/11/17 4:23:52,mid-sep
2025/11/17 4:24:02,middle
2025/11/17 4:26:33,corridor
2025/11/17 4:26:44,middle
2025/11/17 4:26:46,mid-sep
2025/11/17 4:27:00,middle
2025/11/17 4:27:13,mid-sep
2025/11/17 4:27:25,middle
2025/11/17 4:27:31,mid-sep
2025/11/17 4:27:42,middle
2025/11/17 4:27:48,mid-sep
2025/11/17 4:28:00,middle
2025/11/17 4:30:02,mid-sep
2025/11/17 4:30:21,middle
2025/11/17 4:30:22,corridor
2025/11/17 4:30:28,side
2025/11/17 4:38:32,corridor
2025/11/17 4:38:32,middle
2025/11/17 4:38:33,mid-sep
2025/11/17 4:38:35,middle
2025/11/17 4:38:36,corridor
2025/11/17 4:38:38,side
2025/11/17 5:24:20,corridor
2025/11/17 5:24:21,middle
2025/11/17 5:24:24,mid-sep
2025/11/17 5:25:04,middle
2025/11/17 5:25:12,mid-sep
2025/11/17 5:25:17,middle
2025/11/17 5:27:34,mid-sep
2025/11/17 5:28:17,middle
2025/11/17 5:29:18,mid-sep
2025/11/17 5:29:24,middle
2025/11/17 5:29:53,mid-sep
2025/11/17 5:30:03,middle
2025/11/17 5:30:15,mid-sep
2025/11/17 5:30:36,middle
2025/11/17 5:30:37,corridor
2025/11/17 5:30:42,side
2025/11/17 5:31:20,corridor
2025/11/17 5:31:21,middle
2025/11/17 5:31:23,mid-sep
2025/11/17 5:31:50,middle
2025/11/17 5:32:21,mid-sep
2025/11/17 5:32:28,middle
2025/11/17 5:33:18,mid-sep
2025/11/17 5:34:27,middle
2025/11/17 5:34:30,corridor
2025/11/17 5:34:33,side
2025/11/17 5:34:40,corridor
2025/11/17 5:34:41,middle
2025/11/17 5:34:44,mid-sep
2025/11/17 5:34:55,middle
2025/11/17 5:35:25,mid-sep
2025/11/17 5:35:28,middle
2025/11/17 5:35:51,corridor
2025/11/17 5:36:09,side
2025/11/17 5:36:31,corridor
2025/11/17 5:36:32,middle
2025/11/17 5:36:33,mid-sep
2025/11/17 5:36:36,middle
2025/11/17 5:36:37,corridor
2025/11/17 5:36:40,side
2025/11/17 5:37:20,corridor
2025/11/17 5:37:21,middle
2025/11/17 5:37:21,mid-sep
2025/11/17 5:37:43,middle
2025/11/17 5:37:49,mid-sep
2025/11/17 5:38:22,middle
2025/11/17 5:38:27,corridor
2025/11/17 5:38:34,side
2025/11/17 5:38:48,corridor
2025/11/17 5:38:51,middle
2025/11/17 5:38:52,mid-sep
2025/11/17 5:38:54,middle
2025/11/17 5:38:55,corridor
2025/11/17 5:38:58,side
2025/11/17 5:42:26,corridor
2025/11/17 5:42:27,middle
2025/11/17 5:42:30,mid-sep
2025/11/17 5:43:04,middle
2025/11/17 5:43:05,corridor
2025/11/17 5:43:23,side
2025/11/17 5:49:14,corridor
2025/11/17 5:49:16,middle
2025/11/17 5:49:19,mid-sep
2025/11/17 5:49:28,middle
2025/11/17 5:49:29,corridor
2025/11/17 5:49:30,side
2025/11/17 5:49:43,corridor
2025/11/17 5:49:45,middle
2025/11/17 5:49:46,mid-sep
2025/11/17 5:49:47,middle
2025/11/17 5:49:49,side
2025/11/17 5:50:31,corridor
2025/11/17 5:50:32,middle
2025/11/17 5:52:19,mid-sep
2025/11/17 5:52:25,middle
2025/11/17 5:52:45,mid-sep
2025/11/17 5:53:00,middle
2025/11/17 5:53:19,corridor
2025/11/17 5:53:35,side
2025/11/17 5:53:37,corridor
2025/11/17 5:53:39,middle
2025/11/17 5:53:39,mid-sep
2025/11/17 5:54:00,middle
2025/11/17 5:54:23,mid-sep
2025/11/17 5:54:34,middle
2025/11/17 5:54:53,mid-sep
2025/11/17 5:55:06,middle
2025/11/17 5:55:07,corridor
2025/11/17 5:55:09,side
2025/11/17 5:55:57,corridor
2025/11/17 5:55:58,middle
2025/11/17 5:56:14,mid-sep
2025/11/17 5:56:24,middle
2025/11/17 5:56:25,corridor
2025/11/17 5:56:28,side
2025/11/17 5:56:50,corridor
2025/11/17 5:56:50,middle
2025/11/17 5:58:56,mid-sep
2025/11/17 5:59:01,middle
2025/11/17 6:01:07,mid-sep
2025/11/17 6:01:16,middle
2025/11/17 6:01:17,corridor
2025/11/17 6:01:20,side
2025/11/17 6:02:01,corridor
2025/11/17 6:02:02,middle
2025/11/17 6:02:02,mid-sep
2025/11/17 6:03:39,middle
2025/11/17 6:04:43,corridor
2025/11/17 6:04:45,side
2025/11/17 6:05:42,corridor
2025/11/17 6:05:42,middle
2025/11/17 6:05:43,mid-sep
2025/11/17 6:05:52,middle
2025/11/17 6:06:05,corridor
2025/11/17 6:06:07,side
2025/11/17 6:07:37,corridor
2025/11/17 6:07:39,middle
2025/11/17 6:07:45,mid-sep
2025/11/17 6:08:02,middle
2025/11/17 6:09:24,corridor
2025/11/17 6:09:26,side
2025/11/17 6:15:45,corridor
2025/11/17 6:15:45,middle
2025/11/17 6:15:47,mid-sep
2025/11/17 6:15:54,middle
2025/11/17 6:17:00,mid-sep
2025/11/17 6:17:02,middle
2025/11/17 6:17:07,mid-sep
2025/11/17 6:17:13,middle
2025/11/17 6:17:14,corridor
2025/11/17 6:17:33,middle
2025/11/17 6:17:34,mid-sep
2025/11/17 6:17:45,middle
2025/11/17 6:17:46,corridor
2025/11/17 6:17:48,side
2025/11/17 6:35:35,corridor
2025/11/17 6:35:35,middle
2025/11/17 6:35:35,mid-sep
2025/11/17 6:35:36,middle
2025/11/17 6:35:37,corridor
2025/11/17 6:35:46,side
2025/11/17 6:36:07,corridor
2025/11/17 6:36:07,middle
2025/11/17 6:36:07,mid-sep
2025/11/17 6:36:09,middle
2025/11/17 6:37:16,corridor
2025/11/17 6:37:31,side
2025/11/17 7:27:04,corridor
2025/11/17 7:27:04,middle
2025/11/17 7:27:05,mid-sep
2025/11/17 7:27:15,middle
2025/11/17 7:27:21,mid-sep
2025/11/17 7:27:49,middle
2025/11/17 7:29:11,mid-sep
2025/11/17 7:29:30,middle
2025/11/17 7:29:45,middle
2025/11/17 7:30:23,mid-sep
2025/11/17 7:30:42,middle
2025/11/17 7:30:47,mid-sep
2025/11/17 7:31:33,middle
2025/11/17 7:31:52,mid-sep
2025/11/17 7:32:12,middle
2025/11/17 7:32:15,corridor
2025/11/17 7:32:17,side
2025/11/17 7:34:42,corridor
2025/11/17 7:34:43,middle
2025/11/17 7:35:12,mid-sep
2025/11/17 7:35:23,middle
2025/11/17 7:35:27,corridor
2025/11/17 7:35:29,side
2025/11/17 7:35:49,corridor
2025/11/17 7:35:50,middle
2025/11/17 7:35:50,mid-sep
2025/11/17 7:37:02,middle
2025/11/17 7:38:42,mid-sep
2025/11/17 7:39:10,middle
2025/11/17 7:39:14,corridor
2025/11/17 7:39:17,side
2025/11/17 7:39:36,corridor
2025/11/17 7:39:37,middle
2025/11/17 7:39:37,mid-sep
2025/11/17 7:40:02,middle
2025/11/17 7:40:19,mid-sep
2025/11/17 7:40:59,middle
2025/11/17 7:41:14,corridor
2025/11/17 7:41:15,side
2025/11/17 7:45:24,corridor
2025/11/17 7:45:25,middle
2025/11/17 7:45:25,mid-sep
2025/11/17 7:45:28,middle
2025/11/17 7:46:15,mid-sep
2025/11/17 7:46:28,middle
2025/11/17 7:48:03,mid-sep
2025/11/17 7:48:32,middle
2025/11/17 7:48:40,mid-sep
2025/11/17 7:48:45,middle
2025/11/17 7:48:48,corridor
2025/11/17 7:48:50,side
2025/11/17 7:53:31,corridor
2025/11/17 7:53:32,middle
2025/11/17 7:53:32,mid-sep
2025/11/17 7:53:35,middle
2025/11/17 7:55:49,mid-sep
2025/11/17 7:56:33,middle
2025/11/17 7:56:48,mid-sep
2025/11/17 7:57:15,middle
2025/11/17 7:57:21,mid-sep
2025/11/17 7:57:53,middle
2025/11/17 7:58:26,corridor
2025/11/17 7:58:33,side
2025/11/17 9:14:27,corridor
2025/11/17 9:14:27,middle
2025/11/17 9:14:28,mid-sep
2025/11/17 9:14:29,middle
2025/11/17 9:17:31,mid-sep
2025/11/17 9:17:41,middle
2025/11/17 9:17:44,mid-sep
2025/11/17 9:18:14,middle
2025/11/17 9:18:30,mid-sep
2025/11/17 9:18:56,middle
2025/11/17 9:19:00,mid-sep
2025/11/17 9:19:18,middle
2025/11/17 9:19:19,corridor
2025/11/17 9:19:23,side
2025/11/17 9:25:14,corridor
2025/11/17 9:25:14,middle
2025/11/17 9:25:15,mid-sep
2025/11/17 9:26:14,middle
2025/11/17 9:28:04,corridor
2025/11/17 9:28:06,side
2025/11/17 9:53:42,corridor
2025/11/17 9:53:44,middle
2025/11/17 9:53:46,mid-sep
2025/11/17 9:54:15,middle
2025/11/17 9:54:26,mid-sep
2025/11/17 9:54:41,middle
2025/11/17 9:54:47,mid-sep
2025/11/17 9:55:18,middle
2025/11/17 9:55:19,corridor
2025/11/17 9:55:20,side
2025/11/17 9:57:32,corridor
2025/11/17 9:57:32,middle
2025/11/17 9:58:31,corridor
2025/11/17 9:58:38,side
2025/11/17 9:59:04,corridor
2025/11/17 9:59:05,middle
2025/11/17 9:59:12,mid-sep
2025/11/17 9:59:41,middle
2025/11/17 10:01:27,mid-sep
2025/11/17 10:01:40,middle
2025/11/17 10:01:51,mid-sep
2025/11/17 10:02:00,middle
2025/11/17 10:02:08,mid-sep
2025/11/17 10:02:41,middle
2025/11/17 10:02:53,mid-sep
2025/11/17 10:02:56,middle
2025/11/17 10:02:57,corridor
2025/11/17 10:02:57,side
2025/11/17 11:29:12,corridor
2025/11/17 11:29:13,middle
2025/11/17 11:29:13,mid-sep
2025/11/17 11:29:17,middle
2025/11/17 11:29:29,mid-sep
2025/11/17 11:29:35,middle
2025/11/17 11:29:57,mid-sep
2025/11/17 11:30:01,middle
2025/11/17 11:33:13,mid-sep
2025/11/17 11:33:25,middle
2025/11/17 11:33:39,mid-sep
2025/11/17 11:33:58,middle
2025/11/17 11:34:14,corridor
2025/11/17 11:34:15,side
2025/11/17 14:12:18,corridor
2025/11/17 14:12:20,middle
2025/11/17 14:12:21,mid-sep
2025/11/17 14:12:25,middle
2025/11/17 14:13:52,mid-sep
2025/11/17 14:13:59,middle
2025/11/17 14:14:14,corridor
2025/11/17 14:14:15,side
2025/11/17 14:17:24,corridor
2025/11/17 14:17:25,middle
2025/11/17 14:19:38,mid-sep
2025/11/17 14:19:55,middle
2025/11/17 14:20:02,corridor
2025/11/17 14:20:03,side
2025/11/17 15:15:27,corridor
2025/11/17 15:15:28,middle
2025/11/17 15:15:29,mid-sep
2025/11/17 15:15:31,middle
2025/11/17 15:15:40,corridor
2025/11/17 15:15:40,side
2025/11/17 16:30:46,corridor
2025/11/17 16:30:46,middle
2025/11/17 16:30:51,mid-sep
2025/11/17 16:31:01,middle
2025/11/17 16:33:11,mid-sep
2025/11/17 16:33:57,middle
2025/11/17 16:34:04,corridor
2025/11/17 16:34:08,side
2025/11/17 16:34:13,corridor
2025/11/17 16:34:13,middle
2025/11/17 16:34:15,mid-sep
2025/11/17 16:34:17,middle
2025/11/17 16:34:34,corridor
2025/11/17 16:34:35,side
2025/11/17 16:34:36,corridor
2025/11/17 16:35:24,middle
2025/11/17 16:35:30,mid-sep
2025/11/17 16:35:32,middle
2025/11/17 16:35:59,corridor
2025/11/17 16:36:01,middle
2025/11/17 16:36:52,mid-sep
2025/11/17 16:37:43,middle
2025/11/17 16:40:43,mid-sep
2025/11/17 16:41:10,middle
2025/11/17 16:41:25,corridor
2025/11/17 16:41:25,side
2025/11/17 17:45:18,corridor
2025/11/17 17:45:18,middle
2025/11/17 17:46:06,mid-sep
2025/11/17 17:46:14,middle
2025/11/17 17:47:15,mid-sep
2025/11/17 17:47:19,middle
2025/11/17 17:49:27,corridor
2025/11/17 17:50:31,side
2025/11/17 17:50:55,corridor
2025/11/17 17:50:56,middle
2025/11/17 17:50:59,mid-sep
2025/11/17 17:51:04,middle
2025/11/17 17:51:16,corridor
2025/11/17 17:51:35,side
2025/11/17 18:18:50,corridor
2025/11/17 18:18:52,middle
2025/11/17 18:18:52,mid-sep
2025/11/17 18:19:03,middle
2025/11/17 18:19:42,mid-sep
2025/11/17 18:20:24,middle
2025/11/17 18:20:56,corridor
2025/11/17 18:21:50,side
2025/11/17 18:25:38,corridor
2025/11/17 18:25:39,middle
2025/11/17 18:25:41,mid-sep
2025/11/17 18:26:15,middle
2025/11/17 18:26:17,corridor
2025/11/17 18:26:18,side
2025/11/17 18:29:11,corridor
2025/11/17 18:29:15,middle
2025/11/17 18:29:18,mid-sep
2025/11/17 18:29:38,middle
2025/11/17 18:29:39,corridor
2025/11/17 18:29:39,side
2025/11/17 18:30:13,corridor
2025/11/17 18:30:13,middle
2025/11/17 18:35:28,mid-sep
2025/11/17 18:35:49,middle
2025/11/17 18:35:51,corridor
2025/11/17 18:35:51,side
2025/11/17 18:51:19,corridor
2025/11/17 18:51:19,middle
2025/11/17 18:51:20,mid-sep
2025/11/17 18:51:27,middle
2025/11/17 18:51:51,corridor
2025/11/17 18:51:54,side
2025/11/17 18:58:51,corridor
2025/11/17 18:58:51,middle
2025/11/17 18:58:53,mid-sep
2025/11/17 18:58:57,middle
2025/11/17 18:58:58,corridor
2025/11/17 18:58:59,side
2025/11/17 19:02:23,corridor
2025/11/17 19:02:23,middle
2025/11/17 19:02:25,mid-sep
2025/11/17 19:02:38,middle
2025/11/17 19:02:40,corridor
2025/11/17 19:02:41,side
2025/11/17 19:03:12,corridor
2025/11/17 19:03:12,middle
2025/11/17 19:03:13,mid-sep
2025/11/17 19:03:41,middle
2025/11/17 19:05:53,corridor
2025/11/17 19:06:02,side
2025/11/17 19:06:40,corridor
2025/11/17 19:06:41,middle
2025/11/17 19:06:41,mid-sep
2025/11/17 19:06:59,middle
2025/11/17 19:07:00,corridor
2025/11/17 19:07:00,side
2025/11/17 19:12:28,corridor
2025/11/17 19:12:30,middle
2025/11/17 19:12:30,mid-sep
2025/11/17 19:12:32,middle
2025/11/17 19:13:53,corridor
2025/11/17 19:13:59,side
2025/11/17 19:21:20,corridor
2025/11/17 19:21:21,middle
2025/11/17 19:21:23,mid-sep
2025/11/17 19:21:52,middle
2025/11/17 19:21:53,corridor
2025/11/17 19:21:54,side
2025/11/17 19:29:31,corridor
2025/11/17 19:29:32,middle
2025/11/17 19:30:04,mid-sep
2025/11/17 19:30:08,middle
2025/11/17 19:30:19,mid-sep
2025/11/17 19:30:25,middle
2025/11/17 19:30:37,mid-sep
2025/11/17 19:31:03,middle
2025/11/17 19:31:03,corridor
2025/11/17 19:31:05,side
2025/11/17 19:39:37,corridor
2025/11/17 19:39:37,middle
2025/11/17 19:39:38,mid-sep
2025/11/17 19:39:50,middle
2025/11/17 19:39:50,corridor
2025/11/17 19:39:51,side
2025/11/17 19:41:58,corridor
2025/11/17 19:41:59,middle
2025/11/17 19:42:00,mid-sep
2025/11/17 19:42:26,middle
2025/11/17 19:42:26,corridor
2025/11/17 19:42:27,side
2025/11/17 19:43:37,corridor
2025/11/17 19:43:38,middle
2025/11/17 19:43:38,mid-sep
2025/11/17 19:43:41,middle
2025/11/17 19:43:46,corridor
2025/11/17 19:44:47,side
2025/11/17 19:47:17,middle
2025/11/17 19:47:18,mid-sep
2025/11/17 19:47:18,middle
2025/11/17 19:48:08,mid-sep
2025/11/17 19:48:21,middle
2025/11/17 19:48:29,mid-sep
2025/11/17 19:48:33,middle
2025/11/17 19:50:38,corridor
2025/11/17 19:50:43,side
2025/11/17 19:57:49,corridor
2025/11/17 19:57:50,middle
2025/11/17 19:57:51,mid-sep
2025/11/17 19:57:51,middle
2025/11/17 19:57:53,corridor
2025/11/17 19:58:17,side
2025/11/17 20:01:09,corridor
2025/11/17 20:01:09,middle
2025/11/17 20:04:14,mid-sep
2025/11/17 20:04:15,middle
2025/11/17 20:04:16,corridor
2025/11/17 20:04:27,side
2025/11/17 20:07:26,corridor
2025/11/17 20:07:26,middle
2025/11/17 20:07:26,corridor
2025/11/17 20:07:26,side
2025/11/17 20:14:24,corridor
2025/11/17 20:14:26,middle
2025/11/17 20:14:27,mid-sep
2025/11/17 20:14:28,middle
2025/11/17 20:14:40,mid-sep
2025/11/17 20:14:45,middle
2025/11/17 20:14:45,corridor
2025/11/17 20:14:46,side
2025/11/17 20:21:40,corridor
2025/11/17 20:21:41,middle
2025/11/17 20:21:44,corridor
2025/11/17 20:21:45,side
2025/11/17 20:24:49,corridor
2025/11/17 20:24:50,middle
2025/11/17 20:26:00,corridor
2025/11/17 20:26:02,side
2025/11/17 20:28:27,corridor
2025/11/17 20:28:27,middle
2025/11/17 20:28:28,mid-sep
2025/11/17 20:28:33,middle
2025/11/17 20:28:34,corridor
2025/11/17 20:28:34,side
2025/11/17 20:31:28,corridor
2025/11/17 20:31:29,middle
2025/11/17 20:31:47,corridor
2025/11/17 20:31:47,side
2025/11/17 20:39:58,corridor
2025/11/17 20:40:02,middle
2025/11/17 20:40:06,mid-sep
2025/11/17 20:40:14,middle
2025/11/17 20:40:14,corridor
2025/11/17 20:40:15,side
2025/11/17 20:46:06,corridor
2025/11/17 20:46:07,middle
2025/11/17 20:46:44,mid-sep
2025/11/17 20:46:46,middle
2025/11/17 20:46:47,corridor
2025/11/17 20:46:47,side
2025/11/17 20:52:36,corridor
2025/11/17 20:52:36,middle
2025/11/17 20:52:45,mid-sep
2025/11/17 20:52:58,middle
2025/11/17 20:52:58,corridor
2025/11/17 20:52:59,side
2025/11/17 20:56:57,corridor
2025/11/17 20:56:58,middle
2025/11/17 20:57:13,mid-sep
2025/11/17 20:57:45,middle
2025/11/17 20:57:57,corridor
2025/11/17 20:58:10,side
2025/11/17 21:04:24,middle
2025/11/17 21:04:24,mid-sep
2025/11/17 21:04:26,middle
2025/11/17 21:04:44,corridor
2025/11/17 21:04:44,side
2025/11/17 21:15:55,middle
2025/11/17 21:15:56,mid-sep
2025/11/17 21:16:01,middle
2025/11/17 21:16:01,corridor
2025/11/17 21:16:02,side
2025/11/17 21:19:44,corridor
2025/11/17 21:19:44,middle
2025/11/17 21:20:51,corridor
2025/11/17 21:21:13,side
2025/11/17 21:21:37,corridor
2025/11/17 21:21:38,middle
2025/11/17 21:21:40,mid-sep
2025/11/17 21:21:51,middle
2025/11/17 21:21:54,corridor
2025/11/17 21:21:55,side
2025/11/17 21:26:09,corridor
2025/11/17 21:26:10,middle
2025/11/17 21:26:34,mid-sep
2025/11/17 21:27:11,middle
2025/11/17 21:27:13,corridor
2025/11/17 21:27:14,side
2025/11/17 21:33:19,corridor
2025/11/17 21:33:19,middle
2025/11/17 21:37:28,corridor
2025/11/17 21:38:22,side
2025/11/17 21:45:34,corridor
2025/11/17 21:45:34,middle
2025/11/17 21:45:52,mid-sep
2025/11/17 21:45:55,middle
2025/11/17 21:45:55,corridor
2025/11/17 21:45:57,side
2025/11/17 21:50:44,middle
2025/11/17 21:50:48,mid-sep
2025/11/17 21:51:00,middle
2025/11/17 21:51:00,corridor
2025/11/17 21:51:02,side
2025/11/17 21:57:58,corridor
2025/11/17 21:57:59,middle
2025/11/17 21:59:22,corridor
2025/11/17 21:59:24,side
2025/11/17 22:06:03,corridor
2025/11/17 22:06:03,mid-sep
2025/11/17 22:06:03,side
2025/11/17 22:11:38,corridor
2025/11/17 22:11:38,middle
2025/11/17 22:16:04,mid-sep
2025/11/17 22:16:34,middle
2025/11/17 22:16:35,corridor
2025/11/17 22:16:36,side
2025/11/17 22:21:27,corridor
2025/11/17 22:21:29,middle
2025/11/17 22:21:31,mid-sep
2025/11/17 22:21:36,middle
2025/11/17 22:21:39,corridor
2025/11/17 22:21:40,side
2025/11/17 22:23:57,corridor
2025/11/17 22:23:58,middle
2025/11/17 22:23:59,mid-sep
2025/11/17 22:24:24,middle
2025/11/17 22:26:57,mid-sep
2025/11/17 22:27:12,middle
2025/11/17 22:27:19,corridor
2025/11/17 22:27:22,side
2025/11/17 22:40:18,corridor
2025/11/17 22:40:21,middle
2025/11/17 22:40:28,mid-sep
2025/11/17 22:40:41,middle
2025/11/17 22:41:14,mid-sep
2025/11/17 22:41:18,middle
2025/11/17 22:41:19,corridor
2025/11/17 22:41:21,side
2025/11/17 22:47:10,corridor
2025/11/17 22:47:11,middle
2025/11/17 22:47:11,mid-sep
2025/11/17 22:47:12,middle
2025/11/17 22:47:21,corridor
2025/11/17 22:47:25,side
2025/11/17 22:51:35,corridor
2025/11/17 22:51:35,middle
2025/11/17 22:51:38,mid-sep
2025/11/17 22:51:49,middle
2025/11/17 22:51:49,corridor
2025/11/17 22:51:50,side
2025/11/17 22:54:22,corridor
2025/11/17 22:54:22,middle
2025/11/17 22:54:24,mid-sep
2025/11/17 22:54:41,middle
2025/11/17 22:56:33,mid-sep
2025/11/17 22:56:41,middle
2025/11/17 22:56:42,corridor
2025/11/17 22:56:44,side
2025/11/17 22:59:49,corridor
2025/11/17 22:59:51,middle
2025/11/17 22:59:52,mid-sep
2025/11/17 22:59:57,middle
2025/11/17 22:59:58,corridor
2025/11/17 22:59:58,side
2025/11/17 23:05:34,corridor
2025/11/17 23:05:34,middle
2025/11/17 23:05:35,mid-sep
2025/11/17 23:05:35,middle
2025/11/17 23:06:08,corridor
2025/11/17 23:06:10,side
2025/11/17 23:08:45,corridor
2025/11/17 23:08:46,middle
2025/11/17 23:08:49,mid-sep
2025/11/17 23:09:18,middle
2025/11/17 23:09:19,corridor
2025/11/17 23:09:20,side
2025/11/17 23:09:39,corridor
2025/11/17 23:09:40,middle
2025/11/17 23:09:43,mid-sep
2025/11/17 23:09:49,middle
2025/11/17 23:09:52,corridor
2025/11/17 23:09:52,side
2025/11/17 23:13:12,corridor
2025/11/17 23:13:13,middle
2025/11/17 23:13:14,mid-sep
2025/11/17 23:13:14,middle
2025/11/17 23:16:26,corridor
2025/11/17 23:16:28,side
2025/11/17 23:17:49,corridor
2025/11/17 23:17:49,middle
2025/11/17 23:17:50,mid-sep
2025/11/17 23:17:58,middle
2025/11/17 23:17:58,side
2025/11/17 23:27:41,middle
2025/11/17 23:27:42,mid-sep
2025/11/17 23:27:46,middle
2025/11/17 23:27:57,corridor
2025/11/17 23:27:59,side
2025/11/17 23:28:22,corridor
2025/11/17 23:28:23,middle
2025/11/17 23:28:23,mid-sep
2025/11/17 23:28:43,middle
2025/11/17 23:29:24,mid-sep
2025/11/17 23:29:35,middle
2025/11/17 23:29:41,mid-sep
2025/11/17 23:29:58,middle
2025/11/17 23:31:37,mid-sep
2025/11/17 23:31:53,middle
2025/11/17 23:31:58,corridor
2025/11/17 23:31:59,side
2025/11/17 23:32:31,corridor
2025/11/17 23:32:34,middle
2025/11/17 23:32:34,mid-sep
2025/11/17 23:33:06,middle
2025/11/17 23:33:17,mid-sep
2025/11/17 23:33:43,middle
2025/11/17 23:33:45,side
2025/11/17 23:39:53,corridor
2025/11/17 23:39:54,middle
2025/11/17 23:39:54,mid-sep
2025/11/17 23:40:09,middle
2025/11/17 23:40:10,corridor
2025/11/17 23:40:12,side
2025/11/17 23:42:28,corridor
2025/11/17 23:42:29,middle
2025/11/17 23:42:29,mid-sep
2025/11/17 23:42:54,middle
2025/11/17 23:43:09,mid-sep
2025/11/17 23:43:27,middle
2025/11/17 23:43:27,corridor
2025/11/17 23:43:28,side
2025/11/17 23:43:57,corridor
2025/11/17 23:43:57,middle
2025/11/17 23:44:00,mid-sep
2025/11/17 23:44:03,middle
2025/11/17 23:44:09,corridor
2025/11/17 23:44:09,side
2025/11/17 23:45:38,corridor
2025/11/17 23:45:39,middle
2025/11/17 23:45:39,mid-sep
2025/11/17 23:45:43,middle
2025/11/17 23:46:18,mid-sep
2025/11/17 23:46:48,middle
2025/11/17 23:47:05,mid-sep
2025/11/17 23:47:23,middle
2025/11/17 23:47:37,mid-sep
2025/11/17 23:47:55,middle
2025/11/17 23:48:42,mid-sep
2025/11/17 23:48:52,middle
2025/11/17 23:49:08,corridor
2025/11/17 23:49:15,side
2025/11/17 23:50:52,corridor
2025/11/17 23:50:52,middle
2025/11/17 23:50:53,mid-sep
2025/11/17 23:51:20,middle
2025/11/17 23:51:21,corridor
2025/11/17 23:51:22,side
2025/11/17 23:52:47,middle
2025/11/17 23:52:48,mid-sep
2025/11/17 23:52:50,middle
2025/11/18 0:00:07,corridor
2025/11/18 0:00:10,side
2025/11/18 0:01:29,corridor
2025/11/18 0:01:29,middle
2025/11/18 0:01:30,mid-sep
2025/11/18 0:01:31,middle
2025/11/18 0:04:11,mid-sep
2025/11/18 0:04:24,middle
2025/11/18 0:04:37,corridor
2025/11/18 0:04:40,side
2025/11/18 0:10:29,corridor
2025/11/18 0:10:29,middle
2025/11/18 0:10:30,mid-sep
2025/11/18 0:10:48,middle
2025/11/18 0:10:49,corridor
2025/11/18 0:10:49,side
2025/11/18 0:46:59,corridor
2025/11/18 0:47:00,middle
2025/11/18 0:47:14,mid-sep
2025/11/18 0:47:20,middle
2025/11/18 0:47:36,mid-sep
2025/11/18 0:47:42,middle
2025/11/18 0:47:45,side
2025/11/18 0:48:13,corridor
2025/11/18 0:48:14,middle
2025/11/18 0:48:37,mid-sep
2025/11/18 0:48:56,middle
2025/11/18 0:51:19,mid-sep
2025/11/18 0:52:05,middle
2025/11/18 0:52:11,mid-sep
2025/11/18 0:52:21,middle
2025/11/18 0:52:26,side
2025/11/18 1:00:24,corridor
2025/11/18 1:00:25,middle
2025/11/18 1:00:26,mid-sep
2025/11/18 1:01:06,middle
2025/11/18 1:01:20,mid-sep
2025/11/18 1:01:26,middle
2025/11/18 1:01:43,corridor
2025/11/18 1:01:44,side
2025/11/18 2:11:57,corridor
2025/11/18 2:11:57,side
2025/11/18 2:11:57,middle
2025/11/18 2:12:00,mid-sep
2025/11/18 2:12:11,middle
2025/11/18 2:13:15,corridor
2025/11/18 2:13:16,side
2025/11/18 2:21:13,corridor
2025/11/18 2:21:14,middle
2025/11/18 2:21:14,mid-sep
2025/11/18 2:21:18,middle
2025/11/18 2:22:35,corridor
2025/11/18 2:22:36,side
2025/11/18 2:26:41,corridor
2025/11/18 2:26:42,middle
2025/11/18 2:30:47,corridor
2025/11/18 2:30:54,side
2025/11/18 2:31:38,corridor
2025/11/18 2:31:39,middle
2025/11/18 2:31:40,mid-sep
2025/11/18 2:31:55,middle
2025/11/18 2:31:56,corridor
2025/11/18 2:31:59,side
2025/11/18 3:06:23,corridor
2025/11/18 3:06:24,middle
2025/11/18 3:06:25,mid-sep
2025/11/18 3:06:26,middle
2025/11/18 3:10:24,mid-sep
2025/11/18 3:10:37,middle
2025/11/18 3:10:38,corridor
2025/11/18 3:10:41,side
2025/11/18 3:14:06,corridor
2025/11/18 3:14:06,middle
2025/11/18 3:14:06,mid-sep
2025/11/18 3:14:29,middle
2025/11/18 3:16:46,mid-sep
2025/11/18 3:17:00,middle
2025/11/18 3:17:01,corridor
2025/11/18 3:17:04,side
2025/11/18 4:33:49,corridor
2025/11/18 4:33:50,middle
2025/11/18 4:34:27,mid-sep
2025/11/18 4:34:33,middle
2025/11/18 4:34:47,mid-sep
2025/11/18 4:34:51,middle
2025/11/18 4:38:38,corridor
2025/11/18 4:38:41,side
2025/11/18 4:45:21,corridor
2025/11/18 4:45:21,middle
2025/11/18 4:45:22,mid-sep
2025/11/18 4:45:22,middle
2025/11/18 4:47:45,corridor
2025/11/18 4:47:49,side
2025/11/18 5:39:15,corridor
2025/11/18 5:39:18,middle
2025/11/18 5:39:24,mid-sep
2025/11/18 5:39:28,middle
2025/11/18 5:41:12,mid-sep
2025/11/18 5:41:23,middle
2025/11/18 5:41:25,corridor
2025/11/18 5:41:27,side
2025/11/18 5:41:40,corridor
2025/11/18 5:41:40,middle
2025/11/18 5:41:41,mid-sep
2025/11/18 5:41:52,middle
2025/11/18 5:42:51,mid-sep
2025/11/18 5:43:00,middle
2025/11/18 5:43:43,mid-sep
2025/11/18 5:43:49,middle
2025/11/18 5:43:50,corridor
2025/11/18 5:43:53,side
2025/11/18 5:49:44,corridor
2025/11/18 5:49:45,middle
2025/11/18 5:49:45,mid-sep
2025/11/18 5:50:54,middle
2025/11/18 5:51:10,mid-sep
2025/11/18 5:51:16,middle
2025/11/18 5:51:17,corridor
2025/11/18 5:51:18,side
2025/11/18 5:54:27,corridor
2025/11/18 5:54:28,middle
2025/11/18 5:54:29,mid-sep
2025/11/18 5:54:36,middle
2025/11/18 5:54:37,corridor
2025/11/18 5:54:38,side
2025/11/18 5:56:50,corridor
2025/11/18 5:56:51,middle
2025/11/18 5:56:54,mid-sep
2025/11/18 5:57:10,middle
2025/11/18 5:57:40,mid-sep
2025/11/18 5:57:51,middle
2025/11/18 5:57:52,corridor
2025/11/18 5:57:53,side
2025/11/18 5:59:53,corridor
2025/11/18 5:59:54,middle
2025/11/18 6:03:44,corridor
2025/11/18 6:03:49,side
2025/11/18 6:08:40,corridor
2025/11/18 6:08:42,middle
2025/11/18 6:08:44,mid-sep
2025/11/18 6:08:50,middle
2025/11/18 6:08:52,corridor
2025/11/18 6:08:53,side
2025/11/18 6:13:35,corridor
2025/11/18 6:13:36,middle
2025/11/18 6:13:36,mid-sep
2025/11/18 6:13:46,middle
2025/11/18 6:16:13,mid-sep
2025/11/18 6:17:40,middle
2025/11/18 6:17:43,corridor
2025/11/18 6:17:47,side
2025/11/18 6:19:49,corridor
2025/11/18 6:19:49,middle
2025/11/18 6:19:50,mid-sep
2025/11/18 6:19:50,middle
2025/11/18 6:19:52,corridor
2025/11/18 6:19:54,side
2025/11/18 6:20:07,corridor
2025/11/18 6:20:08,middle
2025/11/18 6:20:08,mid-sep
2025/11/18 6:20:08,middle
2025/11/18 6:20:11,corridor
2025/11/18 6:20:14,side
2025/11/18 6:20:49,corridor
2025/11/18 6:20:49,middle
2025/11/18 6:20:52,mid-sep
2025/11/18 6:21:16,middle
2025/11/18 6:21:38,mid-sep
2025/11/18 6:22:07,middle
2025/11/18 6:22:07,corridor
2025/11/18 6:22:09,side
2025/11/18 6:27:55,corridor
2025/11/18 6:27:56,middle
2025/11/18 6:29:34,mid-sep
2025/11/18 6:29:46,middle
2025/11/18 6:29:47,corridor
2025/11/18 6:29:48,side
2025/11/18 7:17:56,corridor
2025/11/18 7:17:56,middle
2025/11/18 7:17:57,mid-sep
2025/11/18 7:18:13,middle
2025/11/18 7:18:22,mid-sep
2025/11/18 7:18:47,middle
2025/11/18 7:19:34,mid-sep
2025/11/18 7:19:52,middle
2025/11/18 7:20:04,mid-sep
2025/11/18 7:20:36,middle
2025/11/18 7:21:35,mid-sep
2025/11/18 7:21:40,middle
2025/11/18 7:22:24,mid-sep
2025/11/18 7:23:14,middle
2025/11/18 7:23:20,corridor
2025/11/18 7:23:20,side
2025/11/18 7:24:05,corridor
2025/11/18 7:24:06,middle
2025/11/18 7:24:07,mid-sep
2025/11/18 7:24:08,middle
2025/11/18 7:25:15,mid-sep
2025/11/18 7:25:50,middle
2025/11/18 7:26:14,mid-sep
2025/11/18 7:26:58,middle
2025/11/18 7:27:33,mid-sep
2025/11/18 7:29:33,middle
2025/11/18 7:30:57,corridor
2025/11/18 7:31:00,side
2025/11/18 7:32:44,corridor
2025/11/18 7:32:44,middle
2025/11/18 7:32:45,mid-sep
2025/11/18 7:32:53,middle
2025/11/18 7:33:03,mid-sep
2025/11/18 7:33:05,middle
2025/11/18 7:34:20,mid-sep
2025/11/18 7:34:31,middle
2025/11/18 7:35:23,corridor
2025/11/18 7:35:25,side
2025/11/18 7:36:19,corridor
2025/11/18 7:36:20,middle
2025/11/18 7:36:20,mid-sep
2025/11/18 7:36:35,middle
2025/11/18 7:36:39,corridor
2025/11/18 7:36:42,side
2025/11/18 8:47:11,corridor
2025/11/18 8:47:11,middle
2025/11/18 8:47:12,mid-sep
2025/11/18 8:47:42,middle
2025/11/18 8:51:08,mid-sep
2025/11/18 8:51:29,middle
2025/11/18 8:51:51,mid-sep
2025/11/18 8:52:30,middle
2025/11/18 8:52:47,mid-sep
2025/11/18 8:54:20,middle
2025/11/18 8:54:21,corridor
2025/11/18 8:54:21,side
2025/11/18 8:54:43,corridor
2025/11/18 8:54:43,middle
2025/11/18 8:54:45,mid-sep
2025/11/18 8:54:51,middle
2025/11/18 8:54:53,corridor
2025/11/18 8:54:55,side
2025/11/18 10:02:41,corridor
2025/11/18 10:02:43,middle
2025/11/18 10:02:44,mid-sep
2025/11/18 10:02:48,middle
2025/11/18 10:08:03,mid-sep
2025/11/18 10:08:33,middle
2025/11/18 10:08:59,corridor
2025/11/18 10:09:00,side
2025/11/18 11:23:59,corridor
2025/11/18 11:24:02,middle
2025/11/18 11:24:03,mid-sep
2025/11/18 11:24:04,middle
2025/11/18 11:25:49,corridor
2025/11/18 11:25:49,side
2025/11/18 11:37:00,corridor
2025/11/18 11:37:01,middle
2025/11/18 11:37:02,mid-sep
2025/11/18 11:37:09,middle
2025/11/18 11:37:11,corridor
2025/11/18 11:37:19,side
2025/11/18 11:38:35,corridor
2025/11/18 11:38:35,middle
2025/11/18 11:40:44,mid-sep
2025/11/18 11:40:47,middle
2025/11/18 11:41:36,mid-sep
2025/11/18 11:42:01,middle
2025/11/18 11:42:03,corridor
2025/11/18 11:42:04,side
2025/11/18 13:44:52,corridor
2025/11/18 13:44:53,middle
2025/11/18 13:44:55,mid-sep
2025/11/18 13:45:02,middle
2025/11/18 13:46:03,mid-sep
2025/11/18 13:46:28,middle
2025/11/18 13:46:33,mid-sep
2025/11/18 13:46:37,middle
2025/11/18 13:46:39,corridor
2025/11/18 13:46:40,side
2025/11/18 13:47:14,corridor
2025/11/18 13:47:14,middle
2025/11/18 13:47:46,corridor
2025/11/18 13:47:48,side
2025/11/18 13:50:55,corridor
2025/11/18 13:50:55,middle
2025/11/18 13:51:02,mid-sep
2025/11/18 13:51:04,middle
2025/11/18 13:51:07,corridor
2025/11/18 13:51:09,side
2025/11/18 13:54:18,corridor
2025/11/18 13:54:19,middle
2025/11/18 13:54:20,mid-sep
2025/11/18 13:54:21,middle
2025/11/18 13:54:31,mid-sep
2025/11/18 13:54:34,middle
2025/11/18 13:56:04,corridor
2025/11/18 13:56:04,side
2025/11/18 15:15:43,corridor
2025/11/18 15:15:45,middle
2025/11/18 15:15:45,mid-sep
2025/11/18 15:15:54,middle
2025/11/18 15:17:00,mid-sep
2025/11/18 15:17:08,middle
2025/11/18 15:17:58,mid-sep
2025/11/18 15:19:14,middle
2025/11/18 15:19:15,corridor
2025/11/18 15:19:20,side
2025/11/18 16:49:05,corridor
2025/11/18 16:49:06,middle
2025/11/18 16:49:06,mid-sep
2025/11/18 16:49:07,middle
2025/11/18 16:50:04,mid-sep
2025/11/18 16:50:19,middle
2025/11/18 16:50:27,mid-sep
2025/11/18 16:50:49,middle
2025/11/18 16:51:06,mid-sep
2025/11/18 16:51:08,middle
2025/11/18 16:51:08,corridor
2025/11/18 16:51:10,side
2025/11/18 16:53:40,corridor
2025/11/18 16:53:40,middle
2025/11/18 16:53:51,corridor
2025/11/18 16:53:53,middle
2025/11/18 16:53:55,mid-sep
2025/11/18 16:53:59,middle
2025/11/18 16:54:02,corridor
2025/11/18 16:54:02,side
2025/11/18 16:55:20,corridor
2025/11/18 16:55:21,middle
2025/11/18 16:55:23,mid-sep
2025/11/18 16:55:58,middle
2025/11/18 16:55:59,corridor
2025/11/18 16:56:02,side
2025/11/18 16:58:20,corridor
2025/11/18 16:58:21,middle
2025/11/18 16:58:22,mid-sep
2025/11/18 16:59:16,middle
2025/11/18 17:00:12,mid-sep
2025/11/18 17:00:29,middle
2025/11/18 17:01:17,mid-sep
2025/11/18 17:01:35,middle
2025/11/18 17:01:36,corridor
2025/11/18 17:01:40,side
2025/11/18 17:02:26,corridor
2025/11/18 17:02:27,middle
2025/11/18 17:02:30,mid-sep
2025/11/18 17:02:31,middle
2025/11/18 17:03:04,corridor
2025/11/18 17:03:07,side
2025/11/18 17:03:29,corridor
2025/11/18 17:03:29,middle
2025/11/18 17:03:30,mid-sep
2025/11/18 17:03:31,middle
2025/11/18 17:03:31,corridor
2025/11/18 17:03:32,side
2025/11/18 17:03:40,corridor
2025/11/18 17:03:40,middle
2025/11/18 17:06:24,corridor
2025/11/18 17:06:29,side
2025/11/18 17:06:30,corridor
2025/11/18 17:06:31,middle
2025/11/18 17:06:32,mid-sep
2025/11/18 17:07:05,middle
2025/11/18 17:07:06,corridor
2025/11/18 17:07:09,side
2025/11/18 18:09:00,corridor
2025/11/18 18:09:01,middle
2025/11/18 18:09:01,mid-sep
2025/11/18 18:09:08,middle
2025/11/18 18:11:05,mid-sep
2025/11/18 18:11:24,middle
2025/11/18 18:11:25,corridor
2025/11/18 18:11:27,side
2025/11/18 18:35:17,corridor
2025/11/18 18:35:17,middle
2025/11/18 18:35:17,mid-sep
2025/11/18 18:35:17,middle
2025/11/18 18:35:26,corridor
2025/11/18 18:35:29,middle
2025/11/18 18:35:29,mid-sep
2025/11/18 18:35:29,middle
2025/11/18 18:36:09,mid-sep
2025/11/18 18:36:29,middle
2025/11/18 18:39:14,mid-sep
2025/11/18 18:39:25,middle
2025/11/18 18:39:45,mid-sep
2025/11/18 18:40:16,middle
2025/11/18 18:40:21,corridor
2025/11/18 18:40:29,side
2025/11/18 18:44:33,corridor
2025/11/18 18:44:33,middle
2025/11/18 18:44:34,mid-sep
2025/11/18 18:44:34,middle
2025/11/18 18:45:06,mid-sep
2025/11/18 18:45:22,middle
2025/11/18 18:47:04,mid-sep
2025/11/18 18:47:11,middle
2025/11/18 18:50:30,mid-sep
2025/11/18 18:50:54,middle
2025/11/18 18:50:55,corridor
2025/11/18 18:50:58,side
2025/11/18 18:52:02,corridor
2025/11/18 18:52:03,middle
2025/11/18 18:52:04,mid-sep
2025/11/18 18:52:44,middle
2025/11/18 18:53:08,corridor
2025/11/18 18:53:09,side
2025/11/18 19:04:11,mid-sep
2025/11/18 19:04:12,side
2025/11/18 19:06:09,corridor
2025/11/18 19:06:10,middle
2025/11/18 19:06:11,mid-sep
2025/11/18 19:06:25,middle
2025/11/18 19:06:26,corridor
2025/11/18 19:06:28,side
2025/11/18 19:10:41,corridor
2025/11/18 19:10:42,middle
2025/11/18 19:10:43,mid-sep
2025/11/18 19:11:24,middle
2025/11/18 19:11:27,corridor
2025/11/18 19:11:33,side
2025/11/18 19:13:58,corridor
2025/11/18 19:13:58,middle
2025/11/18 19:14:00,mid-sep
2025/11/18 19:14:22,middle
2025/11/18 19:14:22,corridor
2025/11/18 19:14:22,side
2025/11/18 19:17:28,corridor
2025/11/18 19:17:28,middle
2025/11/18 19:17:30,mid-sep
2025/11/18 19:19:04,middle
2025/11/18 19:19:05,corridor
2025/11/18 19:19:06,side
2025/11/18 19:20:19,corridor
2025/11/18 19:20:21,middle
2025/11/18 19:21:22,mid-sep
2025/11/18 19:21:23,middle
2025/11/18 19:21:24,corridor
2025/11/18 19:21:25,side
2025/11/18 19:27:48,corridor
2025/11/18 19:27:54,middle
2025/11/18 19:27:56,mid-sep
2025/11/18 19:27:58,middle
2025/11/18 19:27:58,corridor
2025/11/18 19:27:58,side
2025/11/18 19:28:53,corridor
2025/11/18 19:28:54,middle
2025/11/18 19:28:56,mid-sep
2025/11/18 19:29:24,middle
2025/11/18 19:29:27,corridor
2025/11/18 19:29:28,side
2025/11/18 19:34:03,corridor
2025/11/18 19:34:04,middle
2025/11/18 19:34:05,mid-sep
2025/11/18 19:34:10,middle
2025/11/18 19:34:11,corridor
2025/11/18 19:34:11,side
2025/11/18 19:38:09,corridor
2025/11/18 19:38:10,middle
2025/11/18 19:38:12,mid-sep
2025/11/18 19:38:52,middle
2025/11/18 19:38:55,corridor
2025/11/18 19:38:55,side
2025/11/18 19:40:48,corridor
2025/11/18 19:40:50,middle
2025/11/18 19:43:34,mid-sep
2025/11/18 19:43:37,middle
2025/11/18 19:43:37,corridor
2025/11/18 19:43:38,side
2025/11/18 19:52:21,corridor
2025/11/18 19:52:22,middle
2025/11/18 19:52:24,mid-sep
2025/11/18 19:52:25,middle
2025/11/18 19:52:27,corridor
2025/11/18 19:52:27,side
2025/11/18 19:54:16,corridor
2025/11/18 19:54:17,middle
2025/11/18 19:54:52,mid-sep
2025/11/18 19:54:53,middle
2025/11/18 19:54:56,corridor
2025/11/18 19:54:58,side
2025/11/18 20:02:23,corridor
2025/11/18 20:02:23,middle
2025/11/18 20:02:24,mid-sep
2025/11/18 20:02:25,middle
2025/11/18 20:03:07,mid-sep
2025/11/18 20:03:50,middle
2025/11/18 20:03:51,corridor
2025/11/18 20:03:52,side
2025/11/18 20:05:08,corridor
2025/11/18 20:05:08,middle
2025/11/18 20:05:10,mid-sep
2025/11/18 20:05:30,middle
2025/11/18 20:05:41,mid-sep
2025/11/18 20:05:50,middle
2025/11/18 20:05:55,corridor
2025/11/18 20:05:55,side
2025/11/18 20:08:10,corridor
2025/11/18 20:08:11,middle
2025/11/18 20:11:43,mid-sep
2025/11/18 20:11:51,middle
2025/11/18 20:11:51,corridor
2025/11/18 20:12:01,side
2025/11/18 20:24:06,corridor
2025/11/18 20:24:07,middle
2025/11/18 20:24:07,mid-sep
2025/11/18 20:24:08,middle
2025/11/18 20:24:09,corridor
2025/11/18 20:24:09,side
2025/11/18 20:33:49,corridor
2025/11/18 20:33:50,middle
2025/11/18 20:33:53,corridor
2025/11/18 20:33:54,side
2025/11/18 20:35:03,corridor
2025/11/18 20:35:03,middle
2025/11/18 20:35:04,mid-sep
2025/11/18 20:35:09,middle
2025/11/18 20:37:31,mid-sep
2025/11/18 20:37:32,middle
2025/11/18 20:37:33,corridor
2025/11/18 20:37:35,side
2025/11/18 20:38:25,corridor
2025/11/18 20:38:27,middle
2025/11/18 20:38:28,mid-sep
2025/11/18 20:38:35,middle
2025/11/18 20:38:54,corridor
2025/11/18 20:38:57,side
2025/11/18 20:48:01,corridor
2025/11/18 20:48:02,middle
2025/11/18 20:48:02,mid-sep
2025/11/18 20:48:03,middle
2025/11/18 20:50:17,mid-sep
2025/11/18 20:50:24,middle
2025/11/18 20:50:25,corridor
2025/11/18 20:50:27,side
2025/11/18 20:51:21,corridor
2025/11/18 20:51:22,middle
2025/11/18 20:51:23,mid-sep
2025/11/18 20:51:38,mid-sep
2025/11/18 20:52:06,middle
2025/11/18 20:52:43,mid-sep
2025/11/18 20:52:44,middle
2025/11/18 20:52:45,side
2025/11/18 20:58:23,corridor
2025/11/18 20:58:23,middle
2025/11/18 20:58:23,mid-sep
2025/11/18 20:58:24,middle
2025/11/18 20:58:27,corridor
2025/11/18 20:58:28,side
2025/11/18 21:08:41,corridor
2025/11/18 21:08:41,middle
2025/11/18 21:08:42,mid-sep
2025/11/18 21:08:43,middle
2025/11/18 21:08:44,corridor
2025/11/18 21:08:44,side
2025/11/18 21:16:00,corridor
2025/11/18 21:16:01,middle
2025/11/18 21:16:02,mid-sep
2025/11/18 21:16:02,middle
2025/11/18 21:16:03,side
2025/11/18 21:16:53,corridor
2025/11/18 21:16:53,middle
2025/11/18 21:16:56,mid-sep
2025/11/18 21:17:05,middle
2025/11/18 21:17:06,corridor
2025/11/18 21:17:19,side
2025/11/18 21:23:52,corridor
2025/11/18 21:23:52,middle
2025/11/18 21:23:53,mid-sep
2025/11/18 21:23:54,middle
2025/11/18 21:23:58,corridor
2025/11/18 21:23:59,side
2025/11/18 21:27:42,corridor
2025/11/18 21:27:42,middle
2025/11/18 21:29:38,mid-sep
2025/11/18 21:29:47,middle
2025/11/18 21:31:32,mid-sep
2025/11/18 21:31:43,middle
2025/11/18 21:31:44,corridor
2025/11/18 21:31:46,side
2025/11/18 21:34:29,corridor
2025/11/18 21:34:29,middle
2025/11/18 21:34:30,mid-sep
2025/11/18 21:34:42,middle
2025/11/18 21:34:42,corridor
2025/11/18 21:34:43,side
2025/11/18 21:42:31,corridor
2025/11/18 21:42:31,middle
2025/11/18 21:42:33,mid-sep
2025/11/18 21:42:34,middle
2025/11/18 21:42:34,corridor
2025/11/18 21:42:35,side
2025/11/18 21:48:40,corridor
2025/11/18 21:48:41,middle
2025/11/18 21:50:52,mid-sep
2025/11/18 21:50:54,middle
2025/11/18 21:50:55,corridor
2025/11/18 21:50:56,side
2025/11/18 21:57:19,corridor
2025/11/18 21:57:21,mid-sep
2025/11/18 21:57:21,corridor
2025/11/18 21:57:22,side
2025/11/18 22:04:39,corridor
2025/11/18 22:04:40,middle
2025/11/18 22:04:42,mid-sep
2025/11/18 22:05:07,middle
2025/11/18 22:05:08,corridor
2025/11/18 22:05:10,side
2025/11/18 22:14:42,corridor
2025/11/18 22:14:43,middle
2025/11/18 22:14:44,mid-sep
2025/11/18 22:14:45,middle
2025/11/18 22:16:01,corridor
2025/11/18 22:16:12,side
2025/11/18 22:23:58,corridor
2025/11/18 22:23:59,middle
2025/11/18 22:24:00,mid-sep
2025/11/18 22:24:03,middle
2025/11/18 22:24:04,corridor
2025/11/18 22:24:06,side
2025/11/18 22:34:37,corridor
2025/11/18 22:34:37,middle
2025/11/18 22:36:27,mid-sep
2025/11/18 22:36:30,middle
2025/11/18 22:38:35,mid-sep
2025/11/18 22:38:55,middle
2025/11/18 22:38:55,corridor
2025/11/18 22:38:56,side
2025/11/18 22:40:53,corridor
2025/11/18 22:40:53,middle
2025/11/18 22:41:34,mid-sep
2025/11/18 22:41:56,middle
2025/11/18 22:42:16,corridor
2025/11/18 22:42:20,side
2025/11/18 22:49:36,corridor
2025/11/18 22:49:36,middle
2025/11/18 22:49:37,mid-sep
2025/11/18 22:49:37,middle
2025/11/18 22:51:14,mid-sep
2025/11/18 22:51:31,middle
2025/11/18 22:51:32,corridor
2025/11/18 22:51:34,side
2025/11/18 22:53:34,corridor
2025/11/18 22:53:36,middle
2025/11/18 22:53:37,mid-sep
2025/11/18 22:54:15,middle
2025/11/18 22:54:27,mid-sep
2025/11/18 22:54:39,middle
2025/11/18 22:54:41,corridor
2025/11/18 22:54:48,side
2025/11/18 22:59:14,corridor
2025/11/18 22:59:14,middle
2025/11/18 22:59:18,mid-sep
2025/11/18 22:59:23,middle
2025/11/18 22:59:24,corridor
2025/11/18 22:59:28,side
2025/11/18 23:02:55,corridor
2025/11/18 23:02:56,middle
2025/11/18 23:05:11,mid-sep
2025/11/18 23:06:05,middle
2025/11/18 23:06:05,corridor
2025/11/18 23:06:07,side
2025/11/18 23:07:35,corridor
2025/11/18 23:07:36,middle
2025/11/18 23:07:36,mid-sep
2025/11/18 23:07:37,middle
2025/11/18 23:12:05,mid-sep
2025/11/18 23:12:18,middle
2025/11/18 23:12:25,mid-sep
2025/11/18 23:13:04,middle
2025/11/18 23:13:05,corridor
2025/11/18 23:13:16,side
2025/11/18 23:14:48,corridor
2025/11/18 23:14:48,middle
2025/11/18 23:14:49,mid-sep
2025/11/18 23:14:51,middle
2025/11/18 23:15:55,mid-sep
2025/11/18 23:16:37,middle
2025/11/18 23:16:39,corridor
2025/11/18 23:16:54,side
2025/11/19 0:47:56,corridor
2025/11/19 0:47:57,mid-sep
2025/11/19 0:47:59,middle
2025/11/19 0:48:23,mid-sep
2025/11/19 0:48:32,middle
2025/11/19 0:48:38,corridor
2025/11/19 0:49:25,middle
2025/11/19 0:49:27,mid-sep
2025/11/19 0:49:38,middle
2025/11/19 0:51:08,mid-sep
2025/11/19 0:51:20,middle
2025/11/19 0:51:21,corridor
2025/11/19 0:51:35,side
2025/11/19 0:53:03,corridor
2025/11/19 0:53:04,middle
2025/11/19 0:53:06,mid-sep
2025/11/19 0:53:07,middle
2025/11/19 0:53:08,corridor
2025/11/19 0:53:09,side
2025/11/19 0:58:46,corridor
2025/11/19 0:58:46,middle
2025/11/19 0:58:47,mid-sep
2025/11/19 0:59:21,middle
2025/11/19 1:01:13,corridor
2025/11/19 1:01:16,side
2025/11/19 1:03:47,corridor
2025/11/19 1:03:47,middle
2025/11/19 1:03:48,mid-sep
2025/11/19 1:03:49,middle
2025/11/19 1:04:28,mid-sep
2025/11/19 1:04:37,middle
2025/11/19 1:04:38,corridor
2025/11/19 1:05:08,side
2025/11/19 1:09:36,corridor
2025/11/19 1:09:36,middle
2025/11/19 1:09:37,mid-sep
2025/11/19 1:09:55,middle
2025/11/19 1:10:01,middle
2025/11/19 1:10:24,mid-sep
2025/11/19 1:10:51,middle
2025/11/19 1:14:27,mid-sep
2025/11/19 1:14:47,middle
2025/11/19 1:15:29,mid-sep
2025/11/19 1:15:34,middle
2025/11/19 1:16:32,mid-sep
2025/11/19 1:16:51,middle
2025/11/19 1:16:59,corridor
2025/11/19 1:17:09,side
2025/11/19 1:20:10,corridor
2025/11/19 1:20:10,middle
2025/11/19 1:20:11,mid-sep
2025/11/19 1:20:13,middle
2025/11/19 1:20:14,side
2025/11/19 1:29:26,corridor
2025/11/19 1:29:27,middle
2025/11/19 1:29:28,mid-sep
2025/11/19 1:29:37,middle
2025/11/19 1:29:38,corridor
2025/11/19 1:29:40,side
2025/11/19 1:36:33,middle
2025/11/19 1:36:34,mid-sep
2025/11/19 1:36:53,middle
2025/11/19 1:36:54,side
2025/11/19 3:00:05,corridor
2025/11/19 3:00:06,middle
2025/11/19 3:00:06,mid-sep
2025/11/19 3:00:25,middle
2025/11/19 3:00:37,corridor
2025/11/19 3:00:50,side
2025/11/19 3:08:03,corridor
2025/11/19 3:08:04,middle
2025/11/19 3:08:05,mid-sep
2025/11/19 3:08:34,middle
2025/11/19 3:08:38,corridor
2025/11/19 3:08:39,side
2025/11/19 3:12:48,corridor
2025/11/19 3:12:49,middle
2025/11/19 3:12:51,mid-sep
2025/11/19 3:13:32,middle
2025/11/19 3:13:52,corridor
2025/11/19 3:13:54,side
2025/11/19 4:26:17,corridor
2025/11/19 4:26:18,mid-sep
2025/11/19 4:26:30,middle
2025/11/19 4:26:58,mid-sep
2025/11/19 4:27:02,middle
2025/11/19 4:29:32,mid-sep
2025/11/19 4:29:41,middle
2025/11/19 4:29:42,corridor
2025/11/19 4:29:45,side
2025/11/19 5:14:38,corridor
2025/11/19 5:14:40,middle
2025/11/19 5:14:42,mid-sep
2025/11/19 5:14:47,middle
2025/11/19 5:14:47,corridor
2025/11/19 5:14:49,side
2025/11/19 5:18:01,corridor
2025/11/19 5:18:11,middle
2025/11/19 5:18:12,mid-sep
2025/11/19 5:18:12,middle
2025/11/19 5:22:06,mid-sep
2025/11/19 5:22:21,middle
2025/11/19 5:22:23,corridor
2025/11/19 5:22:29,side
2025/11/19 6:16:24,corridor
2025/11/19 6:16:24,mid-sep
2025/11/19 6:16:28,middle
2025/11/19 6:17:43,mid-sep
2025/11/19 6:17:55,middle
2025/11/19 6:17:56,corridor
2025/11/19 6:17:58,side
2025/11/19 6:19:29,corridor
2025/11/19 6:19:32,middle
2025/11/19 6:19:32,mid-sep
2025/11/19 6:19:48,middle
2025/11/19 6:20:17,corridor
2025/11/19 6:20:20,side
2025/11/19 6:22:08,corridor
2025/11/19 6:22:09,middle
2025/11/19 6:22:09,mid-sep
2025/11/19 6:22:10,middle
2025/11/19 6:25:08,mid-sep
2025/11/19 6:25:26,middle
2025/11/19 6:25:33,mid-sep
2025/11/19 6:28:13,middle
2025/11/19 6:28:14,corridor
2025/11/19 6:28:15,side
2025/11/19 6:29:30,middle
2025/11/19 6:29:32,mid-sep
2025/11/19 6:30:16,middle
2025/11/19 6:30:19,side
2025/11/19 6:35:27,corridor
2025/11/19 6:35:27,middle
2025/11/19 6:35:27,mid-sep
2025/11/19 6:35:28,middle
2025/11/19 6:35:29,corridor
2025/11/19 6:35:30,side
2025/11/19 6:42:25,corridor
2025/11/19 6:42:26,middle
2025/11/19 6:42:26,mid-sep
2025/11/19 6:43:01,middle
2025/11/19 6:43:06,mid-sep
2025/11/19 6:44:33,middle
2025/11/19 6:44:40,mid-sep
2025/11/19 6:45:29,middle
2025/11/19 6:45:32,corridor
2025/11/19 6:45:35,side
2025/11/19 6:46:34,corridor
2025/11/19 6:46:35,middle
2025/11/19 6:46:37,mid-sep
2025/11/19 6:46:38,middle
2025/11/19 6:49:12,mid-sep
2025/11/19 6:49:42,middle
2025/11/19 6:49:45,corridor
2025/11/19 6:49:48,side
2025/11/19 6:50:12,corridor
2025/11/19 6:50:13,middle
2025/11/19 6:50:13,mid-sep
2025/11/19 6:50:15,middle
2025/11/19 6:51:46,mid-sep
2025/11/19 6:52:56,middle
2025/11/19 6:53:15,corridor
2025/11/19 6:53:18,side
2025/11/19 7:51:37,corridor
2025/11/19 7:51:38,mid-sep
2025/11/19 7:51:39,middle
2025/11/19 7:54:14,mid-sep
2025/11/19 7:54:25,middle
2025/11/19 7:54:32,mid-sep
2025/11/19 7:54:47,middle
2025/11/19 7:54:52,mid-sep
2025/11/19 7:54:56,middle
2025/11/19 7:55:00,mid-sep
2025/11/19 7:55:19,middle
2025/11/19 7:55:21,corridor
2025/11/19 7:55:23,side
2025/11/19 8:00:27,corridor
2025/11/19 8:00:27,middle
2025/11/19 8:00:27,mid-sep
2025/11/19 8:02:07,middle
2025/11/19 8:02:54,mid-sep
2025/11/19 8:03:06,middle
2025/11/19 8:03:12,mid-sep
2025/11/19 8:03:18,middle
2025/11/19 8:03:22,corridor
2025/11/19 8:04:04,middle
2025/11/19 8:04:19,mid-sep
2025/11/19 8:06:11,middle
2025/11/19 8:06:50,corridor
2025/11/19 8:06:53,middle
2025/11/19 8:07:15,mid-sep
2025/11/19 8:11:24,middle
2025/11/19 8:11:56,mid-sep
2025/11/19 8:12:13,middle
2025/11/19 8:12:50,corridor
2025/11/19 8:12:52,side
2025/11/19 8:14:06,corridor
2025/11/19 8:14:06,middle
2025/11/19 8:14:21,corridor
2025/11/19 8:14:23,middle
2025/11/19 8:14:27,mid-sep
2025/11/19 8:15:20,middle
2025/11/19 8:15:50,mid-sep
2025/11/19 8:16:21,middle
2025/11/19 8:16:54,corridor
2025/11/19 8:16:58,middle
2025/11/19 8:18:48,mid-sep
2025/11/19 8:19:22,middle
2025/11/19 8:19:30,mid-sep
2025/11/19 8:21:34,middle
2025/11/19 8:21:43,mid-sep
2025/11/19 8:21:54,middle
2025/11/19 8:21:58,corridor
2025/11/19 8:22:08,middle
2025/11/19 8:26:30,mid-sep
2025/11/19 8:26:50,middle
2025/11/19 8:26:59,mid-sep
2025/11/19 8:27:09,middle
2025/11/19 8:27:12,corridor
2025/11/19 8:27:22,side
2025/11/19 9:30:21,corridor
2025/11/19 9:30:22,middle
2025/11/19 9:30:25,mid-sep
2025/11/19 9:31:00,middle
2025/11/19 9:31:29,mid-sep
2025/11/19 9:32:07,middle
2025/11/19 9:32:27,mid-sep
2025/11/19 9:33:13,middle
2025/11/19 9:33:26,corridor
2025/11/19 9:33:29,side
2025/11/19 9:34:41,corridor
2025/11/19 9:34:41,middle
2025/11/19 9:34:45,mid-sep
2025/11/19 9:34:47,middle
2025/11/19 9:34:50,mid-sep
2025/11/19 9:35:21,middle
2025/11/19 9:35:27,corridor
2025/11/19 9:35:30,middle
2025/11/19 9:37:56,mid-sep
2025/11/19 9:38:15,middle
2025/11/19 9:38:41,corridor
2025/11/19 9:38:46,side
2025/11/19 9:40:32,corridor
2025/11/19 9:40:33,middle
2025/11/19 9:40:33,mid-sep
2025/11/19 9:40:36,middle
2025/11/19 9:40:36,corridor
2025/11/19 9:40:43,side
2025/11/19 9:46:51,corridor
2025/11/19 9:46:52,middle
2025/11/19 9:46:52,mid-sep
2025/11/19 9:46:53,middle
2025/11/19 9:46:55,mid-sep
2025/11/19 9:47:46,middle
2025/11/19 9:49:45,mid-sep
2025/11/19 9:49:54,middle
2025/11/19 9:50:46,corridor
2025/11/19 9:50:47,side
2025/11/19 11:22:37,corridor
2025/11/19 11:22:39,middle
2025/11/19 11:22:42,mid-sep
2025/11/19 11:22:48,middle
2025/11/19 11:24:17,mid-sep
2025/11/19 11:24:39,middle
2025/11/19 11:25:30,corridor
2025/11/19 11:25:33,side
2025/11/19 11:26:00,corridor
2025/11/19 11:26:02,middle
2025/11/19 11:26:05,mid-sep
2025/11/19 11:26:09,middle
2025/11/19 11:26:18,corridor
2025/11/19 11:26:19,side
2025/11/19 13:22:40,corridor
2025/11/19 13:22:41,middle
2025/11/19 13:23:06,mid-sep
2025/11/19 13:23:18,middle
2025/11/19 13:23:27,mid-sep
2025/11/19 13:23:42,middle
2025/11/19 13:23:50,corridor
2025/11/19 13:23:51,side
2025/11/19 15:04:33,corridor
2025/11/19 15:04:35,middle
2025/11/19 15:04:35,mid-sep
2025/11/19 15:05:35,middle
2025/11/19 15:07:56,mid-sep
2025/11/19 15:08:24,middle
2025/11/19 15:08:25,corridor
2025/11/19 15:08:27,side
2025/11/19 15:09:02,corridor
2025/11/19 15:09:04,middle
2025/11/19 15:10:15,mid-sep
2025/11/19 15:10:37,middle
2025/11/19 15:10:41,corridor
2025/11/19 15:10:41,side
2025/11/19 16:54:43,middle
2025/11/19 16:54:46,mid-sep
2025/11/19 16:55:12,middle
2025/11/19 16:55:12,corridor
2025/11/19 16:55:15,side
2025/11/19 16:56:09,corridor
2025/11/19 16:56:09,middle
2025/11/19 16:57:43,mid-sep
2025/11/19 16:58:11,middle
2025/11/19 16:58:13,corridor
2025/11/19 16:58:15,side
2025/11/19 16:58:37,corridor
2025/11/19 16:58:37,middle
2025/11/19 16:58:43,mid-sep
2025/11/19 16:59:18,middle
2025/11/19 16:59:18,corridor
2025/11/19 16:59:20,side
2025/11/19 17:01:19,corridor
2025/11/19 17:01:20,middle
2025/11/19 17:01:20,mid-sep
2025/11/19 17:03:33,middle
2025/11/19 17:04:52,corridor
2025/11/19 17:04:53,side
2025/11/19 17:07:07,corridor
2025/11/19 17:07:08,middle
2025/11/19 17:09:06,mid-sep
2025/11/19 17:10:08,middle
2025/11/19 17:10:12,corridor
2025/11/19 17:10:16,side
2025/11/19 18:10:46,corridor
2025/11/19 18:10:47,middle
2025/11/19 18:10:48,mid-sep
2025/11/19 18:10:49,middle
2025/11/19 18:12:14,corridor
2025/11/19 18:12:22,side
2025/11/19 18:12:50,corridor
2025/11/19 18:12:50,middle
2025/11/19 18:12:53,mid-sep
2025/11/19 18:13:37,middle
2025/11/19 18:13:39,corridor
2025/11/19 18:13:39,side
2025/11/19 18:14:51,corridor
2025/11/19 18:14:52,middle
2025/11/19 18:16:22,mid-sep
2025/11/19 18:16:31,middle
2025/11/19 18:16:35,corridor
2025/11/19 18:16:37,side
2025/11/19 18:28:01,corridor
2025/11/19 18:28:02,middle
2025/11/19 18:28:16,mid-sep
2025/11/19 18:28:25,middle
2025/11/19 18:29:59,mid-sep
2025/11/19 18:30:35,middle
2025/11/19 18:30:46,corridor
2025/11/19 18:30:51,side
2025/11/19 18:32:35,corridor
2025/11/19 18:32:35,middle
2025/11/19 18:32:41,mid-sep
2025/11/19 18:34:04,middle
2025/11/19 18:35:18,corridor
2025/11/19 18:35:40,middle
2025/11/19 18:35:42,mid-sep
2025/11/19 18:36:46,middle
2025/11/19 18:38:01,corridor
2025/11/19 18:38:02,side
2025/11/19 19:03:01,corridor
2025/11/19 19:03:01,middle
2025/11/19 19:03:03,mid-sep
2025/11/19 19:03:50,middle
2025/11/19 19:04:38,corridor
2025/11/19 19:04:39,side
2025/11/19 19:04:47,corridor
2025/11/19 19:04:47,middle
2025/11/19 19:04:48,mid-sep
2025/11/19 19:05:15,middle
2025/11/19 19:05:26,mid-sep
2025/11/19 19:05:47,middle
2025/11/19 19:05:48,corridor
2025/11/19 19:05:56,side
2025/11/19 19:07:13,corridor
2025/11/19 19:07:15,middle
2025/11/19 19:09:13,mid-sep
2025/11/19 19:09:51,middle
2025/11/19 19:09:52,corridor
2025/11/19 19:09:59,side
2025/11/19 19:09:59,corridor
2025/11/19 19:10:01,middle
2025/11/19 19:10:03,mid-sep
2025/11/19 19:10:18,middle
2025/11/19 19:10:20,corridor
2025/11/19 19:10:20,side
2025/11/19 19:13:47,corridor
2025/11/19 19:13:48,middle
2025/11/19 19:14:06,mid-sep
2025/11/19 19:14:27,middle
2025/11/19 19:14:44,mid-sep
2025/11/19 19:15:08,middle
2025/11/19 19:17:48,corridor
2025/11/19 19:18:02,side
2025/11/19 19:27:39,corridor
2025/11/19 19:27:40,middle
2025/11/19 19:27:44,mid-sep
2025/11/19 19:27:45,middle
2025/11/19 19:28:16,mid-sep
2025/11/19 19:28:41,middle
2025/11/19 19:28:42,corridor
2025/11/19 19:28:42,side
2025/11/19 19:30:42,corridor
2025/11/19 19:30:46,middle
2025/11/19 19:30:46,mid-sep
2025/11/19 19:30:47,middle
2025/11/19 19:31:35,corridor
2025/11/19 19:31:41,middle
2025/11/19 19:31:43,mid-sep
2025/11/19 19:31:48,middle
2025/11/19 19:31:48,corridor
2025/11/19 19:31:49,side
2025/11/19 19:45:03,corridor
2025/11/19 19:45:04,middle
2025/11/19 19:45:04,mid-sep
2025/11/19 19:45:04,middle
2025/11/19 19:48:11,mid-sep
2025/11/19 19:48:52,middle
2025/11/19 19:49:02,corridor
2025/11/19 19:49:02,side
2025/11/19 19:49:43,corridor
2025/11/19 19:49:44,middle
2025/11/19 19:49:48,mid-sep
2025/11/19 19:50:28,middle
2025/11/19 19:50:29,corridor
2025/11/19 19:50:30,side
2025/11/19 19:51:29,corridor
2025/11/19 19:51:29,middle
2025/11/19 19:51:51,corridor
2025/11/19 19:51:59,side
2025/11/19 19:52:13,corridor
2025/11/19 19:52:14,middle
2025/11/19 19:52:14,mid-sep
2025/11/19 19:52:20,middle
2025/11/19 19:52:25,corridor
2025/11/19 19:52:29,side
2025/11/19 19:53:19,corridor
2025/11/19 19:53:20,middle
2025/11/19 19:53:20,mid-sep
2025/11/19 19:53:20,middle
2025/11/19 19:53:21,corridor
2025/11/19 19:53:22,side
2025/11/19 19:58:24,corridor
2025/11/19 19:58:26,middle
2025/11/19 19:58:30,mid-sep
2025/11/19 19:59:51,middle
2025/11/19 19:59:52,corridor
2025/11/19 19:59:53,side
2025/11/19 20:03:01,corridor
2025/11/19 20:03:01,middle
2025/11/19 20:05:42,mid-sep
2025/11/19 20:05:50,middle
2025/11/19 20:05:51,corridor
2025/11/19 20:05:53,side
2025/11/19 20:30:33,corridor
2025/11/19 20:30:34,middle
2025/11/19 20:30:35,mid-sep
2025/11/19 20:30:53,middle
2025/11/19 20:31:23,corridor
2025/11/19 20:33:24,side
2025/11/19 20:39:59,corridor
2025/11/19 20:39:59,middle
2025/11/19 20:40:00,mid-sep
2025/11/19 20:40:23,middle
2025/11/19 20:40:24,corridor
2025/11/19 20:40:27,side
2025/11/19 20:46:39,corridor
2025/11/19 20:46:40,middle
2025/11/19 20:48:46,mid-sep
2025/11/19 20:48:50,middle
2025/11/19 20:48:52,corridor
2025/11/19 20:48:52,side
2025/11/19 21:00:26,corridor
2025/11/19 21:00:26,middle
2025/11/19 21:00:27,mid-sep
2025/11/19 21:00:30,middle
2025/11/19 21:03:42,corridor
2025/11/19 21:03:54,middle
2025/11/19 21:03:54,mid-sep
2025/11/19 21:03:55,middle
2025/11/19 21:04:33,mid-sep
2025/11/19 21:04:42,middle
2025/11/19 21:04:43,corridor
2025/11/19 21:04:49,side
2025/11/19 21:10:13,corridor
2025/11/19 21:10:13,middle
2025/11/19 21:10:14,mid-sep
2025/11/19 21:10:14,middle
2025/11/19 21:10:18,corridor
2025/11/19 21:10:21,side
2025/11/19 21:23:50,corridor
2025/11/19 21:23:50,middle
2025/11/19 21:23:50,mid-sep
2025/11/19 21:23:51,middle
2025/11/19 21:27:58,mid-sep
2025/11/19 21:28:07,middle
2025/11/19 21:28:09,corridor
2025/11/19 21:28:09,side
2025/11/19 21:30:11,corridor
2025/11/19 21:30:13,middle
2025/11/19 21:30:14,mid-sep
2025/11/19 21:30:22,middle
2025/11/19 21:30:27,corridor
2025/11/19 21:30:29,side
2025/11/19 21:45:05,corridor
2025/11/19 21:45:06,middle
2025/11/19 21:48:21,mid-sep
2025/11/19 21:48:22,middle
2025/11/19 21:48:23,corridor
2025/11/19 21:48:25,side
2025/11/19 22:07:07,corridor
2025/11/19 22:07:09,middle
2025/11/19 22:07:09,mid-sep
2025/11/19 22:07:36,middle
2025/11/19 22:07:39,mid-sep
2025/11/19 22:07:40,middle
2025/11/19 22:07:41,corridor
2025/11/19 22:07:41,side
2025/11/19 22:09:00,corridor
2025/11/19 22:09:01,middle
2025/11/19 22:09:01,mid-sep
2025/11/19 22:09:02,middle
2025/11/19 22:14:28,mid-sep
2025/11/19 22:14:37,middle
2025/11/19 22:14:38,corridor
2025/11/19 22:14:41,side
2025/11/19 22:24:09,corridor
2025/11/19 22:24:10,middle
2025/11/19 22:25:33,mid-sep
2025/11/19 22:26:14,middle
2025/11/19 22:26:15,corridor
2025/11/19 22:26:18,middle
2025/11/19 22:26:20,mid-sep
2025/11/19 22:26:47,middle
2025/11/19 22:26:48,corridor
2025/11/19 22:26:51,side
2025/11/19 22:30:43,corridor
2025/11/19 22:30:44,middle
2025/11/19 22:30:48,mid-sep
2025/11/19 22:31:07,middle
2025/11/19 22:31:17,corridor
2025/11/19 22:31:29,side
2025/11/19 22:40:34,corridor
2025/11/19 22:40:34,middle
2025/11/19 22:40:35,mid-sep
2025/11/19 22:40:48,middle
2025/11/19 22:43:53,mid-sep
2025/11/19 22:44:14,middle
2025/11/19 22:44:16,corridor
2025/11/19 22:44:22,side
2025/11/19 22:48:57,corridor
2025/11/19 22:48:58,middle
2025/11/19 22:49:04,mid-sep
2025/11/19 22:50:42,middle
2025/11/19 22:50:51,mid-sep
2025/11/19 22:51:47,middle
2025/11/19 22:52:22,mid-sep
2025/11/19 22:53:28,middle
2025/11/19 22:53:42,mid-sep
2025/11/19 22:53:56,middle
2025/11/19 22:58:34,corridor
2025/11/19 22:58:49,side
2025/11/20 1:09:09,corridor
2025/11/20 1:09:09,middle
2025/11/20 1:09:10,mid-sep
2025/11/20 1:09:10,middle
2025/11/20 1:09:18,mid-sep
2025/11/20 1:12:34,middle
2025/11/20 1:12:36,corridor
2025/11/20 1:13:09,side
2025/11/20 1:36:10,corridor
2025/11/20 1:36:10,middle
2025/11/20 1:36:10,mid-sep
2025/11/20 1:36:10,middle
2025/11/20 1:36:50,mid-sep
2025/11/20 1:36:59,middle
2025/11/20 1:40:16,mid-sep
2025/11/20 1:40:43,middle
2025/11/20 1:40:48,corridor
2025/11/20 1:40:56,side
2025/11/20 2:41:43,corridor
2025/11/20 2:41:43,middle
2025/11/20 2:41:43,mid-sep
2025/11/20 2:41:43,middle
2025/11/20 2:47:15,corridor
2025/11/20 2:47:32,middle
2025/11/20 2:47:33,mid-sep
2025/11/20 2:47:34,middle
2025/11/20 2:49:14,mid-sep
2025/11/20 2:49:44,middle
2025/11/20 2:49:45,corridor
2025/11/20 2:49:48,side
2025/11/20 3:33:42,corridor
2025/11/20 3:33:43,middle
2025/11/20 3:33:43,mid-sep
2025/11/20 3:33:48,middle
2025/11/20 3:37:53,mid-sep
2025/11/20 3:38:02,middle
2025/11/20 3:39:14,mid-sep
2025/11/20 3:39:22,middle
2025/11/20 3:39:31,corridor
2025/11/20 3:39:36,side
2025/11/20 4:20:36,corridor
2025/11/20 4:20:36,middle
2025/11/20 4:20:36,mid-sep
2025/11/20 4:20:36,middle
2025/11/20 4:25:12,corridor
2025/11/20 4:25:21,side
2025/11/20 5:07:42,corridor
2025/11/20 5:07:43,middle
2025/11/20 5:07:43,mid-sep
2025/11/20 5:07:44,middle
2025/11/20 5:11:14,mid-sep
2025/11/20 5:11:26,middle
2025/11/20 5:11:27,corridor
2025/11/20 5:11:33,side
2025/11/20 5:20:25,corridor
2025/11/20 5:20:26,middle
2025/11/20 5:26:55,mid-sep
2025/11/20 5:26:57,middle
2025/11/20 5:27:23,mid-sep
2025/11/20 5:27:43,middle
2025/11/20 5:27:45,corridor
2025/11/20 5:27:56,middle
2025/11/20 5:27:58,mid-sep
2025/11/20 5:28:08,middle
2025/11/20 5:28:20,mid-sep
2025/11/20 5:28:29,middle
2025/11/20 5:28:38,corridor
2025/11/20 5:28:44,side
2025/11/20 6:06:00,corridor
2025/11/20 6:06:00,middle
2025/11/20 6:06:02,mid-sep
2025/11/20 6:06:05,middle
2025/11/20 6:07:57,mid-sep
2025/11/20 6:08:04,middle
2025/11/20 6:08:45,mid-sep
2025/11/20 6:08:58,middle
2025/11/20 6:10:18,mid-sep
2025/11/20 6:10:35,middle
2025/11/20 6:10:42,mid-sep
2025/11/20 6:10:50,middle
2025/11/20 6:11:00,mid-sep
2025/11/20 6:11:28,middle
2025/11/20 6:11:29,corridor
2025/11/20 6:11:36,side
2025/11/20 6:12:19,corridor
2025/11/20 6:12:20,middle
2025/11/20 6:12:21,mid-sep
2025/11/20 6:13:05,middle
2025/11/20 6:13:08,corridor
2025/11/20 6:13:15,side
2025/11/20 6:17:35,corridor
2025/11/20 6:17:36,middle
2025/11/20 6:17:37,mid-sep
2025/11/20 6:18:33,middle
2025/11/20 6:20:14,mid-sep
2025/11/20 6:20:16,middle
2025/11/20 6:20:20,corridor
2025/11/20 6:20:47,side
2025/11/20 6:24:47,corridor
2025/11/20 6:24:48,middle
2025/11/20 6:24:50,mid-sep
2025/11/20 6:26:09,middle
2025/11/20 6:26:47,corridor
2025/11/20 6:26:54,side
2025/11/20 6:28:30,corridor
2025/11/20 6:28:31,middle
2025/11/20 6:28:31,mid-sep
2025/11/20 6:30:40,middle
2025/11/20 6:31:54,corridor
2025/11/20 6:32:11,side
2025/11/20 6:32:25,corridor
2025/11/20 6:32:26,middle
2025/11/20 6:32:26,mid-sep
2025/11/20 6:32:26,middle
2025/11/20 6:32:46,mid-sep
2025/11/20 6:33:21,middle
2025/11/20 6:33:27,corridor
2025/11/20 6:33:31,side
2025/11/20 6:35:26,corridor
2025/11/20 6:35:26,middle
2025/11/20 6:35:27,mid-sep
2025/11/20 6:35:45,middle
2025/11/20 6:37:44,mid-sep
2025/11/20 6:37:47,middle
2025/11/20 6:38:38,mid-sep
2025/11/20 6:39:14,middle
2025/11/20 6:40:09,mid-sep
2025/11/20 6:40:42,middle
2025/11/20 6:40:51,mid-sep
2025/11/20 6:41:07,middle
2025/11/20 6:41:13,corridor
2025/11/20 6:41:18,side
2025/11/20 7:38:08,corridor
2025/11/20 7:38:10,middle
2025/11/20 7:41:53,mid-sep
2025/11/20 7:42:32,middle
2025/11/20 7:43:49,mid-sep
2025/11/20 7:43:55,middle
2025/11/20 7:44:00,corridor
2025/11/20 7:44:05,middle
2025/11/20 7:44:14,mid-sep
2025/11/20 7:45:10,middle
2025/11/20 7:45:57,corridor
2025/11/20 7:46:00,middle
2025/11/20 7:46:03,mid-sep
2025/11/20 7:47:46,middle
2025/11/20 7:47:49,corridor
2025/11/20 7:47:55,side
2025/11/20 7:48:21,corridor
2025/11/20 7:48:22,middle
2025/11/20 7:48:22,mid-sep
2025/11/20 7:48:36,middle
2025/11/20 7:48:43,mid-sep
2025/11/20 7:49:53,middle
2025/11/20 7:56:04,mid-sep
2025/11/20 7:56:14,middle
2025/11/20 7:56:21,corridor
2025/11/20 7:56:30,middle
2025/11/20 7:56:32,mid-sep
2025/11/20 7:57:40,middle
2025/11/20 7:59:54,corridor
2025/11/20 8:00:01,side
2025/11/20 8:00:34,middle
2025/11/20 8:00:34,mid-sep
2025/11/20 8:00:35,middle
2025/11/20 8:00:56,corridor
2025/11/20 8:01:14,middle
2025/11/20 8:01:15,mid-sep
2025/11/20 8:01:16,middle
2025/11/20 8:02:57,mid-sep
2025/11/20 8:03:02,middle
2025/11/20 8:03:52,corridor
2025/11/20 8:04:02,side
2025/11/20 8:08:42,corridor
2025/11/20 8:08:42,middle
2025/11/20 8:08:42,mid-sep
2025/11/20 8:10:09,corridor
2025/11/20 8:10:16,middle
2025/11/20 8:10:17,mid-sep
2025/11/20 8:10:33,middle
2025/11/20 8:10:55,mid-sep
2025/11/20 8:11:29,middle
2025/11/20 8:11:37,mid-sep
2025/11/20 8:11:42,middle
2025/11/20 8:11:58,mid-sep
2025/11/20 8:13:01,mid-sep
2025/11/20 8:13:20,middle
2025/11/20 8:13:47,mid-sep
2025/11/20 8:15:05,middle
2025/11/20 8:15:18,mid-sep
2025/11/20 8:15:32,middle
2025/11/20 8:16:48,corridor
2025/11/20 8:16:53,middle
2025/11/20 8:16:58,corridor
2025/11/20 8:16:58,side
2025/11/20 8:17:35,corridor
2025/11/20 8:17:35,middle
2025/11/20 8:17:35,mid-sep
2025/11/20 8:17:36,middle
2025/11/20 8:17:38,corridor
2025/11/20 8:17:41,side
2025/11/20 8:18:23,corridor
2025/11/20 8:18:23,middle
2025/11/20 8:18:32,mid-sep
2025/11/20 8:18:48,middle
2025/11/20 8:18:54,corridor
2025/11/20 8:18:55,side
2025/11/20 9:28:47,corridor
2025/11/20 9:28:47,middle
2025/11/20 9:28:48,mid-sep
2025/11/20 9:28:50,middle
2025/11/20 9:33:24,mid-sep
2025/11/20 9:33:36,middle
2025/11/20 9:35:12,mid-sep
2025/11/20 9:35:19,middle
2025/11/20 9:35:43,corridor
2025/11/20 9:35:44,side
2025/11/20 10:32:08,corridor
2025/11/20 10:32:09,middle
2025/11/20 10:32:11,mid-sep
2025/11/20 10:32:15,middle
2025/11/20 10:34:17,mid-sep
2025/11/20 10:34:28,middle
2025/11/20 10:34:42,mid-sep
2025/11/20 10:34:46,middle
2025/11/20 10:35:34,mid-sep
2025/11/20 10:35:37,middle
2025/11/20 10:35:37,corridor
2025/11/20 10:35:39,side
2025/11/20 10:41:03,corridor
2025/11/20 10:41:03,middle
2025/11/20 10:41:04,mid-sep
2025/11/20 10:41:34,middle
2025/11/20 10:41:57,mid-sep
2025/11/20 10:42:21,middle
2025/11/20 10:42:42,mid-sep
2025/11/20 10:42:48,middle
2025/11/20 10:42:51,corridor
2025/11/20 10:42:52,side
2025/11/20 12:35:22,corridor
2025/11/20 12:35:23,middle
2025/11/20 12:35:24,mid-sep
2025/11/20 12:35:33,middle
2025/11/20 12:39:24,mid-sep
2025/11/20 12:39:32,middle
2025/11/20 12:39:41,mid-sep
2025/11/20 12:40:37,middle
2025/11/20 12:40:45,mid-sep
2025/11/20 12:40:47,middle
2025/11/20 12:40:55,corridor
2025/11/20 12:40:55,side
2025/11/20 14:44:23,side
