DateTime,LeftMouseLocation
2025/7/20 19:10:59,side
2025/7/20 19:20:00,corridor
2025/7/20 19:20:01,middle
2025/7/20 19:20:08,side
2025/7/20 19:25:52,corridor
2025/7/20 19:25:53,middle
2025/7/20 19:25:55,mid-sep
2025/7/20 19:25:59,middle
2025/7/20 19:26:05,side
2025/7/20 19:30:37,corridor
2025/7/20 19:30:40,middle
2025/7/20 19:30:41,corridor
2025/7/20 19:30:49,side
2025/7/20 19:35:56,middle
2025/7/20 19:35:58,mid-sep
2025/7/20 19:36:21,middle
2025/7/20 19:36:24,corridor
2025/7/20 19:36:26,side
2025/7/20 19:42:15,corridor
2025/7/20 19:42:16,middle
2025/7/20 19:42:22,mid-sep
2025/7/20 19:42:23,middle
2025/7/20 19:42:25,corridor
2025/7/20 19:42:25,side
2025/7/20 19:42:29,corridor
2025/7/20 19:42:31,middle
2025/7/20 19:42:39,corridor
2025/7/20 19:42:39,side
2025/7/20 19:54:54,corridor
2025/7/20 19:54:56,middle
2025/7/20 19:54:58,mid-sep
2025/7/20 19:55:05,middle
2025/7/20 19:55:13,side
2025/7/20 20:00:57,middle
2025/7/20 20:01:02,mid-sep
2025/7/20 20:01:07,middle
2025/7/20 20:02:25,mid-sep
2025/7/20 20:02:39,middle
2025/7/20 20:02:44,side
2025/7/20 20:08:13,corridor
2025/7/20 20:08:13,middle
2025/7/20 20:08:16,side
2025/7/20 20:08:56,middle
2025/7/20 20:08:57,corridor
2025/7/20 20:09:00,side
2025/7/20 20:15:48,middle
2025/7/20 20:15:55,side
2025/7/20 20:26:44,middle
2025/7/20 20:26:52,mid-sep
2025/7/20 20:27:12,corridor
2025/7/20 20:27:15,side
2025/7/20 20:34:03,corridor
2025/7/20 20:34:09,middle
2025/7/20 20:34:20,mid-sep
2025/7/20 20:34:24,side
2025/7/20 20:39:12,middle
2025/7/20 20:39:13,side
2025/7/20 20:43:08,corridor
2025/7/20 20:43:14,middle
2025/7/20 20:43:19,mid-sep
2025/7/20 20:43:29,middle
2025/7/20 20:43:30,side
2025/7/20 20:55:19,corridor
2025/7/20 20:55:20,middle
2025/7/20 20:55:31,corridor
2025/7/20 20:55:34,side
2025/7/20 20:58:32,corridor
2025/7/20 20:58:39,middle
2025/7/20 20:58:43,mid-sep
2025/7/20 20:58:57,middle
2025/7/20 20:59:24,side
2025/7/20 21:02:05,middle
2025/7/20 21:02:07,side
2025/7/20 21:02:16,corridor
2025/7/20 21:02:25,side
2025/7/20 21:21:24,middle
2025/7/20 21:21:46,corridor
2025/7/20 21:21:48,side
2025/7/20 21:29:39,corridor
2025/7/20 21:29:39,middle
2025/7/20 21:30:06,mid-sep
2025/7/20 21:30:09,middle
2025/7/20 21:32:11,side
2025/7/20 21:33:12,corridor
2025/7/20 21:33:25,middle
2025/7/20 21:33:27,mid-sep
2025/7/20 21:33:28,middle
2025/7/20 21:33:54,mid-sep
2025/7/20 21:33:54,middle
2025/7/20 21:33:56,corridor
2025/7/20 21:33:57,side
2025/7/20 21:49:39,corridor
2025/7/20 21:49:42,middle
2025/7/20 21:49:45,mid-sep
2025/7/20 21:49:46,middle
2025/7/20 21:49:52,side
2025/7/20 21:52:06,corridor
2025/7/20 21:52:17,middle
2025/7/20 21:52:33,corridor
2025/7/20 21:52:44,side
2025/7/20 22:00:28,corridor
2025/7/20 22:00:32,middle
2025/7/20 22:00:33,mid-sep
2025/7/20 22:01:40,middle
2025/7/20 22:01:50,side
2025/7/20 22:12:54,side
2025/7/20 22:12:55,corridor
2025/7/20 22:13:01,middle
2025/7/20 22:13:03,mid-sep
2025/7/20 22:13:04,middle
2025/7/20 22:13:16,corridor
2025/7/20 22:13:17,side
2025/7/20 22:17:03,corridor
2025/7/20 22:17:05,middle
2025/7/20 22:17:08,mid-sep
2025/7/20 22:17:18,middle
2025/7/20 22:17:20,side
2025/7/20 22:19:26,corridor
2025/7/20 22:19:32,middle
2025/7/20 22:19:36,corridor
2025/7/20 22:19:37,side
2025/7/20 22:19:39,middle
2025/7/20 22:19:44,corridor
2025/7/20 22:19:45,side
2025/7/20 22:19:47,middle
2025/7/20 22:19:50,mid-sep
2025/7/20 22:20:11,middle
2025/7/20 22:20:19,side
2025/7/20 22:24:21,corridor
2025/7/20 22:24:29,side
2025/7/20 22:30:35,corridor
2025/7/20 22:30:48,middle
2025/7/20 22:30:54,mid-sep
2025/7/20 22:30:55,middle
2025/7/20 22:30:56,side
2025/7/20 22:55:34,middle
2025/7/20 22:55:38,mid-sep
2025/7/20 22:55:46,middle
2025/7/20 22:56:38,mid-sep
2025/7/20 22:56:39,middle
2025/7/20 22:56:41,side
2025/7/20 23:24:27,corridor
2025/7/20 23:24:44,side
2025/7/20 23:25:01,middle
2025/7/20 23:25:05,mid-sep
2025/7/20 23:25:06,middle
2025/7/20 23:27:06,side
2025/7/20 23:29:31,middle
2025/7/20 23:29:33,mid-sep
2025/7/20 23:29:39,middle
2025/7/20 23:29:39,side
2025/7/20 23:34:05,middle
2025/7/20 23:35:02,side
2025/7/20 23:51:43,middle
2025/7/20 23:51:47,mid-sep
2025/7/20 23:51:51,middle
2025/7/20 23:51:53,side
2025/7/20 23:59:00,middle
2025/7/20 23:59:40,side
2025/7/21 0:04:00,middle
2025/7/21 0:04:35,mid-sep
2025/7/21 0:04:52,middle
2025/7/21 0:04:53,side
2025/7/21 0:17:03,middle
2025/7/21 0:17:05,mid-sep
2025/7/21 0:17:05,middle
2025/7/21 0:17:36,corridor
2025/7/21 0:18:00,middle
2025/7/21 0:18:05,corridor
2025/7/21 0:18:37,middle
2025/7/21 0:18:49,mid-sep
2025/7/21 0:19:06,middle
2025/7/21 0:19:09,side
2025/7/21 0:30:25,middle
2025/7/21 0:30:34,mid-sep
2025/7/21 0:30:40,middle
2025/7/21 0:31:07,side
2025/7/21 0:39:08,middle
2025/7/21 0:39:14,mid-sep
2025/7/21 0:39:14,middle
2025/7/21 0:39:17,side
2025/7/21 0:41:50,corridor
2025/7/21 0:42:00,middle
2025/7/21 0:42:20,corridor
2025/7/21 0:42:35,side
2025/7/21 0:45:27,middle
2025/7/21 0:45:40,mid-sep
2025/7/21 0:45:45,middle
2025/7/21 0:46:32,side
2025/7/21 0:53:15,corridor
2025/7/21 0:53:38,mid-sep
2025/7/21 0:53:51,middle
2025/7/21 0:54:03,mid-sep
2025/7/21 0:54:19,middle
2025/7/21 0:54:20,side
2025/7/21 0:59:18,middle
2025/7/21 0:59:20,mid-sep
2025/7/21 0:59:23,middle
2025/7/21 0:59:46,side
2025/7/21 1:20:21,middle
2025/7/21 1:20:26,mid-sep
2025/7/21 1:20:30,middle
2025/7/21 1:20:45,side
2025/7/21 1:21:00,middle
2025/7/21 1:21:03,mid-sep
2025/7/21 1:21:10,middle
2025/7/21 1:21:11,side
2025/7/21 1:34:03,corridor
2025/7/21 1:34:18,middle
2025/7/21 1:34:48,mid-sep
2025/7/21 1:34:52,middle
2025/7/21 1:36:36,corridor
2025/7/21 1:36:38,side
2025/7/21 2:10:06,middle
2025/7/21 2:10:10,mid-sep
2025/7/21 2:10:15,middle
2025/7/21 2:10:55,mid-sep
2025/7/21 2:10:59,middle
2025/7/21 2:10:59,side
2025/7/21 2:27:35,corridor
2025/7/21 2:27:42,middle
2025/7/21 2:27:43,mid-sep
2025/7/21 2:27:46,middle
2025/7/21 2:29:54,mid-sep
2025/7/21 2:29:54,middle
2025/7/21 2:29:55,side
2025/7/21 4:22:34,middle
2025/7/21 4:22:35,mid-sep
2025/7/21 4:22:55,middle
2025/7/21 4:23:35,side
2025/7/21 4:25:32,middle
2025/7/21 4:25:37,mid-sep
2025/7/21 4:25:47,middle
2025/7/21 4:25:56,mid-sep
2025/7/21 4:26:06,middle
2025/7/21 4:26:07,side
2025/7/21 4:39:36,corridor
2025/7/21 4:42:17,middle
2025/7/21 4:42:18,mid-sep
2025/7/21 4:42:19,middle
2025/7/21 4:42:20,side
2025/7/21 4:43:11,middle
2025/7/21 4:44:05,side
2025/7/21 4:52:00,corridor
2025/7/21 4:52:12,middle
2025/7/21 4:52:15,side
2025/7/21 5:01:10,middle
2025/7/21 5:01:13,mid-sep
2025/7/21 5:01:31,middle
2025/7/21 5:01:52,mid-sep
2025/7/21 5:02:05,middle
2025/7/21 5:02:14,corridor
2025/7/21 5:02:15,side
2025/7/21 5:19:20,middle
2025/7/21 5:19:40,mid-sep
2025/7/21 5:19:46,middle
2025/7/21 5:21:16,corridor
2025/7/21 5:21:53,middle
2025/7/21 5:23:35,side
2025/7/21 5:29:29,corridor
2025/7/21 5:29:30,side
2025/7/21 5:50:56,middle
2025/7/21 5:51:01,mid-sep
2025/7/21 5:51:06,middle
2025/7/21 5:51:43,mid-sep
2025/7/21 5:51:55,middle
2025/7/21 5:53:58,mid-sep
2025/7/21 5:54:01,middle
2025/7/21 5:54:04,side
2025/7/21 6:00:07,corridor
2025/7/21 6:00:57,side
2025/7/21 6:10:45,middle
2025/7/21 6:10:54,mid-sep
2025/7/21 6:10:58,middle
2025/7/21 6:11:50,mid-sep
2025/7/21 6:12:07,middle
2025/7/21 6:12:08,side
2025/7/21 6:55:15,corridor
2025/7/21 6:55:20,side
2025/7/21 7:00:32,middle
2025/7/21 7:00:40,mid-sep
2025/7/21 7:01:35,middle
2025/7/21 7:01:38,side
2025/7/21 7:12:35,middle
2025/7/21 7:12:41,mid-sep
2025/7/21 7:12:44,middle
2025/7/21 7:12:45,side
2025/7/21 7:12:50,corridor
2025/7/21 7:13:20,middle
2025/7/21 7:13:55,side
2025/7/21 7:32:30,middle
2025/7/21 7:32:35,mid-sep
2025/7/21 7:32:51,middle
2025/7/21 7:32:52,side
2025/7/21 7:35:30,middle
2025/7/21 7:35:34,mid-sep
2025/7/21 7:36:16,middle
2025/7/21 7:36:17,side
2025/7/21 10:21:12,middle
2025/7/21 10:21:17,mid-sep
2025/7/21 10:21:21,middle
2025/7/21 10:21:27,corridor
2025/7/21 10:21:41,side
2025/7/21 12:33:06,corridor
2025/7/21 12:33:08,middle
2025/7/21 12:33:12,mid-sep
2025/7/21 12:33:26,middle
2025/7/21 12:33:56,side
2025/7/21 12:48:40,middle
2025/7/21 12:48:45,mid-sep
2025/7/21 12:48:51,middle
2025/7/21 12:49:13,side
2025/7/21 15:21:18,middle
2025/7/21 15:21:22,mid-sep
2025/7/21 15:21:56,middle
2025/7/21 15:22:01,corridor
2025/7/21 15:22:03,side
2025/7/21 15:22:15,middle
2025/7/21 15:22:16,mid-sep
2025/7/21 15:22:20,middle
2025/7/21 15:22:32,side
2025/7/21 15:36:26,middle
2025/7/21 15:36:30,mid-sep
2025/7/21 15:36:45,middle
2025/7/21 15:36:47,side
2025/7/21 18:09:05,middle
2025/7/21 18:09:10,mid-sep
2025/7/21 18:09:31,middle
2025/7/21 18:10:18,side
2025/7/21 18:13:45,middle
2025/7/21 18:14:40,mid-sep
2025/7/21 18:14:47,middle
2025/7/21 18:14:50,side
2025/7/21 18:48:31,corridor
2025/7/21 18:48:32,middle
2025/7/21 18:49:12,mid-sep
2025/7/21 18:49:28,middle
2025/7/21 18:49:30,corridor
2025/7/21 18:50:35,side
2025/7/21 18:52:30,corridor
2025/7/21 18:52:33,middle
2025/7/21 18:52:34,corridor
2025/7/21 18:52:34,side
2025/7/21 18:58:21,mid-sep
2025/7/21 18:58:32,corridor
2025/7/21 18:58:32,side
2025/7/21 19:11:18,middle
2025/7/21 19:11:23,corridor
2025/7/21 19:11:23,side
2025/7/21 19:27:39,corridor
2025/7/21 19:27:39,middle
2025/7/21 19:27:46,mid-sep
2025/7/21 19:27:49,middle
2025/7/21 19:27:49,side
2025/7/21 19:30:34,corridor
2025/7/21 19:30:34,middle
2025/7/21 19:31:34,mid-sep
2025/7/21 19:31:38,middle
2025/7/21 19:31:44,side
2025/7/21 19:37:59,corridor
2025/7/21 19:37:59,middle
2025/7/21 19:38:01,mid-sep
2025/7/21 19:38:22,middle
2025/7/21 19:38:23,corridor
2025/7/21 19:38:23,side
2025/7/21 19:38:23,middle
2025/7/21 19:38:38,corridor
2025/7/21 19:39:46,side
2025/7/21 19:40:10,middle
2025/7/21 19:40:22,side
2025/7/21 19:40:25,middle
2025/7/21 19:40:28,mid-sep
2025/7/21 19:40:37,middle
2025/7/21 19:40:41,corridor
2025/7/21 19:40:44,side
2025/7/21 20:10:01,corridor
2025/7/21 20:10:02,middle
2025/7/21 20:11:10,mid-sep
2025/7/21 20:11:26,middle
2025/7/21 20:11:27,corridor
2025/7/21 20:11:28,side
2025/7/21 20:13:32,middle
2025/7/21 20:13:36,mid-sep
2025/7/21 20:13:47,middle
2025/7/21 20:14:19,side
2025/7/21 20:14:20,corridor
2025/7/21 20:14:22,middle
2025/7/21 20:14:24,mid-sep
2025/7/21 20:14:25,middle
2025/7/21 20:14:27,corridor
2025/7/21 20:14:27,side
2025/7/21 20:15:04,corridor
2025/7/21 20:15:22,middle
2025/7/21 20:15:23,mid-sep
2025/7/21 20:15:28,middle
2025/7/21 20:15:29,side
2025/7/21 20:32:18,corridor
2025/7/21 20:32:21,middle
2025/7/21 20:32:22,mid-sep
2025/7/21 20:32:39,middle
2025/7/21 20:32:40,side
2025/7/21 20:50:37,corridor
2025/7/21 20:50:38,middle
2025/7/21 20:50:41,mid-sep
2025/7/21 20:51:18,middle
2025/7/21 20:51:27,mid-sep
2025/7/21 20:52:05,middle
2025/7/21 20:52:40,mid-sep
2025/7/21 20:53:13,middle
2025/7/21 20:53:20,mid-sep
2025/7/21 20:53:40,middle
2025/7/21 20:53:43,corridor
2025/7/21 20:53:44,side
2025/7/21 20:57:25,corridor
2025/7/21 20:57:32,middle
2025/7/21 20:57:33,mid-sep
2025/7/21 20:57:45,middle
2025/7/21 20:57:46,corridor
2025/7/21 20:57:46,side
2025/7/21 21:11:13,corridor
2025/7/21 21:11:14,middle
2025/7/21 21:11:15,mid-sep
2025/7/21 21:11:18,middle
2025/7/21 21:11:18,side
2025/7/21 21:31:10,side
2025/7/21 21:31:11,corridor
2025/7/21 21:31:12,middle
2025/7/21 21:31:13,mid-sep
2025/7/21 21:31:36,middle
2025/7/21 21:31:54,mid-sep
2025/7/21 21:31:58,middle
2025/7/21 21:32:00,side
2025/7/21 21:34:14,middle
2025/7/21 21:34:49,mid-sep
2025/7/21 21:35:11,middle
2025/7/21 21:35:42,mid-sep
2025/7/21 21:35:58,middle
2025/7/21 21:36:37,mid-sep
2025/7/21 21:36:40,middle
2025/7/21 21:37:10,mid-sep
2025/7/21 21:37:40,middle
2025/7/21 21:40:56,mid-sep
2025/7/21 21:41:09,middle
2025/7/21 21:41:10,corridor
2025/7/21 21:41:56,side
2025/7/21 22:32:15,corridor
2025/7/21 22:32:15,middle
2025/7/21 22:32:16,mid-sep
2025/7/21 22:32:19,middle
2025/7/21 22:32:24,side
2025/7/21 22:32:45,corridor
2025/7/21 22:32:46,middle
2025/7/21 22:32:51,mid-sep
2025/7/21 22:32:55,middle
2025/7/21 22:32:57,corridor
2025/7/21 22:32:57,middle
2025/7/21 22:33:08,corridor
2025/7/21 22:33:14,side
2025/7/21 22:35:14,corridor
2025/7/21 22:35:16,side
2025/7/21 22:40:03,corridor
2025/7/21 22:40:04,middle
2025/7/21 22:40:32,mid-sep
2025/7/21 22:41:08,middle
2025/7/21 22:42:59,mid-sep
2025/7/21 22:43:02,middle
2025/7/21 22:43:03,side
2025/7/21 22:44:44,middle
2025/7/21 22:44:52,mid-sep
2025/7/21 22:45:06,middle
2025/7/21 22:45:06,side
2025/7/21 22:56:55,middle
2025/7/21 22:56:57,mid-sep
2025/7/21 22:57:25,middle
2025/7/21 22:57:41,mid-sep
2025/7/21 22:59:45,middle
2025/7/21 23:00:47,mid-sep
2025/7/21 23:00:47,middle
2025/7/21 23:02:37,mid-sep
2025/7/21 23:02:37,middle
2025/7/21 23:05:39,mid-sep
2025/7/21 23:05:45,middle
2025/7/21 23:05:59,mid-sep
2025/7/21 23:06:01,middle
2025/7/21 23:08:31,mid-sep
2025/7/21 23:08:32,middle
2025/7/21 23:09:02,mid-sep
2025/7/21 23:12:33,middle
2025/7/21 23:14:43,mid-sep
2025/7/21 23:15:21,middle
2025/7/21 23:17:57,corridor
2025/7/21 23:18:26,side
2025/7/21 23:18:37,middle
2025/7/21 23:18:38,mid-sep
2025/7/21 23:18:53,middle
2025/7/21 23:18:56,corridor
2025/7/21 23:18:58,side
2025/7/21 23:18:58,middle
2025/7/21 23:19:01,mid-sep
2025/7/21 23:19:52,middle
2025/7/21 23:19:53,corridor
2025/7/21 23:19:55,side
2025/7/21 23:27:14,middle
2025/7/21 23:27:27,mid-sep
2025/7/21 23:28:26,middle
2025/7/21 23:28:26,corridor
2025/7/21 23:28:29,side
2025/7/21 23:31:47,middle
2025/7/21 23:31:53,mid-sep
2025/7/21 23:32:20,middle
2025/7/21 23:33:26,mid-sep
2025/7/21 23:39:35,middle
2025/7/21 23:39:36,side
2025/7/21 23:44:50,middle
2025/7/21 23:44:51,mid-sep
2025/7/21 23:45:21,middle
2025/7/21 23:45:22,corridor
2025/7/21 23:45:22,side
2025/7/21 23:53:31,middle
2025/7/21 23:53:33,mid-sep
2025/7/21 23:53:43,middle
2025/7/21 23:54:05,mid-sep
2025/7/21 23:55:59,middle
2025/7/21 23:56:02,corridor
2025/7/21 23:56:03,side
2025/7/21 23:59:51,middle
2025/7/21 23:59:53,mid-sep
2025/7/22 0:00:12,middle
2025/7/22 0:00:13,side
2025/7/22 0:02:03,middle
2025/7/22 0:02:07,mid-sep
2025/7/22 0:02:08,middle
2025/7/22 0:02:08,corridor
2025/7/22 0:02:09,middle
2025/7/22 0:02:18,mid-sep
2025/7/22 0:02:19,middle
2025/7/22 0:02:27,mid-sep
2025/7/22 0:02:31,middle
2025/7/22 0:02:40,mid-sep
2025/7/22 0:02:55,middle
2025/7/22 0:02:56,corridor
2025/7/22 0:02:56,side
2025/7/22 0:09:09,corridor
2025/7/22 0:09:10,middle
2025/7/22 0:09:18,mid-sep
2025/7/22 0:09:21,middle
2025/7/22 0:09:29,mid-sep
2025/7/22 0:09:47,middle
2025/7/22 0:10:00,mid-sep
2025/7/22 0:10:06,middle
2025/7/22 0:10:08,corridor
2025/7/22 0:10:08,side
2025/7/22 0:17:48,side
2025/7/22 0:17:49,corridor
2025/7/22 0:17:49,middle
2025/7/22 0:17:53,mid-sep
2025/7/22 0:17:53,middle
2025/7/22 0:18:04,corridor
2025/7/22 0:18:04,side
2025/7/22 0:21:34,corridor
2025/7/22 0:21:34,side
2025/7/22 0:43:03,corridor
2025/7/22 0:43:03,middle
2025/7/22 0:43:05,mid-sep
2025/7/22 0:45:16,middle
2025/7/22 0:48:12,corridor
2025/7/22 0:48:12,side
2025/7/22 1:20:00,middle
2025/7/22 1:20:02,mid-sep
2025/7/22 1:20:02,middle
2025/7/22 1:20:36,mid-sep
2025/7/22 1:21:07,middle
2025/7/22 1:22:43,corridor
2025/7/22 1:22:44,side
2025/7/22 1:23:04,middle
2025/7/22 1:23:35,mid-sep
2025/7/22 1:23:37,middle
2025/7/22 1:23:55,mid-sep
2025/7/22 1:24:09,middle
2025/7/22 1:24:14,corridor
2025/7/22 1:24:14,side
2025/7/22 1:24:23,middle
2025/7/22 1:24:45,mid-sep
2025/7/22 1:24:56,middle
2025/7/22 1:25:21,mid-sep
2025/7/22 1:25:54,middle
2025/7/22 1:26:53,corridor
2025/7/22 1:26:53,side
2025/7/22 1:31:28,middle
2025/7/22 1:31:29,mid-sep
2025/7/22 1:31:43,middle
2025/7/22 1:36:38,mid-sep
2025/7/22 1:37:51,middle
2025/7/22 1:37:56,corridor
2025/7/22 1:37:57,side
2025/7/22 1:47:05,middle
2025/7/22 1:49:07,mid-sep
2025/7/22 1:49:44,middle
2025/7/22 1:49:51,mid-sep
2025/7/22 1:49:51,middle
2025/7/22 1:50:35,mid-sep
2025/7/22 1:50:35,middle
2025/7/22 1:51:33,mid-sep
2025/7/22 1:51:41,middle
2025/7/22 1:51:42,corridor
2025/7/22 1:51:42,side
2025/7/22 1:52:57,middle
2025/7/22 1:53:02,mid-sep
2025/7/22 1:53:04,middle
2025/7/22 1:53:24,mid-sep
2025/7/22 1:53:58,middle
2025/7/22 1:54:05,mid-sep
2025/7/22 1:54:21,middle
2025/7/22 1:54:32,mid-sep
2025/7/22 1:54:56,middle
2025/7/22 1:54:58,corridor
2025/7/22 1:54:58,side
2025/7/22 1:55:03,middle
2025/7/22 1:55:08,mid-sep
2025/7/22 1:55:19,middle
2025/7/22 1:55:20,mid-sep
2025/7/22 1:56:03,middle
2025/7/22 1:56:12,mid-sep
2025/7/22 1:56:18,middle
2025/7/22 1:56:37,corridor
2025/7/22 1:56:38,side
2025/7/22 2:01:11,middle
2025/7/22 2:01:19,mid-sep
2025/7/22 2:01:33,middle
2025/7/22 2:01:44,corridor
2025/7/22 2:01:45,side
2025/7/22 2:05:26,corridor
2025/7/22 2:05:29,middle
2025/7/22 2:05:55,mid-sep
2025/7/22 2:06:27,middle
2025/7/22 2:07:07,corridor
2025/7/22 2:07:10,side
2025/7/22 2:08:40,corridor
2025/7/22 2:08:41,middle
2025/7/22 2:08:47,mid-sep
2025/7/22 2:09:05,middle
2025/7/22 2:09:15,mid-sep
2025/7/22 2:09:35,middle
2025/7/22 2:09:55,mid-sep
2025/7/22 2:10:48,middle
2025/7/22 2:10:54,mid-sep
2025/7/22 2:11:00,middle
2025/7/22 2:11:06,mid-sep
2025/7/22 2:11:11,middle
2025/7/22 2:11:20,corridor
2025/7/22 2:11:20,side
2025/7/22 2:11:40,middle
2025/7/22 2:11:57,mid-sep
2025/7/22 2:12:05,middle
2025/7/22 2:12:13,mid-sep
2025/7/22 2:12:29,middle
2025/7/22 2:12:47,mid-sep
2025/7/22 2:12:50,middle
2025/7/22 2:13:13,mid-sep
2025/7/22 2:13:29,middle
2025/7/22 2:13:39,mid-sep
2025/7/22 2:13:54,middle
2025/7/22 2:13:55,side
2025/7/22 2:21:34,corridor
2025/7/22 2:21:34,middle
2025/7/22 2:22:13,mid-sep
2025/7/22 2:22:24,middle
2025/7/22 2:23:13,mid-sep
2025/7/22 2:28:09,middle
2025/7/22 2:28:19,mid-sep
2025/7/22 2:34:55,middle
2025/7/22 2:35:09,mid-sep
2025/7/22 2:35:27,middle
2025/7/22 2:35:30,corridor
2025/7/22 2:35:31,side
2025/7/22 2:35:34,middle
2025/7/22 2:35:43,mid-sep
2025/7/22 2:35:44,middle
2025/7/22 2:35:46,corridor
2025/7/22 2:35:47,side
2025/7/22 2:37:43,middle
2025/7/22 2:37:52,mid-sep
2025/7/22 2:37:53,middle
2025/7/22 2:38:10,mid-sep
2025/7/22 2:38:51,middle
2025/7/22 2:40:21,mid-sep
2025/7/22 2:40:26,middle
2025/7/22 2:40:58,mid-sep
2025/7/22 2:41:02,middle
2025/7/22 2:44:08,mid-sep
2025/7/22 2:45:15,middle
2025/7/22 2:45:47,mid-sep
2025/7/22 2:45:49,middle
2025/7/22 2:50:18,mid-sep
2025/7/22 3:02:15,middle
2025/7/22 3:05:53,mid-sep
2025/7/22 3:06:18,middle
2025/7/22 3:06:26,mid-sep
2025/7/22 3:06:38,middle
2025/7/22 3:06:49,mid-sep
2025/7/22 3:08:10,middle
2025/7/22 3:08:18,mid-sep
2025/7/22 3:08:37,middle
2025/7/22 3:08:42,corridor
2025/7/22 3:08:43,side
2025/7/22 3:08:48,corridor
2025/7/22 3:08:50,middle
2025/7/22 3:08:55,mid-sep
2025/7/22 3:09:01,middle
2025/7/22 3:09:49,mid-sep
2025/7/22 3:09:50,middle
2025/7/22 3:10:06,mid-sep
2025/7/22 3:13:21,middle
2025/7/22 3:19:25,mid-sep
2025/7/22 3:19:31,middle
2025/7/22 3:21:36,mid-sep
2025/7/22 3:21:39,middle
2025/7/22 3:23:36,mid-sep
2025/7/22 3:23:36,middle
2025/7/22 3:26:34,mid-sep
2025/7/22 3:34:30,middle
2025/7/22 3:34:32,mid-sep
2025/7/22 3:35:02,middle
2025/7/22 3:35:02,mid-sep
2025/7/22 3:42:37,middle
2025/7/22 3:42:42,mid-sep
2025/7/22 3:42:43,middle
2025/7/22 3:48:22,mid-sep
2025/7/22 3:48:22,middle
2025/7/22 3:48:59,mid-sep
2025/7/22 3:49:00,middle
2025/7/22 3:49:01,mid-sep
2025/7/22 3:53:30,middle
2025/7/22 3:53:51,mid-sep
2025/7/22 3:53:52,middle
2025/7/22 3:54:01,mid-sep
2025/7/22 4:15:31,middle
2025/7/22 4:15:55,mid-sep
2025/7/22 4:16:03,middle
2025/7/22 4:22:18,mid-sep
2025/7/22 4:22:19,middle
2025/7/22 4:33:13,mid-sep
2025/7/22 4:38:14,middle
2025/7/22 4:38:25,mid-sep
2025/7/22 4:38:34,middle
2025/7/22 4:40:15,mid-sep
2025/7/22 4:41:06,middle
2025/7/22 4:54:51,mid-sep
2025/7/22 5:02:47,middle
2025/7/22 5:10:12,mid-sep
2025/7/22 5:10:18,middle
2025/7/22 5:10:27,mid-sep
2025/7/22 5:10:28,middle
2025/7/22 5:11:27,mid-sep
2025/7/22 5:11:28,middle
2025/7/22 5:11:34,mid-sep
2025/7/22 5:11:35,middle
2025/7/22 5:12:07,mid-sep
2025/7/22 5:12:31,middle
2025/7/22 5:12:48,mid-sep
2025/7/22 5:12:54,middle
2025/7/22 5:13:08,mid-sep
2025/7/22 5:13:39,middle
2025/7/22 5:15:20,mid-sep
2025/7/22 5:15:26,middle
2025/7/22 5:15:35,mid-sep
2025/7/22 5:15:42,middle
2025/7/22 5:15:51,mid-sep
2025/7/22 5:15:51,middle
2025/7/22 5:16:02,mid-sep
2025/7/22 5:16:44,middle
2025/7/22 5:17:23,corridor
2025/7/22 5:17:24,side
2025/7/22 5:24:39,corridor
2025/7/22 5:24:40,middle
2025/7/22 5:25:27,mid-sep
2025/7/22 5:25:27,middle
2025/7/22 5:25:38,mid-sep
2025/7/22 5:25:52,middle
2025/7/22 5:26:08,mid-sep
2025/7/22 5:26:09,middle
2025/7/22 5:26:33,mid-sep
2025/7/22 5:26:34,middle
2025/7/22 5:26:39,corridor
2025/7/22 5:26:39,side
2025/7/22 5:34:21,middle
2025/7/22 5:34:25,corridor
2025/7/22 5:34:26,side
2025/7/22 5:34:30,middle
2025/7/22 5:34:35,mid-sep
2025/7/22 5:34:43,middle
2025/7/22 5:38:30,side
2025/7/22 5:38:31,corridor
2025/7/22 5:38:32,middle
2025/7/22 5:38:42,mid-sep
2025/7/22 5:38:47,middle
2025/7/22 5:38:56,corridor
2025/7/22 5:38:56,middle
2025/7/22 5:39:12,side
2025/7/22 5:39:12,corridor
2025/7/22 5:39:13,middle
2025/7/22 5:39:19,corridor
2025/7/22 5:39:20,middle
2025/7/22 5:44:51,mid-sep
2025/7/22 5:44:52,middle
2025/7/22 5:53:47,side
2025/7/22 5:53:47,corridor
2025/7/22 5:53:48,middle
2025/7/22 5:54:03,mid-sep
2025/7/22 5:54:17,middle
2025/7/22 5:54:30,mid-sep
2025/7/22 5:54:34,middle
2025/7/22 5:54:42,mid-sep
2025/7/22 5:54:43,middle
2025/7/22 5:54:54,mid-sep
2025/7/22 5:54:55,middle
2025/7/22 5:55:00,mid-sep
2025/7/22 5:55:08,middle
2025/7/22 5:55:26,mid-sep
2025/7/22 5:55:35,middle
2025/7/22 5:55:53,mid-sep
2025/7/22 5:55:56,middle
2025/7/22 5:55:58,corridor
2025/7/22 5:55:59,side
2025/7/22 6:01:44,corridor
2025/7/22 6:01:44,middle
2025/7/22 6:01:45,mid-sep
2025/7/22 6:04:51,middle
2025/7/22 6:05:32,mid-sep
2025/7/22 6:06:13,middle
2025/7/22 6:06:38,mid-sep
2025/7/22 6:06:42,middle
2025/7/22 6:06:52,mid-sep
2025/7/22 6:07:11,middle
2025/7/22 6:08:01,mid-sep
2025/7/22 6:08:14,middle
2025/7/22 6:08:21,mid-sep
2025/7/22 6:09:02,middle
2025/7/22 6:09:39,mid-sep
2025/7/22 6:09:46,middle
2025/7/22 6:09:58,mid-sep
2025/7/22 6:10:01,middle
2025/7/22 6:10:07,mid-sep
2025/7/22 6:10:08,middle
2025/7/22 6:10:12,corridor
2025/7/22 6:10:12,side
2025/7/22 6:15:46,middle
2025/7/22 6:15:53,mid-sep
2025/7/22 6:15:55,middle
2025/7/22 6:16:02,mid-sep
2025/7/22 6:16:08,middle
2025/7/22 6:16:15,mid-sep
2025/7/22 6:16:36,middle
2025/7/22 6:16:39,corridor
2025/7/22 6:16:39,side
2025/7/22 6:28:19,corridor
2025/7/22 6:28:19,middle
2025/7/22 6:28:29,mid-sep
2025/7/22 6:29:15,middle
2025/7/22 6:30:41,mid-sep
2025/7/22 6:30:54,middle
2025/7/22 6:31:04,mid-sep
2025/7/22 6:31:06,middle
2025/7/22 6:31:12,mid-sep
2025/7/22 6:31:29,middle
2025/7/22 6:31:41,mid-sep
2025/7/22 6:31:42,middle
2025/7/22 6:31:55,mid-sep
2025/7/22 6:32:09,middle
2025/7/22 6:32:47,mid-sep
2025/7/22 6:33:26,middle
2025/7/22 6:34:40,mid-sep
2025/7/22 6:34:44,middle
2025/7/22 6:34:57,mid-sep
2025/7/22 6:35:04,middle
2025/7/22 6:35:19,mid-sep
2025/7/22 6:35:25,middle
2025/7/22 6:35:39,mid-sep
2025/7/22 6:35:48,middle
2025/7/22 6:35:52,mid-sep
2025/7/22 6:36:21,middle
2025/7/22 6:36:27,mid-sep
2025/7/22 6:36:40,middle
2025/7/22 6:36:53,corridor
2025/7/22 6:36:53,side
2025/7/22 6:39:13,corridor
2025/7/22 6:39:13,middle
2025/7/22 6:39:16,mid-sep
2025/7/22 6:39:23,middle
2025/7/22 6:39:45,mid-sep
2025/7/22 6:39:59,middle
2025/7/22 6:40:11,mid-sep
2025/7/22 6:40:15,middle
2025/7/22 6:40:40,side
2025/7/22 6:41:42,corridor
2025/7/22 6:41:46,middle
2025/7/22 6:42:00,mid-sep
2025/7/22 6:42:54,middle
2025/7/22 6:43:04,mid-sep
2025/7/22 6:43:34,middle
2025/7/22 6:43:35,corridor
2025/7/22 6:43:36,side
2025/7/22 6:44:48,middle
2025/7/22 6:44:50,mid-sep
2025/7/22 6:44:52,middle
2025/7/22 6:45:04,mid-sep
2025/7/22 6:45:43,middle
2025/7/22 6:45:45,side
2025/7/22 6:54:43,corridor
2025/7/22 6:54:44,middle
2025/7/22 6:54:47,corridor
2025/7/22 6:54:49,side
2025/7/22 6:55:04,corridor
2025/7/22 6:55:05,middle
2025/7/22 6:55:08,corridor
2025/7/22 6:55:09,side
2025/7/22 6:55:13,corridor
2025/7/22 6:55:13,middle
2025/7/22 6:55:24,mid-sep
2025/7/22 6:55:25,middle
2025/7/22 6:55:31,mid-sep
2025/7/22 6:55:31,middle
2025/7/22 6:55:45,corridor
2025/7/22 6:55:45,side
2025/7/22 6:55:48,corridor
2025/7/22 6:55:48,middle
2025/7/22 6:56:03,mid-sep
2025/7/22 6:56:18,middle
2025/7/22 6:56:34,mid-sep
2025/7/22 6:56:41,middle
2025/7/22 6:56:48,mid-sep
2025/7/22 6:57:04,middle
2025/7/22 6:58:21,mid-sep
2025/7/22 6:58:21,middle
2025/7/22 7:00:49,mid-sep
2025/7/22 7:00:50,middle
2025/7/22 7:00:52,corridor
2025/7/22 7:00:53,side
2025/7/22 7:01:36,middle
2025/7/22 7:01:40,mid-sep
2025/7/22 7:01:41,middle
2025/7/22 7:01:49,corridor
2025/7/22 7:01:55,side
2025/7/22 7:04:46,corridor
2025/7/22 7:04:46,middle
2025/7/22 7:04:52,mid-sep
2025/7/22 7:04:55,middle
2025/7/22 7:05:03,corridor
2025/7/22 7:05:05,side
2025/7/22 7:09:21,middle
2025/7/22 7:09:43,mid-sep
2025/7/22 7:09:43,middle
2025/7/22 7:09:49,mid-sep
2025/7/22 7:09:54,middle
2025/7/22 7:09:58,mid-sep
2025/7/22 7:10:10,middle
2025/7/22 7:10:22,mid-sep
2025/7/22 7:10:41,middle
2025/7/22 7:11:59,mid-sep
2025/7/22 7:12:09,middle
2025/7/22 7:13:51,mid-sep
2025/7/22 7:15:25,middle
2025/7/22 7:15:31,mid-sep
2025/7/22 7:15:40,middle
2025/7/22 7:15:53,mid-sep
2025/7/22 7:15:55,middle
2025/7/22 7:16:06,corridor
2025/7/22 7:16:09,side
2025/7/22 7:16:13,corridor
2025/7/22 7:16:14,middle
2025/7/22 7:16:15,mid-sep
2025/7/22 7:16:21,middle
2025/7/22 7:16:23,side
2025/7/22 7:16:24,corridor
2025/7/22 7:16:28,middle
2025/7/22 7:16:29,mid-sep
2025/7/22 7:16:37,middle
2025/7/22 7:16:41,mid-sep
2025/7/22 7:17:04,middle
2025/7/22 7:17:18,mid-sep
2025/7/22 7:17:49,mid-sep
2025/7/22 7:17:51,middle
2025/7/22 7:17:57,mid-sep
2025/7/22 7:18:52,middle
2025/7/22 7:19:26,mid-sep
2025/7/22 7:19:31,middle
2025/7/22 7:20:02,corridor
2025/7/22 7:20:06,side
2025/7/22 7:22:35,corridor
2025/7/22 7:22:38,middle
2025/7/22 7:22:42,mid-sep
2025/7/22 7:22:56,middle
2025/7/22 7:23:22,corridor
2025/7/22 7:23:23,side
2025/7/22 7:23:26,corridor
2025/7/22 7:23:28,middle
2025/7/22 7:23:29,corridor
2025/7/22 7:23:34,middle
2025/7/22 7:23:41,mid-sep
2025/7/22 7:23:42,middle
2025/7/22 7:23:49,mid-sep
2025/7/22 7:24:00,mid-sep
2025/7/22 7:24:05,middle
2025/7/22 7:24:18,mid-sep
2025/7/22 7:24:20,middle
2025/7/22 7:24:35,mid-sep
2025/7/22 7:25:02,middle
2025/7/22 7:25:13,corridor
2025/7/22 7:25:14,side
2025/7/22 7:26:03,corridor
2025/7/22 7:26:04,middle
2025/7/22 7:26:28,mid-sep
2025/7/22 7:26:41,middle
2025/7/22 7:26:52,mid-sep
2025/7/22 7:26:57,middle
2025/7/22 7:27:24,mid-sep
2025/7/22 7:27:30,middle
2025/7/22 7:28:49,mid-sep
2025/7/22 7:28:50,middle
2025/7/22 7:29:03,mid-sep
2025/7/22 7:29:52,middle
2025/7/22 7:31:14,mid-sep
2025/7/22 7:31:24,middle
2025/7/22 7:31:32,mid-sep
2025/7/22 7:31:42,middle
2025/7/22 7:31:54,mid-sep
2025/7/22 7:32:13,middle
2025/7/22 7:32:29,mid-sep
2025/7/22 7:32:45,middle
2025/7/22 7:33:11,mid-sep
2025/7/22 7:33:47,middle
2025/7/22 7:33:52,mid-sep
2025/7/22 7:34:20,middle
2025/7/22 7:34:32,mid-sep
2025/7/22 7:34:42,middle
2025/7/22 7:38:19,mid-sep
2025/7/22 7:38:30,middle
2025/7/22 7:38:55,mid-sep
2025/7/22 7:39:02,middle
2025/7/22 7:39:53,mid-sep
2025/7/22 7:40:01,middle
2025/7/22 7:40:42,corridor
2025/7/22 7:40:42,side
2025/7/22 9:06:33,middle
2025/7/22 9:06:38,mid-sep
2025/7/22 9:06:39,middle
2025/7/22 9:08:16,mid-sep
2025/7/22 9:08:20,middle
2025/7/22 9:08:37,side
2025/7/22 10:51:14,corridor
2025/7/22 10:51:17,side
2025/7/22 15:03:33,corridor
2025/7/22 15:03:35,middle
2025/7/22 15:03:49,mid-sep
2025/7/22 15:03:50,middle
2025/7/22 15:04:00,mid-sep
2025/7/22 15:04:03,middle
2025/7/22 15:04:04,corridor
2025/7/22 15:04:05,side
2025/7/22 15:56:59,corridor
2025/7/22 15:57:00,middle
2025/7/22 15:57:06,mid-sep
2025/7/22 15:57:27,middle
2025/7/22 15:57:32,corridor
2025/7/22 15:57:33,side
2025/7/22 17:35:29,corridor
2025/7/22 17:35:30,middle
2025/7/22 17:35:44,corridor
2025/7/22 17:35:48,side
2025/7/22 17:36:01,corridor
2025/7/22 17:36:02,middle
2025/7/22 17:36:05,mid-sep
2025/7/22 17:36:10,middle
2025/7/22 17:36:19,corridor
2025/7/22 17:36:20,side
2025/7/22 17:57:28,corridor
2025/7/22 17:57:29,middle
2025/7/22 17:57:32,mid-sep
2025/7/22 17:57:39,middle
2025/7/22 17:58:03,mid-sep
2025/7/22 17:58:05,middle
2025/7/22 17:58:34,mid-sep
2025/7/22 17:58:37,middle
2025/7/22 17:58:42,corridor
2025/7/22 17:59:00,side
2025/7/22 17:59:53,corridor
2025/7/22 17:59:54,mid-sep
2025/7/22 17:59:58,corridor
2025/7/22 17:59:58,side
2025/7/22 18:01:51,corridor
2025/7/22 18:01:51,middle
2025/7/22 18:01:53,corridor
2025/7/22 18:01:55,side
2025/7/22 18:02:21,corridor
2025/7/22 18:02:21,mid-sep
2025/7/22 18:02:22,corridor
2025/7/22 18:02:24,side
2025/7/22 18:04:02,corridor
2025/7/22 18:04:02,middle
2025/7/22 18:04:05,corridor
2025/7/22 18:04:06,side
2025/7/22 18:04:09,corridor
2025/7/22 18:04:09,middle
2025/7/22 18:04:10,mid-sep
2025/7/22 18:04:32,middle
2025/7/22 18:04:35,corridor
2025/7/22 18:04:39,side
2025/7/22 18:40:39,corridor
2025/7/22 18:40:40,middle
2025/7/22 18:40:41,mid-sep
2025/7/22 18:40:43,middle
2025/7/22 18:40:59,corridor
2025/7/22 18:41:02,side
2025/7/22 18:43:04,corridor
2025/7/22 18:43:05,mid-sep
2025/7/22 18:43:13,corridor
2025/7/22 18:43:15,side
2025/7/22 18:59:17,corridor
2025/7/22 18:59:18,mid-sep
2025/7/22 18:59:21,side
2025/7/22 19:02:25,corridor
2025/7/22 19:02:26,middle
2025/7/22 19:02:29,mid-sep
2025/7/22 19:02:30,middle
2025/7/22 19:02:30,corridor
2025/7/22 19:02:31,side
2025/7/22 19:08:31,corridor
2025/7/22 19:08:32,middle
2025/7/22 19:08:33,mid-sep
2025/7/22 19:08:38,middle
2025/7/22 19:08:40,side
2025/7/22 19:08:40,corridor
2025/7/22 19:08:40,side
2025/7/22 19:09:27,mid-sep
2025/7/22 19:09:32,corridor
2025/7/22 19:09:32,side
2025/7/22 19:16:04,corridor
2025/7/22 19:16:04,middle
2025/7/22 19:16:08,mid-sep
2025/7/22 19:16:47,middle
2025/7/22 19:16:48,corridor
2025/7/22 19:16:49,side
2025/7/22 19:28:20,corridor
2025/7/22 19:28:20,middle
2025/7/22 19:28:23,mid-sep
2025/7/22 19:29:04,middle
2025/7/22 19:29:05,side
2025/7/22 19:29:19,corridor
2025/7/22 19:29:21,middle
2025/7/22 19:29:22,mid-sep
2025/7/22 19:29:29,middle
2025/7/22 19:29:30,corridor
2025/7/22 19:29:31,side
2025/7/22 19:29:34,corridor
2025/7/22 19:29:34,middle
2025/7/22 19:29:38,mid-sep
2025/7/22 19:29:41,middle
2025/7/22 19:29:41,corridor
2025/7/22 19:29:42,side
2025/7/22 19:36:13,corridor
2025/7/22 19:36:14,middle
2025/7/22 19:36:15,mid-sep
2025/7/22 19:36:21,middle
2025/7/22 19:36:22,corridor
2025/7/22 19:36:24,side
2025/7/22 19:38:32,corridor
2025/7/22 19:38:33,middle
2025/7/22 19:38:37,mid-sep
2025/7/22 19:38:40,middle
2025/7/22 19:38:41,corridor
2025/7/22 19:38:42,side
2025/7/22 19:45:53,corridor
2025/7/22 19:46:02,middle
2025/7/22 19:46:08,mid-sep
2025/7/22 19:46:34,middle
2025/7/22 19:46:38,corridor
2025/7/22 19:46:40,side
2025/7/22 19:47:15,corridor
2025/7/22 19:47:17,middle
2025/7/22 19:47:20,corridor
2025/7/22 19:47:20,side
2025/7/22 20:10:23,corridor
2025/7/22 20:10:24,middle
2025/7/22 20:10:32,mid-sep
2025/7/22 20:10:38,middle
2025/7/22 20:10:54,corridor
2025/7/22 20:11:13,middle
2025/7/22 20:11:14,mid-sep
2025/7/22 20:11:35,middle
2025/7/22 20:11:37,corridor
2025/7/22 20:11:44,side
2025/7/22 20:20:24,corridor
2025/7/22 20:20:24,middle
2025/7/22 20:20:26,mid-sep
2025/7/22 20:20:46,middle
2025/7/22 20:20:50,corridor
2025/7/22 20:20:52,side
2025/7/22 20:20:56,corridor
2025/7/22 20:20:58,middle
2025/7/22 20:21:05,mid-sep
2025/7/22 20:21:32,middle
2025/7/22 20:21:33,corridor
2025/7/22 20:21:34,side
2025/7/22 20:25:27,corridor
2025/7/22 20:25:27,mid-sep
2025/7/22 20:27:52,middle
2025/7/22 20:28:37,mid-sep
2025/7/22 20:29:01,middle
2025/7/22 20:29:30,corridor
2025/7/22 20:29:42,side
2025/7/22 20:33:02,corridor
2025/7/22 20:33:03,middle
2025/7/22 20:33:04,mid-sep
2025/7/22 20:33:44,middle
2025/7/22 20:33:48,corridor
2025/7/22 20:33:50,side
2025/7/22 20:40:23,corridor
2025/7/22 20:40:24,mid-sep
2025/7/22 20:40:27,corridor
2025/7/22 20:40:29,side
2025/7/22 20:46:04,middle
2025/7/22 20:46:05,mid-sep
2025/7/22 20:46:08,middle
2025/7/22 20:46:19,mid-sep
2025/7/22 20:46:23,middle
2025/7/22 20:46:31,mid-sep
2025/7/22 20:47:02,middle
2025/7/22 20:47:06,corridor
2025/7/22 20:47:08,side
2025/7/22 20:58:22,corridor
2025/7/22 20:58:23,middle
2025/7/22 20:58:25,mid-sep
2025/7/22 20:58:44,side
2025/7/22 21:02:03,corridor
2025/7/22 21:02:04,middle
2025/7/22 21:02:05,mid-sep
2025/7/22 21:02:21,middle
2025/7/22 21:02:23,corridor
2025/7/22 21:02:23,side
2025/7/22 21:06:03,corridor
2025/7/22 21:06:04,middle
2025/7/22 21:06:11,mid-sep
2025/7/22 21:06:57,middle
2025/7/22 21:07:03,corridor
2025/7/22 21:07:05,side
2025/7/22 21:07:16,corridor
2025/7/22 21:07:17,middle
2025/7/22 21:07:23,mid-sep
2025/7/22 21:07:53,middle
2025/7/22 21:07:59,corridor
2025/7/22 21:08:00,side
2025/7/22 21:12:43,corridor
2025/7/22 21:12:44,middle
2025/7/22 21:12:47,mid-sep
2025/7/22 21:13:16,middle
2025/7/22 21:13:17,corridor
2025/7/22 21:13:18,side
2025/7/22 21:15:47,corridor
2025/7/22 21:15:48,mid-sep
2025/7/22 21:15:58,side
2025/7/22 21:22:31,corridor
2025/7/22 21:22:34,middle
2025/7/22 21:22:35,mid-sep
2025/7/22 21:22:43,corridor
2025/7/22 21:22:44,side
2025/7/22 21:43:25,corridor
2025/7/22 21:43:25,middle
2025/7/22 21:43:30,mid-sep
2025/7/22 21:43:31,middle
2025/7/22 21:43:33,side
2025/7/22 21:43:44,corridor
2025/7/22 21:43:45,middle
2025/7/22 21:44:07,mid-sep
2025/7/22 21:44:10,middle
2025/7/22 21:44:22,corridor
2025/7/22 21:44:24,side
2025/7/22 21:57:00,corridor
2025/7/22 21:57:01,middle
2025/7/22 21:57:03,corridor
2025/7/22 21:57:05,side
2025/7/22 22:00:03,corridor
2025/7/22 22:00:03,middle
2025/7/22 22:00:18,mid-sep
2025/7/22 22:00:23,middle
2025/7/22 22:00:27,corridor
2025/7/22 22:00:30,side
2025/7/22 22:26:11,corridor
2025/7/22 22:26:11,middle
2025/7/22 22:26:14,mid-sep
2025/7/22 22:26:35,middle
2025/7/22 22:26:43,corridor
2025/7/22 22:26:45,side
2025/7/22 22:27:04,corridor
2025/7/22 22:27:05,middle
2025/7/22 22:27:07,mid-sep
2025/7/22 22:27:22,middle
2025/7/22 22:27:26,corridor
2025/7/22 22:27:27,side
2025/7/22 22:48:04,corridor
2025/7/22 22:48:05,middle
2025/7/22 22:48:16,mid-sep
2025/7/22 22:48:37,middle
2025/7/22 22:49:34,mid-sep
2025/7/22 22:50:14,middle
2025/7/22 22:50:16,corridor
2025/7/22 22:50:17,side
2025/7/22 23:21:56,corridor
2025/7/22 23:21:57,middle
2025/7/22 23:22:00,mid-sep
2025/7/22 23:22:13,middle
2025/7/22 23:22:14,corridor
2025/7/22 23:22:18,side
2025/7/22 23:23:45,middle
2025/7/22 23:23:50,mid-sep
2025/7/22 23:23:57,middle
2025/7/22 23:23:58,corridor
2025/7/22 23:24:00,side
2025/7/22 23:30:29,corridor
2025/7/22 23:30:29,middle
2025/7/22 23:30:38,mid-sep
2025/7/22 23:30:49,middle
2025/7/22 23:30:54,corridor
2025/7/22 23:30:55,side
2025/7/22 23:38:26,corridor
2025/7/22 23:38:26,middle
2025/7/22 23:38:36,mid-sep
2025/7/22 23:38:43,corridor
2025/7/22 23:38:50,side
2025/7/22 23:39:50,corridor
2025/7/22 23:39:54,middle
2025/7/22 23:39:55,mid-sep
2025/7/22 23:40:22,middle
2025/7/22 23:40:24,corridor
2025/7/22 23:40:25,side
2025/7/22 23:50:11,corridor
2025/7/22 23:50:11,middle
2025/7/22 23:50:13,mid-sep
2025/7/22 23:50:26,middle
2025/7/22 23:50:27,corridor
2025/7/22 23:50:29,side
2025/7/22 23:56:39,corridor
2025/7/22 23:56:39,middle
2025/7/22 23:56:51,mid-sep
2025/7/22 23:56:58,middle
2025/7/22 23:57:06,corridor
2025/7/22 23:57:07,side
2025/7/23 0:02:05,corridor
2025/7/23 0:02:06,middle
2025/7/23 0:02:10,mid-sep
2025/7/23 0:03:17,middle
2025/7/23 0:03:18,corridor
2025/7/23 0:03:20,side
2025/7/23 0:10:05,corridor
2025/7/23 0:10:06,middle
2025/7/23 0:10:16,mid-sep
2025/7/23 0:10:26,middle
2025/7/23 0:10:27,corridor
2025/7/23 0:10:28,side
2025/7/23 0:14:35,corridor
2025/7/23 0:14:36,middle
2025/7/23 0:14:45,mid-sep
2025/7/23 0:15:10,middle
2025/7/23 0:15:11,corridor
2025/7/23 0:15:12,side
2025/7/23 0:23:10,corridor
2025/7/23 0:23:12,middle
2025/7/23 0:23:15,mid-sep
2025/7/23 0:23:33,middle
2025/7/23 0:23:35,corridor
2025/7/23 0:23:48,side
2025/7/23 0:25:49,corridor
2025/7/23 0:25:49,middle
2025/7/23 0:25:49,mid-sep
2025/7/23 0:27:22,middle
2025/7/23 0:27:24,corridor
2025/7/23 0:27:32,side
2025/7/23 0:29:13,corridor
2025/7/23 0:29:13,middle
2025/7/23 0:29:16,mid-sep
2025/7/23 0:29:58,middle
2025/7/23 0:29:59,corridor
2025/7/23 0:30:02,side
2025/7/23 0:31:21,corridor
2025/7/23 0:31:21,middle
2025/7/23 0:31:24,mid-sep
2025/7/23 0:31:55,middle
2025/7/23 0:32:02,mid-sep
2025/7/23 0:32:25,middle
2025/7/23 0:32:27,corridor
2025/7/23 0:32:28,side
2025/7/23 0:34:53,corridor
2025/7/23 0:34:54,middle
2025/7/23 0:34:56,corridor
2025/7/23 0:34:58,side
2025/7/23 0:37:25,corridor
2025/7/23 0:37:25,middle
2025/7/23 0:37:28,mid-sep
2025/7/23 0:38:39,middle
2025/7/23 0:38:41,corridor
2025/7/23 0:38:44,side
2025/7/23 0:40:23,corridor
2025/7/23 0:40:23,middle
2025/7/23 0:40:25,mid-sep
2025/7/23 0:41:41,middle
2025/7/23 0:42:01,mid-sep
2025/7/23 0:42:23,middle
2025/7/23 0:42:32,mid-sep
2025/7/23 0:43:27,middle
2025/7/23 0:43:38,corridor
2025/7/23 0:43:40,side
2025/7/23 0:47:08,corridor
2025/7/23 0:47:12,middle
2025/7/23 0:47:30,mid-sep
2025/7/23 0:48:19,middle
2025/7/23 0:48:20,corridor
2025/7/23 0:48:22,side
2025/7/23 0:51:19,corridor
2025/7/23 0:51:20,middle
2025/7/23 0:51:24,mid-sep
2025/7/23 0:51:44,middle
2025/7/23 0:51:45,corridor
2025/7/23 0:51:46,side
2025/7/23 0:51:57,corridor
2025/7/23 0:51:58,middle
2025/7/23 0:52:00,mid-sep
2025/7/23 0:52:42,middle
2025/7/23 0:52:43,corridor
2025/7/23 0:52:44,side
2025/7/23 0:58:08,corridor
2025/7/23 0:58:12,middle
2025/7/23 0:58:13,mid-sep
2025/7/23 0:58:42,middle
2025/7/23 0:58:43,side
2025/7/23 0:58:58,corridor
2025/7/23 0:58:59,middle
2025/7/23 0:59:00,mid-sep
2025/7/23 1:00:08,middle
2025/7/23 1:00:10,corridor
2025/7/23 1:00:27,side
2025/7/23 1:00:31,corridor
2025/7/23 1:00:31,middle
2025/7/23 1:00:35,mid-sep
2025/7/23 1:00:54,middle
2025/7/23 1:00:56,corridor
2025/7/23 1:00:57,side
2025/7/23 1:01:47,corridor
2025/7/23 1:01:49,middle
2025/7/23 1:01:51,mid-sep
2025/7/23 1:02:29,middle
2025/7/23 1:02:30,corridor
2025/7/23 1:02:31,side
2025/7/23 1:02:36,corridor
2025/7/23 1:02:36,middle
2025/7/23 1:02:37,mid-sep
2025/7/23 1:03:03,middle
2025/7/23 1:03:04,corridor
2025/7/23 1:03:05,side
2025/7/23 1:06:34,corridor
2025/7/23 1:06:35,middle
2025/7/23 1:06:44,corridor
2025/7/23 1:06:45,side
2025/7/23 1:06:46,corridor
2025/7/23 1:06:47,middle
2025/7/23 1:06:50,mid-sep
2025/7/23 1:07:46,middle
2025/7/23 1:07:51,corridor
2025/7/23 1:07:52,side
2025/7/23 1:11:17,corridor
2025/7/23 1:11:17,middle
2025/7/23 1:11:31,mid-sep
2025/7/23 1:11:36,middle
2025/7/23 1:11:37,corridor
2025/7/23 1:11:38,side
2025/7/23 1:11:40,middle
2025/7/23 1:11:41,mid-sep
2025/7/23 1:13:07,middle
2025/7/23 1:13:08,corridor
2025/7/23 1:13:10,side
2025/7/23 1:15:37,corridor
2025/7/23 1:15:38,middle
2025/7/23 1:15:40,mid-sep
2025/7/23 1:15:50,middle
2025/7/23 1:17:00,mid-sep
2025/7/23 1:17:40,middle
2025/7/23 1:17:41,side
2025/7/23 1:20:14,corridor
2025/7/23 1:20:15,middle
2025/7/23 1:20:17,mid-sep
2025/7/23 1:20:23,side
2025/7/23 1:21:10,corridor
2025/7/23 1:21:10,middle
2025/7/23 1:21:13,mid-sep
2025/7/23 1:22:03,middle
2025/7/23 1:22:11,corridor
2025/7/23 1:22:11,side
2025/7/23 1:23:37,corridor
2025/7/23 1:23:38,middle
2025/7/23 1:23:42,mid-sep
2025/7/23 1:24:14,middle
2025/7/23 1:24:23,corridor
2025/7/23 1:24:24,side
2025/7/23 1:54:25,corridor
2025/7/23 1:54:25,middle
2025/7/23 1:54:27,mid-sep
2025/7/23 1:54:38,middle
2025/7/23 1:54:40,corridor
2025/7/23 1:54:42,side
2025/7/23 1:55:43,corridor
2025/7/23 1:55:44,middle
2025/7/23 1:55:47,mid-sep
2025/7/23 1:56:33,middle
2025/7/23 1:56:35,corridor
2025/7/23 1:56:36,side
2025/7/23 1:56:42,corridor
2025/7/23 1:56:42,middle
2025/7/23 1:56:43,mid-sep
2025/7/23 1:57:27,middle
2025/7/23 1:58:36,mid-sep
2025/7/23 1:58:39,middle
2025/7/23 2:00:38,mid-sep
2025/7/23 2:00:50,middle
2025/7/23 2:01:14,corridor
2025/7/23 2:01:15,side
2025/7/23 2:06:21,corridor
2025/7/23 2:06:22,middle
2025/7/23 2:06:23,mid-sep
2025/7/23 2:06:42,middle
2025/7/23 2:06:46,corridor
2025/7/23 2:06:46,side
2025/7/23 2:15:56,corridor
2025/7/23 2:15:56,middle
2025/7/23 2:16:00,mid-sep
2025/7/23 2:17:24,middle
2025/7/23 2:17:59,corridor
2025/7/23 2:18:03,side
2025/7/23 2:20:38,corridor
2025/7/23 2:20:40,middle
2025/7/23 2:20:41,mid-sep
2025/7/23 2:21:18,middle
2025/7/23 2:21:22,side
2025/7/23 2:21:42,corridor
2025/7/23 2:21:43,middle
2025/7/23 2:21:45,mid-sep
2025/7/23 2:23:09,middle
2025/7/23 2:23:11,corridor
2025/7/23 2:23:12,side
2025/7/23 2:25:59,corridor
2025/7/23 2:26:00,middle
2025/7/23 2:26:02,mid-sep
2025/7/23 2:26:50,middle
2025/7/23 2:26:51,corridor
2025/7/23 2:26:52,side
2025/7/23 2:27:46,corridor
2025/7/23 2:27:46,middle
2025/7/23 2:27:52,mid-sep
2025/7/23 2:28:30,middle
2025/7/23 2:28:34,corridor
2025/7/23 2:28:35,side
2025/7/23 2:28:40,corridor
2025/7/23 2:28:40,middle
2025/7/23 2:28:41,mid-sep
2025/7/23 2:29:18,middle
2025/7/23 2:29:20,corridor
2025/7/23 2:29:29,side
2025/7/23 2:30:40,corridor
2025/7/23 2:30:40,middle
2025/7/23 2:30:41,mid-sep
2025/7/23 2:32:00,middle
2025/7/23 2:32:07,corridor
2025/7/23 2:32:09,side
2025/7/23 2:32:20,corridor
2025/7/23 2:32:21,middle
2025/7/23 2:32:24,mid-sep
2025/7/23 2:33:41,middle
2025/7/23 2:33:42,corridor
2025/7/23 2:33:43,side
2025/7/23 2:41:04,corridor
2025/7/23 2:41:06,middle
2025/7/23 2:41:09,mid-sep
2025/7/23 2:41:22,middle
2025/7/23 2:41:24,corridor
2025/7/23 2:41:25,side
2025/7/23 2:47:10,corridor
2025/7/23 2:47:12,middle
2025/7/23 2:47:15,corridor
2025/7/23 2:47:16,side
2025/7/23 2:47:26,corridor
2025/7/23 2:47:27,middle
2025/7/23 2:47:33,mid-sep
2025/7/23 2:47:42,middle
2025/7/23 2:47:45,corridor
2025/7/23 2:47:45,side
2025/7/23 2:48:47,corridor
2025/7/23 2:48:48,mid-sep
2025/7/23 2:48:58,corridor
2025/7/23 2:48:59,side
2025/7/23 2:49:03,corridor
2025/7/23 2:49:03,middle
2025/7/23 2:49:06,mid-sep
2025/7/23 2:49:51,middle
2025/7/23 2:49:52,corridor
2025/7/23 2:49:53,side
2025/7/23 2:53:33,middle
2025/7/23 2:54:10,corridor
2025/7/23 2:54:12,side
2025/7/23 3:37:21,corridor
2025/7/23 3:37:23,middle
2025/7/23 3:37:42,mid-sep
2025/7/23 3:37:51,middle
2025/7/23 3:38:40,mid-sep
2025/7/23 3:39:52,middle
2025/7/23 3:40:34,mid-sep
2025/7/23 3:40:42,middle
2025/7/23 3:40:49,mid-sep
2025/7/23 3:40:50,middle
2025/7/23 3:41:04,corridor
2025/7/23 3:41:07,side
2025/7/23 3:48:30,corridor
2025/7/23 3:48:30,middle
2025/7/23 3:48:41,mid-sep
2025/7/23 3:49:01,middle
2025/7/23 3:49:13,corridor
2025/7/23 3:49:14,side
2025/7/23 3:51:17,corridor
2025/7/23 3:51:18,middle
2025/7/23 3:59:11,mid-sep
2025/7/23 3:59:50,middle
2025/7/23 4:00:33,mid-sep
2025/7/23 4:00:44,middle
2025/7/23 4:02:20,mid-sep
2025/7/23 4:02:38,middle
2025/7/23 4:05:57,mid-sep
2025/7/23 4:06:42,middle
2025/7/23 4:08:40,corridor
2025/7/23 4:08:40,side
2025/7/23 4:35:38,corridor
2025/7/23 4:35:39,middle
2025/7/23 4:35:41,mid-sep
2025/7/23 4:36:00,middle
2025/7/23 4:36:34,mid-sep
2025/7/23 4:36:36,middle
2025/7/23 4:43:38,middle
2025/7/23 4:43:38,mid-sep
2025/7/23 4:47:56,middle
2025/7/23 4:48:01,mid-sep
2025/7/23 4:59:25,middle
2025/7/23 5:25:36,corridor
2025/7/23 5:25:38,side
2025/7/23 5:31:08,corridor
2025/7/23 5:31:08,middle
2025/7/23 5:31:09,mid-sep
2025/7/23 5:31:15,middle
2025/7/23 5:31:20,corridor
2025/7/23 5:31:21,side
2025/7/23 5:33:02,corridor
2025/7/23 5:33:02,middle
2025/7/23 5:33:02,mid-sep
2025/7/23 5:33:50,middle
2025/7/23 5:34:20,mid-sep
2025/7/23 5:34:49,middle
2025/7/23 5:35:03,mid-sep
2025/7/23 5:35:30,middle
2025/7/23 5:35:32,corridor
2025/7/23 5:35:35,side
2025/7/23 5:39:01,corridor
2025/7/23 5:39:02,middle
2025/7/23 5:39:04,mid-sep
2025/7/23 5:39:05,middle
2025/7/23 5:39:06,corridor
2025/7/23 5:39:07,side
2025/7/23 5:46:09,corridor
2025/7/23 5:46:09,middle
2025/7/23 5:46:10,mid-sep
2025/7/23 5:46:41,middle
2025/7/23 5:46:43,corridor
2025/7/23 5:46:46,side
2025/7/23 5:48:01,corridor
2025/7/23 5:48:03,middle
2025/7/23 5:48:05,mid-sep
2025/7/23 5:48:20,middle
2025/7/23 5:48:21,corridor
2025/7/23 5:48:22,side
2025/7/23 5:53:05,corridor
2025/7/23 5:53:05,middle
2025/7/23 5:54:25,corridor
2025/7/23 5:54:26,side
2025/7/23 5:56:46,corridor
2025/7/23 5:56:46,middle
2025/7/23 5:56:50,mid-sep
2025/7/23 5:57:10,middle
2025/7/23 5:57:20,corridor
2025/7/23 5:57:20,side
2025/7/23 6:06:32,corridor
2025/7/23 6:06:33,middle
2025/7/23 6:06:53,mid-sep
2025/7/23 6:07:11,middle
2025/7/23 6:07:21,mid-sep
2025/7/23 6:07:36,middle
2025/7/23 6:07:40,corridor
2025/7/23 6:07:40,side
2025/7/23 6:29:45,corridor
2025/7/23 6:29:46,middle
2025/7/23 6:29:47,mid-sep
2025/7/23 6:29:56,middle
2025/7/23 6:30:12,corridor
2025/7/23 6:30:13,side
2025/7/23 6:32:12,corridor
2025/7/23 6:32:15,mid-sep
2025/7/23 6:32:25,corridor
2025/7/23 6:32:26,side
2025/7/23 6:32:57,middle
2025/7/23 6:33:00,mid-sep
2025/7/23 6:33:35,middle
2025/7/23 6:33:36,corridor
2025/7/23 6:33:38,side
2025/7/23 6:38:08,corridor
2025/7/23 6:38:10,middle
2025/7/23 6:38:11,corridor
2025/7/23 6:38:11,side
2025/7/23 6:42:57,corridor
2025/7/23 6:42:58,middle
2025/7/23 6:43:00,mid-sep
2025/7/23 6:43:11,middle
2025/7/23 6:43:16,corridor
2025/7/23 6:43:16,side
2025/7/23 6:48:55,corridor
2025/7/23 6:48:56,middle
2025/7/23 6:48:59,mid-sep
2025/7/23 6:49:08,middle
2025/7/23 6:49:08,corridor
2025/7/23 6:49:09,side
2025/7/23 8:28:38,corridor
2025/7/23 8:28:39,middle
2025/7/23 8:28:41,corridor
2025/7/23 8:28:41,side
2025/7/23 8:30:09,corridor
2025/7/23 8:30:09,middle
2025/7/23 8:30:10,mid-sep
2025/7/23 8:30:49,middle
2025/7/23 8:33:01,mid-sep
2025/7/23 8:33:12,middle
2025/7/23 8:33:16,corridor
2025/7/23 8:33:17,side
2025/7/23 8:37:04,middle
2025/7/23 8:37:08,corridor
2025/7/23 8:37:14,side
2025/7/23 8:55:46,corridor
2025/7/23 8:55:47,middle
2025/7/23 8:55:50,mid-sep
2025/7/23 8:56:44,middle
2025/7/23 8:56:47,corridor
2025/7/23 8:56:51,side
2025/7/23 10:28:28,corridor
2025/7/23 10:28:29,mid-sep
2025/7/23 10:28:35,corridor
2025/7/23 10:28:39,side
2025/7/23 12:31:02,corridor
2025/7/23 12:31:03,middle
2025/7/23 12:31:04,side
2025/7/23 14:32:06,corridor
2025/7/23 14:32:06,middle
2025/7/23 14:32:08,mid-sep
2025/7/23 14:32:42,middle
2025/7/23 14:32:51,corridor
2025/7/23 14:32:53,side
2025/7/23 16:33:03,middle
2025/7/23 16:33:08,mid-sep
2025/7/23 16:33:21,middle
2025/7/23 16:33:26,corridor
2025/7/23 16:33:27,side
2025/7/23 16:34:14,corridor
2025/7/23 16:34:15,mid-sep
2025/7/23 16:34:23,corridor
2025/7/23 16:34:24,side
2025/7/23 17:47:15,corridor
2025/7/23 17:47:16,middle
2025/7/23 17:47:54,mid-sep
2025/7/23 17:48:04,middle
2025/7/23 17:48:20,corridor
2025/7/23 17:48:22,side
2025/7/23 18:04:47,corridor
2025/7/23 18:04:58,middle
2025/7/23 18:05:20,corridor
2025/7/23 18:05:23,middle
2025/7/23 18:05:39,corridor
2025/7/23 18:06:17,middle
2025/7/23 18:06:20,mid-sep
2025/7/23 18:06:35,middle
2025/7/23 18:07:10,mid-sep
2025/7/23 18:10:15,middle
2025/7/23 18:21:08,mid-sep
2025/7/23 18:21:39,middle
2025/7/23 18:27:27,corridor
2025/7/23 18:27:33,side
2025/7/23 18:31:04,corridor
2025/7/23 18:31:06,middle
2025/7/23 18:31:07,mid-sep
2025/7/23 18:31:17,middle
2025/7/23 18:31:19,corridor
2025/7/23 18:31:22,side
2025/7/23 18:33:15,corridor
2025/7/23 18:33:16,middle
2025/7/23 18:33:20,mid-sep
2025/7/23 18:33:25,middle
2025/7/23 18:33:29,corridor
2025/7/23 18:33:30,side
2025/7/23 18:33:51,corridor
2025/7/23 18:33:51,middle
2025/7/23 18:33:55,mid-sep
2025/7/23 18:34:11,middle
2025/7/23 18:34:25,corridor
2025/7/23 18:34:26,side
2025/7/23 18:55:18,corridor
2025/7/23 18:55:19,middle
2025/7/23 18:55:21,mid-sep
2025/7/23 18:55:22,middle
2025/7/23 18:55:23,corridor
2025/7/23 18:55:25,side
2025/7/23 19:00:42,corridor
2025/7/23 19:00:43,mid-sep
2025/7/23 19:00:50,corridor
2025/7/23 19:00:52,side
2025/7/23 19:04:06,corridor
2025/7/23 19:04:07,middle
2025/7/23 19:04:07,mid-sep
2025/7/23 19:04:28,middle
2025/7/23 19:05:15,mid-sep
2025/7/23 19:05:25,middle
2025/7/23 19:06:36,mid-sep
2025/7/23 19:06:58,middle
2025/7/23 19:08:01,mid-sep
2025/7/23 19:08:01,middle
2025/7/23 19:09:01,mid-sep
2025/7/23 19:09:21,middle
2025/7/23 19:10:04,corridor
2025/7/23 19:10:06,side
2025/7/23 19:32:33,corridor
2025/7/23 19:32:35,middle
2025/7/23 19:32:35,mid-sep
2025/7/23 19:32:35,middle
2025/7/23 19:32:37,corridor
2025/7/23 19:32:39,side
2025/7/23 19:35:30,corridor
2025/7/23 19:35:31,middle
2025/7/23 19:35:32,mid-sep
2025/7/23 19:35:36,middle
2025/7/23 19:35:37,corridor
2025/7/23 19:35:38,side
2025/7/23 19:38:32,middle
2025/7/23 19:38:32,mid-sep
2025/7/23 19:38:48,middle
2025/7/23 19:38:50,side
2025/7/23 19:40:55,mid-sep
2025/7/23 19:40:57,corridor
2025/7/23 19:40:58,side
2025/7/23 19:50:30,corridor
2025/7/23 19:50:31,middle
2025/7/23 19:50:31,mid-sep
2025/7/23 19:50:38,middle
2025/7/23 19:50:48,mid-sep
2025/7/23 19:50:57,middle
2025/7/23 19:51:07,mid-sep
2025/7/23 19:51:29,middle
2025/7/23 19:51:31,corridor
2025/7/23 19:51:33,side
2025/7/23 19:54:43,mid-sep
2025/7/23 19:54:46,corridor
2025/7/23 19:54:47,side
2025/7/23 20:19:06,corridor
2025/7/23 20:19:07,middle
2025/7/23 20:19:08,mid-sep
2025/7/23 20:19:16,middle
2025/7/23 20:19:25,mid-sep
2025/7/23 20:19:29,middle
2025/7/23 20:19:29,corridor
2025/7/23 20:19:31,side
2025/7/23 20:29:00,corridor
2025/7/23 20:29:01,middle
2025/7/23 20:29:02,mid-sep
2025/7/23 20:29:06,middle
2025/7/23 20:29:07,corridor
2025/7/23 20:29:08,side
2025/7/23 20:33:17,middle
2025/7/23 20:33:18,mid-sep
2025/7/23 20:33:39,middle
2025/7/23 20:34:02,mid-sep
2025/7/23 20:34:30,middle
2025/7/23 20:34:33,corridor
2025/7/23 20:34:43,side
2025/7/23 20:35:45,corridor
2025/7/23 20:35:45,middle
2025/7/23 20:35:46,mid-sep
2025/7/23 20:36:10,middle
2025/7/23 20:36:12,corridor
2025/7/23 20:36:13,side
2025/7/23 20:47:24,corridor
2025/7/23 20:47:24,middle
2025/7/23 20:47:25,mid-sep
2025/7/23 20:47:28,middle
2025/7/23 20:47:31,corridor
2025/7/23 20:47:32,side
2025/7/23 20:51:43,corridor
2025/7/23 20:51:43,middle
2025/7/23 20:51:44,mid-sep
2025/7/23 20:52:23,middle
2025/7/23 20:52:32,corridor
2025/7/23 20:52:33,side
2025/7/23 20:53:33,corridor
2025/7/23 20:53:33,middle
2025/7/23 20:53:35,mid-sep
2025/7/23 20:53:42,middle
2025/7/23 20:53:47,mid-sep
2025/7/23 20:54:24,middle
2025/7/23 20:56:01,mid-sep
2025/7/23 20:56:07,middle
2025/7/23 20:56:55,mid-sep
2025/7/23 20:57:39,middle
2025/7/23 20:57:44,mid-sep
2025/7/23 20:58:42,middle
2025/7/23 20:58:46,corridor
2025/7/23 20:58:47,side
2025/7/23 21:33:38,corridor
2025/7/23 21:33:38,middle
2025/7/23 21:33:41,mid-sep
2025/7/23 21:33:56,middle
2025/7/23 21:33:57,corridor
2025/7/23 21:33:58,side
2025/7/23 21:37:38,middle
2025/7/23 21:37:39,mid-sep
2025/7/23 21:38:00,middle
2025/7/23 21:38:08,mid-sep
2025/7/23 21:39:22,middle
2025/7/23 21:39:27,corridor
2025/7/23 21:39:41,side
2025/7/23 21:40:54,corridor
2025/7/23 21:40:54,middle
2025/7/23 21:40:58,mid-sep
2025/7/23 21:41:28,middle
2025/7/23 21:41:29,corridor
2025/7/23 21:41:32,side
2025/7/23 21:46:32,corridor
2025/7/23 21:46:32,middle
2025/7/23 21:46:39,mid-sep
2025/7/23 21:47:13,middle
2025/7/23 21:47:15,corridor
2025/7/23 21:47:16,side
2025/7/23 21:47:40,middle
2025/7/23 21:47:42,mid-sep
2025/7/23 21:48:09,middle
2025/7/23 21:48:13,corridor
2025/7/23 21:48:14,side
2025/7/23 21:54:26,corridor
2025/7/23 21:54:27,middle
2025/7/23 21:54:28,mid-sep
2025/7/23 21:56:13,middle
2025/7/23 21:56:15,corridor
2025/7/23 21:56:18,side
2025/7/23 21:57:09,corridor
2025/7/23 21:57:10,middle
2025/7/23 21:57:11,corridor
2025/7/23 21:57:12,side
2025/7/23 22:33:33,corridor
2025/7/23 22:33:34,middle
2025/7/23 22:33:56,mid-sep
2025/7/23 22:34:03,middle
2025/7/23 22:35:20,corridor
2025/7/23 22:35:35,side
2025/7/23 22:40:12,corridor
2025/7/23 22:40:13,middle
2025/7/23 22:40:18,mid-sep
2025/7/23 22:40:55,middle
2025/7/23 22:40:56,corridor
2025/7/23 22:41:00,side
2025/7/23 23:06:55,corridor
2025/7/23 23:06:56,middle
2025/7/23 23:07:03,mid-sep
2025/7/23 23:07:07,middle
2025/7/23 23:08:18,corridor
2025/7/23 23:08:19,side
2025/7/23 23:10:51,corridor
2025/7/23 23:10:52,middle
2025/7/23 23:10:52,mid-sep
2025/7/23 23:10:52,middle
2025/7/23 23:10:52,corridor
2025/7/23 23:10:54,side
2025/7/23 23:18:40,corridor
2025/7/23 23:18:41,middle
2025/7/23 23:18:50,mid-sep
2025/7/23 23:19:15,middle
2025/7/23 23:19:18,corridor
2025/7/23 23:19:21,side
2025/7/23 23:19:25,corridor
2025/7/23 23:19:25,middle
2025/7/23 23:19:35,mid-sep
2025/7/23 23:20:13,middle
2025/7/23 23:20:14,corridor
2025/7/23 23:20:15,side
2025/7/23 23:23:11,corridor
2025/7/23 23:23:12,middle
2025/7/23 23:23:25,mid-sep
2025/7/23 23:23:32,middle
2025/7/23 23:23:34,corridor
2025/7/23 23:23:34,side
2025/7/23 23:42:29,middle
2025/7/23 23:42:31,mid-sep
2025/7/23 23:43:26,middle
2025/7/23 23:44:02,mid-sep
2025/7/23 23:44:19,middle
2025/7/23 23:44:34,mid-sep
2025/7/23 23:45:12,middle
2025/7/23 23:45:17,corridor
2025/7/23 23:45:21,side
2025/7/23 23:45:25,corridor
2025/7/23 23:45:26,middle
2025/7/23 23:45:30,mid-sep
2025/7/23 23:45:41,middle
2025/7/23 23:46:30,mid-sep
2025/7/23 23:46:56,middle
2025/7/23 23:47:37,mid-sep
2025/7/23 23:47:53,middle
2025/7/23 23:48:13,mid-sep
2025/7/23 23:48:17,middle
2025/7/23 23:48:20,mid-sep
2025/7/23 23:48:34,middle
2025/7/23 23:49:56,mid-sep
2025/7/23 23:50:49,middle
2025/7/23 23:56:28,mid-sep
2025/7/23 23:56:30,middle
2025/7/24 0:07:20,corridor
2025/7/24 0:07:22,side
2025/7/24 0:13:38,corridor
2025/7/24 0:13:39,middle
2025/7/24 0:13:39,mid-sep
2025/7/24 0:13:52,middle
2025/7/24 0:13:54,mid-sep
2025/7/24 0:14:48,middle
2025/7/24 0:14:49,corridor
2025/7/24 0:14:50,side
2025/7/24 0:18:43,corridor
2025/7/24 0:18:43,middle
2025/7/24 0:18:46,mid-sep
2025/7/24 0:19:20,middle
2025/7/24 0:19:24,corridor
2025/7/24 0:19:26,side
2025/7/24 0:22:20,corridor
2025/7/24 0:22:21,middle
2025/7/24 0:22:21,mid-sep
2025/7/24 0:22:29,middle
2025/7/24 0:22:50,mid-sep
2025/7/24 0:24:00,middle
2025/7/24 0:27:24,mid-sep
2025/7/24 0:27:34,middle
2025/7/24 0:28:51,mid-sep
2025/7/24 0:29:37,middle
2025/7/24 0:29:37,corridor
2025/7/24 0:29:39,side
2025/7/24 0:37:03,corridor
2025/7/24 0:37:03,middle
2025/7/24 0:37:07,mid-sep
2025/7/24 0:37:30,middle
2025/7/24 0:37:41,corridor
2025/7/24 0:37:43,side
2025/7/24 0:45:38,corridor
2025/7/24 0:45:38,middle
2025/7/24 0:45:42,mid-sep
2025/7/24 0:45:54,middle
2025/7/24 0:45:57,side
2025/7/24 0:46:36,corridor
2025/7/24 0:46:36,middle
2025/7/24 0:46:38,mid-sep
2025/7/24 0:46:43,middle
2025/7/24 0:46:53,corridor
2025/7/24 0:46:53,side
2025/7/24 0:52:13,corridor
2025/7/24 0:52:13,middle
2025/7/24 0:52:15,mid-sep
2025/7/24 0:52:41,middle
2025/7/24 0:52:46,corridor
2025/7/24 0:52:47,side
2025/7/24 0:54:53,corridor
2025/7/24 0:54:54,middle
2025/7/24 0:55:00,mid-sep
2025/7/24 0:55:40,middle
2025/7/24 0:55:41,corridor
2025/7/24 0:55:42,side
2025/7/24 0:55:52,corridor
2025/7/24 0:55:53,middle
2025/7/24 0:55:58,mid-sep
2025/7/24 0:56:23,middle
2025/7/24 0:56:26,corridor
2025/7/24 0:56:27,side
2025/7/24 1:02:08,corridor
2025/7/24 1:02:08,middle
2025/7/24 1:02:14,mid-sep
2025/7/24 1:02:27,middle
2025/7/24 1:02:27,corridor
2025/7/24 1:02:28,side
2025/7/24 1:02:31,corridor
2025/7/24 1:02:31,middle
2025/7/24 1:02:45,mid-sep
2025/7/24 1:03:21,middle
2025/7/24 1:04:12,mid-sep
2025/7/24 1:04:42,middle
2025/7/24 1:04:44,corridor
2025/7/24 1:04:45,side
2025/7/24 1:08:01,corridor
2025/7/24 1:08:02,middle
2025/7/24 1:08:05,mid-sep
2025/7/24 1:08:22,middle
2025/7/24 1:08:27,corridor
2025/7/24 1:08:28,side
2025/7/24 1:37:54,middle
2025/7/24 1:37:54,mid-sep
2025/7/24 1:38:02,middle
2025/7/24 1:38:09,mid-sep
2025/7/24 1:38:24,middle
2025/7/24 1:38:40,corridor
2025/7/24 1:38:41,side
2025/7/24 1:39:08,corridor
2025/7/24 1:39:08,middle
2025/7/24 1:39:11,mid-sep
2025/7/24 1:39:50,middle
2025/7/24 1:39:53,corridor
2025/7/24 1:39:55,side
2025/7/24 1:45:24,corridor
2025/7/24 1:45:24,middle
2025/7/24 1:45:26,mid-sep
2025/7/24 1:45:30,middle
2025/7/24 1:45:37,corridor
2025/7/24 1:45:38,side
2025/7/24 1:47:27,corridor
2025/7/24 1:47:27,middle
2025/7/24 1:47:29,mid-sep
2025/7/24 1:48:54,middle
2025/7/24 1:49:10,mid-sep
2025/7/24 1:50:12,middle
2025/7/24 1:50:41,mid-sep
2025/7/24 1:50:43,middle
2025/7/24 1:50:51,corridor
2025/7/24 1:51:00,side
2025/7/24 1:52:51,corridor
2025/7/24 1:52:51,middle
2025/7/24 1:52:52,mid-sep
2025/7/24 1:54:09,middle
2025/7/24 1:54:14,mid-sep
2025/7/24 1:55:22,middle
2025/7/24 1:55:43,corridor
2025/7/24 1:55:46,side
2025/7/24 1:55:50,corridor
2025/7/24 1:55:51,middle
2025/7/24 1:55:53,mid-sep
2025/7/24 1:57:11,middle
2025/7/24 1:59:02,corridor
2025/7/24 1:59:13,side
2025/7/24 2:04:45,corridor
2025/7/24 2:04:45,middle
2025/7/24 2:04:46,mid-sep
2025/7/24 2:05:09,middle
2025/7/24 2:05:29,mid-sep
2025/7/24 2:05:31,middle
2025/7/24 2:05:41,middle
2025/7/24 2:05:53,mid-sep
2025/7/24 2:06:11,middle
2025/7/24 2:06:18,corridor
2025/7/24 2:06:21,side
2025/7/24 3:17:42,corridor
2025/7/24 3:17:45,middle
2025/7/24 3:17:49,mid-sep
2025/7/24 3:17:54,middle
2025/7/24 3:17:57,corridor
2025/7/24 3:17:59,side
2025/7/24 4:49:22,corridor
2025/7/24 4:49:23,middle
2025/7/24 4:49:24,mid-sep
2025/7/24 4:49:40,middle
2025/7/24 4:49:49,corridor
2025/7/24 4:49:50,side
2025/7/24 4:53:14,corridor
2025/7/24 4:53:15,middle
2025/7/24 4:53:17,mid-sep
2025/7/24 4:53:40,middle
2025/7/24 5:09:04,corridor
2025/7/24 5:09:08,side
2025/7/24 5:16:03,corridor
2025/7/24 5:16:04,middle
2025/7/24 5:16:04,mid-sep
2025/7/24 5:16:31,middle
2025/7/24 5:16:36,corridor
2025/7/24 5:16:36,side
2025/7/24 5:26:51,corridor
2025/7/24 5:26:52,middle
2025/7/24 5:26:52,mid-sep
2025/7/24 5:27:02,middle
2025/7/24 5:43:35,corridor
2025/7/24 5:43:36,side
2025/7/24 5:55:10,corridor
2025/7/24 5:55:11,middle
2025/7/24 5:55:15,mid-sep
2025/7/24 5:55:31,middle
2025/7/24 5:55:33,corridor
2025/7/24 5:55:35,side
2025/7/24 6:04:57,corridor
2025/7/24 6:04:58,middle
2025/7/24 6:05:02,mid-sep
2025/7/24 6:05:42,middle
2025/7/24 6:05:57,mid-sep
2025/7/24 6:06:05,middle
2025/7/24 6:06:07,corridor
2025/7/24 6:06:09,side
2025/7/24 6:13:50,corridor
2025/7/24 6:13:51,middle
2025/7/24 6:13:56,mid-sep
2025/7/24 6:13:57,middle
2025/7/24 6:14:00,corridor
2025/7/24 6:14:02,side
2025/7/24 6:48:41,corridor
2025/7/24 6:48:41,middle
2025/7/24 6:48:47,mid-sep
2025/7/24 6:48:54,middle
2025/7/24 6:49:01,mid-sep
2025/7/24 6:49:14,middle
2025/7/24 6:49:16,corridor
2025/7/24 6:49:17,side
2025/7/24 6:49:48,corridor
2025/7/24 6:49:49,middle
2025/7/24 6:49:51,side
2025/7/24 6:50:35,corridor
2025/7/24 6:50:39,middle
2025/7/24 6:52:39,corridor
2025/7/24 6:53:00,side
2025/7/24 6:53:29,corridor
2025/7/24 6:53:30,middle
2025/7/24 6:53:35,mid-sep
2025/7/24 6:54:10,middle
2025/7/24 6:54:21,corridor
2025/7/24 6:54:22,side
2025/7/24 6:54:26,corridor
2025/7/24 6:54:27,middle
2025/7/24 6:54:35,mid-sep
2025/7/24 6:54:55,middle
2025/7/24 6:55:30,mid-sep
2025/7/24 6:55:51,middle
2025/7/24 6:56:53,corridor
2025/7/24 6:56:58,side
2025/7/24 6:58:51,corridor
2025/7/24 6:58:58,middle
2025/7/24 6:58:59,mid-sep
2025/7/24 6:59:22,middle
2025/7/24 6:59:27,corridor
2025/7/24 6:59:28,side
2025/7/24 7:42:39,corridor
2025/7/24 7:42:41,middle
2025/7/24 7:42:49,mid-sep
2025/7/24 7:42:59,middle
2025/7/24 7:43:07,corridor
2025/7/24 7:43:09,side
2025/7/24 7:57:51,corridor
2025/7/24 7:57:55,middle
2025/7/24 7:57:58,mid-sep
2025/7/24 7:58:23,middle
2025/7/24 8:00:22,mid-sep
2025/7/24 8:00:37,middle
2025/7/24 8:01:40,mid-sep
2025/7/24 8:03:31,middle
2025/7/24 8:03:34,side
2025/7/24 11:48:26,Unknown
2025/7/24 18:21:39,side
2025/7/24 18:22:54,corridor
2025/7/24 18:22:54,middle
2025/7/24 18:22:56,mid-sep
2025/7/24 18:23:06,middle
2025/7/24 18:23:07,corridor
2025/7/24 18:23:08,side
2025/7/24 18:23:41,corridor
2025/7/24 18:23:41,middle
2025/7/24 18:23:50,mid-sep
2025/7/24 18:24:04,middle
2025/7/24 18:24:06,side
2025/7/24 18:24:36,corridor
2025/7/24 18:24:37,mid-sep
2025/7/24 18:24:42,corridor
2025/7/24 18:24:43,side
2025/7/24 18:25:30,corridor
2025/7/24 18:25:31,mid-sep
2025/7/24 18:26:00,middle
2025/7/24 18:26:03,corridor
2025/7/24 18:26:03,side
2025/7/24 18:29:08,corridor
2025/7/24 18:29:08,mid-sep
2025/7/24 18:29:15,corridor
2025/7/24 18:29:15,side
2025/7/24 18:30:00,corridor
2025/7/24 18:30:01,mid-sep
2025/7/24 18:30:08,corridor
2025/7/24 18:30:08,side
2025/7/24 18:31:50,corridor
2025/7/24 18:31:50,mid-sep
2025/7/24 18:32:06,corridor
2025/7/24 18:32:07,side
2025/7/24 18:32:37,corridor
2025/7/24 18:32:38,mid-sep
2025/7/24 18:32:44,middle
2025/7/24 18:33:19,corridor
2025/7/24 18:33:20,side
2025/7/24 18:36:32,mid-sep
2025/7/24 18:36:52,corridor
2025/7/24 18:36:53,side
2025/7/24 18:39:14,corridor
2025/7/24 18:39:16,mid-sep
2025/7/24 18:39:35,corridor
2025/7/24 18:39:36,side
2025/7/24 18:42:13,corridor
2025/7/24 18:42:14,mid-sep
2025/7/24 18:42:53,corridor
2025/7/24 18:42:54,side
2025/7/24 18:45:44,corridor
2025/7/24 18:45:45,mid-sep
2025/7/24 18:47:00,corridor
2025/7/24 18:47:00,side
2025/7/24 18:52:24,corridor
2025/7/24 18:52:25,mid-sep
2025/7/24 18:52:35,middle
2025/7/24 18:53:36,corridor
2025/7/24 18:53:37,side
2025/7/24 18:58:21,corridor
2025/7/24 18:58:21,mid-sep
2025/7/24 18:58:26,corridor
2025/7/24 18:58:28,side
2025/7/24 19:03:19,corridor
2025/7/24 19:03:22,mid-sep
2025/7/24 19:03:32,middle
2025/7/24 19:04:14,corridor
2025/7/24 19:04:17,side
2025/7/24 19:09:44,corridor
2025/7/24 19:09:44,mid-sep
2025/7/24 19:10:58,corridor
2025/7/24 19:10:59,side
2025/7/24 19:12:14,corridor
2025/7/24 19:12:15,mid-sep
2025/7/24 19:12:21,corridor
2025/7/24 19:12:22,side
2025/7/24 19:12:41,corridor
2025/7/24 19:12:41,middle
2025/7/24 19:13:52,corridor
2025/7/24 19:13:53,side
2025/7/24 19:15:57,corridor
2025/7/24 19:15:57,mid-sep
2025/7/24 19:15:59,corridor
2025/7/24 19:16:00,side
2025/7/24 19:16:34,corridor
2025/7/24 19:16:35,middle
2025/7/24 19:16:38,corridor
2025/7/24 19:16:39,side
2025/7/24 19:19:26,corridor
2025/7/24 19:19:26,middle
2025/7/24 19:22:12,corridor
2025/7/24 19:22:13,side
2025/7/24 19:28:06,corridor
2025/7/24 19:28:07,middle
2025/7/24 19:29:41,corridor
2025/7/24 19:29:42,side
2025/7/24 19:31:32,corridor
2025/7/24 19:31:33,middle
2025/7/24 19:31:54,corridor
2025/7/24 19:31:57,side
2025/7/24 19:32:00,corridor
2025/7/24 19:32:00,middle
2025/7/24 19:32:05,corridor
2025/7/24 19:32:06,side
2025/7/24 19:34:31,corridor
2025/7/24 19:34:32,middle
2025/7/24 19:34:52,corridor
2025/7/24 19:34:52,side
2025/7/24 19:36:34,corridor
2025/7/24 19:36:35,middle
2025/7/24 19:36:48,corridor
2025/7/24 19:36:49,side
2025/7/24 19:41:06,corridor
2025/7/24 19:41:07,middle
2025/7/24 19:41:10,corridor
2025/7/24 19:42:02,side
2025/7/24 19:52:00,corridor
2025/7/24 19:52:00,middle
2025/7/24 19:52:05,corridor
2025/7/24 19:52:09,side
2025/7/24 19:55:35,corridor
2025/7/24 19:55:35,middle
2025/7/24 19:56:27,corridor
2025/7/24 19:56:29,side
2025/7/24 20:02:36,corridor
2025/7/24 20:02:37,middle
2025/7/24 20:04:02,corridor
2025/7/24 20:04:02,side
2025/7/24 20:16:06,corridor
2025/7/24 20:16:07,middle
2025/7/24 20:16:32,corridor
2025/7/24 20:16:33,side
2025/7/24 20:20:41,corridor
2025/7/24 20:20:42,middle
2025/7/24 20:21:45,corridor
2025/7/24 20:21:47,side
2025/7/24 20:24:18,middle
2025/7/24 20:27:04,corridor
2025/7/24 20:27:05,side
2025/7/24 20:29:58,corridor
2025/7/24 20:29:59,middle
2025/7/24 20:30:08,corridor
2025/7/24 20:30:09,side
2025/7/24 20:33:54,corridor
2025/7/24 20:33:55,middle
2025/7/24 20:33:59,corridor
2025/7/24 20:34:01,middle
2025/7/24 20:34:04,corridor
2025/7/24 20:34:17,side
2025/7/24 20:38:18,middle
2025/7/24 20:38:30,side
2025/7/24 20:38:30,corridor
2025/7/24 20:38:32,side
2025/7/24 20:44:45,corridor
2025/7/24 20:44:45,middle
2025/7/24 20:44:57,corridor
2025/7/24 20:45:00,side
2025/7/24 20:53:31,middle
2025/7/24 20:55:22,corridor
2025/7/24 20:55:22,side
2025/7/24 21:10:58,corridor
2025/7/24 21:11:00,middle
2025/7/24 21:11:09,corridor
2025/7/24 21:11:11,side
2025/7/24 21:13:49,corridor
2025/7/24 21:13:49,middle
2025/7/24 21:13:50,side
2025/7/24 21:13:50,corridor
2025/7/24 21:13:51,middle
2025/7/24 21:14:02,side
2025/7/24 21:14:02,corridor
2025/7/24 21:14:06,side
2025/7/24 21:14:07,corridor
2025/7/24 21:14:08,middle
2025/7/24 21:15:51,corridor
2025/7/24 21:15:52,side
2025/7/24 21:27:47,middle
2025/7/24 21:28:03,corridor
2025/7/24 21:28:04,side
2025/7/24 21:34:58,corridor
2025/7/24 21:34:58,middle
2025/7/24 21:36:50,corridor
2025/7/24 21:36:51,side
2025/7/24 22:04:50,corridor
2025/7/24 22:04:51,middle
2025/7/24 22:04:54,corridor
2025/7/24 22:04:55,side
2025/7/24 22:04:56,middle
2025/7/24 22:04:57,side
2025/7/24 22:15:57,middle
2025/7/24 22:16:53,corridor
2025/7/24 22:16:53,side
2025/7/24 22:22:26,middle
2025/7/24 22:23:59,corridor
2025/7/24 22:24:01,side
2025/7/24 22:24:03,corridor
2025/7/24 22:24:03,middle
2025/7/24 22:24:50,corridor
2025/7/24 22:24:50,side
2025/7/24 22:30:36,corridor
2025/7/24 22:30:36,middle
2025/7/24 22:30:48,corridor
2025/7/24 22:30:51,side
2025/7/24 22:31:19,corridor
2025/7/24 22:31:20,middle
2025/7/24 22:31:32,corridor
2025/7/24 22:31:32,side
2025/7/24 22:43:24,corridor
2025/7/24 22:43:25,middle
2025/7/24 22:44:47,corridor
2025/7/24 22:44:47,side
2025/7/24 22:48:48,corridor
2025/7/24 22:48:49,middle
2025/7/24 22:52:01,corridor
2025/7/24 22:52:02,side
2025/7/24 22:58:34,middle
2025/7/24 22:58:39,side
2025/7/24 22:58:39,corridor
2025/7/24 22:58:40,side
2025/7/24 23:03:44,corridor
2025/7/24 23:03:45,middle
2025/7/24 23:07:46,corridor
2025/7/24 23:07:47,side
2025/7/24 23:20:06,corridor
2025/7/24 23:20:07,middle
2025/7/24 23:20:14,corridor
2025/7/24 23:20:26,side
2025/7/24 23:25:45,middle
2025/7/24 23:26:04,corridor
2025/7/24 23:26:05,side
2025/7/25 0:19:53,corridor
2025/7/25 0:19:54,middle
2025/7/25 0:20:08,side
2025/7/25 0:20:08,corridor
2025/7/25 0:20:09,side
2025/7/25 0:25:43,corridor
2025/7/25 0:25:43,middle
2025/7/25 0:28:25,corridor
2025/7/25 0:28:27,side
2025/7/25 0:29:39,corridor
2025/7/25 0:29:39,middle
2025/7/25 0:30:42,corridor
2025/7/25 0:30:43,side
2025/7/25 0:40:14,middle
2025/7/25 0:40:24,corridor
2025/7/25 0:40:26,middle
2025/7/25 0:41:47,corridor
2025/7/25 0:41:49,side
2025/7/25 0:42:04,corridor
2025/7/25 0:42:05,middle
2025/7/25 0:42:53,corridor
2025/7/25 0:42:54,side
2025/7/25 0:43:03,corridor
2025/7/25 0:43:03,middle
2025/7/25 0:44:25,side
2025/7/25 0:44:25,corridor
2025/7/25 0:44:26,side
2025/7/25 0:45:10,middle
2025/7/25 0:45:39,corridor
2025/7/25 0:45:40,side
2025/7/25 0:56:54,corridor
2025/7/25 0:56:54,middle
2025/7/25 0:58:47,corridor
2025/7/25 0:58:48,side
2025/7/25 0:59:29,corridor
2025/7/25 0:59:31,middle
2025/7/25 0:59:37,side
2025/7/25 0:59:37,corridor
2025/7/25 0:59:38,middle
2025/7/25 0:59:41,corridor
2025/7/25 0:59:42,side
2025/7/25 1:13:18,corridor
2025/7/25 1:13:18,middle
2025/7/25 1:13:22,corridor
2025/7/25 1:13:23,side
2025/7/25 1:13:24,corridor
2025/7/25 1:13:24,middle
2025/7/25 1:16:21,corridor
2025/7/25 1:16:22,side
2025/7/25 1:23:38,corridor
2025/7/25 1:23:38,middle
2025/7/25 1:26:07,corridor
2025/7/25 1:26:09,side
2025/7/25 1:27:11,corridor
2025/7/25 1:27:12,middle
2025/7/25 1:27:13,corridor
2025/7/25 1:27:14,side
2025/7/25 1:33:31,corridor
2025/7/25 1:33:32,middle
2025/7/25 1:35:51,corridor
2025/7/25 1:35:52,side
2025/7/25 1:41:28,corridor
2025/7/25 1:41:29,middle
2025/7/25 1:41:42,corridor
2025/7/25 1:41:59,side
2025/7/25 1:41:59,middle
2025/7/25 1:42:05,corridor
2025/7/25 1:42:08,side
2025/7/25 1:43:59,middle
2025/7/25 1:44:01,side
2025/7/25 1:44:01,corridor
2025/7/25 1:44:01,side
2025/7/25 2:24:38,corridor
2025/7/25 2:24:38,middle
2025/7/25 2:24:39,side
2025/7/25 2:24:39,corridor
2025/7/25 2:24:41,side
2025/7/25 4:31:52,corridor
2025/7/25 4:31:53,middle
2025/7/25 4:32:17,corridor
2025/7/25 4:32:18,middle
2025/7/25 4:32:19,corridor
2025/7/25 4:32:21,side
2025/7/25 4:32:57,corridor
2025/7/25 4:32:58,middle
2025/7/25 4:33:34,corridor
2025/7/25 4:33:36,side
2025/7/25 4:49:52,corridor
2025/7/25 4:49:53,middle
2025/7/25 4:49:58,side
2025/7/25 4:49:58,corridor
2025/7/25 4:49:59,side
2025/7/25 4:52:38,corridor
2025/7/25 4:52:39,middle
2025/7/25 4:52:45,side
2025/7/25 4:52:45,corridor
2025/7/25 4:52:46,side
2025/7/25 4:59:51,corridor
2025/7/25 4:59:51,middle
2025/7/25 5:00:36,corridor
2025/7/25 5:00:38,side
2025/7/25 5:01:08,middle
2025/7/25 5:02:00,corridor
2025/7/25 5:02:02,middle
2025/7/25 5:02:49,side
2025/7/25 5:02:49,corridor
2025/7/25 5:02:50,side
2025/7/25 5:07:00,corridor
2025/7/25 5:07:00,middle
2025/7/25 5:07:10,corridor
2025/7/25 5:07:13,middle
2025/7/25 5:07:13,side
2025/7/25 5:07:14,middle
2025/7/25 5:11:10,corridor
2025/7/25 5:11:11,side
2025/7/25 6:00:02,corridor
2025/7/25 6:00:03,middle
2025/7/25 6:00:10,corridor
2025/7/25 6:00:12,side
2025/7/25 6:28:19,corridor
2025/7/25 6:28:20,middle
2025/7/25 6:28:42,corridor
2025/7/25 6:28:43,side
2025/7/25 6:35:44,corridor
2025/7/25 6:35:44,middle
2025/7/25 6:36:52,corridor
2025/7/25 6:36:55,side
2025/7/25 6:44:08,corridor
2025/7/25 6:44:09,middle
2025/7/25 6:44:34,corridor
2025/7/25 6:44:36,middle
2025/7/25 6:47:21,corridor
2025/7/25 6:47:22,side
2025/7/25 6:47:33,corridor
2025/7/25 6:47:33,middle
2025/7/25 6:48:17,corridor
2025/7/25 6:48:18,side
2025/7/25 6:52:50,corridor
2025/7/25 6:52:50,middle
2025/7/25 6:53:35,corridor
2025/7/25 6:53:37,side
2025/7/25 6:53:41,middle
2025/7/25 6:55:16,side
2025/7/25 6:55:16,corridor
2025/7/25 6:55:18,side
2025/7/25 6:55:20,corridor
2025/7/25 6:55:20,middle
2025/7/25 6:57:51,corridor
2025/7/25 6:57:52,side
2025/7/25 6:59:44,corridor
2025/7/25 6:59:46,middle
2025/7/25 6:59:48,corridor
2025/7/25 7:00:15,side
2025/7/25 7:36:50,corridor
2025/7/25 7:36:53,middle
2025/7/25 7:36:58,corridor
2025/7/25 7:37:22,side
2025/7/25 7:38:42,corridor
2025/7/25 7:38:45,middle
2025/7/25 7:39:01,side
2025/7/25 7:39:01,corridor
2025/7/25 7:39:02,side
2025/7/25 7:41:34,middle
2025/7/25 7:41:41,corridor
2025/7/25 7:41:42,side
2025/7/25 7:45:35,corridor
2025/7/25 7:45:37,middle
2025/7/25 7:45:48,corridor
2025/7/25 7:45:50,side
2025/7/25 7:45:51,middle
2025/7/25 7:49:03,corridor
2025/7/25 7:49:03,side
2025/7/25 7:49:42,corridor
2025/7/25 7:49:42,middle
2025/7/25 7:49:46,side
2025/7/25 7:52:28,middle
2025/7/25 7:52:57,side
2025/7/25 7:52:57,corridor
2025/7/25 7:53:01,side
2025/7/25 7:54:41,corridor
2025/7/25 7:54:41,middle
2025/7/25 7:58:12,corridor
2025/7/25 7:58:18,middle
2025/7/25 8:03:45,corridor
2025/7/25 8:03:50,side
2025/7/25 8:09:50,corridor
2025/7/25 8:09:51,middle
2025/7/25 8:13:04,corridor
2025/7/25 8:13:06,side
2025/7/25 8:13:54,middle
2025/7/25 8:21:49,corridor
2025/7/25 8:21:50,side
2025/7/25 8:24:25,corridor
2025/7/25 8:24:25,middle
2025/7/25 8:33:09,side
2025/7/25 8:33:09,corridor
2025/7/25 8:33:09,middle
2025/7/25 8:35:21,corridor
2025/7/25 8:35:36,side
2025/7/25 8:43:30,corridor
2025/7/25 8:43:31,middle
2025/7/25 8:55:42,corridor
2025/7/25 8:55:51,side
2025/7/25 10:41:31,corridor
2025/7/25 10:41:34,middle
2025/7/25 10:41:47,corridor
2025/7/25 10:41:49,side
2025/7/25 10:43:49,corridor
2025/7/25 10:43:50,middle
2025/7/25 10:44:18,corridor
2025/7/25 10:44:19,side
2025/7/25 10:56:14,corridor
2025/7/25 10:56:16,middle
2025/7/25 10:56:16,corridor
2025/7/25 10:56:17,middle
2025/7/25 10:56:17,corridor
2025/7/25 10:56:18,side
2025/7/25 10:56:27,corridor
2025/7/25 10:56:29,middle
2025/7/25 10:56:29,corridor
2025/7/25 10:56:30,side
2025/7/25 10:56:36,corridor
2025/7/25 10:56:36,middle
2025/7/25 11:01:03,corridor
2025/7/25 11:01:06,side
2025/7/25 11:06:22,corridor
2025/7/25 11:06:23,side
2025/7/25 11:06:23,middle
2025/7/25 11:08:45,corridor
2025/7/25 11:08:46,side
2025/7/25 11:08:49,corridor
2025/7/25 11:08:50,middle
2025/7/25 11:09:55,corridor
2025/7/25 11:09:56,side
2025/7/25 11:09:58,corridor
2025/7/25 11:09:59,middle
2025/7/25 11:16:10,corridor
2025/7/25 11:16:11,side
2025/7/25 11:17:51,corridor
2025/7/25 11:17:51,middle
2025/7/25 11:18:07,corridor
2025/7/25 11:18:11,side
2025/7/25 11:27:04,corridor
2025/7/25 11:27:05,middle
2025/7/25 11:27:11,corridor
2025/7/25 11:27:14,side
2025/7/25 11:27:30,middle
2025/7/25 13:17:50,corridor
2025/7/25 13:17:53,side
2025/7/25 13:18:04,corridor
2025/7/25 13:18:06,side
2025/7/25 13:21:21,corridor
2025/7/25 13:21:22,middle
2025/7/25 13:21:59,corridor
2025/7/25 13:22:01,side
2025/7/25 13:22:16,corridor
2025/7/25 13:22:17,middle
2025/7/25 16:41:02,corridor
2025/7/25 16:41:05,side
2025/7/25 16:41:07,corridor
2025/7/25 16:41:08,side
2025/7/25 16:43:44,corridor
2025/7/25 16:43:45,middle
2025/7/25 16:44:07,corridor
2025/7/25 16:44:08,side
2025/7/25 16:47:33,corridor
2025/7/25 16:47:34,middle
2025/7/25 16:50:27,corridor
2025/7/25 16:50:32,middle
2025/7/25 17:25:55,corridor
2025/7/25 17:25:57,side
2025/7/25 17:27:46,middle
2025/7/25 17:27:53,corridor
2025/7/25 17:27:54,side
2025/7/25 17:28:00,corridor
2025/7/25 17:28:00,middle
2025/7/25 17:30:12,side
2025/7/25 17:31:00,corridor
2025/7/25 17:31:01,mid-sep
2025/7/25 17:31:12,corridor
2025/7/25 17:31:13,side
2025/7/25 17:33:43,corridor
2025/7/25 17:33:44,middle
2025/7/25 17:33:55,mid-sep
2025/7/25 17:34:09,corridor
2025/7/25 17:34:10,side
2025/7/25 18:18:23,corridor
2025/7/25 18:18:25,middle
2025/7/25 18:18:32,corridor
2025/7/25 18:18:33,side
2025/7/25 18:18:48,corridor
2025/7/25 18:18:49,middle
2025/7/25 18:18:51,mid-sep
2025/7/25 18:19:01,middle
2025/7/25 18:19:08,corridor
2025/7/25 18:19:09,side
2025/7/25 18:32:43,corridor
2025/7/25 18:32:44,middle
2025/7/25 18:32:56,mid-sep
2025/7/25 18:33:05,middle
2025/7/25 18:33:06,corridor
2025/7/25 18:33:07,side
2025/7/25 18:33:32,corridor
2025/7/25 18:33:33,middle
2025/7/25 18:33:36,mid-sep
2025/7/25 18:33:52,middle
2025/7/25 18:33:54,corridor
2025/7/25 18:33:54,side
2025/7/25 18:51:44,middle
2025/7/25 18:51:45,mid-sep
2025/7/25 18:51:48,corridor
2025/7/25 18:51:51,side
2025/7/25 18:56:33,mid-sep
2025/7/25 18:56:35,corridor
2025/7/25 18:56:37,side
2025/7/25 18:57:35,corridor
2025/7/25 18:57:35,mid-sep
2025/7/25 18:57:37,corridor
2025/7/25 18:57:38,side
2025/7/25 18:59:09,mid-sep
2025/7/25 18:59:10,middle
2025/7/25 18:59:12,corridor
2025/7/25 18:59:13,side
2025/7/25 19:00:15,corridor
2025/7/25 19:00:16,middle
2025/7/25 19:00:17,corridor
2025/7/25 19:00:30,side
2025/7/25 19:05:52,mid-sep
2025/7/25 19:05:53,corridor
2025/7/25 19:06:02,side
2025/7/25 19:06:20,middle
2025/7/25 19:06:22,mid-sep
2025/7/25 19:06:26,corridor
2025/7/25 19:06:27,side
2025/7/25 19:08:10,corridor
2025/7/25 19:08:11,mid-sep
2025/7/25 19:08:12,corridor
2025/7/25 19:08:13,side
2025/7/25 19:11:08,corridor
2025/7/25 19:11:09,mid-sep
2025/7/25 19:11:15,corridor
2025/7/25 19:11:16,side
2025/7/25 19:15:00,corridor
2025/7/25 19:15:02,mid-sep
2025/7/25 19:15:18,middle
2025/7/25 19:15:19,corridor
2025/7/25 19:15:21,side
2025/7/25 19:15:23,corridor
2025/7/25 19:15:24,mid-sep
2025/7/25 19:15:30,middle
2025/7/25 19:15:33,corridor
2025/7/25 19:15:34,side
2025/7/25 19:19:20,corridor
2025/7/25 19:19:20,middle
2025/7/25 19:19:32,corridor
2025/7/25 19:19:43,side
2025/7/25 19:19:58,mid-sep
2025/7/25 19:20:08,middle
2025/7/25 19:20:16,corridor
2025/7/25 19:20:17,side
2025/7/25 19:20:26,corridor
2025/7/25 19:20:26,middle
2025/7/25 19:20:30,corridor
2025/7/25 19:20:31,side
2025/7/25 19:20:34,corridor
2025/7/25 19:20:34,mid-sep
2025/7/25 19:21:04,middle
2025/7/25 19:21:05,corridor
2025/7/25 19:21:07,side
2025/7/25 19:21:51,middle
2025/7/25 19:21:53,corridor
2025/7/25 19:21:53,side
2025/7/25 19:23:20,middle
2025/7/25 19:23:21,corridor
2025/7/25 19:23:21,side
2025/7/25 19:23:25,corridor
2025/7/25 19:23:27,mid-sep
2025/7/25 19:23:32,middle
2025/7/25 19:23:34,corridor
2025/7/25 19:23:35,side
2025/7/25 19:23:41,mid-sep
2025/7/25 19:23:48,middle
2025/7/25 19:23:50,side
2025/7/25 19:24:27,middle
2025/7/25 19:24:37,side
2025/7/25 19:25:41,mid-sep
2025/7/25 19:25:52,middle
2025/7/25 19:25:52,corridor
2025/7/25 19:25:52,side
2025/7/25 19:34:38,mid-sep
2025/7/25 19:34:41,middle
2025/7/25 19:34:41,corridor
2025/7/25 19:34:42,side
2025/7/25 19:39:28,corridor
2025/7/25 19:39:30,mid-sep
2025/7/25 19:39:32,middle
2025/7/25 19:39:42,corridor
2025/7/25 19:39:43,side
2025/7/25 19:45:10,corridor
2025/7/25 19:45:10,middle
2025/7/25 19:45:16,corridor
2025/7/25 19:45:16,side
2025/7/25 19:46:22,corridor
2025/7/25 19:46:23,mid-sep
2025/7/25 19:46:33,corridor
2025/7/25 19:46:35,side
2025/7/25 19:51:40,corridor
2025/7/25 19:51:41,middle
2025/7/25 19:52:12,mid-sep
2025/7/25 19:52:32,middle
2025/7/25 19:52:37,corridor
2025/7/25 19:52:42,side
2025/7/25 19:52:44,corridor
2025/7/25 19:52:45,mid-sep
2025/7/25 19:53:30,middle
2025/7/25 19:53:50,corridor
2025/7/25 19:53:55,side
2025/7/25 19:53:57,mid-sep
2025/7/25 19:54:15,middle
2025/7/25 19:54:17,corridor
2025/7/25 19:54:18,side
2025/7/25 19:54:20,mid-sep
2025/7/25 19:54:27,middle
2025/7/25 19:54:30,corridor
2025/7/25 19:54:31,side
2025/7/25 19:54:31,mid-sep
2025/7/25 19:54:40,middle
2025/7/25 19:54:44,side
2025/7/25 19:54:46,corridor
2025/7/25 19:54:46,middle
2025/7/25 19:54:48,mid-sep
2025/7/25 19:56:57,middle
2025/7/25 19:56:59,corridor
2025/7/25 19:57:00,side
2025/7/25 20:02:50,corridor
2025/7/25 20:02:50,mid-sep
2025/7/25 20:03:09,middle
2025/7/25 20:03:22,corridor
2025/7/25 20:03:23,side
2025/7/25 20:03:25,corridor
2025/7/25 20:03:26,middle
2025/7/25 20:03:30,mid-sep
2025/7/25 20:03:38,corridor
2025/7/25 20:03:39,side
2025/7/25 20:03:41,corridor
2025/7/25 20:03:41,middle
2025/7/25 20:03:47,corridor
2025/7/25 20:03:48,side
2025/7/25 20:03:50,mid-sep
2025/7/25 20:04:21,middle
2025/7/25 20:04:26,corridor
2025/7/25 20:04:29,side
2025/7/25 20:04:40,middle
2025/7/25 20:04:57,corridor
2025/7/25 20:04:59,side
2025/7/25 20:05:05,middle
2025/7/25 20:05:07,mid-sep
2025/7/25 20:07:09,side
2025/7/25 20:12:39,corridor
2025/7/25 20:12:40,middle
2025/7/25 20:12:44,mid-sep
2025/7/25 20:13:00,corridor
2025/7/25 20:13:01,side
2025/7/25 20:13:07,corridor
2025/7/25 20:13:07,mid-sep
2025/7/25 20:14:04,corridor
2025/7/25 20:14:15,side
2025/7/25 20:14:22,corridor
2025/7/25 20:14:22,middle
2025/7/25 20:14:27,mid-sep
2025/7/25 20:15:28,middle
2025/7/25 20:15:52,corridor
2025/7/25 20:15:55,side
2025/7/25 20:15:56,mid-sep
2025/7/25 20:16:08,middle
2025/7/25 20:16:11,side
2025/7/25 20:19:16,corridor
2025/7/25 20:19:18,mid-sep
2025/7/25 20:19:37,corridor
2025/7/25 20:19:41,side
2025/7/25 20:19:44,middle
2025/7/25 20:19:52,corridor
2025/7/25 20:19:53,side
2025/7/25 20:19:57,corridor
2025/7/25 20:19:57,mid-sep
2025/7/25 20:20:07,middle
2025/7/25 20:20:10,side
2025/7/25 20:20:19,corridor
2025/7/25 20:20:21,mid-sep
2025/7/25 20:20:24,middle
2025/7/25 20:20:40,corridor
2025/7/25 20:20:41,side
2025/7/25 20:24:02,corridor
2025/7/25 20:24:02,mid-sep
2025/7/25 20:25:20,middle
2025/7/25 20:26:07,side
2025/7/25 20:26:12,corridor
2025/7/25 20:26:13,mid-sep
2025/7/25 20:26:18,corridor
2025/7/25 20:26:20,side
2025/7/25 20:27:22,middle
2025/7/25 20:27:25,mid-sep
2025/7/25 20:27:28,corridor
2025/7/25 20:27:28,side
2025/7/25 20:27:30,corridor
2025/7/25 20:27:30,mid-sep
2025/7/25 20:29:23,middle
2025/7/25 20:29:45,corridor
2025/7/25 20:29:49,side
2025/7/25 20:29:50,corridor
2025/7/25 20:29:50,mid-sep
2025/7/25 20:30:23,middle
2025/7/25 20:30:31,corridor
2025/7/25 20:30:38,side
2025/7/25 20:30:41,corridor
2025/7/25 20:30:42,middle
2025/7/25 20:30:52,corridor
2025/7/25 20:30:53,side
2025/7/25 20:30:55,corridor
2025/7/25 20:30:56,mid-sep
2025/7/25 20:32:24,middle
2025/7/25 20:32:26,corridor
2025/7/25 20:32:27,side
2025/7/25 21:40:34,corridor
2025/7/25 21:40:38,middle
2025/7/25 21:40:42,mid-sep
2025/7/25 21:40:45,middle
2025/7/25 21:40:54,corridor
2025/7/25 21:40:55,side
2025/7/25 21:46:07,corridor
2025/7/25 21:46:11,mid-sep
2025/7/25 21:46:31,middle
2025/7/25 21:46:32,corridor
2025/7/25 21:46:36,side
2025/7/25 21:46:39,middle
2025/7/25 21:46:40,mid-sep
2025/7/25 21:46:50,middle
2025/7/25 21:47:02,corridor
2025/7/25 21:47:14,side
2025/7/25 21:47:45,corridor
2025/7/25 21:47:47,mid-sep
2025/7/25 21:48:57,corridor
2025/7/25 21:49:01,side
2025/7/25 21:49:03,corridor
2025/7/25 21:49:04,middle
2025/7/25 21:49:18,mid-sep
2025/7/25 21:51:00,middle
2025/7/25 21:51:42,corridor
2025/7/25 21:51:48,side
2025/7/25 21:51:55,corridor
2025/7/25 21:51:55,mid-sep
2025/7/25 21:53:12,middle
2025/7/25 21:53:42,mid-sep
2025/7/25 21:54:23,middle
2025/7/25 21:55:09,corridor
2025/7/25 21:55:13,side
2025/7/25 21:55:24,corridor
2025/7/25 21:55:24,mid-sep
2025/7/25 21:56:46,corridor
2025/7/25 21:56:47,side
2025/7/25 22:05:47,corridor
2025/7/25 22:05:48,middle
2025/7/25 22:05:53,mid-sep
2025/7/25 22:06:21,corridor
2025/7/25 22:06:22,side
2025/7/25 22:06:26,corridor
2025/7/25 22:06:27,mid-sep
2025/7/25 22:08:35,corridor
2025/7/25 22:08:36,side
2025/7/25 22:10:22,corridor
2025/7/25 22:10:23,middle
2025/7/25 22:10:35,corridor
2025/7/25 22:10:36,side
2025/7/25 22:10:38,middle
2025/7/25 22:10:39,mid-sep
2025/7/25 22:12:04,middle
2025/7/25 22:13:19,mid-sep
2025/7/25 22:13:25,middle
2025/7/25 22:15:23,mid-sep
2025/7/25 22:16:12,corridor
2025/7/25 22:16:12,side
2025/7/25 22:16:17,corridor
2025/7/25 22:16:18,middle
2025/7/25 22:16:24,corridor
2025/7/25 22:16:28,side
2025/7/25 22:21:15,corridor
2025/7/25 22:21:16,mid-sep
2025/7/25 22:21:55,middle
2025/7/25 22:21:56,side
2025/7/25 22:22:26,corridor
2025/7/25 22:22:27,middle
2025/7/25 22:22:38,corridor
2025/7/25 22:22:40,side
2025/7/25 22:27:54,mid-sep
2025/7/25 22:28:30,middle
2025/7/25 22:38:12,corridor
2025/7/25 22:38:16,side
2025/7/25 22:38:56,corridor
2025/7/25 22:38:56,mid-sep
2025/7/25 22:39:10,middle
2025/7/25 22:39:14,corridor
2025/7/25 22:39:15,side
2025/7/25 22:39:17,corridor
2025/7/25 22:39:17,middle
2025/7/25 22:39:34,corridor
2025/7/25 22:39:34,side
2025/7/25 23:14:07,corridor
2025/7/25 23:14:08,middle
2025/7/25 23:14:50,mid-sep
2025/7/25 23:15:00,middle
2025/7/25 23:15:21,side
2025/7/25 23:15:24,middle
2025/7/25 23:15:38,corridor
2025/7/25 23:15:40,side
2025/7/25 23:27:25,corridor
2025/7/25 23:27:25,mid-sep
2025/7/25 23:27:40,middle
2025/7/25 23:27:45,side
2025/7/25 23:34:26,corridor
2025/7/25 23:34:27,mid-sep
2025/7/25 23:34:36,middle
2025/7/25 23:34:39,side
2025/7/25 23:34:40,corridor
2025/7/25 23:34:41,mid-sep
2025/7/25 23:34:45,middle
2025/7/25 23:34:48,corridor
2025/7/25 23:34:50,side
2025/7/25 23:36:28,corridor
2025/7/25 23:36:28,mid-sep
2025/7/25 23:36:37,middle
2025/7/25 23:36:40,corridor
2025/7/25 23:36:41,side
2025/7/25 23:40:18,corridor
2025/7/25 23:40:19,mid-sep
2025/7/25 23:40:27,middle
2025/7/25 23:40:42,corridor
2025/7/25 23:40:44,side
2025/7/25 23:40:50,middle
2025/7/25 23:40:54,corridor
2025/7/25 23:40:55,side
2025/7/25 23:44:19,corridor
2025/7/25 23:44:21,middle
2025/7/25 23:44:26,side
2025/7/25 23:44:26,corridor
2025/7/25 23:44:27,side
2025/7/25 23:47:39,corridor
2025/7/25 23:47:40,mid-sep
2025/7/25 23:47:44,middle
2025/7/25 23:47:46,side
2025/7/25 23:48:56,corridor
2025/7/25 23:48:57,mid-sep
2025/7/25 23:49:00,middle
2025/7/25 23:49:05,side
2025/7/25 23:49:14,corridor
2025/7/25 23:49:15,middle
2025/7/25 23:49:16,mid-sep
2025/7/25 23:51:05,middle
2025/7/25 23:51:16,mid-sep
2025/7/25 23:53:27,middle
2025/7/25 23:54:11,corridor
2025/7/25 23:54:12,side
2025/7/25 23:54:20,corridor
2025/7/25 23:54:21,mid-sep
2025/7/25 23:57:20,middle
2025/7/25 23:57:21,corridor
2025/7/25 23:57:22,side
2025/7/25 23:57:54,middle
2025/7/25 23:58:00,mid-sep
2025/7/25 23:58:20,middle
2025/7/26 0:00:00,corridor
2025/7/26 0:00:01,side
2025/7/26 0:00:33,corridor
2025/7/26 0:00:34,middle
2025/7/26 0:00:41,corridor
2025/7/26 0:00:43,side
2025/7/26 0:00:49,mid-sep
2025/7/26 0:01:08,middle
2025/7/26 0:01:10,side
2025/7/26 0:01:12,mid-sep
2025/7/26 0:02:14,corridor
2025/7/26 0:02:16,side
2025/7/26 0:02:16,mid-sep
2025/7/26 0:03:51,middle
2025/7/26 0:03:53,corridor
2025/7/26 0:03:53,side
2025/7/26 0:04:51,corridor
2025/7/26 0:04:51,middle
2025/7/26 0:05:00,mid-sep
2025/7/26 0:05:40,middle
2025/7/26 0:06:17,corridor
2025/7/26 0:06:24,side
2025/7/26 0:06:31,corridor
2025/7/26 0:06:32,middle
2025/7/26 0:06:36,mid-sep
2025/7/26 0:07:40,middle
2025/7/26 0:07:43,corridor
2025/7/26 0:07:44,side
2025/7/26 0:15:49,corridor
2025/7/26 0:15:50,middle
2025/7/26 0:15:58,mid-sep
2025/7/26 0:16:00,middle
2025/7/26 0:16:14,side
2025/7/26 0:16:51,mid-sep
2025/7/26 0:17:00,side
2025/7/26 0:17:09,corridor
2025/7/26 0:17:09,mid-sep
2025/7/26 0:17:22,corridor
2025/7/26 0:17:22,middle
2025/7/26 1:16:19,side
2025/7/26 1:16:19,corridor
2025/7/26 1:16:20,middle
2025/7/26 1:18:30,mid-sep
2025/7/26 1:19:43,middle
2025/7/26 1:21:12,corridor
2025/7/26 1:21:21,side
2025/7/26 1:25:14,corridor
2025/7/26 1:25:19,mid-sep
2025/7/26 1:25:30,middle
2025/7/26 1:25:40,corridor
2025/7/26 1:25:41,side
2025/7/26 1:25:46,corridor
2025/7/26 1:25:47,mid-sep
2025/7/26 1:25:52,middle
2025/7/26 1:25:55,corridor
2025/7/26 1:25:57,side
2025/7/26 1:26:07,corridor
2025/7/26 1:26:07,mid-sep
2025/7/26 1:28:07,middle
2025/7/26 1:29:41,mid-sep
2025/7/26 1:31:27,middle
2025/7/26 1:31:44,corridor
2025/7/26 1:31:45,side
2025/7/26 1:32:05,corridor
2025/7/26 1:32:06,middle
2025/7/26 1:32:11,corridor
2025/7/26 1:32:12,side
2025/7/26 1:39:20,corridor
2025/7/26 1:39:21,middle
2025/7/26 1:39:26,mid-sep
2025/7/26 1:39:28,middle
2025/7/26 1:39:28,corridor
2025/7/26 1:39:29,side
2025/7/26 1:48:17,corridor
2025/7/26 1:48:17,mid-sep
2025/7/26 1:48:19,corridor
2025/7/26 1:48:20,side
2025/7/26 1:55:34,mid-sep
2025/7/26 1:55:53,corridor
2025/7/26 1:55:54,side
2025/7/26 1:55:57,corridor
2025/7/26 1:55:58,middle
2025/7/26 1:56:00,mid-sep
2025/7/26 1:56:25,middle
2025/7/26 1:56:28,side
2025/7/26 2:00:58,corridor
2025/7/26 2:00:59,middle
2025/7/26 2:01:16,corridor
2025/7/26 2:01:16,side
2025/7/26 2:01:26,corridor
2025/7/26 2:01:27,middle
2025/7/26 2:01:36,corridor
2025/7/26 2:01:37,side
2025/7/26 2:01:45,mid-sep
2025/7/26 2:01:51,middle
2025/7/26 2:01:59,corridor
2025/7/26 2:02:00,side
2025/7/26 2:02:02,corridor
2025/7/26 2:02:02,middle
2025/7/26 2:02:05,mid-sep
2025/7/26 2:05:22,middle
2025/7/26 2:05:26,side
2025/7/26 2:06:11,corridor
2025/7/26 2:06:12,middle
2025/7/26 2:06:18,corridor
2025/7/26 2:06:19,side
2025/7/26 2:10:36,corridor
2025/7/26 2:10:40,mid-sep
2025/7/26 2:10:43,middle
2025/7/26 2:11:15,mid-sep
2025/7/26 2:12:15,middle
2025/7/26 2:12:34,corridor
2025/7/26 2:12:40,middle
2025/7/26 2:12:46,corridor
2025/7/26 2:12:47,side
2025/7/26 2:13:13,corridor
2025/7/26 2:13:14,middle
2025/7/26 2:13:16,mid-sep
2025/7/26 2:15:00,middle
2025/7/26 2:17:06,corridor
2025/7/26 2:17:09,middle
2025/7/26 2:17:10,mid-sep
2025/7/26 2:19:17,middle
2025/7/26 2:19:27,corridor
2025/7/26 2:19:35,side
2025/7/26 2:20:25,corridor
2025/7/26 2:20:26,mid-sep
2025/7/26 2:21:16,middle
2025/7/26 2:21:28,mid-sep
2025/7/26 2:22:00,middle
2025/7/26 2:41:00,mid-sep
2025/7/26 2:41:12,middle
2025/7/26 3:54:50,mid-sep
2025/7/26 3:55:00,middle
2025/7/26 3:58:52,mid-sep
2025/7/26 3:59:00,middle
2025/7/26 4:00:56,corridor
2025/7/26 4:01:18,middle
2025/7/26 4:01:22,mid-sep
2025/7/26 4:01:30,middle
2025/7/26 4:13:28,corridor
2025/7/26 4:13:30,side
2025/7/26 4:13:37,corridor
2025/7/26 4:13:38,middle
2025/7/26 4:13:40,corridor
2025/7/26 4:13:41,side
2025/7/26 4:16:30,corridor
2025/7/26 4:16:30,mid-sep
2025/7/26 4:16:40,middle
2025/7/26 5:09:03,corridor
2025/7/26 5:09:12,side
2025/7/26 5:09:17,corridor
2025/7/26 5:09:18,mid-sep
2025/7/26 5:09:20,corridor
2025/7/26 5:09:21,side
2025/7/26 5:09:41,corridor
2025/7/26 5:09:41,middle
2025/7/26 5:09:42,mid-sep
2025/7/26 5:09:45,middle
2025/7/26 5:11:50,mid-sep
2025/7/26 5:12:07,middle
2025/7/26 5:12:27,corridor
2025/7/26 5:12:29,side
2025/7/26 5:12:36,corridor
2025/7/26 5:12:36,middle
2025/7/26 5:12:37,mid-sep
2025/7/26 5:12:47,middle
2025/7/26 5:47:03,mid-sep
2025/7/26 5:47:27,middle
2025/7/26 5:47:32,corridor
2025/7/26 5:48:04,side
2025/7/26 5:48:15,corridor
2025/7/26 5:48:16,mid-sep
2025/7/26 5:49:05,middle
2025/7/26 5:50:04,mid-sep
2025/7/26 5:50:25,middle
2025/7/26 5:51:10,mid-sep
2025/7/26 5:51:20,middle
2025/7/26 5:51:24,corridor
2025/7/26 5:51:27,side
2025/7/26 5:56:17,corridor
2025/7/26 5:56:19,mid-sep
2025/7/26 5:56:24,corridor
2025/7/26 5:56:26,side
2025/7/26 5:56:34,corridor
2025/7/26 5:56:35,mid-sep
2025/7/26 5:56:45,middle
2025/7/26 5:56:53,corridor
2025/7/26 5:56:56,side
2025/7/26 6:06:16,corridor
2025/7/26 6:06:17,mid-sep
2025/7/26 6:06:19,middle
2025/7/26 6:12:07,mid-sep
2025/7/26 6:12:29,middle
2025/7/26 6:12:32,corridor
2025/7/26 6:12:33,side
2025/7/26 6:12:36,mid-sep
2025/7/26 6:13:05,middle
2025/7/26 6:13:10,corridor
2025/7/26 6:13:11,side
2025/7/26 6:14:08,corridor
2025/7/26 6:14:09,mid-sep
2025/7/26 6:16:53,middle
2025/7/26 6:19:09,mid-sep
2025/7/26 6:19:35,middle
2025/7/26 6:19:56,mid-sep
2025/7/26 6:21:10,corridor
2025/7/26 6:21:12,side
2025/7/26 6:30:39,corridor
2025/7/26 6:30:42,mid-sep
2025/7/26 6:31:52,middle
2025/7/26 6:31:55,side
2025/7/26 6:32:24,corridor
2025/7/26 6:32:25,mid-sep
2025/7/26 6:32:58,middle
2025/7/26 6:33:09,corridor
2025/7/26 6:33:12,side
2025/7/26 6:37:37,corridor
2025/7/26 6:37:38,mid-sep
2025/7/26 6:37:45,middle
2025/7/26 6:38:18,corridor
2025/7/26 6:38:25,side
2025/7/26 6:38:29,corridor
2025/7/26 6:38:29,mid-sep
2025/7/26 6:38:34,middle
2025/7/26 6:38:41,corridor
2025/7/26 6:38:42,side
2025/7/26 6:38:44,mid-sep
2025/7/26 6:38:59,corridor
2025/7/26 6:39:00,side
2025/7/26 6:41:30,corridor
2025/7/26 6:41:30,mid-sep
2025/7/26 6:42:08,corridor
2025/7/26 6:42:12,side
2025/7/26 6:42:12,middle
2025/7/26 6:42:17,mid-sep
2025/7/26 6:42:25,corridor
2025/7/26 6:42:27,side
2025/7/26 6:46:35,corridor
2025/7/26 6:46:36,side
2025/7/26 6:49:17,corridor
2025/7/26 6:49:18,mid-sep
2025/7/26 6:49:29,corridor
2025/7/26 6:49:30,side
2025/7/26 6:52:37,corridor
2025/7/26 6:52:37,mid-sep
2025/7/26 6:52:45,middle
2025/7/26 6:52:51,corridor
2025/7/26 6:52:52,side
2025/7/26 7:03:11,corridor
2025/7/26 7:03:11,mid-sep
2025/7/26 7:04:40,middle
2025/7/26 7:05:56,corridor
2025/7/26 7:06:03,side
2025/7/26 7:06:13,middle
2025/7/26 7:06:18,mid-sep
2025/7/26 7:08:45,middle
2025/7/26 7:09:01,corridor
2025/7/26 7:09:07,side
2025/7/26 7:10:40,corridor
2025/7/26 7:10:42,mid-sep
2025/7/26 7:12:19,middle
2025/7/26 7:12:39,mid-sep
2025/7/26 7:15:09,middle
2025/7/26 7:15:10,corridor
2025/7/26 7:15:11,side
2025/7/26 7:16:50,corridor
2025/7/26 7:16:51,mid-sep
2025/7/26 7:16:52,middle
2025/7/26 7:17:02,corridor
2025/7/26 7:17:04,side
2025/7/26 7:17:10,middle
2025/7/26 7:17:18,mid-sep
2025/7/26 7:19:38,middle
2025/7/26 7:22:09,corridor
2025/7/26 7:22:13,side
2025/7/26 7:22:15,corridor
2025/7/26 7:22:16,mid-sep
2025/7/26 7:22:21,middle
2025/7/26 7:22:28,corridor
2025/7/26 7:22:29,side
2025/7/26 7:27:30,corridor
2025/7/26 7:27:30,middle
2025/7/26 7:27:32,mid-sep
2025/7/26 7:28:09,corridor
2025/7/26 7:28:12,side
2025/7/26 7:28:17,middle
2025/7/26 7:28:32,mid-sep
2025/7/26 7:32:32,middle
2025/7/26 7:33:20,corridor
2025/7/26 7:33:23,side
2025/7/26 7:34:02,middle
2025/7/26 7:34:07,corridor
2025/7/26 7:34:08,side
2025/7/26 7:34:15,middle
2025/7/26 7:34:22,mid-sep
2025/7/26 7:36:52,middle
2025/7/26 7:37:03,corridor
2025/7/26 7:37:09,side
2025/7/26 7:46:12,corridor
2025/7/26 7:46:13,middle
2025/7/26 7:49:28,mid-sep
2025/7/26 7:49:48,middle
2025/7/26 7:55:54,corridor
2025/7/26 7:56:06,side
2025/7/26 7:56:07,mid-sep
2025/7/26 7:59:50,middle
2025/7/26 7:59:53,corridor
2025/7/26 7:59:58,side
2025/7/26 8:06:47,middle
2025/7/26 8:06:50,mid-sep
2025/7/26 8:07:00,middle
2025/7/26 8:07:08,side
2025/7/26 8:11:21,corridor
2025/7/26 8:11:22,mid-sep
2025/7/26 8:11:31,middle
2025/7/26 8:11:33,side
2025/7/26 8:13:39,corridor
2025/7/26 8:13:40,mid-sep
2025/7/26 8:15:52,middle
2025/7/26 8:16:21,side
2025/7/26 8:16:28,corridor
2025/7/26 8:16:28,mid-sep
2025/7/26 8:18:53,middle
2025/7/26 8:19:23,mid-sep
2025/7/26 8:20:33,middle
2025/7/26 8:20:41,side
2025/7/26 8:24:41,corridor
2025/7/26 8:24:41,middle
2025/7/26 8:24:55,corridor
2025/7/26 8:24:56,side
2025/7/26 10:47:58,corridor
2025/7/26 10:47:59,middle
2025/7/26 10:48:00,mid-sep
2025/7/26 10:48:05,corridor
2025/7/26 10:48:17,side
2025/7/26 10:49:00,corridor
2025/7/26 10:49:02,mid-sep
2025/7/26 10:49:11,corridor
2025/7/26 10:49:14,side
2025/7/26 10:53:36,middle
2025/7/26 10:53:39,corridor
2025/7/26 10:53:41,side
2025/7/26 10:53:52,corridor
2025/7/26 10:53:53,middle
2025/7/26 10:54:07,corridor
2025/7/26 10:54:10,side
2025/7/26 10:55:00,corridor
2025/7/26 10:55:01,middle
2025/7/26 10:55:14,mid-sep
2025/7/26 10:55:38,corridor
2025/7/26 10:55:40,side
2025/7/26 14:24:07,corridor
2025/7/26 14:24:10,mid-sep
2025/7/26 14:24:17,corridor
2025/7/26 14:24:19,side
2025/7/26 17:22:38,middle
2025/7/26 17:22:40,mid-sep
2025/7/26 17:22:53,middle
2025/7/26 17:22:58,corridor
2025/7/26 17:23:00,side
2025/7/26 17:23:19,corridor
2025/7/26 17:23:20,mid-sep
2025/7/26 17:23:43,middle
2025/7/26 17:23:51,side
2025/7/26 18:24:37,corridor
2025/7/26 18:24:40,mid-sep
2025/7/26 18:24:59,middle
2025/7/26 18:25:06,corridor
2025/7/26 18:25:09,side
2025/7/26 18:25:28,corridor
2025/7/26 18:25:31,mid-sep
2025/7/26 18:26:11,middle
2025/7/26 18:26:32,corridor
2025/7/26 18:26:33,side
2025/7/26 18:45:26,middle
2025/7/26 18:45:30,mid-sep
2025/7/26 18:45:50,middle
2025/7/26 18:49:38,corridor
2025/7/26 18:49:45,side
2025/7/26 18:52:55,corridor
2025/7/26 18:52:55,mid-sep
2025/7/26 18:52:57,corridor
2025/7/26 18:52:57,side
2025/7/26 19:01:08,corridor
2025/7/26 19:01:08,middle
2025/7/26 19:01:10,side
2025/7/26 19:09:18,corridor
2025/7/26 19:09:20,middle
2025/7/26 19:09:22,mid-sep
2025/7/26 19:09:35,corridor
2025/7/26 19:09:35,side
2025/7/26 19:11:18,corridor
2025/7/26 19:11:22,mid-sep
2025/7/26 19:11:23,middle
2025/7/26 19:11:23,corridor
2025/7/26 19:11:24,side
2025/7/26 19:12:04,mid-sep
2025/7/26 19:12:10,side
2025/7/26 19:17:20,corridor
2025/7/26 19:17:21,mid-sep
2025/7/26 19:17:38,middle
2025/7/26 19:17:42,side
2025/7/26 19:24:19,middle
2025/7/26 19:24:20,corridor
2025/7/26 19:24:21,middle
2025/7/26 19:25:18,corridor
2025/7/26 19:25:18,middle
2025/7/26 21:29:03,side
2025/7/26 21:39:26,corridor
2025/7/26 21:39:30,middle
2025/7/26 21:39:30,mid-sep
2025/7/26 21:39:32,middle
2025/7/26 21:44:07,corridor
2025/7/26 21:44:21,side
2025/7/26 22:10:08,corridor
2025/7/26 22:10:10,middle
2025/7/26 22:10:18,mid-sep
2025/7/26 22:10:40,corridor
2025/7/26 22:10:40,side
2025/7/26 22:12:00,corridor
2025/7/26 22:12:01,middle
2025/7/26 22:12:02,mid-sep
2025/7/26 22:12:16,middle
2025/7/26 22:12:18,corridor
2025/7/26 22:12:19,side
2025/7/26 22:16:01,corridor
2025/7/26 22:16:01,middle
2025/7/26 22:16:01,mid-sep
2025/7/26 22:16:02,middle
2025/7/26 22:16:25,corridor
2025/7/26 22:16:27,side
2025/7/26 22:16:40,middle
2025/7/26 22:16:58,corridor
2025/7/26 22:16:59,side
2025/7/26 22:17:00,corridor
2025/7/26 22:17:00,middle
2025/7/26 22:17:01,mid-sep
2025/7/26 22:17:36,middle
2025/7/26 22:17:39,corridor
2025/7/26 22:17:39,side
2025/7/26 22:18:28,corridor
2025/7/26 22:18:29,middle
2025/7/26 22:18:29,mid-sep
2025/7/26 22:18:44,middle
2025/7/26 22:18:47,corridor
2025/7/26 22:18:48,side
2025/7/26 22:18:52,middle
2025/7/26 22:18:52,mid-sep
2025/7/26 22:19:02,middle
2025/7/26 22:19:03,corridor
2025/7/26 22:19:04,mid-sep
2025/7/26 22:20:09,corridor
2025/7/26 22:20:09,side
2025/7/26 22:20:12,corridor
2025/7/26 22:20:12,mid-sep
2025/7/26 22:20:31,middle
2025/7/26 22:20:41,mid-sep
2025/7/26 22:21:25,middle
2025/7/26 22:21:26,corridor
2025/7/26 22:21:28,side
2025/7/26 22:21:34,middle
2025/7/26 22:21:35,mid-sep
2025/7/26 22:21:45,middle
2025/7/26 22:21:59,side
2025/7/26 22:22:27,corridor
2025/7/26 22:22:27,middle
2025/7/26 22:22:28,mid-sep
2025/7/26 22:22:30,middle
2025/7/26 22:22:57,corridor
2025/7/26 22:23:03,side
2025/7/26 23:02:15,corridor
2025/7/26 23:02:15,middle
2025/7/26 23:02:16,mid-sep
2025/7/26 23:02:16,middle
2025/7/26 23:02:20,corridor
2025/7/26 23:02:21,side
2025/7/26 23:07:57,corridor
2025/7/26 23:07:57,middle
2025/7/26 23:07:58,mid-sep
2025/7/26 23:08:01,middle
2025/7/26 23:08:08,corridor
2025/7/26 23:08:08,side
2025/7/26 23:15:15,corridor
2025/7/26 23:15:15,middle
2025/7/26 23:15:18,corridor
2025/7/26 23:15:19,side
2025/7/27 0:09:39,corridor
2025/7/27 0:09:40,middle
2025/7/27 0:09:45,corridor
2025/7/27 0:09:47,side
2025/7/27 0:10:14,corridor
2025/7/27 0:10:15,middle
2025/7/27 0:12:04,corridor
2025/7/27 0:12:05,side
2025/7/27 0:24:00,corridor
2025/7/27 0:24:01,middle
2025/7/27 0:24:45,corridor
2025/7/27 0:24:47,side
2025/7/27 0:24:54,corridor
2025/7/27 0:24:55,mid-sep
2025/7/27 0:25:15,middle
2025/7/27 0:25:19,mid-sep
2025/7/27 0:25:27,middle
2025/7/27 0:25:35,corridor
2025/7/27 0:25:36,side
2025/7/27 1:15:20,corridor
2025/7/27 1:15:20,middle
2025/7/27 1:17:03,corridor
2025/7/27 1:17:07,side
2025/7/27 1:59:02,corridor
2025/7/27 1:59:03,middle
2025/7/27 1:59:03,mid-sep
2025/7/27 1:59:04,middle
2025/7/27 1:59:05,corridor
2025/7/27 1:59:07,side
2025/7/27 1:59:43,corridor
2025/7/27 1:59:43,middle
2025/7/27 1:59:45,mid-sep
2025/7/27 2:00:02,middle
2025/7/27 2:00:04,corridor
2025/7/27 2:00:05,side
2025/7/27 2:07:11,corridor
2025/7/27 2:07:12,middle
2025/7/27 2:07:20,corridor
2025/7/27 2:07:21,side
2025/7/27 2:12:18,corridor
2025/7/27 2:12:18,middle
2025/7/27 2:12:28,mid-sep
2025/7/27 2:12:36,middle
2025/7/27 2:12:50,corridor
2025/7/27 2:12:55,side
2025/7/27 2:18:03,corridor
2025/7/27 2:18:03,mid-sep
2025/7/27 2:18:07,middle
2025/7/27 2:18:10,corridor
2025/7/27 2:18:10,side
2025/7/27 2:18:15,middle
2025/7/27 2:18:26,corridor
2025/7/27 2:18:27,side
2025/7/27 2:53:11,corridor
2025/7/27 2:53:12,middle
2025/7/27 2:53:12,mid-sep
2025/7/27 2:53:14,middle
2025/7/27 3:03:11,corridor
2025/7/27 3:03:18,side
2025/7/27 4:07:42,corridor
2025/7/27 4:07:43,middle
2025/7/27 4:07:43,mid-sep
2025/7/27 4:07:50,middle
2025/7/27 4:08:12,corridor
2025/7/27 4:08:15,side
2025/7/27 4:08:21,corridor
2025/7/27 4:08:21,middle
2025/7/27 4:08:22,mid-sep
2025/7/27 4:08:27,middle
2025/7/27 4:08:32,corridor
2025/7/27 4:08:35,side
2025/7/27 5:30:26,corridor
2025/7/27 5:30:27,middle
2025/7/27 5:30:31,mid-sep
2025/7/27 5:30:55,middle
2025/7/27 5:30:59,corridor
2025/7/27 5:31:05,middle
2025/7/27 5:31:23,mid-sep
2025/7/27 5:31:33,middle
2025/7/27 5:44:42,mid-sep
2025/7/27 5:44:50,middle
2025/7/27 5:44:52,corridor
2025/7/27 5:44:53,side
2025/7/27 5:52:13,middle
2025/7/27 5:52:15,mid-sep
2025/7/27 5:52:17,middle
2025/7/27 5:52:19,corridor
2025/7/27 5:52:30,side
2025/7/27 6:00:34,corridor
2025/7/27 6:00:34,middle
2025/7/27 6:00:35,mid-sep
2025/7/27 6:01:06,middle
2025/7/27 6:01:20,corridor
2025/7/27 6:01:21,side
2025/7/27 6:01:35,corridor
2025/7/27 6:01:35,middle
2025/7/27 6:01:35,mid-sep
2025/7/27 6:01:36,middle
2025/7/27 6:01:43,corridor
2025/7/27 6:01:44,side
2025/7/27 6:08:52,corridor
2025/7/27 6:08:52,middle
2025/7/27 6:08:53,mid-sep
2025/7/27 6:09:05,middle
2025/7/27 6:09:35,mid-sep
2025/7/27 6:09:55,middle
2025/7/27 6:26:26,corridor
2025/7/27 6:26:30,side
2025/7/27 6:49:52,corridor
2025/7/27 6:49:52,middle
2025/7/27 6:49:52,mid-sep
2025/7/27 6:49:54,middle
2025/7/27 6:50:31,corridor
2025/7/27 6:50:39,side
2025/7/27 6:51:32,corridor
2025/7/27 6:51:32,middle
2025/7/27 6:51:37,mid-sep
2025/7/27 6:51:54,middle
2025/7/27 6:52:00,mid-sep
2025/7/27 6:52:13,middle
2025/7/27 6:52:43,mid-sep
2025/7/27 6:53:03,middle
2025/7/27 6:54:02,corridor
2025/7/27 6:54:05,side
2025/7/27 7:02:23,corridor
2025/7/27 7:02:24,middle
2025/7/27 7:02:26,corridor
2025/7/27 7:02:29,side
2025/7/27 7:06:43,corridor
2025/7/27 7:06:43,middle
2025/7/27 7:06:55,mid-sep
2025/7/27 7:07:40,middle
2025/7/27 7:08:19,corridor
2025/7/27 7:08:19,side
2025/7/27 7:08:41,corridor
2025/7/27 7:08:58,side
2025/7/27 7:09:00,corridor
2025/7/27 7:09:13,middle
2025/7/27 7:09:15,mid-sep
2025/7/27 7:09:54,middle
2025/7/27 7:09:58,corridor
2025/7/27 7:10:00,side
2025/7/27 7:10:21,corridor
2025/7/27 7:10:22,middle
2025/7/27 7:10:23,mid-sep
2025/7/27 7:12:15,middle
2025/7/27 7:12:21,corridor
2025/7/27 7:12:37,side
2025/7/27 7:14:16,corridor
2025/7/27 7:14:17,middle
2025/7/27 7:14:19,mid-sep
2025/7/27 7:18:35,middle
2025/7/27 7:19:15,mid-sep
2025/7/27 7:19:50,middle
2025/7/27 7:19:55,corridor
2025/7/27 7:20:01,side
2025/7/27 7:23:02,corridor
2025/7/27 7:23:02,middle
2025/7/27 7:23:03,mid-sep
2025/7/27 7:24:55,middle
2025/7/27 7:24:57,side
2025/7/27 7:28:24,corridor
2025/7/27 7:28:24,middle
2025/7/27 7:28:25,mid-sep
2025/7/27 7:30:12,middle
2025/7/27 7:41:32,corridor
2025/7/27 7:41:34,side
2025/7/27 7:41:38,corridor
2025/7/27 7:41:42,middle
2025/7/27 7:41:43,mid-sep
2025/7/27 7:41:53,middle
2025/7/27 8:00:16,corridor
2025/7/27 8:01:20,middle
2025/7/27 8:14:05,corridor
2025/7/27 8:14:45,middle
2025/7/27 8:15:11,mid-sep
2025/7/27 8:16:07,middle
2025/7/27 8:16:21,corridor
2025/7/27 8:16:27,side
2025/7/27 8:16:36,corridor
2025/7/27 8:16:38,middle
2025/7/27 8:16:39,mid-sep
2025/7/27 8:17:11,middle
2025/7/27 8:20:01,corridor
2025/7/27 8:20:04,middle
2025/7/27 8:20:26,mid-sep
2025/7/27 8:21:21,middle
2025/7/27 8:21:29,mid-sep
2025/7/27 8:22:29,middle
2025/7/27 8:29:05,corridor
2025/7/27 8:29:18,middle
2025/7/27 8:29:40,mid-sep
2025/7/27 8:29:51,middle
2025/7/27 8:30:09,corridor
2025/7/27 8:30:13,side
2025/7/27 8:30:37,corridor
2025/7/27 8:30:37,middle
2025/7/27 8:30:41,corridor
2025/7/27 8:30:42,side
2025/7/27 8:36:51,corridor
2025/7/27 8:36:51,middle
2025/7/27 8:36:52,mid-sep
2025/7/27 8:37:33,middle
2025/7/27 8:39:38,mid-sep
2025/7/27 8:41:57,middle
2025/7/27 8:41:59,corridor
2025/7/27 8:41:59,side
2025/7/27 8:43:12,corridor
2025/7/27 8:43:12,middle
2025/7/27 8:43:13,mid-sep
2025/7/27 8:43:15,middle
2025/7/27 8:43:25,mid-sep
2025/7/27 8:44:22,middle
2025/7/27 8:44:26,corridor
2025/7/27 8:44:27,side
2025/7/27 8:56:03,corridor
2025/7/27 8:56:04,middle
2025/7/27 8:56:06,mid-sep
2025/7/27 8:56:35,middle
2025/7/27 8:56:36,corridor
2025/7/27 8:56:38,side
2025/7/27 9:10:57,corridor
2025/7/27 9:10:57,middle
2025/7/27 9:10:58,mid-sep
2025/7/27 9:11:03,middle
2025/7/27 9:11:09,corridor
2025/7/27 9:11:09,side
2025/7/27 9:15:06,corridor
2025/7/27 9:15:06,middle
2025/7/27 9:15:07,mid-sep
2025/7/27 9:15:19,middle
2025/7/27 9:15:27,mid-sep
2025/7/27 9:16:41,middle
2025/7/27 9:16:56,corridor
2025/7/27 9:16:57,side
2025/7/27 9:20:42,corridor
2025/7/27 9:20:43,middle
2025/7/27 9:20:43,mid-sep
2025/7/27 9:20:47,middle
2025/7/27 9:20:55,corridor
2025/7/27 9:20:56,side
2025/7/27 12:19:50,corridor
2025/7/27 12:19:51,middle
2025/7/27 12:19:52,mid-sep
2025/7/27 12:19:53,middle
2025/7/27 12:19:59,corridor
2025/7/27 12:20:08,middle
2025/7/27 12:20:09,mid-sep
2025/7/27 12:20:14,middle
2025/7/27 12:20:15,corridor
2025/7/27 12:20:16,side
2025/7/27 12:26:51,corridor
2025/7/27 12:26:52,middle
2025/7/27 12:26:52,mid-sep
2025/7/27 12:26:56,middle
2025/7/27 12:26:57,corridor
2025/7/27 12:26:59,side
2025/7/27 16:17:46,corridor
2025/7/27 16:17:48,middle
2025/7/27 16:17:50,mid-sep
2025/7/27 16:18:20,middle
2025/7/27 16:18:25,corridor
2025/7/27 16:18:28,side
2025/7/27 17:18:37,corridor
2025/7/27 17:18:39,middle
2025/7/27 17:18:41,mid-sep
2025/7/27 17:18:43,middle
2025/7/27 17:19:30,corridor
2025/7/27 17:19:36,side
2025/7/27 17:20:06,corridor
2025/7/27 17:20:07,middle
2025/7/27 17:20:07,mid-sep
2025/7/27 17:22:07,middle
2025/7/27 17:22:57,mid-sep
2025/7/27 17:23:00,middle
2025/7/27 17:46:38,corridor
2025/7/27 17:46:40,side
2025/7/27 18:13:15,corridor
2025/7/27 18:13:15,middle
2025/7/27 18:13:42,mid-sep
2025/7/27 18:13:45,middle
2025/7/27 18:13:49,mid-sep
2025/7/27 18:13:52,middle
2025/7/27 18:21:15,mid-sep
2025/7/27 18:21:39,middle
2025/7/27 18:22:07,corridor
2025/7/27 18:22:27,middle
2025/7/27 18:50:56,corridor
2025/7/27 18:51:25,side
2025/7/27 18:51:56,corridor
2025/7/27 18:51:57,middle
2025/7/27 18:51:59,corridor
2025/7/27 18:52:02,side
2025/7/27 18:54:32,corridor
2025/7/27 18:54:33,middle
2025/7/27 18:54:34,mid-sep
2025/7/27 18:54:47,middle
2025/7/27 18:54:49,corridor
2025/7/27 18:54:50,side
2025/7/27 18:56:19,corridor
2025/7/27 18:56:19,middle
2025/7/27 18:56:20,mid-sep
2025/7/27 18:56:27,middle
2025/7/27 18:56:28,corridor
2025/7/27 18:56:33,side
2025/7/27 18:57:04,corridor
2025/7/27 18:57:04,middle
2025/7/27 18:57:09,mid-sep
2025/7/27 18:57:10,middle
2025/7/27 18:57:10,corridor
2025/7/27 18:57:11,side
2025/7/27 19:00:14,corridor
2025/7/27 19:00:15,middle
2025/7/27 19:00:15,mid-sep
2025/7/27 19:00:22,middle
2025/7/27 19:00:24,corridor
2025/7/27 19:00:25,side
2025/7/27 19:00:32,corridor
2025/7/27 19:00:32,middle
2025/7/27 19:00:32,mid-sep
2025/7/27 19:00:37,middle
2025/7/27 19:00:39,corridor
2025/7/27 19:00:39,side
2025/7/27 19:01:20,corridor
2025/7/27 19:01:20,middle
2025/7/27 19:01:21,corridor
2025/7/27 19:01:23,side
2025/7/27 19:04:25,corridor
2025/7/27 19:04:26,middle
2025/7/27 19:04:29,mid-sep
2025/7/27 19:04:30,middle
2025/7/27 19:04:31,corridor
2025/7/27 19:04:34,side
2025/7/27 19:04:46,corridor
2025/7/27 19:04:46,middle
2025/7/27 19:05:02,mid-sep
2025/7/27 19:05:04,middle
2025/7/27 19:05:07,corridor
2025/7/27 19:05:11,side
2025/7/27 19:07:14,corridor
2025/7/27 19:07:14,middle
2025/7/27 19:07:27,mid-sep
2025/7/27 19:07:51,middle
2025/7/27 19:08:27,corridor
2025/7/27 19:08:28,side
2025/7/27 19:09:54,corridor
2025/7/27 19:09:54,middle
2025/7/27 19:09:55,mid-sep
2025/7/27 19:10:11,middle
2025/7/27 19:10:12,corridor
2025/7/27 19:10:13,side
2025/7/27 19:10:37,corridor
2025/7/27 19:10:37,middle
2025/7/27 19:10:55,corridor
2025/7/27 19:11:29,middle
2025/7/27 19:16:54,corridor
2025/7/27 19:17:17,middle
2025/7/27 19:17:17,mid-sep
2025/7/27 19:17:23,middle
2025/7/27 19:18:40,mid-sep
2025/7/27 19:18:51,middle
2025/7/27 19:18:54,corridor
2025/7/27 19:19:39,middle
2025/7/27 19:19:48,mid-sep
2025/7/27 19:20:02,middle
2025/7/27 19:20:27,corridor
2025/7/27 19:20:32,middle
2025/7/27 19:21:23,mid-sep
2025/7/27 19:21:27,middle
2025/7/27 19:23:06,corridor
2025/7/27 19:23:13,side
2025/7/27 19:28:51,corridor
2025/7/27 19:28:51,middle
2025/7/27 19:28:51,mid-sep
2025/7/27 19:28:51,middle
2025/7/27 19:28:53,corridor
2025/7/27 19:29:00,middle
2025/7/27 19:29:28,mid-sep
2025/7/27 19:29:33,middle
2025/7/27 19:29:41,mid-sep
2025/7/27 19:29:48,middle
2025/7/27 20:17:04,corridor
2025/7/27 20:18:05,middle
2025/7/27 20:38:11,corridor
2025/7/27 20:38:38,side
2025/7/27 20:40:38,corridor
2025/7/27 20:40:38,middle
2025/7/27 20:40:38,mid-sep
2025/7/27 20:40:39,middle
2025/7/27 20:40:58,corridor
2025/7/27 20:41:03,side
2025/7/27 20:52:01,corridor
2025/7/27 20:52:02,middle
2025/7/27 20:52:07,mid-sep
2025/7/27 20:52:11,middle
2025/7/27 20:52:12,corridor
2025/7/27 20:52:16,side
2025/7/27 20:58:56,corridor
2025/7/27 20:58:57,middle
2025/7/27 20:58:58,mid-sep
2025/7/27 20:59:02,middle
2025/7/27 20:59:03,corridor
2025/7/27 20:59:04,side
2025/7/27 21:03:08,corridor
2025/7/27 21:03:09,middle
2025/7/27 21:03:09,mid-sep
2025/7/27 21:03:17,middle
2025/7/27 21:03:28,corridor
2025/7/27 21:03:38,side
2025/7/27 21:03:41,corridor
2025/7/27 21:03:42,middle
2025/7/27 21:03:42,mid-sep
2025/7/27 21:03:43,middle
2025/7/27 21:03:46,corridor
2025/7/27 21:03:46,side
2025/7/27 21:10:27,corridor
2025/7/27 21:10:28,middle
2025/7/27 21:10:40,mid-sep
2025/7/27 21:11:01,middle
2025/7/27 21:11:04,corridor
2025/7/27 21:11:12,side
2025/7/27 21:16:31,corridor
2025/7/27 21:16:32,middle
2025/7/27 21:16:43,mid-sep
2025/7/27 21:17:08,middle
2025/7/27 21:17:12,corridor
2025/7/27 21:17:18,middle
2025/7/27 21:17:19,mid-sep
2025/7/27 21:17:42,middle
2025/7/27 21:17:54,mid-sep
2025/7/27 21:18:30,middle
2025/7/27 21:18:31,corridor
2025/7/27 21:18:37,middle
2025/7/27 21:18:40,mid-sep
2025/7/27 21:19:22,middle
2025/7/27 21:19:28,mid-sep
2025/7/27 21:19:33,middle
2025/7/27 21:19:35,corridor
2025/7/27 21:19:39,side
2025/7/27 21:39:44,corridor
2025/7/27 21:39:44,middle
2025/7/27 21:40:00,corridor
2025/7/27 21:40:02,side
2025/7/27 21:50:40,corridor
2025/7/27 21:50:40,middle
2025/7/27 21:50:41,mid-sep
2025/7/27 21:50:48,middle
2025/7/27 21:51:01,corridor
2025/7/27 21:51:13,middle
2025/7/27 21:51:15,mid-sep
2025/7/27 21:51:28,middle
2025/7/27 21:51:35,corridor
2025/7/27 21:51:37,side
2025/7/27 22:00:13,corridor
2025/7/27 22:00:13,middle
2025/7/27 22:00:14,mid-sep
2025/7/27 22:00:20,middle
2025/7/27 22:00:23,corridor
2025/7/27 22:00:23,side
2025/7/27 22:07:23,corridor
2025/7/27 22:07:24,middle
2025/7/27 22:07:24,mid-sep
2025/7/27 22:08:32,middle
2025/7/27 22:08:35,corridor
2025/7/27 22:08:37,side
2025/7/27 22:08:40,corridor
2025/7/27 22:08:41,middle
2025/7/27 22:08:42,mid-sep
2025/7/27 22:09:19,middle
2025/7/27 22:09:24,mid-sep
2025/7/27 22:09:59,middle
2025/7/27 22:10:03,corridor
2025/7/27 22:10:06,side
2025/7/27 22:16:15,corridor
2025/7/27 22:16:16,middle
2025/7/27 22:16:23,mid-sep
2025/7/27 22:16:52,middle
2025/7/27 22:17:01,corridor
2025/7/27 22:17:04,side
2025/7/27 22:17:12,corridor
2025/7/27 22:17:12,middle
2025/7/27 22:17:13,mid-sep
2025/7/27 22:19:24,middle
2025/7/27 22:19:27,corridor
2025/7/27 22:19:35,side
2025/7/27 22:21:42,corridor
2025/7/27 22:21:43,middle
2025/7/27 22:21:45,mid-sep
2025/7/27 22:22:47,middle
2025/7/27 22:23:18,mid-sep
2025/7/27 22:24:06,middle
2025/7/27 22:24:14,corridor
2025/7/27 22:24:21,side
2025/7/27 22:27:00,corridor
2025/7/27 22:27:00,middle
2025/7/27 22:27:01,mid-sep
2025/7/27 22:27:25,middle
2025/7/27 22:27:34,mid-sep
2025/7/27 22:27:41,middle
2025/7/27 22:30:08,mid-sep
2025/7/27 22:30:53,middle
2025/7/27 22:31:15,mid-sep
2025/7/27 22:33:15,middle
2025/7/27 22:33:28,corridor
2025/7/27 22:33:34,middle
2025/7/27 22:33:34,mid-sep
2025/7/27 22:34:21,middle
2025/7/27 22:35:37,mid-sep
2025/7/27 22:36:16,middle
2025/7/27 22:36:36,mid-sep
2025/7/27 22:38:11,middle
2025/7/27 22:38:44,corridor
2025/7/27 22:38:47,side
2025/7/27 22:52:37,corridor
2025/7/27 22:52:38,middle
2025/7/27 22:52:52,mid-sep
2025/7/27 22:52:59,middle
2025/7/27 22:53:03,corridor
2025/7/27 22:53:06,side
2025/7/27 22:53:10,corridor
2025/7/27 22:53:11,middle
2025/7/27 22:53:12,mid-sep
2025/7/27 22:53:14,middle
2025/7/27 22:53:17,corridor
2025/7/27 22:53:18,side
2025/7/27 22:56:29,corridor
2025/7/27 22:56:29,middle
2025/7/27 22:56:29,corridor
2025/7/27 22:56:30,side
2025/7/27 23:07:37,corridor
2025/7/27 23:07:37,middle
2025/7/27 23:07:38,mid-sep
2025/7/27 23:08:29,middle
2025/7/27 23:08:31,corridor
2025/7/27 23:08:35,side
2025/7/27 23:13:47,corridor
2025/7/27 23:13:47,middle
2025/7/27 23:13:56,mid-sep
2025/7/27 23:14:43,middle
2025/7/27 23:14:58,corridor
2025/7/27 23:15:00,side
2025/7/27 23:21:34,corridor
2025/7/27 23:21:35,middle
2025/7/27 23:21:35,mid-sep
2025/7/27 23:21:37,middle
2025/7/27 23:21:41,corridor
2025/7/27 23:21:41,side
2025/7/27 23:21:57,corridor
2025/7/27 23:21:58,middle
2025/7/27 23:22:00,mid-sep
2025/7/27 23:23:02,middle
2025/7/27 23:23:07,mid-sep
2025/7/27 23:23:22,middle
2025/7/27 23:23:35,mid-sep
2025/7/27 23:23:51,middle
2025/7/27 23:24:02,mid-sep
2025/7/27 23:25:12,middle
2025/7/27 23:25:16,corridor
2025/7/27 23:25:17,side
2025/7/27 23:25:41,corridor
2025/7/27 23:25:41,middle
2025/7/27 23:25:42,mid-sep
2025/7/27 23:25:43,middle
2025/7/27 23:25:44,corridor
2025/7/27 23:25:45,side
2025/7/27 23:27:46,corridor
2025/7/27 23:27:46,middle
2025/7/27 23:27:48,mid-sep
2025/7/27 23:27:51,middle
2025/7/27 23:27:53,corridor
2025/7/27 23:27:54,side
2025/7/27 23:42:30,corridor
2025/7/27 23:42:30,middle
2025/7/27 23:42:33,mid-sep
2025/7/27 23:42:37,middle
2025/7/27 23:43:09,corridor
2025/7/27 23:43:11,side
2025/7/27 23:46:50,corridor
2025/7/27 23:46:50,middle
2025/7/27 23:46:51,mid-sep
2025/7/27 23:46:54,middle
2025/7/27 23:46:55,corridor
2025/7/27 23:46:57,side
2025/7/27 23:51:13,corridor
2025/7/27 23:51:13,middle
2025/7/27 23:51:14,mid-sep
2025/7/27 23:51:19,middle
2025/7/27 23:51:26,mid-sep
2025/7/27 23:53:16,middle
2025/7/27 23:53:22,corridor
2025/7/27 23:53:25,side
2025/7/28 0:07:22,corridor
2025/7/28 0:07:23,middle
2025/7/28 0:07:23,mid-sep
2025/7/28 0:07:26,middle
2025/7/28 0:07:28,corridor
2025/7/28 0:07:30,side
2025/7/28 1:34:02,corridor
2025/7/28 1:34:04,middle
2025/7/28 1:34:05,mid-sep
2025/7/28 1:34:22,middle
2025/7/28 1:36:41,corridor
2025/7/28 1:36:49,side
2025/7/28 1:41:12,corridor
2025/7/28 1:41:12,middle
2025/7/28 1:41:12,mid-sep
2025/7/28 1:41:25,middle
2025/7/28 1:41:26,corridor
2025/7/28 1:41:28,side
2025/7/28 1:49:02,corridor
2025/7/28 1:49:02,middle
2025/7/28 1:49:05,mid-sep
2025/7/28 1:49:05,middle
2025/7/28 1:49:06,corridor
2025/7/28 1:49:06,side
2025/7/28 1:52:09,corridor
2025/7/28 1:52:09,middle
2025/7/28 1:52:09,mid-sep
2025/7/28 1:52:20,middle
2025/7/28 1:52:22,corridor
2025/7/28 1:52:24,middle
2025/7/28 1:52:25,mid-sep
2025/7/28 1:53:55,middle
2025/7/28 1:53:56,corridor
2025/7/28 1:53:57,side
2025/7/28 1:54:11,corridor
2025/7/28 1:54:11,middle
2025/7/28 1:54:12,mid-sep
2025/7/28 1:54:19,middle
2025/7/28 1:54:24,corridor
2025/7/28 1:54:26,side
2025/7/28 3:20:43,corridor
2025/7/28 3:20:44,middle
2025/7/28 3:20:44,mid-sep
2025/7/28 3:20:58,middle
2025/7/28 3:21:10,corridor
2025/7/28 3:21:12,side
2025/7/28 3:50:55,corridor
2025/7/28 3:50:56,middle
2025/7/28 3:50:58,mid-sep
2025/7/28 3:51:36,middle
2025/7/28 3:56:27,corridor
2025/7/28 3:56:43,side
2025/7/28 3:59:11,corridor
2025/7/28 3:59:11,middle
2025/7/28 3:59:13,mid-sep
2025/7/28 3:59:27,middle
2025/7/28 4:23:59,corridor
2025/7/28 4:24:01,side
2025/7/28 4:24:28,corridor
2025/7/28 4:24:29,middle
2025/7/28 4:24:29,mid-sep
2025/7/28 4:24:29,middle
2025/7/28 4:24:32,corridor
2025/7/28 4:24:36,middle
2025/7/28 4:44:18,corridor
2025/7/28 4:44:23,side
2025/7/28 4:47:43,corridor
2025/7/28 4:47:45,middle
2025/7/28 4:47:46,mid-sep
2025/7/28 4:47:47,middle
2025/7/28 5:08:13,corridor
2025/7/28 5:08:16,side
2025/7/28 5:08:21,corridor
2025/7/28 5:08:21,middle
2025/7/28 5:08:23,corridor
2025/7/28 5:08:24,side
2025/7/28 5:12:46,corridor
2025/7/28 5:12:47,middle
2025/7/28 5:12:48,mid-sep
2025/7/28 5:12:49,middle
2025/7/28 5:16:54,mid-sep
2025/7/28 5:16:57,middle
2025/7/28 5:17:05,corridor
2025/7/28 5:17:06,side
2025/7/28 5:19:30,corridor
2025/7/28 5:19:31,middle
2025/7/28 5:19:32,mid-sep
2025/7/28 5:19:37,middle
2025/7/28 5:19:41,corridor
2025/7/28 5:19:45,side
2025/7/28 5:23:31,corridor
2025/7/28 5:23:32,middle
2025/7/28 5:23:33,mid-sep
2025/7/28 5:23:38,middle
2025/7/28 5:23:43,mid-sep
2025/7/28 5:23:47,middle
2025/7/28 5:25:09,mid-sep
2025/7/28 5:26:40,middle
2025/7/28 5:26:47,corridor
2025/7/28 5:26:49,side
2025/7/28 5:41:27,corridor
2025/7/28 5:41:27,middle
2025/7/28 5:41:29,corridor
2025/7/28 5:41:30,side
2025/7/28 5:41:57,corridor
2025/7/28 5:41:57,middle
2025/7/28 5:41:58,mid-sep
2025/7/28 5:42:21,middle
2025/7/28 5:42:29,corridor
2025/7/28 5:42:33,side
2025/7/28 5:42:58,corridor
2025/7/28 5:42:58,middle
2025/7/28 5:43:00,mid-sep
2025/7/28 5:43:01,middle
2025/7/28 5:43:07,corridor
2025/7/28 5:43:11,side
2025/7/28 5:44:36,corridor
2025/7/28 5:44:37,middle
2025/7/28 5:44:37,corridor
2025/7/28 5:44:38,side
2025/7/28 5:53:18,corridor
2025/7/28 5:53:18,middle
2025/7/28 5:53:19,mid-sep
2025/7/28 5:53:25,middle
2025/7/28 5:54:00,corridor
2025/7/28 5:54:04,side
2025/7/28 5:54:16,corridor
2025/7/28 5:54:16,middle
2025/7/28 5:54:17,mid-sep
2025/7/28 5:57:28,middle
2025/7/28 5:57:30,corridor
2025/7/28 5:57:30,side
2025/7/28 6:01:23,corridor
2025/7/28 6:01:25,middle
2025/7/28 6:01:26,mid-sep
2025/7/28 6:02:05,middle
2025/7/28 6:02:15,corridor
2025/7/28 6:02:19,side
2025/7/28 6:44:37,corridor
2025/7/28 6:44:37,middle
2025/7/28 6:44:39,mid-sep
2025/7/28 6:44:48,middle
2025/7/28 6:44:49,corridor
2025/7/28 6:44:49,side
2025/7/28 7:07:18,corridor
2025/7/28 7:07:19,middle
2025/7/28 7:07:20,mid-sep
2025/7/28 7:07:26,middle
2025/7/28 7:07:35,corridor
2025/7/28 7:07:36,middle
2025/7/28 7:07:37,mid-sep
2025/7/28 7:11:12,middle
2025/7/28 7:12:47,mid-sep
2025/7/28 7:12:54,middle
2025/7/28 7:12:59,mid-sep
2025/7/28 7:13:12,middle
2025/7/28 7:13:14,corridor
2025/7/28 7:13:15,side
2025/7/28 7:17:21,corridor
2025/7/28 7:17:21,middle
2025/7/28 7:17:21,mid-sep
2025/7/28 7:17:23,middle
2025/7/28 7:18:08,corridor
2025/7/28 7:18:10,side
2025/7/28 7:18:25,middle
2025/7/28 7:18:26,mid-sep
2025/7/28 7:19:32,middle
2025/7/28 7:20:12,corridor
2025/7/28 7:20:15,side
2025/7/28 7:20:20,corridor
2025/7/28 7:20:21,middle
2025/7/28 7:20:21,mid-sep
2025/7/28 7:22:39,middle
2025/7/28 7:23:57,mid-sep
2025/7/28 7:25:32,middle
2025/7/28 7:25:35,corridor
2025/7/28 7:25:36,side
2025/7/28 7:37:28,corridor
2025/7/28 7:37:28,middle
2025/7/28 7:37:29,mid-sep
2025/7/28 7:38:32,middle
2025/7/28 7:38:33,corridor
2025/7/28 7:38:34,side
2025/7/28 7:44:32,corridor
2025/7/28 7:44:32,middle
2025/7/28 7:44:32,mid-sep
2025/7/28 7:44:33,middle
2025/7/28 7:48:49,mid-sep
2025/7/28 7:49:00,middle
2025/7/28 7:49:27,corridor
2025/7/28 7:49:28,middle
2025/7/28 7:49:31,mid-sep
2025/7/28 7:49:33,middle
2025/7/28 7:49:58,mid-sep
2025/7/28 7:50:39,middle
2025/7/28 7:50:46,mid-sep
2025/7/28 7:53:26,middle
2025/7/28 7:53:50,mid-sep
2025/7/28 7:53:59,middle
2025/7/28 7:58:14,mid-sep
2025/7/28 7:58:30,middle
2025/7/28 7:59:47,mid-sep
2025/7/28 7:59:53,middle
2025/7/28 7:59:58,corridor
2025/7/28 8:00:10,side
2025/7/28 8:11:48,corridor
2025/7/28 8:11:48,middle
2025/7/28 8:11:49,mid-sep
2025/7/28 8:11:57,middle
2025/7/28 8:12:00,corridor
2025/7/28 8:12:00,side
2025/7/28 9:35:34,corridor
2025/7/28 9:35:35,middle
2025/7/28 9:35:36,mid-sep
2025/7/28 9:35:39,middle
2025/7/28 9:35:47,corridor
2025/7/28 9:35:50,side
2025/7/28 14:06:08,corridor
2025/7/28 14:06:10,middle
2025/7/28 14:06:10,mid-sep
2025/7/28 14:06:13,middle
2025/7/28 14:06:15,corridor
2025/7/28 14:06:20,side
2025/7/28 15:11:30,side
