DateTime,LeftMouseLocation
2025/8/14 17:06:39,side
2025/8/14 17:08:07,corridor
2025/8/14 17:08:08,middle
2025/8/14 17:08:10,mid-sep
2025/8/14 17:08:28,middle
2025/8/14 17:08:29,corridor
2025/8/14 17:08:29,side
2025/8/14 17:08:56,corridor
2025/8/14 17:08:57,middle
2025/8/14 17:09:00,mid-sep
2025/8/14 17:09:09,middle
2025/8/14 17:09:10,corridor
2025/8/14 17:09:10,side
2025/8/14 17:09:37,corridor
2025/8/14 17:09:37,middle
2025/8/14 17:09:42,mid-sep
2025/8/14 17:09:49,middle
2025/8/14 17:09:50,corridor
2025/8/14 17:09:50,side
2025/8/14 17:10:49,corridor
2025/8/14 17:10:49,middle
2025/8/14 17:10:50,mid-sep
2025/8/14 17:10:51,middle
2025/8/14 17:10:52,corridor
2025/8/14 17:10:52,side
2025/8/14 17:11:32,corridor
2025/8/14 17:11:33,middle
2025/8/14 17:11:34,mid-sep
2025/8/14 17:11:36,middle
2025/8/14 17:11:37,corridor
2025/8/14 17:11:37,side
2025/8/14 17:12:45,corridor
2025/8/14 17:12:46,middle
2025/8/14 17:12:47,mid-sep
2025/8/14 17:13:00,middle
2025/8/14 17:13:02,corridor
2025/8/14 17:13:02,side
2025/8/14 17:13:42,corridor
2025/8/14 17:13:42,middle
2025/8/14 17:13:43,mid-sep
2025/8/14 17:13:50,middle
2025/8/14 17:13:51,corridor
2025/8/14 17:13:51,side
2025/8/14 17:15:29,corridor
2025/8/14 17:15:29,middle
2025/8/14 17:15:30,mid-sep
2025/8/14 17:15:42,middle
2025/8/14 17:15:50,mid-sep
2025/8/14 17:15:59,middle
2025/8/14 17:16:01,corridor
2025/8/14 17:16:02,side
2025/8/14 17:16:56,corridor
2025/8/14 17:16:56,middle
2025/8/14 17:16:57,mid-sep
2025/8/14 17:17:16,middle
2025/8/14 17:17:18,corridor
2025/8/14 17:17:18,side
2025/8/14 17:17:29,corridor
2025/8/14 17:17:31,middle
2025/8/14 17:17:32,mid-sep
2025/8/14 17:17:33,middle
2025/8/14 17:17:34,corridor
2025/8/14 17:17:34,side
2025/8/14 17:18:23,corridor
2025/8/14 17:18:23,middle
2025/8/14 17:18:25,mid-sep
2025/8/14 17:19:01,middle
2025/8/14 17:19:11,corridor
2025/8/14 17:19:12,side
2025/8/14 17:20:50,corridor
2025/8/14 17:20:51,middle
2025/8/14 17:20:51,mid-sep
2025/8/14 17:20:53,middle
2025/8/14 17:21:19,mid-sep
2025/8/14 17:21:25,middle
2025/8/14 17:21:26,corridor
2025/8/14 17:21:26,side
2025/8/14 17:23:40,corridor
2025/8/14 17:23:40,middle
2025/8/14 17:23:51,mid-sep
2025/8/14 17:23:53,middle
2025/8/14 17:23:55,corridor
2025/8/14 17:23:55,side
2025/8/14 17:35:06,corridor
2025/8/14 17:35:07,middle
2025/8/14 17:35:08,mid-sep
2025/8/14 17:35:10,middle
2025/8/14 17:35:15,corridor
2025/8/14 17:35:15,side
2025/8/14 17:35:35,corridor
2025/8/14 17:35:37,middle
2025/8/14 17:35:38,mid-sep
2025/8/14 17:35:52,middle
2025/8/14 17:36:00,corridor
2025/8/14 17:36:01,side
2025/8/14 17:37:51,corridor
2025/8/14 17:37:52,middle
2025/8/14 17:37:53,mid-sep
2025/8/14 17:38:38,middle
2025/8/14 17:38:41,corridor
2025/8/14 17:38:41,side
2025/8/14 17:39:24,corridor
2025/8/14 17:39:24,middle
2025/8/14 17:39:26,mid-sep
2025/8/14 17:40:02,middle
2025/8/14 17:40:03,corridor
2025/8/14 17:40:04,side
2025/8/14 17:40:09,corridor
2025/8/14 17:40:09,middle
2025/8/14 17:40:11,mid-sep
2025/8/14 17:40:19,middle
2025/8/14 17:40:21,corridor
2025/8/14 17:40:21,side
2025/8/14 17:40:45,corridor
2025/8/14 17:40:46,middle
2025/8/14 17:40:49,mid-sep
2025/8/14 17:41:10,middle
2025/8/14 17:41:12,corridor
2025/8/14 17:41:13,side
2025/8/14 17:42:05,corridor
2025/8/14 17:42:06,middle
2025/8/14 17:42:07,mid-sep
2025/8/14 17:42:26,middle
2025/8/14 17:42:27,corridor
2025/8/14 17:42:27,side
2025/8/14 17:42:52,corridor
2025/8/14 17:42:53,middle
2025/8/14 17:42:53,mid-sep
2025/8/14 17:42:59,middle
2025/8/14 17:43:00,corridor
2025/8/14 17:43:00,side
2025/8/14 17:43:35,corridor
2025/8/14 17:43:35,middle
2025/8/14 17:43:37,mid-sep
2025/8/14 17:44:09,middle
2025/8/14 17:44:11,corridor
2025/8/14 17:44:12,side
2025/8/14 17:44:51,corridor
2025/8/14 17:44:52,middle
2025/8/14 17:45:01,mid-sep
2025/8/14 17:45:08,middle
2025/8/14 17:45:13,corridor
2025/8/14 17:45:13,side
2025/8/14 17:45:21,corridor
2025/8/14 17:45:21,middle
2025/8/14 17:45:22,mid-sep
2025/8/14 17:45:28,middle
2025/8/14 17:45:41,mid-sep
2025/8/14 17:45:44,middle
2025/8/14 17:45:48,corridor
2025/8/14 17:45:49,side
2025/8/14 17:47:07,corridor
2025/8/14 17:47:08,middle
2025/8/14 17:47:10,mid-sep
2025/8/14 17:47:13,middle
2025/8/14 17:47:14,corridor
2025/8/14 17:47:14,side
2025/8/14 17:47:38,corridor
2025/8/14 17:47:38,middle
2025/8/14 17:47:39,mid-sep
2025/8/14 17:47:51,middle
2025/8/14 17:47:53,corridor
2025/8/14 17:47:53,side
2025/8/14 17:49:38,corridor
2025/8/14 17:49:39,middle
2025/8/14 17:49:40,mid-sep
2025/8/14 17:49:46,middle
2025/8/14 17:49:49,corridor
2025/8/14 17:49:49,side
2025/8/14 17:50:38,corridor
2025/8/14 17:50:39,middle
2025/8/14 17:50:40,mid-sep
2025/8/14 17:50:48,middle
2025/8/14 17:50:51,corridor
2025/8/14 17:50:52,side
2025/8/14 18:03:43,corridor
2025/8/14 18:03:43,middle
2025/8/14 18:03:44,mid-sep
2025/8/14 18:04:37,middle
2025/8/14 18:05:28,mid-sep
2025/8/14 18:05:38,middle
2025/8/14 18:05:39,corridor
2025/8/14 18:05:40,side
2025/8/14 18:06:09,corridor
2025/8/14 18:06:10,middle
2025/8/14 18:06:12,mid-sep
2025/8/14 18:06:19,middle
2025/8/14 18:06:20,corridor
2025/8/14 18:06:20,side
2025/8/14 18:06:30,corridor
2025/8/14 18:06:31,middle
2025/8/14 18:06:31,mid-sep
2025/8/14 18:06:44,middle
2025/8/14 18:06:45,corridor
2025/8/14 18:06:45,side
2025/8/14 18:07:24,corridor
2025/8/14 18:07:25,middle
2025/8/14 18:07:27,mid-sep
2025/8/14 18:07:33,middle
2025/8/14 18:07:36,corridor
2025/8/14 18:07:36,side
2025/8/14 18:07:39,corridor
2025/8/14 18:07:40,middle
2025/8/14 18:07:41,mid-sep
2025/8/14 18:08:34,middle
2025/8/14 18:08:37,corridor
2025/8/14 18:08:38,side
2025/8/14 18:09:14,corridor
2025/8/14 18:09:15,middle
2025/8/14 18:09:16,mid-sep
2025/8/14 18:09:32,middle
2025/8/14 18:09:36,corridor
2025/8/14 18:09:37,side
2025/8/14 18:09:55,corridor
2025/8/14 18:09:55,middle
2025/8/14 18:09:57,mid-sep
2025/8/14 18:10:00,middle
2025/8/14 18:10:02,corridor
2025/8/14 18:10:02,side
2025/8/14 18:10:45,corridor
2025/8/14 18:10:46,middle
2025/8/14 18:10:48,mid-sep
2025/8/14 18:11:07,middle
2025/8/14 18:11:12,mid-sep
2025/8/14 18:11:14,middle
2025/8/14 18:11:24,mid-sep
2025/8/14 18:11:26,middle
2025/8/14 18:11:27,corridor
2025/8/14 18:11:27,side
2025/8/14 18:12:25,corridor
2025/8/14 18:12:25,middle
2025/8/14 18:12:33,mid-sep
2025/8/14 18:12:40,middle
2025/8/14 18:12:41,corridor
2025/8/14 18:12:42,side
2025/8/14 18:21:26,corridor
2025/8/14 18:21:26,middle
2025/8/14 18:21:29,mid-sep
2025/8/14 18:21:30,middle
2025/8/14 18:21:33,corridor
2025/8/14 18:21:34,side
2025/8/14 18:21:57,corridor
2025/8/14 18:21:59,middle
2025/8/14 18:22:00,mid-sep
2025/8/14 18:22:14,middle
2025/8/14 18:22:19,corridor
2025/8/14 18:22:20,side
2025/8/14 18:23:00,corridor
2025/8/14 18:23:00,middle
2025/8/14 18:23:01,mid-sep
2025/8/14 18:23:02,middle
2025/8/14 18:23:04,corridor
2025/8/14 18:23:05,side
2025/8/14 18:23:38,corridor
2025/8/14 18:23:39,middle
2025/8/14 18:23:40,mid-sep
2025/8/14 18:24:16,middle
2025/8/14 18:24:17,corridor
2025/8/14 18:24:18,side
2025/8/14 18:24:22,corridor
2025/8/14 18:24:22,middle
2025/8/14 18:24:23,mid-sep
2025/8/14 18:24:34,middle
2025/8/14 18:24:37,corridor
2025/8/14 18:24:37,side
2025/8/14 18:25:03,corridor
2025/8/14 18:25:03,middle
2025/8/14 18:25:04,mid-sep
2025/8/14 18:25:04,middle
2025/8/14 18:25:05,corridor
2025/8/14 18:25:06,side
2025/8/14 18:26:45,corridor
2025/8/14 18:26:45,middle
2025/8/14 18:26:45,mid-sep
2025/8/14 18:26:45,middle
2025/8/14 18:26:46,corridor
2025/8/14 18:26:48,side
2025/8/14 18:27:02,corridor
2025/8/14 18:27:03,middle
2025/8/14 18:27:05,mid-sep
2025/8/14 18:27:33,middle
2025/8/14 18:27:34,corridor
2025/8/14 18:27:35,side
2025/8/14 18:29:05,corridor
2025/8/14 18:29:05,middle
2025/8/14 18:29:23,mid-sep
2025/8/14 18:30:04,middle
2025/8/14 18:30:05,corridor
2025/8/14 18:30:06,side
2025/8/14 18:30:39,corridor
2025/8/14 18:30:39,middle
2025/8/14 18:30:51,mid-sep
2025/8/14 18:31:04,middle
2025/8/14 18:31:05,corridor
2025/8/14 18:31:06,side
2025/8/14 18:32:36,corridor
2025/8/14 18:32:36,middle
2025/8/14 18:33:00,mid-sep
2025/8/14 18:33:11,middle
2025/8/14 18:33:13,corridor
2025/8/14 18:33:14,side
2025/8/14 18:34:32,corridor
2025/8/14 18:34:32,middle
2025/8/14 18:35:00,mid-sep
2025/8/14 18:35:14,middle
2025/8/14 18:35:15,corridor
2025/8/14 18:35:16,side
2025/8/14 18:36:17,corridor
2025/8/14 18:36:19,middle
2025/8/14 18:36:21,mid-sep
2025/8/14 18:37:05,middle
2025/8/14 18:37:07,corridor
2025/8/14 18:37:08,side
2025/8/14 18:42:44,corridor
2025/8/14 18:42:44,middle
2025/8/14 18:42:46,mid-sep
2025/8/14 18:43:04,middle
2025/8/14 18:43:11,corridor
2025/8/14 18:43:11,side
2025/8/14 18:43:44,corridor
2025/8/14 18:43:55,middle
2025/8/14 18:43:59,mid-sep
2025/8/14 18:44:53,middle
2025/8/14 18:44:54,corridor
2025/8/14 18:44:54,side
2025/8/14 18:45:37,corridor
2025/8/14 18:45:38,middle
2025/8/14 18:45:39,mid-sep
2025/8/14 18:45:41,middle
2025/8/14 18:45:42,corridor
2025/8/14 18:45:43,side
2025/8/14 18:46:18,corridor
2025/8/14 18:46:19,middle
2025/8/14 18:46:19,mid-sep
2025/8/14 18:46:30,middle
2025/8/14 18:46:32,corridor
2025/8/14 18:46:32,side
2025/8/14 18:50:58,corridor
2025/8/14 18:50:59,middle
2025/8/14 18:51:05,mid-sep
2025/8/14 18:51:07,middle
2025/8/14 18:51:08,corridor
2025/8/14 18:51:09,side
2025/8/14 18:51:17,corridor
2025/8/14 18:51:18,middle
2025/8/14 18:51:19,mid-sep
2025/8/14 18:51:22,middle
2025/8/14 18:51:23,corridor
2025/8/14 18:51:24,side
2025/8/14 18:51:29,corridor
2025/8/14 18:51:29,middle
2025/8/14 18:51:32,mid-sep
2025/8/14 18:51:48,middle
2025/8/14 18:51:49,corridor
2025/8/14 18:51:50,side
2025/8/14 18:54:48,corridor
2025/8/14 18:54:48,middle
2025/8/14 18:54:50,mid-sep
2025/8/14 18:55:19,middle
2025/8/14 18:55:22,corridor
2025/8/14 18:55:22,side
2025/8/14 18:57:37,corridor
2025/8/14 18:57:37,middle
2025/8/14 18:57:40,mid-sep
2025/8/14 18:58:45,middle
2025/8/14 18:58:46,corridor
2025/8/14 18:58:47,side
2025/8/14 19:01:33,corridor
2025/8/14 19:01:33,middle
2025/8/14 19:01:34,mid-sep
2025/8/14 19:01:39,middle
2025/8/14 19:01:41,corridor
2025/8/14 19:01:41,side
2025/8/14 19:04:06,corridor
2025/8/14 19:04:06,middle
2025/8/14 19:04:07,mid-sep
2025/8/14 19:04:12,middle
2025/8/14 19:04:12,corridor
2025/8/14 19:04:13,side
2025/8/14 19:05:52,corridor
2025/8/14 19:05:53,middle
2025/8/14 19:05:54,mid-sep
2025/8/14 19:07:05,middle
2025/8/14 19:07:08,corridor
2025/8/14 19:07:08,side
2025/8/14 19:09:07,corridor
2025/8/14 19:09:11,side
2025/8/14 19:09:48,corridor
2025/8/14 19:09:48,middle
2025/8/14 19:09:49,mid-sep
2025/8/14 19:09:57,middle
2025/8/14 19:09:59,corridor
2025/8/14 19:09:59,side
2025/8/14 19:12:25,corridor
2025/8/14 19:12:25,middle
2025/8/14 19:12:26,mid-sep
2025/8/14 19:12:38,middle
2025/8/14 19:12:39,corridor
2025/8/14 19:12:39,side
2025/8/14 19:13:40,corridor
2025/8/14 19:13:41,middle
2025/8/14 19:13:42,mid-sep
2025/8/14 19:13:47,middle
2025/8/14 19:13:48,corridor
2025/8/14 19:13:49,side
2025/8/14 19:17:09,corridor
2025/8/14 19:17:09,middle
2025/8/14 19:17:12,mid-sep
2025/8/14 19:17:42,middle
2025/8/14 19:17:44,corridor
2025/8/14 19:17:44,side
2025/8/14 19:18:59,corridor
2025/8/14 19:18:59,middle
2025/8/14 19:19:00,mid-sep
2025/8/14 19:19:11,middle
2025/8/14 19:19:33,corridor
2025/8/14 19:19:35,side
2025/8/14 19:23:27,corridor
2025/8/14 19:23:30,middle
2025/8/14 19:23:30,mid-sep
2025/8/14 19:23:38,middle
2025/8/14 19:23:38,corridor
2025/8/14 19:23:39,side
2025/8/14 19:26:31,corridor
2025/8/14 19:26:34,side
2025/8/14 19:28:23,corridor
2025/8/14 19:28:23,middle
2025/8/14 19:28:24,mid-sep
2025/8/14 19:28:36,middle
2025/8/14 19:28:39,corridor
2025/8/14 19:28:39,side
2025/8/14 19:31:49,corridor
2025/8/14 19:31:50,middle
2025/8/14 19:31:52,mid-sep
2025/8/14 19:31:58,middle
2025/8/14 19:32:17,corridor
2025/8/14 19:32:22,side
2025/8/14 19:32:51,corridor
2025/8/14 19:32:51,middle
2025/8/14 19:32:52,mid-sep
2025/8/14 19:32:55,middle
2025/8/14 19:32:56,corridor
2025/8/14 19:32:56,side
2025/8/14 19:33:24,corridor
2025/8/14 19:33:24,middle
2025/8/14 19:33:25,mid-sep
2025/8/14 19:33:26,middle
2025/8/14 19:33:33,corridor
2025/8/14 19:33:33,side
2025/8/14 19:36:55,corridor
2025/8/14 19:36:55,middle
2025/8/14 19:36:56,mid-sep
2025/8/14 19:37:14,middle
2025/8/14 19:37:17,corridor
2025/8/14 19:37:17,side
2025/8/14 19:40:10,corridor
2025/8/14 19:40:11,side
2025/8/14 19:41:31,corridor
2025/8/14 19:41:33,side
2025/8/14 19:42:09,corridor
2025/8/14 19:42:10,middle
2025/8/14 19:42:11,mid-sep
2025/8/14 19:42:23,middle
2025/8/14 19:42:25,corridor
2025/8/14 19:42:25,side
2025/8/14 19:44:28,corridor
2025/8/14 19:44:29,middle
2025/8/14 19:44:29,mid-sep
2025/8/14 19:44:35,middle
2025/8/14 19:44:46,corridor
2025/8/14 19:44:46,side
2025/8/14 19:51:12,corridor
2025/8/14 19:51:13,middle
2025/8/14 19:51:14,mid-sep
2025/8/14 19:51:55,middle
2025/8/14 19:51:56,corridor
2025/8/14 19:51:58,side
2025/8/14 19:53:24,corridor
2025/8/14 19:53:29,side
2025/8/14 19:54:37,corridor
2025/8/14 19:54:37,middle
2025/8/14 19:54:38,mid-sep
2025/8/14 19:55:09,middle
2025/8/14 19:55:10,corridor
2025/8/14 19:55:11,side
2025/8/14 19:57:50,corridor
2025/8/14 19:57:52,middle
2025/8/14 19:57:53,mid-sep
2025/8/14 19:58:01,middle
2025/8/14 19:58:03,corridor
2025/8/14 19:58:03,side
2025/8/14 20:00:54,corridor
2025/8/14 20:00:58,middle
2025/8/14 20:00:58,mid-sep
2025/8/14 20:01:06,middle
2025/8/14 20:01:08,corridor
2025/8/14 20:01:09,side
2025/8/14 20:02:09,corridor
2025/8/14 20:02:09,middle
2025/8/14 20:02:10,mid-sep
2025/8/14 20:02:13,middle
2025/8/14 20:02:14,corridor
2025/8/14 20:02:15,side
2025/8/14 20:05:02,corridor
2025/8/14 20:05:02,middle
2025/8/14 20:05:03,mid-sep
2025/8/14 20:05:29,middle
2025/8/14 20:05:30,corridor
2025/8/14 20:05:31,side
2025/8/14 20:06:53,corridor
2025/8/14 20:06:53,middle
2025/8/14 20:06:54,mid-sep
2025/8/14 20:06:59,middle
2025/8/14 20:06:59,corridor
2025/8/14 20:07:00,side
2025/8/14 20:07:53,corridor
2025/8/14 20:07:54,middle
2025/8/14 20:07:55,mid-sep
2025/8/14 20:08:25,middle
2025/8/14 20:08:28,corridor
2025/8/14 20:08:28,side
2025/8/14 20:09:48,corridor
2025/8/14 20:09:53,middle
2025/8/14 20:09:54,mid-sep
2025/8/14 20:09:59,middle
2025/8/14 20:09:59,corridor
2025/8/14 20:09:59,side
2025/8/14 20:18:36,corridor
2025/8/14 20:18:39,middle
2025/8/14 20:18:40,mid-sep
2025/8/14 20:20:14,middle
2025/8/14 20:20:19,corridor
2025/8/14 20:20:20,side
2025/8/14 20:20:23,corridor
2025/8/14 20:20:29,middle
2025/8/14 20:20:31,mid-sep
2025/8/14 20:20:59,middle
2025/8/14 20:21:01,corridor
2025/8/14 20:21:01,side
2025/8/14 20:21:50,corridor
2025/8/14 20:21:53,middle
2025/8/14 20:21:55,mid-sep
2025/8/14 20:22:03,middle
2025/8/14 20:22:04,corridor
2025/8/14 20:22:05,side
2025/8/14 20:23:48,corridor
2025/8/14 20:23:53,middle
2025/8/14 20:23:54,mid-sep
2025/8/14 20:24:26,middle
2025/8/14 20:24:32,corridor
2025/8/14 20:24:33,side
2025/8/14 20:26:25,corridor
2025/8/14 20:26:29,middle
2025/8/14 20:26:32,mid-sep
2025/8/14 20:26:36,middle
2025/8/14 20:26:39,corridor
2025/8/14 20:26:39,side
2025/8/14 20:28:02,corridor
2025/8/14 20:28:03,middle
2025/8/14 20:28:03,mid-sep
2025/8/14 20:28:08,middle
2025/8/14 20:28:09,corridor
2025/8/14 20:28:09,side
2025/8/14 20:29:39,corridor
2025/8/14 20:29:41,side
2025/8/14 20:30:08,corridor
2025/8/14 20:30:09,middle
2025/8/14 20:30:09,mid-sep
2025/8/14 20:30:57,middle
2025/8/14 20:30:59,corridor
2025/8/14 20:31:00,side
2025/8/14 20:36:17,corridor
2025/8/14 20:36:18,middle
2025/8/14 20:36:19,mid-sep
2025/8/14 20:36:41,middle
2025/8/14 20:36:43,corridor
2025/8/14 20:36:43,side
2025/8/14 20:36:50,corridor
2025/8/14 20:37:10,side
2025/8/14 20:37:30,corridor
2025/8/14 20:37:34,middle
2025/8/14 20:37:35,mid-sep
2025/8/14 20:37:38,middle
2025/8/14 20:37:39,corridor
2025/8/14 20:37:40,side
2025/8/14 20:38:21,corridor
2025/8/14 20:38:26,middle
2025/8/14 20:38:27,mid-sep
2025/8/14 20:38:40,middle
2025/8/14 20:38:44,corridor
2025/8/14 20:38:44,side
2025/8/14 20:39:40,corridor
2025/8/14 20:39:52,middle
2025/8/14 20:39:52,mid-sep
2025/8/14 20:40:15,middle
2025/8/14 20:40:16,corridor
2025/8/14 20:40:17,side
2025/8/14 20:40:46,corridor
2025/8/14 20:40:49,side
2025/8/14 20:43:39,corridor
2025/8/14 20:43:39,middle
2025/8/14 20:43:40,mid-sep
2025/8/14 20:44:20,middle
2025/8/14 20:45:16,mid-sep
2025/8/14 20:45:17,middle
2025/8/14 20:46:21,mid-sep
2025/8/14 20:48:03,middle
2025/8/14 20:48:12,corridor
2025/8/14 20:48:12,side
2025/8/14 20:48:56,corridor
2025/8/14 20:49:06,middle
2025/8/14 20:49:08,mid-sep
2025/8/14 20:49:26,middle
2025/8/14 20:49:28,corridor
2025/8/14 20:49:28,side
2025/8/14 20:50:07,corridor
2025/8/14 20:50:08,middle
2025/8/14 20:50:09,mid-sep
2025/8/14 20:50:38,middle
2025/8/14 20:50:46,corridor
2025/8/14 20:50:47,side
2025/8/14 20:52:23,corridor
2025/8/14 20:52:24,middle
2025/8/14 20:52:24,mid-sep
2025/8/14 20:52:28,middle
2025/8/14 20:52:39,corridor
2025/8/14 20:52:40,side
2025/8/14 20:57:57,corridor
2025/8/14 20:57:59,middle
2025/8/14 20:58:01,mid-sep
2025/8/14 20:58:10,middle
2025/8/14 20:58:32,mid-sep
2025/8/14 20:58:49,middle
2025/8/14 20:58:54,corridor
2025/8/14 20:58:54,side
2025/8/14 20:59:35,corridor
2025/8/14 20:59:38,middle
2025/8/14 20:59:40,mid-sep
2025/8/14 21:00:20,middle
2025/8/14 21:00:21,corridor
2025/8/14 21:00:21,side
2025/8/14 21:14:27,corridor
2025/8/14 21:14:27,middle
2025/8/14 21:14:27,mid-sep
2025/8/14 21:14:29,middle
2025/8/14 21:14:32,corridor
2025/8/14 21:14:33,side
2025/8/14 21:25:34,corridor
2025/8/14 21:25:34,middle
2025/8/14 21:25:34,mid-sep
2025/8/14 21:25:42,middle
2025/8/14 21:25:45,corridor
2025/8/14 21:25:47,side
2025/8/14 21:26:25,corridor
2025/8/14 21:26:26,middle
2025/8/14 21:26:27,mid-sep
2025/8/14 21:27:41,middle
2025/8/14 21:27:46,corridor
2025/8/14 21:27:47,side
2025/8/14 21:28:37,corridor
2025/8/14 21:28:37,middle
2025/8/14 21:28:39,mid-sep
2025/8/14 21:28:46,middle
2025/8/14 21:28:48,corridor
2025/8/14 21:28:49,side
2025/8/14 21:30:08,corridor
2025/8/14 21:30:10,middle
2025/8/14 21:30:11,mid-sep
2025/8/14 21:30:22,middle
2025/8/14 21:30:23,corridor
2025/8/14 21:30:24,side
2025/8/14 21:31:02,corridor
2025/8/14 21:31:03,middle
2025/8/14 21:31:04,mid-sep
2025/8/14 21:31:09,middle
2025/8/14 21:31:09,corridor
2025/8/14 21:31:10,side
2025/8/14 21:31:30,corridor
2025/8/14 21:31:33,middle
2025/8/14 21:31:34,mid-sep
2025/8/14 21:31:37,middle
2025/8/14 21:31:37,corridor
2025/8/14 21:31:39,side
2025/8/14 21:33:32,corridor
2025/8/14 21:33:32,middle
2025/8/14 21:33:34,mid-sep
2025/8/14 21:33:45,middle
2025/8/14 21:33:47,corridor
2025/8/14 21:33:47,side
2025/8/14 21:34:45,corridor
2025/8/14 21:34:51,middle
2025/8/14 21:34:51,mid-sep
2025/8/14 21:35:00,middle
2025/8/14 21:35:01,corridor
2025/8/14 21:35:01,side
2025/8/14 21:35:06,corridor
2025/8/14 21:35:07,middle
2025/8/14 21:35:08,mid-sep
2025/8/14 21:35:15,middle
2025/8/14 21:35:15,corridor
2025/8/14 21:35:15,side
2025/8/14 21:35:45,corridor
2025/8/14 21:35:45,middle
2025/8/14 21:35:46,mid-sep
2025/8/14 21:35:55,middle
2025/8/14 21:36:03,corridor
2025/8/14 21:36:03,side
2025/8/14 21:38:42,corridor
2025/8/14 21:38:45,middle
2025/8/14 21:38:45,mid-sep
2025/8/14 21:38:50,middle
2025/8/14 21:38:50,side
2025/8/14 21:39:02,corridor
2025/8/14 21:39:03,middle
2025/8/14 21:39:03,mid-sep
2025/8/14 21:39:08,middle
2025/8/14 21:39:09,corridor
2025/8/14 21:39:10,side
2025/8/14 21:40:45,corridor
2025/8/14 21:40:47,middle
2025/8/14 21:40:47,mid-sep
2025/8/14 21:40:53,middle
2025/8/14 21:40:54,corridor
2025/8/14 21:40:54,side
2025/8/14 21:42:46,corridor
2025/8/14 21:42:46,middle
2025/8/14 21:42:47,mid-sep
2025/8/14 21:42:50,middle
2025/8/14 21:42:50,corridor
2025/8/14 21:42:50,side
2025/8/14 21:46:04,corridor
2025/8/14 21:46:04,middle
2025/8/14 21:46:05,mid-sep
2025/8/14 21:46:11,middle
2025/8/14 21:46:12,corridor
2025/8/14 21:46:12,side
2025/8/14 21:48:01,corridor
2025/8/14 21:48:01,middle
2025/8/14 21:48:02,mid-sep
2025/8/14 21:48:09,middle
2025/8/14 21:48:11,corridor
2025/8/14 21:48:11,side
2025/8/14 21:48:47,corridor
2025/8/14 21:48:49,middle
2025/8/14 21:48:50,mid-sep
2025/8/14 21:48:55,middle
2025/8/14 21:49:00,mid-sep
2025/8/14 21:49:09,middle
2025/8/14 21:49:16,corridor
2025/8/14 21:49:16,side
2025/8/14 21:49:40,corridor
2025/8/14 21:49:41,middle
2025/8/14 21:49:42,mid-sep
2025/8/14 21:50:24,middle
2025/8/14 21:50:29,corridor
2025/8/14 21:50:31,side
2025/8/14 21:51:03,corridor
2025/8/14 21:51:05,middle
2025/8/14 21:51:07,mid-sep
2025/8/14 21:51:10,middle
2025/8/14 21:51:19,corridor
2025/8/14 21:51:20,side
2025/8/14 21:51:25,corridor
2025/8/14 21:51:26,middle
2025/8/14 21:51:30,mid-sep
2025/8/14 21:51:31,middle
2025/8/14 21:51:39,mid-sep
2025/8/14 21:51:42,middle
2025/8/14 21:51:44,corridor
2025/8/14 21:51:45,side
2025/8/14 21:53:19,corridor
2025/8/14 21:53:19,middle
2025/8/14 21:53:21,mid-sep
2025/8/14 21:54:13,middle
2025/8/14 21:54:16,corridor
2025/8/14 21:54:16,side
2025/8/14 21:55:59,corridor
2025/8/14 21:55:59,middle
2025/8/14 21:56:00,mid-sep
2025/8/14 21:56:09,middle
2025/8/14 21:56:09,corridor
2025/8/14 21:56:10,side
2025/8/14 21:59:06,corridor
2025/8/14 21:59:08,middle
2025/8/14 21:59:08,mid-sep
2025/8/14 21:59:33,middle
2025/8/14 21:59:47,corridor
2025/8/14 21:59:47,side
2025/8/14 22:01:29,corridor
2025/8/14 22:01:30,middle
2025/8/14 22:01:32,mid-sep
2025/8/14 22:01:52,middle
2025/8/14 22:05:20,mid-sep
2025/8/14 22:05:24,middle
2025/8/14 22:05:36,mid-sep
2025/8/14 22:05:46,middle
2025/8/14 22:05:47,corridor
2025/8/14 22:05:47,side
2025/8/14 22:14:57,corridor
2025/8/14 22:14:57,middle
2025/8/14 22:14:58,corridor
2025/8/14 22:14:59,side
2025/8/14 22:16:04,corridor
2025/8/14 22:16:05,middle
2025/8/14 22:16:07,mid-sep
2025/8/14 22:16:34,middle
2025/8/14 22:17:00,corridor
2025/8/14 22:17:00,side
2025/8/14 22:17:42,corridor
2025/8/14 22:17:43,middle
2025/8/14 22:17:44,mid-sep
2025/8/14 22:17:54,middle
2025/8/14 22:17:55,corridor
2025/8/14 22:17:56,side
2025/8/14 22:19:12,corridor
2025/8/14 22:19:13,middle
2025/8/14 22:19:13,mid-sep
2025/8/14 22:19:13,middle
2025/8/14 22:19:13,corridor
2025/8/14 22:19:14,side
2025/8/14 22:20:47,corridor
2025/8/14 22:20:47,middle
2025/8/14 22:20:49,mid-sep
2025/8/14 22:21:20,middle
2025/8/14 22:21:23,corridor
2025/8/14 22:21:23,side
2025/8/14 22:22:34,corridor
2025/8/14 22:22:37,side
2025/8/14 22:25:59,corridor
2025/8/14 22:25:59,middle
2025/8/14 22:26:00,mid-sep
2025/8/14 22:26:13,middle
2025/8/14 22:26:13,corridor
2025/8/14 22:26:14,side
2025/8/14 22:28:07,corridor
2025/8/14 22:28:07,middle
2025/8/14 22:28:09,mid-sep
2025/8/14 22:28:16,middle
2025/8/14 22:28:17,corridor
2025/8/14 22:28:18,side
2025/8/14 22:30:45,corridor
2025/8/14 22:30:45,middle
2025/8/14 22:30:49,mid-sep
2025/8/14 22:31:08,middle
2025/8/14 22:31:09,corridor
2025/8/14 22:31:09,side
2025/8/14 22:36:10,corridor
2025/8/14 22:36:11,middle
2025/8/14 22:36:13,mid-sep
2025/8/14 22:38:10,middle
2025/8/14 22:38:12,corridor
2025/8/14 22:38:12,side
2025/8/14 22:39:52,corridor
2025/8/14 22:39:52,middle
2025/8/14 22:39:53,mid-sep
2025/8/14 22:39:59,middle
2025/8/14 22:39:59,corridor
2025/8/14 22:40:00,side
2025/8/14 22:41:33,corridor
2025/8/14 22:41:39,middle
2025/8/14 22:41:39,mid-sep
2025/8/14 22:41:44,middle
2025/8/14 22:41:44,corridor
2025/8/14 22:41:45,side
2025/8/14 22:42:47,corridor
2025/8/14 22:42:49,side
2025/8/14 22:46:58,corridor
2025/8/14 22:46:58,middle
2025/8/14 22:47:08,mid-sep
2025/8/14 22:47:32,middle
2025/8/14 22:47:34,corridor
2025/8/14 22:47:34,side
2025/8/14 22:48:16,corridor
2025/8/14 22:48:16,middle
2025/8/14 22:48:20,mid-sep
2025/8/14 22:48:52,middle
2025/8/14 22:48:55,corridor
2025/8/14 22:48:55,side
2025/8/14 22:51:00,corridor
2025/8/14 22:51:00,middle
2025/8/14 22:51:01,mid-sep
2025/8/14 22:51:04,middle
2025/8/14 22:51:05,corridor
2025/8/14 22:51:05,side
2025/8/14 22:53:14,corridor
2025/8/14 22:53:14,middle
2025/8/14 22:53:16,mid-sep
2025/8/14 22:53:41,middle
2025/8/14 22:53:43,corridor
2025/8/14 22:53:44,side
2025/8/14 23:26:10,corridor
2025/8/14 23:26:10,middle
2025/8/14 23:26:11,mid-sep
2025/8/14 23:26:47,middle
2025/8/14 23:26:49,corridor
2025/8/14 23:26:51,side
2025/8/14 23:27:50,corridor
2025/8/14 23:27:50,middle
2025/8/14 23:27:56,corridor
2025/8/14 23:27:57,side
2025/8/15 0:00:16,corridor
2025/8/15 0:00:17,middle
2025/8/15 0:00:19,mid-sep
2025/8/15 0:00:42,middle
2025/8/15 0:00:43,corridor
2025/8/15 0:00:44,side
2025/8/15 0:02:13,corridor
2025/8/15 0:02:14,middle
2025/8/15 0:02:16,mid-sep
2025/8/15 0:02:39,middle
2025/8/15 0:02:44,corridor
2025/8/15 0:02:44,side
2025/8/15 0:06:11,corridor
2025/8/15 0:06:16,middle
2025/8/15 0:06:19,mid-sep
2025/8/15 0:06:28,middle
2025/8/15 0:06:29,corridor
2025/8/15 0:06:29,side
2025/8/15 0:06:40,corridor
2025/8/15 0:06:45,side
2025/8/15 0:06:48,corridor
2025/8/15 0:06:51,middle
2025/8/15 0:06:52,mid-sep
2025/8/15 0:07:05,middle
2025/8/15 0:07:07,corridor
2025/8/15 0:07:07,side
2025/8/15 0:07:50,corridor
2025/8/15 0:08:02,side
2025/8/15 0:08:08,corridor
2025/8/15 0:08:13,side
2025/8/15 0:08:39,corridor
2025/8/15 0:08:48,middle
2025/8/15 0:08:54,corridor
2025/8/15 0:08:59,side
2025/8/15 0:09:15,corridor
2025/8/15 0:09:16,middle
2025/8/15 0:09:18,mid-sep
2025/8/15 0:09:23,middle
2025/8/15 0:09:24,corridor
2025/8/15 0:09:26,side
2025/8/15 0:09:34,corridor
2025/8/15 0:09:38,middle
2025/8/15 0:09:39,mid-sep
2025/8/15 0:09:43,middle
2025/8/15 0:09:43,corridor
2025/8/15 0:09:44,side
2025/8/15 0:10:03,corridor
2025/8/15 0:10:04,middle
2025/8/15 0:10:05,mid-sep
2025/8/15 0:11:09,middle
2025/8/15 0:11:10,corridor
2025/8/15 0:11:10,side
2025/8/15 0:12:59,corridor
2025/8/15 0:13:01,middle
2025/8/15 0:13:01,mid-sep
2025/8/15 0:13:03,middle
2025/8/15 0:13:04,corridor
2025/8/15 0:13:04,side
2025/8/15 0:15:03,corridor
2025/8/15 0:15:03,middle
2025/8/15 0:15:04,mid-sep
2025/8/15 0:15:07,middle
2025/8/15 0:15:07,corridor
2025/8/15 0:15:07,side
2025/8/15 0:17:12,corridor
2025/8/15 0:17:22,side
2025/8/15 0:18:26,corridor
2025/8/15 0:18:29,middle
2025/8/15 0:18:30,mid-sep
2025/8/15 0:19:10,middle
2025/8/15 0:19:14,corridor
2025/8/15 0:19:14,side
2025/8/15 0:19:27,corridor
2025/8/15 0:19:29,middle
2025/8/15 0:19:30,mid-sep
2025/8/15 0:19:44,middle
2025/8/15 0:19:46,corridor
2025/8/15 0:19:46,side
2025/8/15 0:20:35,corridor
2025/8/15 0:20:37,middle
2025/8/15 0:20:38,mid-sep
2025/8/15 0:20:48,middle
2025/8/15 0:20:49,corridor
2025/8/15 0:20:49,side
2025/8/15 0:21:52,corridor
2025/8/15 0:21:53,middle
2025/8/15 0:21:54,mid-sep
2025/8/15 0:22:34,middle
2025/8/15 0:22:48,corridor
2025/8/15 0:22:50,side
2025/8/15 0:23:03,corridor
2025/8/15 0:23:19,middle
2025/8/15 0:23:30,corridor
2025/8/15 0:23:32,side
2025/8/15 0:25:05,corridor
2025/8/15 0:25:05,middle
2025/8/15 0:25:07,mid-sep
2025/8/15 0:25:20,middle
2025/8/15 0:25:30,corridor
2025/8/15 0:25:32,side
2025/8/15 0:34:38,corridor
2025/8/15 0:34:38,middle
2025/8/15 0:34:39,mid-sep
2025/8/15 0:34:43,middle
2025/8/15 0:34:44,corridor
2025/8/15 0:34:44,side
2025/8/15 0:36:51,corridor
2025/8/15 0:36:51,middle
2025/8/15 0:36:52,mid-sep
2025/8/15 0:37:15,middle
2025/8/15 0:37:17,corridor
2025/8/15 0:37:17,side
2025/8/15 0:40:40,corridor
2025/8/15 0:40:41,middle
2025/8/15 0:40:41,mid-sep
2025/8/15 0:41:03,middle
2025/8/15 0:41:06,corridor
2025/8/15 0:41:06,side
2025/8/15 1:49:23,corridor
2025/8/15 1:49:24,middle
2025/8/15 1:49:26,mid-sep
2025/8/15 1:49:48,middle
2025/8/15 1:49:49,corridor
2025/8/15 1:49:49,side
2025/8/15 1:59:41,corridor
2025/8/15 1:59:44,middle
2025/8/15 1:59:47,mid-sep
2025/8/15 1:59:49,middle
2025/8/15 1:59:50,corridor
2025/8/15 1:59:54,side
2025/8/15 2:01:28,corridor
2025/8/15 2:01:29,middle
2025/8/15 2:01:31,mid-sep
2025/8/15 2:01:58,middle
2025/8/15 2:01:59,corridor
2025/8/15 2:01:59,side
2025/8/15 3:16:57,corridor
2025/8/15 3:16:58,middle
2025/8/15 3:16:59,mid-sep
2025/8/15 3:17:03,middle
2025/8/15 3:17:12,corridor
2025/8/15 3:17:15,side
2025/8/15 3:18:54,corridor
2025/8/15 3:18:55,middle
2025/8/15 3:18:57,mid-sep
2025/8/15 3:19:00,middle
2025/8/15 3:19:02,corridor
2025/8/15 3:19:03,side
2025/8/15 4:21:42,corridor
2025/8/15 4:21:44,middle
2025/8/15 4:21:45,mid-sep
2025/8/15 4:21:53,middle
2025/8/15 4:21:55,corridor
2025/8/15 4:22:00,side
2025/8/15 4:23:44,corridor
2025/8/15 4:23:46,middle
2025/8/15 4:23:48,mid-sep
2025/8/15 4:23:49,middle
2025/8/15 4:23:49,corridor
2025/8/15 4:23:50,side
2025/8/15 4:24:34,corridor
2025/8/15 4:24:34,middle
2025/8/15 4:24:35,mid-sep
2025/8/15 4:24:48,middle
2025/8/15 4:24:49,corridor
2025/8/15 4:24:49,side
2025/8/15 5:27:50,corridor
2025/8/15 5:27:51,middle
2025/8/15 5:27:52,mid-sep
2025/8/15 5:27:54,middle
2025/8/15 5:27:54,corridor
2025/8/15 5:27:56,side
2025/8/15 5:28:06,corridor
2025/8/15 5:28:06,middle
2025/8/15 5:28:07,mid-sep
2025/8/15 5:28:10,middle
2025/8/15 5:28:12,corridor
2025/8/15 5:28:16,side
2025/8/15 5:28:20,corridor
2025/8/15 5:28:21,middle
2025/8/15 5:28:21,mid-sep
2025/8/15 5:28:42,middle
2025/8/15 5:28:45,corridor
2025/8/15 5:28:47,side
2025/8/15 5:28:52,corridor
2025/8/15 5:28:53,middle
2025/8/15 5:28:54,mid-sep
2025/8/15 5:28:57,middle
2025/8/15 5:28:58,corridor
2025/8/15 5:28:59,side
2025/8/15 5:29:46,corridor
2025/8/15 5:29:47,middle
2025/8/15 5:29:47,mid-sep
2025/8/15 5:29:48,middle
2025/8/15 5:29:49,corridor
2025/8/15 5:30:02,side
2025/8/15 5:37:33,corridor
2025/8/15 5:37:34,middle
2025/8/15 5:37:35,mid-sep
2025/8/15 5:37:39,middle
2025/8/15 5:37:40,corridor
2025/8/15 5:37:40,side
2025/8/15 5:38:15,corridor
2025/8/15 5:38:15,middle
2025/8/15 5:38:16,mid-sep
2025/8/15 5:38:31,middle
2025/8/15 5:38:43,mid-sep
2025/8/15 5:39:03,middle
2025/8/15 5:39:05,corridor
2025/8/15 5:39:06,side
2025/8/15 5:42:11,corridor
2025/8/15 5:42:13,middle
2025/8/15 5:42:14,mid-sep
2025/8/15 5:43:46,middle
2025/8/15 5:43:49,corridor
2025/8/15 5:43:51,side
2025/8/15 5:44:26,corridor
2025/8/15 5:44:27,middle
2025/8/15 5:44:29,mid-sep
2025/8/15 5:44:50,middle
2025/8/15 5:45:00,corridor
2025/8/15 5:45:02,side
2025/8/15 5:45:07,corridor
2025/8/15 5:45:08,middle
2025/8/15 5:45:10,mid-sep
2025/8/15 5:45:28,middle
2025/8/15 5:45:44,mid-sep
2025/8/15 5:45:51,middle
2025/8/15 5:45:59,corridor
2025/8/15 5:46:02,side
2025/8/15 5:46:04,corridor
2025/8/15 5:46:06,middle
2025/8/15 5:46:10,mid-sep
2025/8/15 5:46:18,middle
2025/8/15 5:46:19,corridor
2025/8/15 5:46:21,side
2025/8/15 5:46:29,corridor
2025/8/15 5:46:30,middle
2025/8/15 5:46:31,mid-sep
2025/8/15 5:46:56,middle
2025/8/15 5:46:58,mid-sep
2025/8/15 5:47:05,middle
2025/8/15 5:47:06,corridor
2025/8/15 5:47:22,side
2025/8/15 5:48:04,corridor
2025/8/15 5:48:05,middle
2025/8/15 5:48:06,mid-sep
2025/8/15 5:48:09,middle
2025/8/15 5:48:10,corridor
2025/8/15 5:48:12,side
2025/8/15 5:48:21,corridor
2025/8/15 5:48:22,middle
2025/8/15 5:48:23,mid-sep
2025/8/15 5:48:30,middle
2025/8/15 5:48:31,corridor
2025/8/15 5:48:32,side
2025/8/15 5:50:47,middle
2025/8/15 5:50:50,mid-sep
2025/8/15 5:51:07,middle
2025/8/15 5:52:00,corridor
2025/8/15 5:52:02,side
2025/8/15 5:52:56,corridor
2025/8/15 5:52:56,middle
2025/8/15 5:52:57,mid-sep
2025/8/15 5:53:13,middle
2025/8/15 5:53:24,corridor
2025/8/15 5:53:24,side
2025/8/15 5:56:10,corridor
2025/8/15 5:56:14,middle
2025/8/15 5:56:15,mid-sep
2025/8/15 5:56:25,middle
2025/8/15 5:56:28,corridor
2025/8/15 5:56:30,side
2025/8/15 5:56:42,corridor
2025/8/15 5:56:43,middle
2025/8/15 5:56:45,mid-sep
2025/8/15 5:57:07,middle
2025/8/15 5:57:21,mid-sep
2025/8/15 5:57:31,middle
2025/8/15 5:57:32,corridor
2025/8/15 5:57:36,side
2025/8/15 5:58:12,corridor
2025/8/15 5:58:12,middle
2025/8/15 5:58:13,mid-sep
2025/8/15 5:58:20,middle
2025/8/15 5:58:20,side
2025/8/15 5:58:56,corridor
2025/8/15 5:58:56,middle
2025/8/15 5:58:58,mid-sep
2025/8/15 6:00:23,middle
2025/8/15 6:01:23,mid-sep
2025/8/15 6:01:38,middle
2025/8/15 6:01:39,corridor
2025/8/15 6:01:40,side
2025/8/15 6:01:59,corridor
2025/8/15 6:02:00,middle
2025/8/15 6:02:01,mid-sep
2025/8/15 6:02:21,middle
2025/8/15 6:02:22,corridor
2025/8/15 6:02:23,side
2025/8/15 6:04:26,corridor
2025/8/15 6:04:27,middle
2025/8/15 6:04:28,mid-sep
2025/8/15 6:04:54,middle
2025/8/15 6:05:04,corridor
2025/8/15 6:05:06,side
2025/8/15 6:05:40,corridor
2025/8/15 6:05:40,middle
2025/8/15 6:08:35,mid-sep
2025/8/15 6:08:52,middle
2025/8/15 6:08:58,corridor
2025/8/15 6:09:00,side
2025/8/15 6:09:20,corridor
2025/8/15 6:09:20,middle
2025/8/15 6:09:21,mid-sep
2025/8/15 6:09:27,middle
2025/8/15 6:09:28,corridor
2025/8/15 6:09:29,side
2025/8/15 6:11:28,corridor
2025/8/15 6:11:29,middle
2025/8/15 6:11:30,mid-sep
2025/8/15 6:11:39,middle
2025/8/15 6:11:40,corridor
2025/8/15 6:11:40,side
2025/8/15 6:12:07,corridor
2025/8/15 6:12:07,middle
2025/8/15 6:12:10,mid-sep
2025/8/15 6:15:14,middle
2025/8/15 6:15:15,corridor
2025/8/15 6:15:17,side
2025/8/15 6:15:37,corridor
2025/8/15 6:15:39,middle
2025/8/15 6:15:41,mid-sep
2025/8/15 6:16:29,middle
2025/8/15 6:16:37,corridor
2025/8/15 6:16:39,side
2025/8/15 6:19:33,corridor
2025/8/15 6:19:34,middle
2025/8/15 6:19:36,mid-sep
2025/8/15 6:19:41,middle
2025/8/15 6:19:43,corridor
2025/8/15 6:19:45,side
2025/8/15 6:20:48,corridor
2025/8/15 6:20:49,middle
2025/8/15 6:21:19,mid-sep
2025/8/15 6:21:27,middle
2025/8/15 6:21:36,mid-sep
2025/8/15 6:21:44,middle
2025/8/15 6:21:48,corridor
2025/8/15 6:21:48,side
2025/8/15 6:27:32,corridor
2025/8/15 6:27:33,middle
2025/8/15 6:27:34,mid-sep
2025/8/15 6:27:57,middle
2025/8/15 6:27:59,corridor
2025/8/15 6:28:00,side
2025/8/15 6:28:19,corridor
2025/8/15 6:28:19,middle
2025/8/15 6:28:20,mid-sep
2025/8/15 6:28:25,middle
2025/8/15 6:28:26,corridor
2025/8/15 6:28:26,side
2025/8/15 6:32:46,corridor
2025/8/15 6:32:46,middle
2025/8/15 6:32:47,mid-sep
2025/8/15 6:33:18,middle
2025/8/15 6:35:55,corridor
2025/8/15 6:35:58,side
2025/8/15 6:37:01,corridor
2025/8/15 6:37:01,middle
2025/8/15 6:37:02,mid-sep
2025/8/15 6:37:40,middle
2025/8/15 6:37:43,corridor
2025/8/15 6:37:45,side
2025/8/15 7:05:46,corridor
2025/8/15 7:05:46,middle
2025/8/15 7:05:52,mid-sep
2025/8/15 7:06:08,middle
2025/8/15 7:06:15,corridor
2025/8/15 7:06:17,side
2025/8/15 7:06:48,corridor
2025/8/15 7:06:48,middle
2025/8/15 7:06:49,mid-sep
2025/8/15 7:07:10,middle
2025/8/15 7:07:18,mid-sep
2025/8/15 7:07:26,middle
2025/8/15 7:07:54,mid-sep
2025/8/15 7:08:03,middle
2025/8/15 7:08:04,corridor
2025/8/15 7:08:05,side
2025/8/15 7:11:18,corridor
2025/8/15 7:11:18,middle
2025/8/15 7:11:19,mid-sep
2025/8/15 7:11:20,middle
2025/8/15 7:11:26,corridor
2025/8/15 7:11:26,side
2025/8/15 7:11:54,corridor
2025/8/15 7:11:54,middle
2025/8/15 7:11:56,mid-sep
2025/8/15 7:12:08,middle
2025/8/15 7:12:12,corridor
2025/8/15 7:12:12,side
2025/8/15 7:13:23,corridor
2025/8/15 7:13:26,middle
2025/8/15 7:13:28,mid-sep
2025/8/15 7:13:32,middle
2025/8/15 7:13:36,corridor
2025/8/15 7:13:36,side
2025/8/15 7:15:27,corridor
2025/8/15 7:15:30,middle
2025/8/15 7:15:31,mid-sep
2025/8/15 7:15:34,middle
2025/8/15 7:15:37,corridor
2025/8/15 7:15:38,side
2025/8/15 7:16:21,corridor
2025/8/15 7:16:22,middle
2025/8/15 7:16:26,mid-sep
2025/8/15 7:16:56,middle
2025/8/15 7:16:56,corridor
2025/8/15 7:16:57,side
2025/8/15 7:17:20,corridor
2025/8/15 7:17:21,middle
2025/8/15 7:17:22,mid-sep
2025/8/15 7:17:29,middle
2025/8/15 7:17:33,corridor
2025/8/15 7:17:35,side
2025/8/15 7:19:01,corridor
2025/8/15 7:19:02,middle
2025/8/15 7:19:03,mid-sep
2025/8/15 7:19:15,middle
2025/8/15 7:19:16,corridor
2025/8/15 7:19:17,side
2025/8/15 7:22:44,corridor
2025/8/15 7:22:44,middle
2025/8/15 7:23:28,mid-sep
2025/8/15 7:24:08,middle
2025/8/15 7:24:09,corridor
2025/8/15 7:24:10,side
2025/8/15 7:24:31,corridor
2025/8/15 7:24:41,side
2025/8/15 7:24:57,corridor
2025/8/15 7:25:00,middle
2025/8/15 7:25:10,mid-sep
2025/8/15 7:25:12,middle
2025/8/15 7:26:05,corridor
2025/8/15 7:26:06,side
2025/8/15 7:26:45,corridor
2025/8/15 7:26:45,middle
2025/8/15 7:26:47,mid-sep
2025/8/15 7:27:14,middle
2025/8/15 7:27:32,mid-sep
2025/8/15 7:27:33,middle
2025/8/15 7:27:40,corridor
2025/8/15 7:27:41,side
2025/8/15 7:28:09,corridor
2025/8/15 7:28:12,middle
2025/8/15 7:28:17,mid-sep
2025/8/15 7:28:25,middle
2025/8/15 7:28:28,corridor
2025/8/15 7:28:28,side
2025/8/15 7:30:40,corridor
2025/8/15 7:30:41,middle
2025/8/15 7:30:43,mid-sep
2025/8/15 7:30:55,middle
2025/8/15 7:30:57,corridor
2025/8/15 7:30:58,side
2025/8/15 7:34:05,corridor
2025/8/15 7:34:08,middle
2025/8/15 7:34:09,mid-sep
2025/8/15 7:34:10,middle
2025/8/15 7:34:13,corridor
2025/8/15 7:34:13,side
2025/8/15 7:34:23,corridor
2025/8/15 7:34:24,middle
2025/8/15 7:34:26,mid-sep
2025/8/15 7:34:31,middle
2025/8/15 7:34:40,mid-sep
2025/8/15 7:34:56,middle
2025/8/15 7:34:56,corridor
2025/8/15 7:34:57,side
2025/8/15 7:34:58,corridor
2025/8/15 7:35:00,middle
2025/8/15 7:35:09,mid-sep
2025/8/15 7:35:18,middle
2025/8/15 7:35:23,corridor
2025/8/15 7:35:24,side
2025/8/15 7:35:29,corridor
2025/8/15 7:35:30,middle
2025/8/15 7:35:31,mid-sep
2025/8/15 7:35:44,middle
2025/8/15 7:36:25,corridor
2025/8/15 7:36:25,side
2025/8/15 7:39:21,corridor
2025/8/15 7:39:22,middle
2025/8/15 7:39:24,mid-sep
2025/8/15 7:39:34,middle
2025/8/15 7:39:44,mid-sep
2025/8/15 7:40:01,middle
2025/8/15 7:40:37,mid-sep
2025/8/15 7:40:40,middle
2025/8/15 7:41:30,mid-sep
2025/8/15 7:41:39,middle
2025/8/15 7:41:51,corridor
2025/8/15 7:41:52,side
2025/8/15 8:16:11,corridor
2025/8/15 8:16:12,middle
2025/8/15 8:16:14,mid-sep
2025/8/15 8:17:25,middle
2025/8/15 8:17:26,corridor
2025/8/15 8:17:28,side
2025/8/15 8:17:41,corridor
2025/8/15 8:17:48,side
2025/8/15 8:18:22,corridor
2025/8/15 8:18:53,middle
2025/8/15 8:18:55,mid-sep
2025/8/15 8:22:03,middle
2025/8/15 8:22:03,corridor
2025/8/15 8:22:03,side
2025/8/15 8:22:10,corridor
2025/8/15 8:22:16,side
2025/8/15 8:23:19,corridor
2025/8/15 8:23:26,side
2025/8/15 8:23:37,corridor
2025/8/15 8:23:37,middle
2025/8/15 8:23:39,mid-sep
2025/8/15 8:23:55,middle
2025/8/15 8:23:56,corridor
2025/8/15 8:23:56,side
2025/8/15 8:26:23,corridor
2025/8/15 8:26:28,middle
2025/8/15 8:26:29,mid-sep
2025/8/15 8:26:41,middle
2025/8/15 8:26:43,corridor
2025/8/15 8:26:43,side
2025/8/15 8:28:40,corridor
2025/8/15 8:28:45,middle
2025/8/15 8:28:46,mid-sep
2025/8/15 8:29:04,middle
2025/8/15 8:29:07,corridor
2025/8/15 8:29:07,side
2025/8/15 8:29:14,corridor
2025/8/15 8:29:19,side
2025/8/15 8:29:19,corridor
2025/8/15 8:29:21,side
2025/8/15 8:29:39,corridor
2025/8/15 8:29:46,middle
2025/8/15 8:29:51,mid-sep
2025/8/15 8:30:11,middle
2025/8/15 8:30:13,corridor
2025/8/15 8:30:13,side
2025/8/15 8:30:21,corridor
2025/8/15 8:30:22,side
2025/8/15 8:30:40,corridor
2025/8/15 8:30:45,side
2025/8/15 8:33:19,corridor
2025/8/15 8:33:23,middle
2025/8/15 8:33:25,corridor
2025/8/15 8:33:28,side
2025/8/15 8:34:33,corridor
2025/8/15 8:34:57,middle
2025/8/15 8:35:00,mid-sep
2025/8/15 8:35:12,middle
2025/8/15 8:35:26,mid-sep
2025/8/15 8:35:30,middle
2025/8/15 8:35:31,corridor
2025/8/15 8:35:31,side
2025/8/15 8:37:24,corridor
2025/8/15 8:37:24,middle
2025/8/15 8:37:30,mid-sep
2025/8/15 8:37:38,middle
2025/8/15 8:37:39,corridor
2025/8/15 8:37:40,side
2025/8/15 8:38:27,corridor
2025/8/15 8:38:33,side
2025/8/15 8:40:04,corridor
2025/8/15 8:40:11,middle
2025/8/15 8:40:13,mid-sep
2025/8/15 8:40:24,middle
2025/8/15 8:40:25,corridor
2025/8/15 8:40:25,side
2025/8/15 8:45:43,corridor
2025/8/15 8:46:09,middle
2025/8/15 8:46:21,mid-sep
2025/8/15 8:46:29,middle
2025/8/15 8:46:41,mid-sep
2025/8/15 8:46:44,middle
2025/8/15 8:46:44,corridor
2025/8/15 8:46:45,side
2025/8/15 8:46:49,corridor
2025/8/15 8:47:02,middle
2025/8/15 8:47:03,mid-sep
2025/8/15 8:47:09,middle
2025/8/15 8:47:09,corridor
2025/8/15 8:47:09,side
2025/8/15 8:47:58,corridor
2025/8/15 8:48:03,side
2025/8/15 8:48:27,corridor
2025/8/15 8:48:33,middle
2025/8/15 8:48:35,mid-sep
2025/8/15 8:48:45,middle
2025/8/15 8:49:00,corridor
2025/8/15 8:49:02,side
2025/8/15 8:54:21,corridor
2025/8/15 8:54:37,middle
2025/8/15 8:54:39,mid-sep
2025/8/15 8:55:04,middle
2025/8/15 8:55:05,corridor
2025/8/15 8:55:05,side
2025/8/15 9:09:35,corridor
2025/8/15 9:09:46,side
2025/8/15 9:10:08,corridor
2025/8/15 9:10:18,middle
2025/8/15 9:10:20,mid-sep
2025/8/15 9:10:26,middle
2025/8/15 9:10:28,corridor
2025/8/15 9:10:29,side
2025/8/15 10:29:35,corridor
2025/8/15 10:29:42,middle
2025/8/15 10:29:59,mid-sep
2025/8/15 10:30:02,middle
2025/8/15 10:32:48,mid-sep
2025/8/15 10:32:49,middle
2025/8/15 10:33:21,mid-sep
2025/8/15 10:33:47,middle
2025/8/15 10:33:52,mid-sep
2025/8/15 10:35:09,middle
2025/8/15 10:35:09,corridor
2025/8/15 10:35:09,side
2025/8/15 10:35:18,corridor
2025/8/15 10:35:23,middle
2025/8/15 10:35:25,mid-sep
2025/8/15 10:35:40,middle
2025/8/15 10:35:41,corridor
2025/8/15 10:35:42,side
2025/8/15 10:36:03,corridor
2025/8/15 10:36:05,middle
2025/8/15 10:36:06,mid-sep
2025/8/15 10:36:22,middle
2025/8/15 10:36:25,corridor
2025/8/15 10:36:26,side
2025/8/15 10:37:08,corridor
2025/8/15 10:37:10,middle
2025/8/15 10:37:13,mid-sep
2025/8/15 10:37:15,middle
2025/8/15 10:37:17,corridor
2025/8/15 10:37:17,side
2025/8/15 10:41:06,corridor
2025/8/15 10:41:09,middle
2025/8/15 10:41:10,mid-sep
2025/8/15 10:41:38,middle
2025/8/15 10:41:48,corridor
2025/8/15 10:41:48,side
2025/8/15 10:42:05,corridor
2025/8/15 10:42:11,middle
2025/8/15 10:42:13,mid-sep
2025/8/15 10:42:27,middle
2025/8/15 10:42:30,corridor
2025/8/15 10:42:31,side
2025/8/15 10:43:21,corridor
2025/8/15 10:43:34,side
2025/8/15 10:43:55,corridor
2025/8/15 10:44:03,middle
2025/8/15 10:44:13,corridor
2025/8/15 10:44:14,side
2025/8/15 10:44:30,corridor
2025/8/15 10:44:36,middle
2025/8/15 10:44:39,mid-sep
2025/8/15 10:44:40,middle
2025/8/15 10:44:41,corridor
2025/8/15 10:44:41,side
2025/8/15 12:24:08,corridor
2025/8/15 12:24:09,middle
2025/8/15 12:24:10,mid-sep
2025/8/15 12:24:39,middle
2025/8/15 12:24:42,corridor
2025/8/15 12:24:50,side
2025/8/15 12:25:08,corridor
2025/8/15 12:25:30,middle
2025/8/15 12:25:31,mid-sep
2025/8/15 12:25:35,middle
2025/8/15 12:28:11,corridor
2025/8/15 12:28:11,side
2025/8/15 12:28:16,corridor
2025/8/15 12:28:18,middle
2025/8/15 12:28:19,mid-sep
2025/8/15 12:28:20,middle
2025/8/15 12:28:20,corridor
2025/8/15 12:28:22,side
2025/8/15 12:29:43,corridor
2025/8/15 12:29:51,middle
2025/8/15 12:29:52,mid-sep
2025/8/15 12:30:22,middle
2025/8/15 12:30:22,corridor
2025/8/15 12:30:23,side
2025/8/15 12:32:56,corridor
2025/8/15 12:33:01,middle
2025/8/15 12:33:04,mid-sep
2025/8/15 12:33:06,middle
2025/8/15 12:33:09,corridor
2025/8/15 12:33:10,side
2025/8/15 12:34:10,corridor
2025/8/15 12:34:21,middle
2025/8/15 12:34:22,mid-sep
2025/8/15 12:34:29,middle
2025/8/15 12:34:30,corridor
2025/8/15 12:34:31,side
2025/8/15 12:35:00,corridor
2025/8/15 12:35:06,side
2025/8/15 12:40:27,corridor
2025/8/15 12:40:35,side
2025/8/15 12:43:32,corridor
2025/8/15 12:43:41,middle
2025/8/15 12:43:43,mid-sep
2025/8/15 12:44:00,middle
2025/8/15 12:44:10,mid-sep
2025/8/15 12:45:02,middle
2025/8/15 12:45:20,mid-sep
2025/8/15 12:45:34,middle
2025/8/15 12:45:35,corridor
2025/8/15 12:45:35,side
2025/8/15 14:27:23,corridor
2025/8/15 14:27:27,middle
2025/8/15 14:27:28,mid-sep
2025/8/15 14:27:30,middle
2025/8/15 14:27:31,corridor
2025/8/15 14:27:33,side
2025/8/15 14:46:53,corridor
2025/8/15 14:46:57,middle
2025/8/15 14:47:01,mid-sep
2025/8/15 14:48:30,middle
2025/8/15 14:48:31,corridor
2025/8/15 14:48:33,side
2025/8/15 14:49:35,corridor
2025/8/15 14:49:41,side
2025/8/15 14:50:35,corridor
2025/8/15 14:50:37,side
2025/8/15 14:52:05,corridor
2025/8/15 14:52:05,middle
2025/8/15 14:52:06,mid-sep
2025/8/15 14:52:24,middle
2025/8/15 14:52:24,corridor
2025/8/15 14:52:25,side
2025/8/15 14:53:10,corridor
2025/8/15 14:53:20,middle
2025/8/15 14:53:22,mid-sep
2025/8/15 14:53:35,middle
2025/8/15 14:53:38,corridor
2025/8/15 14:53:39,side
2025/8/15 14:55:39,corridor
2025/8/15 14:55:39,middle
2025/8/15 14:55:48,mid-sep
2025/8/15 14:55:52,middle
2025/8/15 14:55:54,corridor
2025/8/15 14:55:55,side
2025/8/15 15:59:47,corridor
2025/8/15 15:59:49,middle
2025/8/15 15:59:50,mid-sep
2025/8/15 16:00:00,middle
2025/8/15 16:00:03,corridor
2025/8/15 16:00:04,side
2025/8/15 16:00:11,corridor
2025/8/15 16:00:12,middle
2025/8/15 16:00:13,mid-sep
2025/8/15 16:00:20,middle
2025/8/15 16:00:22,corridor
2025/8/15 16:00:23,side
2025/8/15 16:01:39,corridor
2025/8/15 16:01:40,middle
2025/8/15 16:01:40,mid-sep
2025/8/15 16:01:41,middle
2025/8/15 16:01:44,corridor
2025/8/15 16:01:45,side
2025/8/15 16:23:11,corridor
2025/8/15 16:23:16,middle
2025/8/15 16:23:17,mid-sep
2025/8/15 16:23:37,middle
2025/8/15 16:25:03,corridor
2025/8/15 16:25:05,side
2025/8/15 16:25:09,corridor
2025/8/15 16:25:10,middle
2025/8/15 16:25:12,mid-sep
2025/8/15 16:25:19,middle
2025/8/15 16:25:27,corridor
2025/8/15 16:25:29,side
2025/8/15 16:26:27,corridor
2025/8/15 16:26:27,middle
2025/8/15 16:26:29,mid-sep
2025/8/15 16:26:38,middle
2025/8/15 16:26:50,corridor
2025/8/15 16:26:52,side
2025/8/15 16:27:18,corridor
2025/8/15 16:27:21,middle
2025/8/15 16:27:21,mid-sep
2025/8/15 16:28:12,middle
2025/8/15 16:28:12,corridor
2025/8/15 16:28:12,side
2025/8/15 16:29:17,corridor
2025/8/15 16:29:17,middle
2025/8/15 16:29:19,mid-sep
2025/8/15 16:29:25,middle
2025/8/15 16:29:27,side
2025/8/15 16:29:42,corridor
2025/8/15 16:29:42,middle
2025/8/15 16:29:42,mid-sep
2025/8/15 16:29:47,middle
2025/8/15 16:29:48,corridor
2025/8/15 16:29:49,side
2025/8/15 16:31:33,corridor
2025/8/15 16:31:56,middle
2025/8/15 16:31:57,mid-sep
2025/8/15 16:32:06,middle
2025/8/15 16:32:12,corridor
2025/8/15 16:32:13,side
2025/8/15 16:34:23,corridor
2025/8/15 16:34:25,middle
2025/8/15 16:34:26,mid-sep
2025/8/15 16:34:28,middle
2025/8/15 16:34:35,corridor
2025/8/15 16:34:36,side
2025/8/15 17:09:42,corridor
2025/8/15 17:09:42,middle
2025/8/15 17:09:44,mid-sep
2025/8/15 17:09:52,middle
2025/8/15 17:09:53,corridor
2025/8/15 17:09:54,side
2025/8/15 17:11:06,corridor
2025/8/15 17:11:06,middle
2025/8/15 17:11:08,mid-sep
2025/8/15 17:11:12,middle
2025/8/15 17:11:14,corridor
2025/8/15 17:11:15,side
2025/8/15 17:11:57,corridor
2025/8/15 17:12:02,middle
2025/8/15 17:12:03,mid-sep
2025/8/15 17:12:12,middle
2025/8/15 17:12:16,mid-sep
2025/8/15 17:12:23,middle
2025/8/15 17:12:26,corridor
2025/8/15 17:12:26,side
2025/8/15 17:29:02,corridor
2025/8/15 17:29:03,middle
2025/8/15 17:29:04,mid-sep
2025/8/15 17:29:20,middle
2025/8/15 17:29:24,mid-sep
2025/8/15 17:29:25,middle
2025/8/15 17:29:29,corridor
2025/8/15 17:29:32,side
2025/8/15 17:30:42,corridor
2025/8/15 17:30:43,middle
2025/8/15 17:30:45,mid-sep
2025/8/15 17:30:50,middle
2025/8/15 17:30:57,mid-sep
2025/8/15 17:31:04,middle
2025/8/15 17:31:08,corridor
2025/8/15 17:31:09,side
2025/8/15 17:50:17,corridor
2025/8/15 17:50:18,middle
2025/8/15 17:50:20,mid-sep
2025/8/15 17:50:41,middle
2025/8/15 17:50:42,corridor
2025/8/15 17:50:43,side
2025/8/15 17:51:39,corridor
2025/8/15 17:51:40,middle
2025/8/15 17:51:41,mid-sep
2025/8/15 17:52:00,middle
2025/8/15 17:52:00,corridor
2025/8/15 17:52:01,side
2025/8/15 17:53:33,corridor
2025/8/15 17:53:33,middle
2025/8/15 17:53:34,mid-sep
2025/8/15 17:53:35,middle
2025/8/15 17:53:37,corridor
2025/8/15 17:53:38,side
2025/8/15 17:53:44,corridor
2025/8/15 17:53:45,middle
2025/8/15 17:53:47,mid-sep
2025/8/15 17:53:53,middle
2025/8/15 17:53:57,corridor
2025/8/15 17:53:58,side
2025/8/15 17:54:09,corridor
2025/8/15 17:54:11,middle
2025/8/15 17:54:14,mid-sep
2025/8/15 17:54:26,middle
2025/8/15 17:54:34,mid-sep
2025/8/15 17:54:38,middle
2025/8/15 17:54:41,corridor
2025/8/15 17:54:43,side
2025/8/15 17:54:52,corridor
2025/8/15 17:54:54,middle
2025/8/15 17:54:58,mid-sep
2025/8/15 17:55:36,middle
2025/8/15 17:55:40,corridor
2025/8/15 17:55:41,side
2025/8/15 18:01:12,corridor
2025/8/15 18:01:13,middle
2025/8/15 18:01:13,mid-sep
2025/8/15 18:02:52,middle
2025/8/15 18:03:51,mid-sep
2025/8/15 18:04:00,middle
2025/8/15 18:04:00,corridor
2025/8/15 18:04:00,side
2025/8/15 18:06:17,corridor
2025/8/15 18:06:21,middle
2025/8/15 18:06:24,mid-sep
2025/8/15 18:07:09,middle
2025/8/15 18:07:10,corridor
2025/8/15 18:07:11,side
2025/8/15 18:08:54,corridor
2025/8/15 18:09:01,side
2025/8/15 18:09:16,corridor
2025/8/15 18:09:17,middle
2025/8/15 18:09:19,mid-sep
2025/8/15 18:09:30,middle
2025/8/15 18:09:32,corridor
2025/8/15 18:09:32,side
2025/8/15 18:09:35,corridor
2025/8/15 18:09:37,middle
2025/8/15 18:09:40,mid-sep
2025/8/15 18:09:48,middle
2025/8/15 18:09:50,corridor
2025/8/15 18:09:51,side
2025/8/15 18:12:36,corridor
2025/8/15 18:12:39,side
2025/8/15 18:13:36,corridor
2025/8/15 18:13:37,middle
2025/8/15 18:13:38,mid-sep
2025/8/15 18:13:48,middle
2025/8/15 18:13:49,corridor
2025/8/15 18:13:50,side
2025/8/15 18:34:08,corridor
2025/8/15 18:34:09,middle
2025/8/15 18:34:13,mid-sep
2025/8/15 18:34:21,middle
2025/8/15 18:34:43,mid-sep
2025/8/15 18:35:14,middle
2025/8/15 18:35:20,corridor
2025/8/15 18:35:21,side
2025/8/15 18:35:54,corridor
2025/8/15 18:35:56,middle
2025/8/15 18:35:59,mid-sep
2025/8/15 18:36:29,middle
2025/8/15 18:36:45,mid-sep
2025/8/15 18:36:51,middle
2025/8/15 18:36:54,corridor
2025/8/15 18:36:58,side
2025/8/15 18:38:10,corridor
2025/8/15 18:38:11,middle
2025/8/15 18:38:13,mid-sep
2025/8/15 18:38:30,middle
2025/8/15 18:38:30,corridor
2025/8/15 18:38:30,side
2025/8/15 18:40:18,corridor
2025/8/15 18:41:02,side
2025/8/15 18:42:04,corridor
2025/8/15 18:42:08,middle
2025/8/15 18:42:14,mid-sep
2025/8/15 18:42:21,middle
2025/8/15 18:42:22,corridor
2025/8/15 18:42:23,side
2025/8/15 18:45:52,corridor
2025/8/15 18:45:59,middle
2025/8/15 18:46:09,mid-sep
2025/8/15 18:46:10,middle
2025/8/15 18:46:14,corridor
2025/8/15 18:46:15,side
2025/8/15 18:50:42,corridor
2025/8/15 18:50:43,middle
2025/8/15 18:50:44,corridor
2025/8/15 18:50:48,side
2025/8/15 18:50:59,corridor
2025/8/15 18:51:05,side
2025/8/15 18:55:40,corridor
2025/8/15 18:55:42,middle
2025/8/15 18:55:42,mid-sep
2025/8/15 18:55:44,middle
2025/8/15 18:55:45,side
2025/8/15 18:59:04,corridor
2025/8/15 18:59:06,middle
2025/8/15 18:59:08,mid-sep
2025/8/15 18:59:28,middle
2025/8/15 18:59:29,corridor
2025/8/15 18:59:34,side
2025/8/15 19:02:25,corridor
2025/8/15 19:02:26,middle
2025/8/15 19:02:26,mid-sep
2025/8/15 19:02:29,middle
2025/8/15 19:02:31,corridor
2025/8/15 19:02:56,side
2025/8/15 19:05:53,corridor
2025/8/15 19:05:53,middle
2025/8/15 19:05:55,mid-sep
2025/8/15 19:05:58,middle
2025/8/15 19:05:59,corridor
2025/8/15 19:06:02,side
2025/8/15 19:08:05,corridor
2025/8/15 19:08:07,side
2025/8/15 19:09:50,corridor
2025/8/15 19:09:52,middle
2025/8/15 19:09:53,mid-sep
2025/8/15 19:10:17,middle
2025/8/15 19:10:17,corridor
2025/8/15 19:10:19,side
2025/8/15 19:16:35,corridor
2025/8/15 19:16:36,middle
2025/8/15 19:16:36,mid-sep
2025/8/15 19:16:38,middle
2025/8/15 19:16:39,corridor
2025/8/15 19:16:39,side
2025/8/15 19:17:32,corridor
2025/8/15 19:17:35,middle
2025/8/15 19:17:36,mid-sep
2025/8/15 19:18:07,middle
2025/8/15 19:18:11,corridor
2025/8/15 19:18:12,side
2025/8/15 19:20:44,corridor
2025/8/15 19:20:46,middle
2025/8/15 19:20:50,mid-sep
2025/8/15 19:21:26,middle
2025/8/15 19:21:28,corridor
2025/8/15 19:21:29,side
2025/8/15 19:22:08,corridor
2025/8/15 19:22:10,middle
2025/8/15 19:22:11,mid-sep
2025/8/15 19:22:20,middle
2025/8/15 19:22:20,corridor
2025/8/15 19:22:21,side
2025/8/15 19:32:07,corridor
2025/8/15 19:32:07,middle
2025/8/15 19:32:08,mid-sep
2025/8/15 19:32:12,middle
2025/8/15 19:32:14,corridor
2025/8/15 19:32:15,side
2025/8/15 19:37:02,corridor
2025/8/15 19:37:02,middle
2025/8/15 19:37:03,mid-sep
2025/8/15 19:37:14,middle
2025/8/15 19:37:15,corridor
2025/8/15 19:37:16,side
2025/8/15 19:37:48,corridor
2025/8/15 19:37:50,middle
2025/8/15 19:37:52,mid-sep
2025/8/15 19:38:53,middle
2025/8/15 19:38:54,corridor
2025/8/15 19:38:54,side
2025/8/15 19:39:33,corridor
2025/8/15 19:39:49,side
2025/8/15 19:40:57,corridor
2025/8/15 19:40:58,middle
2025/8/15 19:40:59,mid-sep
2025/8/15 19:41:16,middle
2025/8/15 19:41:18,corridor
2025/8/15 19:41:19,side
2025/8/15 19:42:47,corridor
2025/8/15 19:42:48,middle
2025/8/15 19:42:50,mid-sep
2025/8/15 19:42:53,middle
2025/8/15 19:42:53,corridor
2025/8/15 19:42:58,side
2025/8/15 19:53:01,corridor
2025/8/15 19:53:02,middle
2025/8/15 19:53:04,mid-sep
2025/8/15 19:53:08,middle
2025/8/15 19:53:09,corridor
2025/8/15 19:53:10,side
2025/8/15 20:05:04,corridor
2025/8/15 20:05:04,middle
2025/8/15 20:05:06,mid-sep
2025/8/15 20:05:10,middle
2025/8/15 20:05:11,corridor
2025/8/15 20:05:11,side
2025/8/15 20:08:41,corridor
2025/8/15 20:08:44,middle
2025/8/15 20:08:46,mid-sep
2025/8/15 20:10:04,middle
2025/8/15 20:10:20,corridor
2025/8/15 20:10:23,side
2025/8/15 20:13:22,corridor
2025/8/15 20:13:23,middle
2025/8/15 20:13:25,mid-sep
2025/8/15 20:13:30,middle
2025/8/15 20:13:31,corridor
2025/8/15 20:13:32,side
2025/8/15 20:16:05,corridor
2025/8/15 20:16:10,middle
2025/8/15 20:16:11,mid-sep
2025/8/15 20:16:24,middle
2025/8/15 20:16:25,corridor
2025/8/15 20:16:25,side
2025/8/15 20:17:38,corridor
2025/8/15 20:17:41,middle
2025/8/15 20:17:43,mid-sep
2025/8/15 20:18:12,middle
2025/8/15 20:18:13,corridor
2025/8/15 20:18:14,side
2025/8/15 20:19:27,corridor
2025/8/15 20:19:32,middle
2025/8/15 20:19:34,mid-sep
2025/8/15 20:19:42,middle
2025/8/15 20:19:54,corridor
2025/8/15 20:19:57,side
2025/8/15 20:20:04,corridor
2025/8/15 20:20:07,middle
2025/8/15 20:20:09,mid-sep
2025/8/15 20:20:26,middle
2025/8/15 20:20:46,mid-sep
2025/8/15 20:20:59,middle
2025/8/15 20:21:01,corridor
2025/8/15 20:21:02,side
2025/8/15 20:21:37,corridor
2025/8/15 20:21:39,middle
2025/8/15 20:21:41,mid-sep
2025/8/15 20:22:14,middle
2025/8/15 20:22:20,corridor
2025/8/15 20:22:21,side
2025/8/15 20:26:40,corridor
2025/8/15 20:26:43,middle
2025/8/15 20:26:45,mid-sep
2025/8/15 20:27:23,middle
2025/8/15 20:27:43,mid-sep
2025/8/15 20:27:48,middle
2025/8/15 20:28:10,corridor
2025/8/15 20:28:12,side
2025/8/15 20:28:18,corridor
2025/8/15 20:28:21,middle
2025/8/15 20:28:24,mid-sep
2025/8/15 20:29:00,middle
2025/8/15 20:29:02,corridor
2025/8/15 20:29:03,side
2025/8/15 20:29:51,corridor
2025/8/15 20:29:51,middle
2025/8/15 20:29:52,mid-sep
2025/8/15 20:29:55,middle
2025/8/15 20:29:55,corridor
2025/8/15 20:29:56,side
2025/8/15 20:30:22,corridor
2025/8/15 20:30:24,middle
2025/8/15 20:30:26,mid-sep
2025/8/15 20:30:34,middle
2025/8/15 20:30:36,corridor
2025/8/15 20:30:36,side
2025/8/15 20:35:51,corridor
2025/8/15 20:35:55,middle
2025/8/15 20:35:57,mid-sep
2025/8/15 20:36:10,middle
2025/8/15 20:36:11,corridor
2025/8/15 20:36:12,side
2025/8/15 20:37:17,corridor
2025/8/15 20:37:19,middle
2025/8/15 20:37:25,corridor
2025/8/15 20:37:25,side
2025/8/15 20:37:46,corridor
2025/8/15 20:37:50,middle
2025/8/15 20:37:53,mid-sep
2025/8/15 20:38:18,middle
2025/8/15 20:44:59,mid-sep
2025/8/15 20:45:37,middle
2025/8/15 20:45:38,corridor
2025/8/15 20:45:46,side
2025/8/15 20:45:48,corridor
2025/8/15 20:45:49,middle
2025/8/15 20:45:50,mid-sep
2025/8/15 20:45:59,middle
2025/8/15 20:45:59,corridor
2025/8/15 20:46:00,side
2025/8/15 20:47:39,corridor
2025/8/15 20:47:45,side
2025/8/15 20:48:50,corridor
2025/8/15 20:48:53,middle
2025/8/15 20:48:55,mid-sep
2025/8/15 20:48:57,middle
2025/8/15 20:48:59,corridor
2025/8/15 20:48:59,side
2025/8/15 21:05:03,corridor
2025/8/15 21:05:05,middle
2025/8/15 21:05:12,mid-sep
2025/8/15 21:05:38,middle
2025/8/15 21:06:03,mid-sep
2025/8/15 21:06:29,middle
2025/8/15 21:07:25,mid-sep
2025/8/15 21:07:52,middle
2025/8/15 21:08:05,mid-sep
2025/8/15 21:08:29,middle
2025/8/15 21:08:29,corridor
2025/8/15 21:08:32,side
2025/8/15 21:08:37,corridor
2025/8/15 21:08:39,middle
2025/8/15 21:08:40,mid-sep
2025/8/15 21:09:08,middle
2025/8/15 21:09:09,corridor
2025/8/15 21:09:10,side
2025/8/15 21:10:36,corridor
2025/8/15 21:10:42,middle
2025/8/15 21:10:45,mid-sep
2025/8/15 21:10:52,middle
2025/8/15 21:10:55,corridor
2025/8/15 21:10:58,side
2025/8/15 21:11:22,corridor
2025/8/15 21:11:29,middle
2025/8/15 21:11:29,mid-sep
2025/8/15 21:11:35,middle
2025/8/15 21:11:36,corridor
2025/8/15 21:11:37,side
2025/8/15 21:14:19,corridor
2025/8/15 21:14:20,middle
2025/8/15 21:14:24,mid-sep
2025/8/15 21:14:49,middle
2025/8/15 21:14:50,corridor
2025/8/15 21:14:56,side
2025/8/15 21:15:23,corridor
2025/8/15 21:15:26,middle
2025/8/15 21:15:29,mid-sep
2025/8/15 21:15:31,middle
2025/8/15 21:15:31,corridor
2025/8/15 21:15:32,side
2025/8/15 21:16:37,corridor
2025/8/15 21:16:37,middle
2025/8/15 21:16:39,mid-sep
2025/8/15 21:16:44,middle
2025/8/15 21:16:45,corridor
2025/8/15 21:16:45,side
2025/8/15 21:22:00,corridor
2025/8/15 21:22:00,middle
2025/8/15 21:22:04,mid-sep
2025/8/15 21:22:27,middle
2025/8/15 21:22:30,corridor
2025/8/15 21:22:31,side
2025/8/15 21:23:30,corridor
2025/8/15 21:23:30,middle
2025/8/15 21:23:32,mid-sep
2025/8/15 21:23:34,middle
2025/8/15 21:23:34,corridor
2025/8/15 21:23:35,side
2025/8/15 21:24:16,corridor
2025/8/15 21:24:16,side
2025/8/15 21:24:34,corridor
2025/8/15 21:24:58,side
2025/8/15 21:27:52,corridor
2025/8/15 21:27:52,middle
2025/8/15 21:27:54,mid-sep
2025/8/15 21:27:58,middle
2025/8/15 21:27:59,corridor
2025/8/15 21:28:00,side
2025/8/15 21:31:18,corridor
2025/8/15 21:31:21,middle
2025/8/15 21:31:23,mid-sep
2025/8/15 21:31:44,middle
2025/8/15 21:32:25,mid-sep
2025/8/15 21:33:06,middle
2025/8/15 21:33:07,corridor
2025/8/15 21:33:08,side
2025/8/15 21:37:47,corridor
2025/8/15 21:37:49,middle
2025/8/15 21:37:52,mid-sep
2025/8/15 21:38:03,middle
2025/8/15 21:38:07,corridor
2025/8/15 21:38:08,side
2025/8/15 21:38:50,corridor
2025/8/15 21:38:50,middle
2025/8/15 21:38:52,mid-sep
2025/8/15 21:39:08,middle
2025/8/15 21:39:09,corridor
2025/8/15 21:39:10,side
2025/8/15 21:39:35,corridor
2025/8/15 21:39:36,middle
2025/8/15 21:39:40,mid-sep
2025/8/15 21:40:14,middle
2025/8/15 21:40:18,corridor
2025/8/15 21:40:18,side
2025/8/15 21:42:21,corridor
2025/8/15 21:42:21,middle
2025/8/15 21:42:22,mid-sep
2025/8/15 21:42:23,middle
2025/8/15 21:43:06,corridor
2025/8/15 21:43:13,side
2025/8/15 21:43:48,corridor
2025/8/15 21:43:49,middle
2025/8/15 21:43:51,mid-sep
2025/8/15 21:44:51,middle
2025/8/15 21:45:07,mid-sep
2025/8/15 21:46:12,middle
2025/8/15 21:46:13,corridor
2025/8/15 21:46:18,side
2025/8/15 21:46:26,corridor
2025/8/15 21:46:27,middle
2025/8/15 21:46:28,mid-sep
2025/8/15 21:46:30,middle
2025/8/15 21:46:37,corridor
2025/8/15 21:46:38,side
2025/8/15 21:47:29,corridor
2025/8/15 21:47:30,middle
2025/8/15 21:47:33,mid-sep
2025/8/15 21:47:37,middle
2025/8/15 21:47:37,corridor
2025/8/15 21:47:38,side
2025/8/15 21:49:02,corridor
2025/8/15 21:49:03,middle
2025/8/15 21:50:39,mid-sep
2025/8/15 21:50:47,middle
2025/8/15 21:50:48,corridor
2025/8/15 21:50:50,side
2025/8/15 21:55:59,corridor
2025/8/15 21:56:00,middle
2025/8/15 21:56:04,mid-sep
2025/8/15 21:56:06,middle
2025/8/15 21:56:07,corridor
2025/8/15 21:56:07,side
2025/8/15 21:57:21,corridor
2025/8/15 21:57:21,middle
2025/8/15 21:57:22,mid-sep
2025/8/15 21:57:33,middle
2025/8/15 21:57:38,corridor
2025/8/15 21:57:38,side
2025/8/15 21:58:10,corridor
2025/8/15 21:58:11,middle
2025/8/15 21:58:12,mid-sep
2025/8/15 21:58:22,middle
2025/8/15 21:58:26,corridor
2025/8/15 21:58:27,side
2025/8/15 21:58:56,corridor
2025/8/15 21:58:57,middle
2025/8/15 21:58:58,mid-sep
2025/8/15 21:58:59,middle
2025/8/15 21:59:03,side
2025/8/15 21:59:09,corridor
2025/8/15 21:59:11,middle
2025/8/15 21:59:13,mid-sep
2025/8/15 21:59:29,middle
2025/8/15 21:59:30,corridor
2025/8/15 21:59:31,side
2025/8/15 22:04:26,corridor
2025/8/15 22:04:26,middle
2025/8/15 22:04:26,mid-sep
2025/8/15 22:04:28,middle
2025/8/15 22:04:42,corridor
2025/8/15 22:04:42,side
2025/8/15 22:06:35,corridor
2025/8/15 22:06:36,middle
2025/8/15 22:06:38,mid-sep
2025/8/15 22:06:46,middle
2025/8/15 22:06:49,corridor
2025/8/15 22:06:50,side
2025/8/15 22:07:43,corridor
2025/8/15 22:07:43,middle
2025/8/15 22:07:44,mid-sep
2025/8/15 22:07:47,middle
2025/8/15 22:07:48,corridor
2025/8/15 22:07:48,side
2025/8/15 22:21:32,corridor
2025/8/15 22:21:33,middle
2025/8/15 22:21:35,mid-sep
2025/8/15 22:21:43,middle
2025/8/15 22:22:31,mid-sep
2025/8/15 22:22:33,middle
2025/8/15 22:22:35,corridor
2025/8/15 22:22:40,side
2025/8/15 22:22:57,corridor
2025/8/15 22:22:58,middle
2025/8/15 22:23:00,mid-sep
2025/8/15 22:23:07,middle
2025/8/15 22:23:08,corridor
2025/8/15 22:23:10,side
2025/8/15 22:24:33,corridor
2025/8/15 22:24:35,middle
2025/8/15 22:24:40,side
2025/8/15 22:27:36,corridor
2025/8/15 22:27:37,middle
2025/8/15 22:27:39,mid-sep
2025/8/15 22:27:52,middle
2025/8/15 22:27:54,corridor
2025/8/15 22:27:54,side
2025/8/15 22:29:02,corridor
2025/8/15 22:29:10,side
2025/8/15 22:29:20,corridor
2025/8/15 22:29:21,middle
2025/8/15 22:29:22,mid-sep
2025/8/15 22:29:26,middle
2025/8/15 22:29:31,corridor
2025/8/15 22:29:32,side
2025/8/15 22:29:49,corridor
2025/8/15 22:29:53,middle
2025/8/15 22:29:56,mid-sep
2025/8/15 22:29:59,middle
2025/8/15 22:30:02,corridor
2025/8/15 22:30:02,side
2025/8/15 22:43:43,corridor
2025/8/15 22:43:43,middle
2025/8/15 22:46:30,corridor
2025/8/15 22:47:00,side
2025/8/15 22:47:24,corridor
2025/8/15 22:47:26,middle
2025/8/15 22:47:28,mid-sep
2025/8/15 22:48:00,middle
2025/8/15 22:48:00,corridor
2025/8/15 22:48:04,side
2025/8/15 22:48:10,corridor
2025/8/15 22:48:17,side
2025/8/15 22:48:50,corridor
2025/8/15 22:48:51,middle
2025/8/15 22:48:52,mid-sep
2025/8/15 22:50:02,middle
2025/8/15 22:50:02,corridor
2025/8/15 22:50:05,side
2025/8/15 22:51:01,corridor
2025/8/15 22:51:01,middle
2025/8/15 22:51:03,mid-sep
2025/8/15 22:51:08,middle
2025/8/15 22:51:09,corridor
2025/8/15 22:51:23,side
2025/8/15 22:51:58,corridor
2025/8/15 22:52:00,middle
2025/8/15 22:52:05,mid-sep
2025/8/15 22:52:13,middle
2025/8/15 22:52:14,corridor
2025/8/15 22:52:14,side
2025/8/15 22:53:58,corridor
2025/8/15 22:54:07,middle
2025/8/15 22:54:09,mid-sep
2025/8/15 22:54:13,middle
2025/8/15 22:54:14,corridor
2025/8/15 22:54:15,side
2025/8/15 22:56:39,corridor
2025/8/15 22:56:45,middle
2025/8/15 22:56:49,mid-sep
2025/8/15 22:56:56,middle
2025/8/15 22:56:59,corridor
2025/8/15 22:56:59,side
2025/8/15 23:17:49,corridor
2025/8/15 23:17:50,middle
2025/8/15 23:17:52,mid-sep
2025/8/15 23:19:12,middle
2025/8/15 23:19:57,corridor
2025/8/15 23:20:28,side
2025/8/15 23:21:10,corridor
2025/8/15 23:21:10,middle
2025/8/15 23:21:10,mid-sep
2025/8/15 23:22:17,middle
2025/8/15 23:23:43,mid-sep
2025/8/15 23:23:47,middle
2025/8/15 23:23:54,corridor
2025/8/15 23:24:09,side
2025/8/15 23:24:25,corridor
2025/8/15 23:24:26,middle
2025/8/15 23:24:27,mid-sep
2025/8/15 23:24:37,middle
2025/8/15 23:24:37,corridor
2025/8/15 23:24:39,side
2025/8/15 23:27:40,corridor
2025/8/15 23:27:42,middle
2025/8/15 23:27:45,mid-sep
2025/8/15 23:27:52,middle
2025/8/15 23:27:56,corridor
2025/8/15 23:27:57,side
2025/8/15 23:30:50,corridor
2025/8/15 23:30:52,middle
2025/8/15 23:30:55,mid-sep
2025/8/15 23:31:55,middle
2025/8/15 23:32:04,corridor
2025/8/15 23:32:16,side
2025/8/15 23:32:20,corridor
2025/8/15 23:32:21,middle
2025/8/15 23:32:22,mid-sep
2025/8/15 23:32:33,middle
2025/8/15 23:32:54,mid-sep
2025/8/15 23:33:09,middle
2025/8/15 23:33:10,corridor
2025/8/15 23:33:15,side
2025/8/15 23:34:30,corridor
2025/8/15 23:34:31,middle
2025/8/15 23:34:31,mid-sep
2025/8/15 23:35:31,middle
2025/8/15 23:35:39,corridor
2025/8/15 23:35:47,side
2025/8/15 23:36:54,corridor
2025/8/15 23:36:57,middle
2025/8/15 23:37:00,mid-sep
2025/8/15 23:37:06,middle
2025/8/15 23:37:06,corridor
2025/8/15 23:37:08,side
2025/8/15 23:38:58,corridor
2025/8/15 23:38:59,middle
2025/8/15 23:39:00,mid-sep
2025/8/15 23:39:18,middle
2025/8/15 23:39:21,corridor
2025/8/15 23:39:21,side
2025/8/15 23:42:13,corridor
2025/8/15 23:42:13,middle
2025/8/15 23:42:14,mid-sep
2025/8/15 23:42:17,middle
2025/8/15 23:42:18,corridor
2025/8/15 23:42:20,side
2025/8/15 23:49:15,corridor
2025/8/15 23:49:16,middle
2025/8/15 23:49:17,mid-sep
2025/8/15 23:50:55,middle
2025/8/15 23:50:57,corridor
2025/8/15 23:50:58,side
2025/8/15 23:54:54,corridor
2025/8/15 23:54:57,middle
2025/8/15 23:55:00,mid-sep
2025/8/15 23:55:12,middle
2025/8/15 23:55:29,mid-sep
2025/8/15 23:55:30,middle
2025/8/15 23:56:07,corridor
2025/8/15 23:56:08,side
2025/8/15 23:56:52,corridor
2025/8/15 23:57:00,side
2025/8/15 23:58:17,corridor
2025/8/15 23:58:19,middle
2025/8/15 23:58:19,mid-sep
2025/8/15 23:58:25,middle
2025/8/15 23:58:27,corridor
2025/8/15 23:58:28,side
2025/8/16 0:00:52,corridor
2025/8/16 0:01:00,middle
2025/8/16 0:01:01,mid-sep
2025/8/16 0:01:05,middle
2025/8/16 0:01:07,corridor
2025/8/16 0:01:10,side
2025/8/16 0:03:38,corridor
2025/8/16 0:03:56,side
2025/8/16 0:07:37,corridor
2025/8/16 0:07:38,middle
2025/8/16 0:07:40,mid-sep
2025/8/16 0:08:15,middle
2025/8/16 0:08:23,corridor
2025/8/16 0:08:40,side
2025/8/16 1:17:22,corridor
2025/8/16 1:17:27,middle
2025/8/16 1:17:27,mid-sep
2025/8/16 1:18:32,middle
2025/8/16 1:18:34,corridor
2025/8/16 1:18:37,side
2025/8/16 1:28:08,corridor
2025/8/16 1:28:09,middle
2025/8/16 1:28:10,mid-sep
2025/8/16 1:28:14,middle
2025/8/16 1:28:15,corridor
2025/8/16 1:28:16,side
2025/8/16 1:31:01,corridor
2025/8/16 1:31:01,middle
2025/8/16 1:31:03,mid-sep
2025/8/16 1:31:27,middle
2025/8/16 1:31:28,corridor
2025/8/16 1:31:28,side
2025/8/16 1:32:39,corridor
2025/8/16 1:32:39,middle
2025/8/16 1:32:40,mid-sep
2025/8/16 1:32:53,middle
2025/8/16 1:32:55,corridor
2025/8/16 1:32:56,side
2025/8/16 1:35:48,corridor
2025/8/16 1:35:49,middle
2025/8/16 1:35:50,mid-sep
2025/8/16 1:35:57,middle
2025/8/16 1:35:58,corridor
2025/8/16 1:36:06,side
2025/8/16 1:41:49,corridor
2025/8/16 1:41:50,middle
2025/8/16 1:41:51,mid-sep
2025/8/16 1:41:53,middle
2025/8/16 1:41:53,corridor
2025/8/16 1:41:53,side
2025/8/16 1:46:54,corridor
2025/8/16 1:46:54,middle
2025/8/16 1:46:56,corridor
2025/8/16 1:46:57,side
2025/8/16 1:47:50,corridor
2025/8/16 1:47:54,middle
2025/8/16 1:47:57,mid-sep
2025/8/16 1:48:35,middle
2025/8/16 1:48:36,corridor
2025/8/16 1:48:36,side
2025/8/16 1:48:52,corridor
2025/8/16 1:48:58,side
2025/8/16 1:49:15,corridor
2025/8/16 1:49:30,side
2025/8/16 1:50:52,corridor
2025/8/16 1:50:52,middle
2025/8/16 1:50:53,mid-sep
2025/8/16 1:50:56,middle
2025/8/16 1:51:05,corridor
2025/8/16 1:51:12,side
2025/8/16 1:51:16,corridor
2025/8/16 1:51:16,middle
2025/8/16 1:51:18,mid-sep
2025/8/16 1:51:22,middle
2025/8/16 1:51:23,corridor
2025/8/16 1:51:26,side
2025/8/16 1:51:33,corridor
2025/8/16 1:51:34,middle
2025/8/16 1:51:35,mid-sep
2025/8/16 1:51:38,middle
2025/8/16 1:51:38,corridor
2025/8/16 1:51:38,side
2025/8/16 1:51:51,corridor
2025/8/16 1:51:51,middle
2025/8/16 1:51:53,mid-sep
2025/8/16 1:51:58,middle
2025/8/16 1:51:59,corridor
2025/8/16 1:52:00,side
2025/8/16 1:52:22,corridor
2025/8/16 1:52:22,middle
2025/8/16 1:52:22,mid-sep
2025/8/16 1:52:27,middle
2025/8/16 1:52:30,corridor
2025/8/16 1:52:35,side
2025/8/16 1:53:08,corridor
2025/8/16 1:53:08,middle
2025/8/16 1:53:10,mid-sep
2025/8/16 1:53:12,middle
2025/8/16 1:53:17,corridor
2025/8/16 1:53:21,side
2025/8/16 1:53:31,corridor
2025/8/16 1:53:32,middle
2025/8/16 1:53:35,mid-sep
2025/8/16 1:53:39,middle
2025/8/16 1:54:34,mid-sep
2025/8/16 1:54:38,middle
2025/8/16 1:54:39,corridor
2025/8/16 1:54:51,middle
2025/8/16 1:54:53,mid-sep
2025/8/16 1:55:03,middle
2025/8/16 1:55:19,corridor
2025/8/16 1:55:45,side
2025/8/16 1:56:11,corridor
2025/8/16 1:56:35,side
2025/8/16 1:58:06,corridor
2025/8/16 1:58:07,middle
2025/8/16 1:58:10,mid-sep
2025/8/16 1:59:23,middle
2025/8/16 1:59:24,corridor
2025/8/16 1:59:26,side
2025/8/16 2:05:24,corridor
2025/8/16 2:05:24,middle
2025/8/16 2:05:25,mid-sep
2025/8/16 2:05:56,middle
2025/8/16 2:05:57,corridor
2025/8/16 2:06:00,side
2025/8/16 2:06:31,corridor
2025/8/16 2:06:32,middle
2025/8/16 2:06:32,mid-sep
2025/8/16 2:06:33,middle
2025/8/16 2:07:23,mid-sep
2025/8/16 2:07:30,middle
2025/8/16 2:08:06,mid-sep
2025/8/16 2:08:10,middle
2025/8/16 2:08:23,mid-sep
2025/8/16 2:08:48,middle
2025/8/16 2:09:07,corridor
2025/8/16 2:09:07,side
2025/8/16 2:09:35,corridor
2025/8/16 2:09:40,middle
2025/8/16 2:09:40,mid-sep
2025/8/16 2:09:52,middle
2025/8/16 2:09:53,corridor
2025/8/16 2:09:55,side
2025/8/16 2:10:55,corridor
2025/8/16 2:10:56,middle
2025/8/16 2:10:59,mid-sep
2025/8/16 2:11:30,middle
2025/8/16 2:11:33,corridor
2025/8/16 2:11:35,side
2025/8/16 2:12:51,corridor
2025/8/16 2:12:52,middle
2025/8/16 2:12:54,mid-sep
2025/8/16 2:12:56,middle
2025/8/16 2:13:46,mid-sep
2025/8/16 2:13:53,middle
2025/8/16 2:13:56,corridor
2025/8/16 2:14:00,side
2025/8/16 2:42:50,corridor
2025/8/16 2:42:51,middle
2025/8/16 2:42:52,mid-sep
2025/8/16 2:43:03,middle
2025/8/16 2:43:07,corridor
2025/8/16 2:43:13,middle
2025/8/16 2:43:20,mid-sep
2025/8/16 2:43:21,middle
2025/8/16 2:45:08,mid-sep
2025/8/16 2:46:00,middle
2025/8/16 2:46:01,corridor
2025/8/16 2:46:16,side
2025/8/16 2:46:34,corridor
2025/8/16 2:46:35,middle
2025/8/16 2:46:37,mid-sep
2025/8/16 2:47:05,middle
2025/8/16 2:47:06,corridor
2025/8/16 2:47:10,side
2025/8/16 2:47:43,corridor
2025/8/16 2:47:45,middle
2025/8/16 2:47:47,mid-sep
2025/8/16 2:47:52,middle
2025/8/16 2:47:53,corridor
2025/8/16 2:47:55,side
2025/8/16 2:48:28,corridor
2025/8/16 2:48:32,side
2025/8/16 2:48:51,corridor
2025/8/16 2:48:51,middle
2025/8/16 2:48:53,mid-sep
2025/8/16 2:48:58,middle
2025/8/16 2:48:58,corridor
2025/8/16 2:48:59,side
2025/8/16 2:49:10,corridor
2025/8/16 2:49:10,middle
2025/8/16 2:49:11,mid-sep
2025/8/16 2:49:18,middle
2025/8/16 2:49:18,corridor
2025/8/16 2:49:47,side
2025/8/16 2:50:25,corridor
2025/8/16 2:50:27,middle
2025/8/16 2:50:29,mid-sep
2025/8/16 2:50:40,middle
2025/8/16 2:50:40,corridor
2025/8/16 2:50:42,side
2025/8/16 2:51:43,corridor
2025/8/16 2:51:47,middle
2025/8/16 2:51:49,mid-sep
2025/8/16 2:52:05,middle
2025/8/16 2:52:05,corridor
2025/8/16 2:52:06,side
2025/8/16 2:52:54,corridor
2025/8/16 2:52:55,middle
2025/8/16 2:52:58,mid-sep
2025/8/16 2:53:56,middle
2025/8/16 2:53:56,corridor
2025/8/16 2:54:00,side
2025/8/16 3:01:55,corridor
2025/8/16 3:01:56,middle
2025/8/16 3:01:59,mid-sep
2025/8/16 3:03:49,middle
2025/8/16 3:04:09,corridor
2025/8/16 3:04:14,side
2025/8/16 4:00:32,corridor
2025/8/16 4:00:33,middle
2025/8/16 4:00:36,mid-sep
2025/8/16 4:01:10,middle
2025/8/16 4:01:11,corridor
2025/8/16 4:01:12,side
2025/8/16 4:01:47,corridor
2025/8/16 4:01:50,middle
2025/8/16 4:01:51,mid-sep
2025/8/16 4:01:56,middle
2025/8/16 4:01:56,corridor
2025/8/16 4:01:57,side
2025/8/16 4:02:03,corridor
2025/8/16 4:02:12,side
2025/8/16 4:04:26,corridor
2025/8/16 4:04:27,middle
2025/8/16 4:04:29,mid-sep
2025/8/16 4:04:33,middle
2025/8/16 4:04:33,corridor
2025/8/16 4:04:34,side
2025/8/16 4:06:15,corridor
2025/8/16 4:06:15,middle
2025/8/16 4:06:20,mid-sep
2025/8/16 4:06:28,middle
2025/8/16 4:06:29,corridor
2025/8/16 4:06:29,side
2025/8/16 4:07:53,corridor
2025/8/16 4:07:53,middle
2025/8/16 4:07:55,mid-sep
2025/8/16 4:08:00,middle
2025/8/16 4:08:00,corridor
2025/8/16 4:08:01,side
2025/8/16 4:42:14,corridor
2025/8/16 4:42:15,middle
2025/8/16 4:42:17,mid-sep
2025/8/16 4:42:59,middle
2025/8/16 4:44:44,corridor
2025/8/16 4:44:49,side
2025/8/16 4:44:59,corridor
2025/8/16 4:44:59,middle
2025/8/16 4:45:00,mid-sep
2025/8/16 4:45:07,middle
2025/8/16 4:45:07,corridor
2025/8/16 4:45:08,side
2025/8/16 4:46:57,corridor
2025/8/16 4:46:58,middle
2025/8/16 4:47:00,mid-sep
2025/8/16 4:47:07,middle
2025/8/16 4:47:08,corridor
2025/8/16 4:47:10,side
2025/8/16 4:49:41,corridor
2025/8/16 4:49:42,middle
2025/8/16 4:49:43,mid-sep
2025/8/16 4:49:48,middle
2025/8/16 4:49:51,corridor
2025/8/16 4:49:51,side
2025/8/16 5:08:13,corridor
2025/8/16 5:08:13,middle
2025/8/16 5:08:16,mid-sep
2025/8/16 5:10:25,middle
2025/8/16 5:10:29,corridor
2025/8/16 5:10:31,side
2025/8/16 5:11:15,corridor
2025/8/16 5:11:16,middle
2025/8/16 5:11:17,mid-sep
2025/8/16 5:11:45,middle
2025/8/16 5:11:47,corridor
2025/8/16 5:11:52,side
2025/8/16 5:16:20,corridor
2025/8/16 5:16:20,middle
2025/8/16 5:16:22,mid-sep
2025/8/16 5:16:30,middle
2025/8/16 5:16:32,corridor
2025/8/16 5:16:33,side
2025/8/16 5:23:33,corridor
2025/8/16 5:23:33,middle
2025/8/16 5:23:33,mid-sep
2025/8/16 5:23:37,middle
2025/8/16 5:24:03,corridor
2025/8/16 5:24:05,side
2025/8/16 5:24:13,corridor
2025/8/16 5:24:14,middle
2025/8/16 5:24:16,mid-sep
2025/8/16 5:24:28,middle
2025/8/16 5:24:28,corridor
2025/8/16 5:24:28,side
2025/8/16 5:56:43,corridor
2025/8/16 5:56:43,middle
2025/8/16 5:56:46,mid-sep
2025/8/16 5:57:39,middle
2025/8/16 5:57:40,corridor
2025/8/16 5:57:45,side
2025/8/16 5:57:53,corridor
2025/8/16 5:57:57,middle
2025/8/16 5:57:59,mid-sep
2025/8/16 5:58:22,middle
2025/8/16 5:58:25,corridor
2025/8/16 5:58:27,side
2025/8/16 5:59:00,corridor
2025/8/16 5:59:00,middle
2025/8/16 5:59:04,mid-sep
2025/8/16 6:00:18,middle
2025/8/16 6:00:22,corridor
2025/8/16 6:00:22,side
2025/8/16 6:00:31,corridor
2025/8/16 6:00:34,middle
2025/8/16 6:00:37,mid-sep
2025/8/16 6:01:26,middle
2025/8/16 6:01:35,corridor
2025/8/16 6:01:35,side
2025/8/16 6:05:33,corridor
2025/8/16 6:05:33,middle
2025/8/16 6:05:34,mid-sep
2025/8/16 6:05:49,middle
2025/8/16 6:05:50,corridor
2025/8/16 6:05:50,side
2025/8/16 6:05:55,corridor
2025/8/16 6:05:59,middle
2025/8/16 6:06:00,mid-sep
2025/8/16 6:06:05,middle
2025/8/16 6:06:07,corridor
2025/8/16 6:06:08,side
2025/8/16 6:07:13,corridor
2025/8/16 6:07:20,middle
2025/8/16 6:07:24,mid-sep
2025/8/16 6:07:31,middle
2025/8/16 6:07:32,corridor
2025/8/16 6:07:32,side
2025/8/16 6:08:35,corridor
2025/8/16 6:08:37,middle
2025/8/16 6:08:37,mid-sep
2025/8/16 6:08:39,middle
2025/8/16 6:08:39,corridor
2025/8/16 6:08:39,side
2025/8/16 6:09:47,corridor
2025/8/16 6:09:49,middle
2025/8/16 6:09:49,mid-sep
2025/8/16 6:10:25,middle
2025/8/16 6:10:34,mid-sep
2025/8/16 6:10:58,middle
2025/8/16 6:10:59,corridor
2025/8/16 6:11:00,side
2025/8/16 6:12:26,corridor
2025/8/16 6:12:35,middle
2025/8/16 6:12:37,mid-sep
2025/8/16 6:12:43,middle
2025/8/16 6:12:46,corridor
2025/8/16 6:12:47,side
2025/8/16 6:16:45,corridor
2025/8/16 6:16:46,middle
2025/8/16 6:16:48,mid-sep
2025/8/16 6:17:16,middle
2025/8/16 6:17:17,corridor
2025/8/16 6:17:17,side
2025/8/16 6:17:47,corridor
2025/8/16 6:17:50,middle
2025/8/16 6:17:52,mid-sep
2025/8/16 6:18:42,middle
2025/8/16 6:18:47,corridor
2025/8/16 6:18:48,side
2025/8/16 6:22:03,corridor
2025/8/16 6:22:06,middle
2025/8/16 6:22:09,mid-sep
2025/8/16 6:22:27,middle
2025/8/16 6:22:29,corridor
2025/8/16 6:22:30,side
2025/8/16 6:23:17,corridor
2025/8/16 6:23:31,middle
2025/8/16 6:23:33,mid-sep
2025/8/16 6:23:54,middle
2025/8/16 6:23:54,corridor
2025/8/16 6:23:56,side
2025/8/16 6:24:50,corridor
2025/8/16 6:24:53,middle
2025/8/16 6:24:56,mid-sep
2025/8/16 6:25:05,middle
2025/8/16 6:25:06,corridor
2025/8/16 6:25:06,side
2025/8/16 6:27:09,corridor
2025/8/16 6:27:12,middle
2025/8/16 6:27:17,mid-sep
2025/8/16 6:27:38,middle
2025/8/16 6:27:40,corridor
2025/8/16 6:27:41,side
2025/8/16 6:30:03,corridor
2025/8/16 6:30:06,middle
2025/8/16 6:30:10,mid-sep
2025/8/16 6:31:00,middle
2025/8/16 6:31:01,corridor
2025/8/16 6:31:03,side
2025/8/16 6:38:54,corridor
2025/8/16 6:38:55,middle
2025/8/16 6:38:56,mid-sep
2025/8/16 6:39:16,middle
2025/8/16 6:40:19,mid-sep
2025/8/16 6:40:46,middle
2025/8/16 6:40:46,corridor
2025/8/16 6:40:49,side
2025/8/16 6:41:03,corridor
2025/8/16 6:41:11,side
2025/8/16 6:43:43,corridor
2025/8/16 6:43:53,side
2025/8/16 6:44:27,corridor
2025/8/16 6:44:27,middle
2025/8/16 6:44:29,mid-sep
2025/8/16 6:44:49,middle
2025/8/16 6:44:49,corridor
2025/8/16 6:44:49,side
2025/8/16 6:56:33,corridor
2025/8/16 6:56:35,middle
2025/8/16 6:56:40,corridor
2025/8/16 6:56:42,side
2025/8/16 6:57:21,corridor
2025/8/16 6:57:28,middle
2025/8/16 6:57:29,mid-sep
2025/8/16 6:58:14,middle
2025/8/16 6:58:18,corridor
2025/8/16 6:58:18,side
2025/8/16 7:02:05,corridor
2025/8/16 7:02:12,middle
2025/8/16 7:02:12,mid-sep
2025/8/16 7:02:20,middle
2025/8/16 7:02:26,corridor
2025/8/16 7:02:28,side
2025/8/16 7:03:59,corridor
2025/8/16 7:03:59,middle
2025/8/16 7:04:00,mid-sep
2025/8/16 7:04:01,middle
2025/8/16 7:06:10,corridor
2025/8/16 7:06:21,side
2025/8/16 7:06:34,corridor
2025/8/16 7:06:35,middle
2025/8/16 7:06:38,mid-sep
2025/8/16 7:06:40,middle
2025/8/16 7:06:40,corridor
2025/8/16 7:06:41,side
2025/8/16 7:50:06,corridor
2025/8/16 7:50:06,middle
2025/8/16 7:50:14,mid-sep
2025/8/16 7:50:35,middle
2025/8/16 7:50:37,corridor
2025/8/16 7:50:41,side
2025/8/16 7:52:43,corridor
2025/8/16 7:52:44,middle
2025/8/16 7:52:48,mid-sep
2025/8/16 7:52:50,middle
2025/8/16 7:54:00,mid-sep
2025/8/16 7:54:24,middle
2025/8/16 7:54:25,corridor
2025/8/16 7:54:30,middle
2025/8/16 7:54:31,mid-sep
2025/8/16 7:54:33,middle
2025/8/16 7:54:35,corridor
2025/8/16 7:54:36,side
2025/8/16 7:55:46,corridor
2025/8/16 7:55:46,middle
2025/8/16 7:55:50,mid-sep
2025/8/16 7:56:07,middle
2025/8/16 7:56:12,corridor
2025/8/16 7:56:22,side
2025/8/16 7:56:28,corridor
2025/8/16 7:56:28,middle
2025/8/16 7:56:30,mid-sep
2025/8/16 7:56:36,middle
2025/8/16 7:58:11,corridor
2025/8/16 7:58:15,side
2025/8/16 7:58:27,corridor
2025/8/16 7:58:29,middle
2025/8/16 7:59:00,mid-sep
2025/8/16 7:59:09,middle
2025/8/16 7:59:10,corridor
2025/8/16 7:59:11,side
2025/8/16 8:00:07,corridor
2025/8/16 8:00:09,middle
2025/8/16 8:00:11,mid-sep
2025/8/16 8:01:48,middle
2025/8/16 8:01:52,corridor
2025/8/16 8:01:53,side
2025/8/16 8:02:53,corridor
2025/8/16 8:02:58,middle
2025/8/16 8:03:00,mid-sep
2025/8/16 8:03:12,middle
2025/8/16 8:03:26,corridor
2025/8/16 8:03:27,side
2025/8/16 8:04:44,corridor
2025/8/16 8:05:10,middle
2025/8/16 8:05:23,mid-sep
2025/8/16 8:05:54,middle
2025/8/16 8:05:54,corridor
2025/8/16 8:06:07,side
2025/8/16 8:07:16,corridor
2025/8/16 8:07:17,middle
2025/8/16 8:08:17,mid-sep
2025/8/16 8:08:30,middle
2025/8/16 8:08:32,corridor
2025/8/16 8:08:36,middle
2025/8/16 8:08:38,mid-sep
2025/8/16 8:08:54,middle
2025/8/16 8:08:55,corridor
2025/8/16 8:08:56,side
2025/8/16 8:09:21,corridor
2025/8/16 8:09:23,middle
2025/8/16 8:09:26,mid-sep
2025/8/16 8:09:46,middle
2025/8/16 8:09:57,corridor
2025/8/16 8:10:21,side
2025/8/16 8:12:19,corridor
2025/8/16 8:12:25,middle
2025/8/16 8:12:30,mid-sep
2025/8/16 8:12:51,middle
2025/8/16 8:12:59,corridor
2025/8/16 8:13:12,side
2025/8/16 8:18:38,corridor
2025/8/16 8:18:40,middle
2025/8/16 8:18:43,mid-sep
2025/8/16 8:19:08,middle
2025/8/16 8:19:09,corridor
2025/8/16 8:19:10,side
2025/8/16 8:22:19,corridor
2025/8/16 8:22:24,middle
2025/8/16 8:22:29,mid-sep
2025/8/16 8:22:39,middle
2025/8/16 8:22:41,corridor
2025/8/16 8:22:43,side
2025/8/16 8:25:01,corridor
2025/8/16 8:25:03,middle
2025/8/16 8:25:04,side
2025/8/16 8:25:45,corridor
2025/8/16 8:25:47,side
2025/8/16 8:40:55,corridor
2025/8/16 8:40:58,middle
2025/8/16 8:41:00,mid-sep
2025/8/16 8:41:30,middle
2025/8/16 8:43:39,mid-sep
2025/8/16 8:45:38,middle
2025/8/16 8:45:40,corridor
2025/8/16 8:45:40,side
2025/8/16 8:47:27,corridor
2025/8/16 8:48:06,side
2025/8/16 8:48:21,corridor
2025/8/16 8:48:25,middle
2025/8/16 8:48:27,mid-sep
2025/8/16 8:48:56,middle
2025/8/16 8:48:59,corridor
2025/8/16 8:49:00,side
2025/8/16 8:49:30,corridor
2025/8/16 8:49:34,side
2025/8/16 8:52:02,corridor
2025/8/16 8:52:10,middle
2025/8/16 8:52:12,mid-sep
2025/8/16 8:53:00,middle
2025/8/16 8:53:03,corridor
2025/8/16 8:53:04,side
2025/8/16 8:53:24,corridor
2025/8/16 8:53:28,middle
2025/8/16 8:53:30,mid-sep
2025/8/16 8:53:34,middle
2025/8/16 8:53:36,corridor
2025/8/16 8:53:36,side
2025/8/16 10:02:50,corridor
2025/8/16 10:02:52,middle
2025/8/16 10:02:53,mid-sep
2025/8/16 10:03:41,middle
2025/8/16 10:04:05,corridor
2025/8/16 10:04:05,side
2025/8/16 10:04:29,corridor
2025/8/16 10:04:32,middle
2025/8/16 10:04:35,mid-sep
2025/8/16 10:04:38,middle
2025/8/16 10:05:30,mid-sep
2025/8/16 10:05:38,middle
2025/8/16 10:05:39,corridor
2025/8/16 10:05:41,side
2025/8/16 10:06:22,corridor
2025/8/16 10:06:37,side
2025/8/16 10:07:35,corridor
2025/8/16 10:07:46,side
2025/8/16 10:08:04,corridor
2025/8/16 10:08:05,middle
2025/8/16 10:08:08,mid-sep
2025/8/16 10:08:10,middle
2025/8/16 10:08:10,corridor
2025/8/16 10:08:11,side
2025/8/16 10:09:02,corridor
2025/8/16 10:09:05,middle
2025/8/16 10:09:07,mid-sep
2025/8/16 10:11:31,middle
2025/8/16 10:11:32,corridor
2025/8/16 10:11:32,side
2025/8/16 10:12:21,corridor
2025/8/16 10:12:27,middle
2025/8/16 10:12:29,mid-sep
2025/8/16 10:13:12,middle
2025/8/16 10:13:13,corridor
2025/8/16 10:13:14,side
2025/8/16 10:15:50,corridor
2025/8/16 10:15:52,middle
2025/8/16 10:15:55,mid-sep
2025/8/16 10:16:11,middle
2025/8/16 10:16:12,corridor
2025/8/16 10:16:13,side
2025/8/16 10:18:43,corridor
2025/8/16 10:18:48,middle
2025/8/16 10:18:50,mid-sep
2025/8/16 10:20:46,middle
2025/8/16 10:20:48,corridor
2025/8/16 10:20:49,side
2025/8/16 10:21:37,corridor
2025/8/16 10:21:51,side
2025/8/16 10:22:15,corridor
2025/8/16 10:22:20,middle
2025/8/16 10:22:23,mid-sep
2025/8/16 10:22:46,middle
2025/8/16 10:22:48,corridor
2025/8/16 10:22:50,side
2025/8/16 10:23:21,corridor
2025/8/16 10:23:27,middle
2025/8/16 10:23:30,mid-sep
2025/8/16 10:24:38,middle
2025/8/16 10:25:08,mid-sep
2025/8/16 10:25:10,middle
2025/8/16 10:25:10,corridor
2025/8/16 10:25:11,side
2025/8/16 10:26:25,corridor
2025/8/16 10:26:25,middle
2025/8/16 10:26:29,mid-sep
2025/8/16 10:27:31,middle
2025/8/16 10:27:35,corridor
2025/8/16 10:27:36,side
2025/8/16 10:28:35,corridor
2025/8/16 10:28:49,middle
2025/8/16 10:29:01,corridor
2025/8/16 10:29:01,side
2025/8/16 10:29:37,corridor
2025/8/16 10:29:41,side
2025/8/16 10:31:36,corridor
2025/8/16 10:31:42,middle
2025/8/16 10:31:45,corridor
2025/8/16 10:31:50,middle
2025/8/16 10:32:04,corridor
2025/8/16 10:32:05,side
2025/8/16 10:35:14,corridor
2025/8/16 10:35:33,middle
2025/8/16 10:35:37,mid-sep
2025/8/16 10:36:23,middle
2025/8/16 10:36:28,corridor
2025/8/16 10:36:28,side
2025/8/16 13:10:41,corridor
2025/8/16 13:10:42,middle
2025/8/16 13:10:44,mid-sep
2025/8/16 13:10:50,middle
2025/8/16 13:10:58,mid-sep
2025/8/16 13:11:32,middle
2025/8/16 13:11:34,corridor
2025/8/16 13:11:37,side
2025/8/16 15:24:57,corridor
2025/8/16 15:24:59,middle
2025/8/16 15:25:00,mid-sep
2025/8/16 15:25:18,middle
2025/8/16 15:25:20,corridor
2025/8/16 15:25:25,side
2025/8/16 15:25:37,corridor
2025/8/16 15:25:39,middle
2025/8/16 15:26:26,mid-sep
2025/8/16 15:27:39,middle
2025/8/16 15:27:50,corridor
2025/8/16 15:27:51,side
2025/8/16 15:28:30,corridor
2025/8/16 15:28:30,middle
2025/8/16 15:28:31,mid-sep
2025/8/16 15:28:51,middle
2025/8/16 15:28:57,corridor
2025/8/16 15:28:57,side
2025/8/16 15:29:25,corridor
2025/8/16 15:29:29,side
2025/8/16 15:31:02,corridor
2025/8/16 15:31:07,middle
2025/8/16 15:31:09,mid-sep
2025/8/16 15:31:10,middle
2025/8/16 15:31:11,corridor
2025/8/16 15:31:11,side
2025/8/16 15:32:34,corridor
2025/8/16 15:32:40,side
2025/8/16 15:35:59,corridor
2025/8/16 15:36:01,middle
2025/8/16 15:36:03,mid-sep
2025/8/16 15:36:07,middle
2025/8/16 15:36:08,corridor
2025/8/16 15:36:08,side
2025/8/16 15:36:27,corridor
2025/8/16 15:36:31,middle
2025/8/16 15:36:33,mid-sep
2025/8/16 15:36:35,middle
2025/8/16 15:36:35,corridor
2025/8/16 15:36:35,side
2025/8/16 15:36:58,corridor
2025/8/16 15:37:05,side
2025/8/16 15:37:07,corridor
2025/8/16 15:37:07,middle
2025/8/16 15:37:09,mid-sep
2025/8/16 15:37:13,middle
2025/8/16 15:37:13,corridor
2025/8/16 15:37:13,side
2025/8/16 15:38:38,corridor
2025/8/16 15:38:38,middle
2025/8/16 15:38:40,mid-sep
2025/8/16 15:38:49,middle
2025/8/16 15:39:19,mid-sep
2025/8/16 15:39:40,middle
2025/8/16 15:39:43,corridor
2025/8/16 15:39:44,side
2025/8/16 15:40:52,corridor
2025/8/16 15:40:53,middle
2025/8/16 15:40:53,mid-sep
2025/8/16 15:40:53,middle
2025/8/16 15:40:55,corridor
2025/8/16 15:40:59,side
2025/8/16 16:30:35,corridor
2025/8/16 16:30:36,middle
2025/8/16 16:30:38,mid-sep
2025/8/16 16:31:29,middle
2025/8/16 16:32:03,corridor
2025/8/16 16:32:05,side
2025/8/16 16:33:15,corridor
2025/8/16 16:33:17,middle
2025/8/16 16:33:20,mid-sep
2025/8/16 16:33:24,middle
2025/8/16 16:33:26,corridor
2025/8/16 16:33:27,side
2025/8/16 16:33:47,corridor
2025/8/16 16:33:49,middle
2025/8/16 16:33:51,mid-sep
2025/8/16 16:34:01,middle
2025/8/16 16:34:01,corridor
2025/8/16 16:34:01,side
2025/8/16 16:38:39,corridor
2025/8/16 16:38:40,middle
2025/8/16 16:38:41,mid-sep
2025/8/16 16:38:48,middle
2025/8/16 16:38:49,corridor
2025/8/16 16:38:49,side
2025/8/16 17:06:45,corridor
2025/8/16 17:06:47,middle
2025/8/16 17:06:49,mid-sep
2025/8/16 17:07:54,middle
2025/8/16 17:07:58,mid-sep
2025/8/16 17:08:52,middle
2025/8/16 17:09:12,mid-sep
2025/8/16 17:10:31,middle
2025/8/16 17:10:54,mid-sep
2025/8/16 17:11:13,middle
2025/8/16 17:11:37,corridor
2025/8/16 17:11:39,side
2025/8/16 17:14:05,corridor
2025/8/16 17:14:07,middle
2025/8/16 17:14:08,mid-sep
2025/8/16 17:14:23,middle
2025/8/16 17:14:24,corridor
2025/8/16 17:14:24,side
2025/8/16 17:16:29,corridor
2025/8/16 17:16:35,middle
2025/8/16 17:16:37,mid-sep
2025/8/16 17:16:38,middle
2025/8/16 17:16:39,corridor
2025/8/16 17:16:39,side
2025/8/16 17:17:52,corridor
2025/8/16 17:17:57,middle
2025/8/16 17:17:57,mid-sep
2025/8/16 17:18:17,middle
2025/8/16 17:18:19,corridor
2025/8/16 17:18:20,side
2025/8/16 17:47:54,corridor
2025/8/16 17:47:59,middle
2025/8/16 17:48:00,mid-sep
2025/8/16 17:48:20,middle
2025/8/16 17:48:28,mid-sep
2025/8/16 17:48:31,middle
2025/8/16 17:48:33,corridor
2025/8/16 17:48:34,side
2025/8/16 17:50:50,corridor
2025/8/16 17:50:52,middle
2025/8/16 17:50:53,mid-sep
2025/8/16 17:50:55,middle
2025/8/16 17:50:55,corridor
2025/8/16 17:50:56,side
2025/8/16 17:55:23,corridor
2025/8/16 17:55:24,middle
2025/8/16 17:55:26,mid-sep
2025/8/16 17:56:18,middle
2025/8/16 17:57:02,mid-sep
2025/8/16 17:57:16,middle
2025/8/16 17:57:16,corridor
2025/8/16 17:57:18,side
2025/8/16 17:59:21,corridor
2025/8/16 17:59:25,middle
2025/8/16 17:59:25,mid-sep
2025/8/16 17:59:49,middle
2025/8/16 18:00:31,mid-sep
2025/8/16 18:00:47,middle
2025/8/16 18:03:04,mid-sep
2025/8/16 18:03:15,middle
2025/8/16 18:05:16,mid-sep
2025/8/16 18:06:04,middle
2025/8/16 18:06:09,corridor
2025/8/16 18:06:10,side
2025/8/16 18:06:21,corridor
2025/8/16 18:06:28,middle
2025/8/16 18:06:36,mid-sep
2025/8/16 18:06:48,middle
2025/8/16 18:07:42,mid-sep
2025/8/16 18:08:07,middle
2025/8/16 18:09:09,mid-sep
2025/8/16 18:09:38,middle
2025/8/16 18:11:34,corridor
2025/8/16 18:11:36,side
2025/8/16 18:12:15,corridor
2025/8/16 18:12:17,middle
2025/8/16 18:12:19,mid-sep
2025/8/16 18:12:22,middle
2025/8/16 18:13:16,mid-sep
2025/8/16 18:13:28,middle
2025/8/16 18:14:32,corridor
2025/8/16 18:14:34,side
2025/8/16 18:17:19,corridor
2025/8/16 18:17:24,side
2025/8/16 18:18:02,corridor
2025/8/16 18:18:07,middle
2025/8/16 18:18:15,mid-sep
2025/8/16 18:18:25,middle
2025/8/16 18:18:30,mid-sep
2025/8/16 18:18:31,middle
2025/8/16 18:18:32,corridor
2025/8/16 18:18:33,side
2025/8/16 18:27:45,corridor
2025/8/16 18:27:45,middle
2025/8/16 18:27:46,mid-sep
2025/8/16 18:27:48,middle
2025/8/16 18:29:04,corridor
2025/8/16 18:29:07,side
2025/8/16 18:30:10,corridor
2025/8/16 18:30:11,middle
2025/8/16 18:30:25,mid-sep
2025/8/16 18:32:53,middle
2025/8/16 18:33:14,corridor
2025/8/16 18:33:21,side
2025/8/16 18:33:40,corridor
2025/8/16 18:33:43,middle
2025/8/16 18:33:45,mid-sep
2025/8/16 18:34:48,middle
2025/8/16 18:34:51,corridor
2025/8/16 18:34:51,side
2025/8/16 18:35:53,corridor
2025/8/16 18:35:59,middle
2025/8/16 18:36:04,mid-sep
2025/8/16 18:38:04,middle
2025/8/16 18:38:12,corridor
2025/8/16 18:38:13,side
2025/8/16 18:39:46,corridor
2025/8/16 18:39:50,middle
2025/8/16 18:39:55,mid-sep
2025/8/16 18:40:11,middle
2025/8/16 18:40:11,corridor
2025/8/16 18:40:13,side
2025/8/16 18:57:34,corridor
2025/8/16 18:57:36,middle
2025/8/16 18:57:38,mid-sep
2025/8/16 18:57:40,middle
2025/8/16 18:57:41,corridor
2025/8/16 18:57:43,side
2025/8/16 19:00:36,corridor
2025/8/16 19:00:39,middle
2025/8/16 19:00:40,mid-sep
2025/8/16 19:00:42,middle
2025/8/16 19:00:42,corridor
2025/8/16 19:00:45,side
2025/8/16 19:01:00,corridor
2025/8/16 19:01:00,middle
2025/8/16 19:01:04,mid-sep
2025/8/16 19:01:27,middle
2025/8/16 19:01:27,corridor
2025/8/16 19:01:28,side
2025/8/16 19:03:40,corridor
2025/8/16 19:03:40,middle
2025/8/16 19:03:42,corridor
2025/8/16 19:03:43,side
2025/8/16 19:05:16,corridor
2025/8/16 19:05:16,middle
2025/8/16 19:05:17,mid-sep
2025/8/16 19:05:19,middle
2025/8/16 19:05:20,corridor
2025/8/16 19:05:20,side
2025/8/16 19:06:10,corridor
2025/8/16 19:06:11,middle
2025/8/16 19:06:13,mid-sep
2025/8/16 19:06:36,middle
2025/8/16 19:07:23,mid-sep
2025/8/16 19:07:59,middle
2025/8/16 19:08:08,corridor
2025/8/16 19:08:19,side
2025/8/16 19:10:43,corridor
2025/8/16 19:10:44,middle
2025/8/16 19:10:46,mid-sep
2025/8/16 19:10:53,middle
2025/8/16 19:10:55,corridor
2025/8/16 19:10:57,side
2025/8/16 19:11:29,corridor
2025/8/16 19:11:31,middle
2025/8/16 19:11:34,mid-sep
2025/8/16 19:11:40,middle
2025/8/16 19:11:57,mid-sep
2025/8/16 19:12:29,middle
2025/8/16 19:12:31,corridor
2025/8/16 19:12:31,side
2025/8/16 19:13:26,corridor
2025/8/16 19:13:27,middle
2025/8/16 19:17:29,corridor
2025/8/16 19:17:42,middle
2025/8/16 19:17:43,mid-sep
2025/8/16 19:17:47,middle
2025/8/16 19:19:45,mid-sep
2025/8/16 19:19:59,middle
2025/8/16 19:20:36,mid-sep
2025/8/16 19:21:05,middle
2025/8/16 19:21:25,mid-sep
2025/8/16 19:21:37,middle
2025/8/16 19:23:45,mid-sep
2025/8/16 19:23:49,middle
2025/8/16 19:23:59,corridor
2025/8/16 19:24:01,side
2025/8/16 19:24:06,corridor
2025/8/16 19:24:07,middle
2025/8/16 19:24:07,mid-sep
2025/8/16 19:24:14,middle
2025/8/16 19:24:16,corridor
2025/8/16 19:24:28,middle
2025/8/16 19:24:28,mid-sep
2025/8/16 19:24:31,middle
2025/8/16 19:24:33,corridor
2025/8/16 19:24:39,side
2025/8/16 19:24:47,corridor
2025/8/16 19:24:47,middle
2025/8/16 19:24:50,mid-sep
2025/8/16 19:25:08,middle
2025/8/16 19:25:09,corridor
2025/8/16 19:25:10,side
2025/8/16 19:25:21,corridor
2025/8/16 19:25:21,middle
2025/8/16 19:25:26,mid-sep
2025/8/16 19:25:27,middle
2025/8/16 19:25:30,corridor
2025/8/16 19:25:34,side
2025/8/16 19:25:36,corridor
2025/8/16 19:25:36,middle
2025/8/16 19:25:36,mid-sep
2025/8/16 19:25:39,middle
2025/8/16 19:25:54,corridor
2025/8/16 19:25:57,side
2025/8/16 19:26:09,corridor
2025/8/16 19:26:09,middle
2025/8/16 19:26:26,corridor
2025/8/16 19:26:28,middle
2025/8/16 19:26:28,mid-sep
2025/8/16 19:26:37,middle
2025/8/16 19:26:38,corridor
2025/8/16 19:26:39,side
2025/8/16 19:30:26,corridor
2025/8/16 19:30:26,middle
2025/8/16 19:30:27,mid-sep
2025/8/16 19:30:27,middle
2025/8/16 19:30:28,corridor
2025/8/16 19:30:36,side
2025/8/16 19:30:40,corridor
2025/8/16 19:30:40,middle
2025/8/16 19:30:42,mid-sep
2025/8/16 19:30:43,middle
2025/8/16 19:30:44,corridor
2025/8/16 19:30:49,middle
2025/8/16 19:30:49,mid-sep
2025/8/16 19:31:02,middle
2025/8/16 19:31:03,corridor
2025/8/16 19:31:05,side
2025/8/16 19:31:11,corridor
2025/8/16 19:31:15,middle
2025/8/16 19:31:20,mid-sep
2025/8/16 19:31:22,middle
2025/8/16 19:31:26,corridor
2025/8/16 19:31:28,side
2025/8/16 19:32:06,corridor
2025/8/16 19:32:06,middle
2025/8/16 19:32:10,mid-sep
2025/8/16 19:32:29,middle
2025/8/16 19:32:32,mid-sep
2025/8/16 19:32:35,middle
2025/8/16 19:32:37,corridor
2025/8/16 19:32:38,side
2025/8/16 19:33:47,corridor
2025/8/16 19:33:47,middle
2025/8/16 19:33:48,mid-sep
2025/8/16 19:33:49,middle
2025/8/16 19:33:49,corridor
2025/8/16 19:33:51,side
2025/8/16 19:33:52,corridor
2025/8/16 19:33:52,middle
2025/8/16 19:33:52,mid-sep
2025/8/16 19:33:53,middle
2025/8/16 19:34:22,corridor
2025/8/16 19:34:24,side
2025/8/16 19:34:31,corridor
2025/8/16 19:34:31,middle
2025/8/16 19:34:31,mid-sep
2025/8/16 19:34:32,middle
2025/8/16 19:35:07,mid-sep
2025/8/16 19:35:15,middle
2025/8/16 19:35:51,corridor
2025/8/16 19:36:05,side
2025/8/16 19:38:30,corridor
2025/8/16 19:38:30,middle
2025/8/16 19:38:33,mid-sep
2025/8/16 19:38:37,middle
2025/8/16 19:38:38,corridor
2025/8/16 19:38:38,side
2025/8/16 19:42:46,corridor
2025/8/16 19:42:47,middle
2025/8/16 19:42:49,mid-sep
2025/8/16 19:42:55,middle
2025/8/16 19:42:56,corridor
2025/8/16 19:42:57,side
2025/8/16 19:44:30,corridor
2025/8/16 19:44:33,side
2025/8/16 19:45:16,corridor
2025/8/16 19:45:18,side
2025/8/16 19:46:25,corridor
2025/8/16 19:46:26,middle
2025/8/16 19:46:26,mid-sep
2025/8/16 19:46:40,middle
2025/8/16 19:46:40,corridor
2025/8/16 19:49:44,side
2025/8/16 19:56:33,corridor
2025/8/16 19:56:35,middle
2025/8/16 19:56:36,mid-sep
2025/8/16 19:56:41,middle
2025/8/16 19:56:42,corridor
2025/8/16 19:56:43,side
2025/8/16 20:03:10,corridor
2025/8/16 20:03:10,middle
2025/8/16 20:03:11,mid-sep
2025/8/16 20:03:13,middle
2025/8/16 20:03:14,corridor
2025/8/16 20:03:14,side
2025/8/16 20:04:52,corridor
2025/8/16 20:04:54,middle
2025/8/16 20:04:58,mid-sep
2025/8/16 20:05:11,middle
2025/8/16 20:05:12,corridor
2025/8/16 20:05:14,side
2025/8/16 20:09:23,corridor
2025/8/16 20:09:26,middle
2025/8/16 20:09:27,mid-sep
2025/8/16 20:09:44,middle
2025/8/16 20:09:48,corridor
2025/8/16 20:09:48,side
2025/8/16 20:11:07,corridor
2025/8/16 20:11:16,middle
2025/8/16 20:11:18,mid-sep
2025/8/16 20:11:20,middle
2025/8/16 20:11:20,corridor
2025/8/16 20:11:22,side
2025/8/16 20:11:32,corridor
2025/8/16 20:11:34,middle
2025/8/16 20:11:35,mid-sep
2025/8/16 20:11:40,middle
2025/8/16 20:11:42,corridor
2025/8/16 20:11:44,side
2025/8/16 20:13:01,corridor
2025/8/16 20:13:07,side
2025/8/16 20:13:39,corridor
2025/8/16 20:13:39,middle
2025/8/16 20:13:40,mid-sep
2025/8/16 20:13:46,middle
2025/8/16 20:13:47,corridor
2025/8/16 20:13:47,side
2025/8/16 20:20:11,corridor
2025/8/16 20:20:11,middle
2025/8/16 20:20:15,mid-sep
2025/8/16 20:20:25,middle
2025/8/16 20:20:25,corridor
2025/8/16 20:20:25,side
2025/8/16 20:22:48,corridor
2025/8/16 20:22:52,side
2025/8/16 20:23:08,corridor
2025/8/16 20:23:09,middle
2025/8/16 20:23:11,mid-sep
2025/8/16 20:23:27,middle
2025/8/16 20:23:29,corridor
2025/8/16 20:23:29,side
2025/8/16 20:24:18,corridor
2025/8/16 20:24:20,side
2025/8/16 20:26:57,corridor
2025/8/16 20:26:57,middle
2025/8/16 20:26:57,mid-sep
2025/8/16 20:27:00,middle
2025/8/16 20:27:01,corridor
2025/8/16 20:27:01,side
2025/8/16 20:28:40,corridor
2025/8/16 20:28:44,middle
2025/8/16 20:28:45,mid-sep
2025/8/16 20:28:48,middle
2025/8/16 20:28:49,corridor
2025/8/16 20:28:49,side
2025/8/16 20:30:32,corridor
2025/8/16 20:30:39,middle
2025/8/16 20:30:40,mid-sep
2025/8/16 20:30:46,middle
2025/8/16 20:30:47,corridor
2025/8/16 20:30:47,side
2025/8/16 20:32:11,corridor
2025/8/16 20:32:12,middle
2025/8/16 20:32:14,mid-sep
2025/8/16 20:33:08,middle
2025/8/16 20:33:09,corridor
2025/8/16 20:33:10,side
2025/8/16 20:34:06,corridor
2025/8/16 20:34:18,middle
2025/8/16 20:34:23,mid-sep
2025/8/16 20:34:28,middle
2025/8/16 20:34:29,corridor
2025/8/16 20:34:29,side
2025/8/16 20:36:33,corridor
2025/8/16 20:36:35,middle
2025/8/16 20:36:37,mid-sep
2025/8/16 20:36:46,middle
2025/8/16 20:36:47,corridor
2025/8/16 20:36:47,side
2025/8/16 20:39:39,corridor
2025/8/16 20:39:42,middle
2025/8/16 20:39:45,mid-sep
2025/8/16 20:40:01,middle
2025/8/16 20:40:03,corridor
2025/8/16 20:40:03,side
2025/8/16 20:40:07,corridor
2025/8/16 20:40:07,middle
2025/8/16 20:40:10,mid-sep
2025/8/16 20:40:28,middle
2025/8/16 20:40:28,corridor
2025/8/16 20:40:28,side
2025/8/16 20:40:57,corridor
2025/8/16 20:40:59,side
2025/8/16 20:41:32,corridor
2025/8/16 20:41:32,middle
2025/8/16 20:41:36,mid-sep
2025/8/16 20:41:40,middle
2025/8/16 20:41:41,corridor
2025/8/16 20:41:41,side
2025/8/16 20:47:40,corridor
2025/8/16 20:47:45,side
2025/8/16 20:49:00,corridor
2025/8/16 20:49:01,middle
2025/8/16 20:49:02,mid-sep
2025/8/16 20:49:05,middle
2025/8/16 20:49:06,corridor
2025/8/16 20:49:08,side
2025/8/16 20:49:20,corridor
2025/8/16 20:49:20,middle
2025/8/16 20:49:23,mid-sep
2025/8/16 20:49:32,middle
2025/8/16 20:49:33,corridor
2025/8/16 20:49:50,side
2025/8/16 20:49:56,corridor
2025/8/16 20:49:58,middle
2025/8/16 20:49:58,mid-sep
2025/8/16 20:49:59,middle
2025/8/16 20:50:00,corridor
2025/8/16 20:50:01,side
2025/8/16 20:52:50,corridor
2025/8/16 20:52:55,middle
2025/8/16 20:52:57,mid-sep
2025/8/16 20:53:00,middle
2025/8/16 20:53:01,corridor
2025/8/16 20:53:01,side
2025/8/16 20:53:34,corridor
2025/8/16 20:53:37,side
2025/8/16 20:55:19,corridor
2025/8/16 20:55:23,middle
2025/8/16 20:55:26,corridor
2025/8/16 20:55:26,side
2025/8/16 21:01:13,corridor
2025/8/16 21:01:13,middle
2025/8/16 21:01:16,mid-sep
2025/8/16 21:01:30,middle
2025/8/16 21:01:31,corridor
2025/8/16 21:01:33,side
2025/8/16 21:01:42,corridor
2025/8/16 21:01:42,middle
2025/8/16 21:01:43,mid-sep
2025/8/16 21:01:47,middle
2025/8/16 21:01:52,corridor
2025/8/16 21:01:55,side
2025/8/16 21:02:04,corridor
2025/8/16 21:02:04,middle
2025/8/16 21:02:05,mid-sep
2025/8/16 21:02:11,middle
2025/8/16 21:02:30,corridor
2025/8/16 21:02:33,side
2025/8/16 21:02:37,corridor
2025/8/16 21:02:39,middle
2025/8/16 21:02:41,mid-sep
2025/8/16 21:02:52,middle
2025/8/16 21:02:53,corridor
2025/8/16 21:02:54,side
2025/8/16 21:05:39,corridor
2025/8/16 21:05:40,middle
2025/8/16 21:05:40,mid-sep
2025/8/16 21:05:41,middle
2025/8/16 21:05:41,corridor
2025/8/16 21:05:41,side
2025/8/16 21:16:15,corridor
2025/8/16 21:16:21,middle
2025/8/16 21:16:22,mid-sep
2025/8/16 21:16:33,middle
2025/8/16 21:16:35,corridor
2025/8/16 21:16:36,side
2025/8/16 21:17:21,corridor
2025/8/16 21:17:25,middle
2025/8/16 21:17:27,mid-sep
2025/8/16 21:17:31,middle
2025/8/16 21:17:32,corridor
2025/8/16 21:17:33,side
2025/8/16 21:18:55,corridor
2025/8/16 21:18:55,middle
2025/8/16 21:18:57,mid-sep
2025/8/16 21:19:46,middle
2025/8/16 21:19:55,corridor
2025/8/16 21:19:59,side
2025/8/16 21:20:06,corridor
2025/8/16 21:20:07,middle
2025/8/16 21:20:10,mid-sep
2025/8/16 21:20:11,middle
2025/8/16 21:20:11,corridor
2025/8/16 21:20:12,side
2025/8/16 21:20:44,corridor
2025/8/16 21:20:46,middle
2025/8/16 21:20:49,mid-sep
2025/8/16 21:21:41,middle
2025/8/16 21:21:43,corridor
2025/8/16 21:21:48,side
2025/8/16 21:21:55,corridor
2025/8/16 21:21:56,middle
2025/8/16 21:21:57,mid-sep
2025/8/16 21:22:00,middle
2025/8/16 21:22:01,corridor
2025/8/16 21:22:02,side
2025/8/16 21:25:53,corridor
2025/8/16 21:25:53,middle
2025/8/16 21:25:56,mid-sep
2025/8/16 21:26:17,middle
2025/8/16 21:26:18,corridor
2025/8/16 21:26:23,side
2025/8/16 21:26:29,corridor
2025/8/16 21:26:30,middle
2025/8/16 21:26:31,mid-sep
2025/8/16 21:26:42,middle
2025/8/16 21:26:44,corridor
2025/8/16 21:26:45,side
2025/8/16 21:28:30,corridor
2025/8/16 21:28:30,middle
2025/8/16 21:28:31,mid-sep
2025/8/16 21:28:33,middle
2025/8/16 21:28:42,corridor
2025/8/16 21:29:45,side
2025/8/16 21:29:48,corridor
2025/8/16 21:29:49,middle
2025/8/16 21:29:50,mid-sep
2025/8/16 21:29:51,middle
2025/8/16 21:30:01,corridor
2025/8/16 21:30:03,side
2025/8/16 21:30:13,corridor
2025/8/16 21:30:15,middle
2025/8/16 21:30:15,mid-sep
2025/8/16 21:30:16,middle
2025/8/16 21:30:37,mid-sep
2025/8/16 21:30:45,middle
2025/8/16 21:30:45,corridor
2025/8/16 21:30:46,side
2025/8/16 21:40:10,corridor
2025/8/16 21:40:15,middle
2025/8/16 21:40:18,mid-sep
2025/8/16 21:40:33,middle
2025/8/16 21:40:34,corridor
2025/8/16 21:40:35,side
2025/8/16 21:41:49,corridor
2025/8/16 21:41:50,middle
2025/8/16 21:41:52,mid-sep
2025/8/16 21:43:03,middle
2025/8/16 21:43:05,corridor
2025/8/16 21:43:09,side
2025/8/16 21:43:22,corridor
2025/8/16 21:43:23,middle
2025/8/16 21:43:23,mid-sep
2025/8/16 21:43:29,middle
2025/8/16 21:43:34,corridor
2025/8/16 21:43:36,side
2025/8/16 22:20:44,corridor
2025/8/16 22:20:45,middle
2025/8/16 22:20:47,mid-sep
2025/8/16 22:20:59,middle
2025/8/16 22:21:06,corridor
2025/8/16 22:21:13,side
2025/8/16 22:22:11,corridor
2025/8/16 22:22:12,middle
2025/8/16 22:22:13,mid-sep
2025/8/16 22:22:18,middle
2025/8/16 22:22:18,corridor
2025/8/16 22:22:18,side
2025/8/16 22:27:36,corridor
2025/8/16 22:27:41,middle
2025/8/16 22:27:44,mid-sep
2025/8/16 22:27:52,middle
2025/8/16 22:27:53,corridor
2025/8/16 22:27:53,side
2025/8/16 22:40:44,corridor
2025/8/16 22:40:46,middle
2025/8/16 22:40:49,mid-sep
2025/8/16 22:42:05,middle
2025/8/16 22:42:15,corridor
2025/8/16 22:42:16,side
2025/8/16 22:42:31,corridor
2025/8/16 22:42:32,middle
2025/8/16 22:42:33,mid-sep
2025/8/16 22:42:48,middle
2025/8/16 22:43:45,corridor
2025/8/16 22:43:47,side
2025/8/16 22:44:16,corridor
2025/8/16 22:44:16,middle
2025/8/16 22:44:18,mid-sep
2025/8/16 22:44:27,middle
2025/8/16 22:44:33,corridor
2025/8/16 22:44:41,side
2025/8/16 22:44:47,corridor
2025/8/16 22:44:47,middle
2025/8/16 22:44:50,mid-sep
2025/8/16 22:44:51,middle
2025/8/16 22:45:06,mid-sep
2025/8/16 22:45:16,middle
2025/8/16 22:45:18,corridor
2025/8/16 22:45:18,side
2025/8/16 22:46:22,corridor
2025/8/16 22:46:24,middle
2025/8/16 22:46:25,mid-sep
2025/8/16 22:47:35,middle
2025/8/16 22:47:37,corridor
2025/8/16 22:47:40,side
2025/8/16 23:08:06,corridor
2025/8/16 23:08:07,middle
2025/8/16 23:08:09,mid-sep
2025/8/16 23:08:27,middle
2025/8/16 23:09:36,corridor
2025/8/16 23:09:39,side
2025/8/16 23:10:28,corridor
2025/8/16 23:10:29,middle
2025/8/16 23:10:30,mid-sep
2025/8/16 23:11:34,middle
2025/8/16 23:11:37,corridor
2025/8/16 23:11:40,side
2025/8/16 23:17:58,corridor
2025/8/16 23:17:59,middle
2025/8/16 23:18:01,mid-sep
2025/8/16 23:18:20,middle
2025/8/16 23:18:21,corridor
2025/8/16 23:18:28,side
2025/8/16 23:32:59,corridor
2025/8/16 23:32:59,middle
2025/8/16 23:32:59,mid-sep
2025/8/16 23:33:01,middle
2025/8/16 23:33:02,corridor
2025/8/16 23:33:05,side
2025/8/16 23:33:09,corridor
2025/8/16 23:33:10,middle
2025/8/16 23:33:11,mid-sep
2025/8/16 23:33:13,middle
2025/8/16 23:33:13,corridor
2025/8/16 23:33:14,side
2025/8/16 23:35:50,corridor
2025/8/16 23:35:51,middle
2025/8/16 23:36:17,corridor
2025/8/16 23:36:18,side
2025/8/16 23:38:44,corridor
2025/8/16 23:38:44,middle
2025/8/16 23:38:45,mid-sep
2025/8/16 23:40:02,middle
2025/8/16 23:40:05,corridor
2025/8/16 23:40:06,side
2025/8/16 23:40:32,corridor
2025/8/16 23:40:32,middle
2025/8/16 23:41:18,mid-sep
2025/8/16 23:41:30,middle
2025/8/16 23:41:32,corridor
2025/8/16 23:41:32,side
2025/8/16 23:43:01,corridor
2025/8/16 23:43:02,middle
2025/8/16 23:43:04,corridor
2025/8/16 23:43:05,side
2025/8/16 23:43:45,corridor
2025/8/16 23:43:45,middle
2025/8/16 23:43:47,mid-sep
2025/8/16 23:43:49,middle
2025/8/16 23:43:50,corridor
2025/8/16 23:43:51,side
2025/8/16 23:43:57,corridor
2025/8/16 23:43:58,middle
2025/8/16 23:44:00,mid-sep
2025/8/16 23:44:04,middle
2025/8/16 23:44:05,corridor
2025/8/16 23:44:05,side
2025/8/16 23:50:32,corridor
2025/8/16 23:50:35,middle
2025/8/16 23:50:38,mid-sep
2025/8/16 23:50:58,middle
2025/8/16 23:53:09,mid-sep
2025/8/16 23:53:17,middle
2025/8/16 23:53:37,corridor
2025/8/16 23:53:41,side
2025/8/16 23:55:47,corridor
2025/8/16 23:55:47,middle
2025/8/16 23:55:48,mid-sep
2025/8/16 23:55:53,middle
2025/8/16 23:55:54,corridor
2025/8/16 23:55:56,side
2025/8/17 0:34:42,corridor
2025/8/17 0:34:43,middle
2025/8/17 0:34:44,mid-sep
2025/8/17 0:36:00,middle
2025/8/17 0:36:05,corridor
2025/8/17 0:36:15,side
2025/8/17 0:40:29,corridor
2025/8/17 0:40:30,middle
2025/8/17 0:40:30,mid-sep
2025/8/17 0:40:37,middle
2025/8/17 0:43:31,corridor
2025/8/17 0:43:35,side
2025/8/17 0:44:46,corridor
2025/8/17 0:44:51,middle
2025/8/17 0:44:55,mid-sep
2025/8/17 0:44:58,middle
2025/8/17 0:45:01,corridor
2025/8/17 0:45:01,side
2025/8/17 0:46:37,corridor
2025/8/17 0:46:37,middle
2025/8/17 0:46:39,mid-sep
2025/8/17 0:46:58,middle
2025/8/17 0:46:59,corridor
2025/8/17 0:46:59,side
2025/8/17 0:48:04,corridor
2025/8/17 0:48:11,middle
2025/8/17 0:48:14,mid-sep
2025/8/17 0:48:16,middle
2025/8/17 0:48:17,corridor
2025/8/17 0:48:26,side
2025/8/17 0:48:40,corridor
2025/8/17 0:48:43,side
2025/8/17 0:48:57,corridor
2025/8/17 0:49:01,middle
2025/8/17 0:49:04,mid-sep
2025/8/17 0:49:05,middle
2025/8/17 0:49:06,corridor
2025/8/17 0:49:06,side
2025/8/17 0:49:54,corridor
2025/8/17 0:50:01,middle
2025/8/17 0:50:07,mid-sep
2025/8/17 0:50:16,middle
2025/8/17 0:50:19,corridor
2025/8/17 0:50:22,side
2025/8/17 0:51:08,corridor
2025/8/17 0:51:15,middle
2025/8/17 0:51:17,mid-sep
2025/8/17 0:51:19,middle
2025/8/17 0:51:19,corridor
2025/8/17 0:51:19,side
2025/8/17 0:51:56,corridor
2025/8/17 0:51:56,middle
2025/8/17 0:51:57,mid-sep
2025/8/17 0:52:28,middle
2025/8/17 0:53:04,mid-sep
2025/8/17 0:53:24,middle
2025/8/17 0:53:28,corridor
2025/8/17 0:53:31,side
2025/8/17 0:54:23,corridor
2025/8/17 0:54:41,middle
2025/8/17 0:54:46,mid-sep
2025/8/17 0:55:02,middle
2025/8/17 0:55:02,corridor
2025/8/17 0:55:03,side
2025/8/17 0:56:35,corridor
2025/8/17 0:56:40,middle
2025/8/17 0:56:44,mid-sep
2025/8/17 0:56:44,middle
2025/8/17 0:56:45,corridor
2025/8/17 0:56:45,side
2025/8/17 0:59:32,corridor
2025/8/17 0:59:32,middle
2025/8/17 0:59:34,mid-sep
2025/8/17 0:59:37,middle
2025/8/17 0:59:37,corridor
2025/8/17 0:59:37,side
2025/8/17 1:02:28,corridor
2025/8/17 1:02:30,middle
2025/8/17 1:02:33,mid-sep
2025/8/17 1:03:42,middle
2025/8/17 1:03:46,corridor
2025/8/17 1:03:46,side
2025/8/17 1:04:03,corridor
2025/8/17 1:04:03,middle
2025/8/17 1:04:04,mid-sep
2025/8/17 1:04:14,middle
2025/8/17 1:04:16,corridor
2025/8/17 1:04:16,side
2025/8/17 1:04:19,corridor
2025/8/17 1:04:25,side
2025/8/17 1:05:17,corridor
2025/8/17 1:05:17,middle
2025/8/17 1:05:19,mid-sep
2025/8/17 1:05:23,middle
2025/8/17 1:05:24,corridor
2025/8/17 1:05:24,side
2025/8/17 1:07:18,corridor
2025/8/17 1:07:19,middle
2025/8/17 1:07:20,mid-sep
2025/8/17 1:07:23,middle
2025/8/17 1:07:23,corridor
2025/8/17 1:07:24,side
2025/8/17 1:10:19,corridor
2025/8/17 1:10:20,middle
2025/8/17 1:10:21,mid-sep
2025/8/17 1:10:28,middle
2025/8/17 1:10:29,corridor
2025/8/17 1:10:29,side
2025/8/17 1:11:25,corridor
2025/8/17 1:11:32,middle
2025/8/17 1:11:33,mid-sep
2025/8/17 1:12:01,middle
2025/8/17 1:12:02,corridor
2025/8/17 1:12:02,side
2025/8/17 1:17:24,corridor
2025/8/17 1:17:25,middle
2025/8/17 1:17:25,mid-sep
2025/8/17 1:17:27,middle
2025/8/17 1:17:28,corridor
2025/8/17 1:17:29,side
2025/8/17 1:17:32,corridor
2025/8/17 1:17:33,middle
2025/8/17 1:17:33,mid-sep
2025/8/17 1:17:38,middle
2025/8/17 1:17:38,corridor
2025/8/17 1:17:40,side
2025/8/17 1:18:38,corridor
2025/8/17 1:18:41,middle
2025/8/17 1:18:45,mid-sep
2025/8/17 1:19:11,middle
2025/8/17 1:19:40,mid-sep
2025/8/17 1:20:46,middle
2025/8/17 1:20:51,corridor
2025/8/17 1:20:53,side
2025/8/17 1:21:22,corridor
2025/8/17 1:21:32,middle
2025/8/17 1:22:34,mid-sep
2025/8/17 1:22:55,middle
2025/8/17 1:23:03,corridor
2025/8/17 1:23:05,side
2025/8/17 1:23:10,corridor
2025/8/17 1:23:11,middle
2025/8/17 1:23:11,mid-sep
2025/8/17 1:23:59,middle
2025/8/17 1:24:02,corridor
2025/8/17 1:24:03,side
2025/8/17 1:24:18,corridor
2025/8/17 1:24:20,middle
2025/8/17 1:24:24,mid-sep
2025/8/17 1:24:56,middle
2025/8/17 1:24:57,corridor
2025/8/17 1:24:58,side
2025/8/17 1:33:12,corridor
2025/8/17 1:33:13,middle
2025/8/17 1:33:15,mid-sep
2025/8/17 1:34:50,middle
2025/8/17 1:35:10,corridor
2025/8/17 1:35:10,side
2025/8/17 1:52:24,corridor
2025/8/17 1:52:27,middle
2025/8/17 1:52:29,mid-sep
2025/8/17 1:53:28,middle
2025/8/17 1:55:00,mid-sep
2025/8/17 1:55:12,middle
2025/8/17 1:55:13,corridor
2025/8/17 1:55:28,side
2025/8/17 1:56:05,corridor
2025/8/17 1:56:07,middle
2025/8/17 1:56:09,mid-sep
2025/8/17 1:56:21,middle
2025/8/17 1:56:21,corridor
2025/8/17 1:56:21,side
2025/8/17 2:41:26,corridor
2025/8/17 2:41:27,middle
2025/8/17 2:41:29,mid-sep
2025/8/17 2:42:02,middle
2025/8/17 2:42:03,corridor
2025/8/17 2:42:08,side
2025/8/17 2:42:11,corridor
2025/8/17 2:42:11,middle
2025/8/17 2:42:13,mid-sep
2025/8/17 2:42:16,middle
2025/8/17 2:42:19,corridor
2025/8/17 2:42:21,side
2025/8/17 2:43:22,corridor
2025/8/17 2:43:22,middle
2025/8/17 2:43:52,corridor
2025/8/17 2:43:53,side
2025/8/17 2:46:20,corridor
2025/8/17 2:46:21,middle
2025/8/17 2:46:22,mid-sep
2025/8/17 2:46:24,middle
2025/8/17 2:46:27,corridor
2025/8/17 2:46:28,side
2025/8/17 2:46:31,corridor
2025/8/17 2:46:31,middle
2025/8/17 2:46:32,mid-sep
2025/8/17 2:46:46,middle
2025/8/17 2:46:48,corridor
2025/8/17 2:46:49,side
2025/8/17 2:48:07,corridor
2025/8/17 2:48:08,middle
2025/8/17 2:48:09,mid-sep
2025/8/17 2:48:14,middle
2025/8/17 2:48:16,corridor
2025/8/17 2:48:17,side
2025/8/17 3:01:05,corridor
2025/8/17 3:01:06,middle
2025/8/17 3:01:07,mid-sep
2025/8/17 3:01:11,middle
2025/8/17 3:01:17,corridor
2025/8/17 3:01:19,side
2025/8/17 3:20:21,corridor
2025/8/17 3:20:21,middle
2025/8/17 3:20:22,mid-sep
2025/8/17 3:20:24,middle
2025/8/17 3:20:32,corridor
2025/8/17 3:20:34,side
2025/8/17 3:24:47,corridor
2025/8/17 3:24:48,middle
2025/8/17 3:24:50,mid-sep
2025/8/17 3:24:55,middle
2025/8/17 3:25:19,mid-sep
2025/8/17 3:25:27,middle
2025/8/17 3:25:28,corridor
2025/8/17 3:25:31,side
2025/8/17 3:41:06,corridor
2025/8/17 3:41:07,middle
2025/8/17 3:41:09,mid-sep
2025/8/17 3:42:36,middle
2025/8/17 3:42:41,corridor
2025/8/17 3:42:51,side
2025/8/17 3:44:49,corridor
2025/8/17 3:44:51,middle
2025/8/17 3:44:53,mid-sep
2025/8/17 3:44:59,middle
2025/8/17 3:45:04,corridor
2025/8/17 3:45:05,side
2025/8/17 4:18:15,corridor
2025/8/17 4:18:15,middle
2025/8/17 4:18:17,mid-sep
2025/8/17 4:18:25,middle
2025/8/17 4:18:35,corridor
2025/8/17 4:18:58,middle
2025/8/17 4:18:58,mid-sep
2025/8/17 4:18:59,middle
2025/8/17 4:19:05,corridor
2025/8/17 4:19:11,side
2025/8/17 4:19:19,corridor
2025/8/17 4:19:20,middle
2025/8/17 4:19:45,corridor
2025/8/17 4:19:57,middle
2025/8/17 4:19:58,mid-sep
2025/8/17 4:20:00,middle
2025/8/17 4:20:01,corridor
2025/8/17 4:20:10,side
2025/8/17 4:21:16,corridor
2025/8/17 4:21:16,middle
2025/8/17 4:21:16,mid-sep
2025/8/17 4:21:17,middle
2025/8/17 4:21:47,corridor
2025/8/17 4:22:12,side
2025/8/17 5:26:25,corridor
2025/8/17 5:26:25,middle
2025/8/17 5:26:27,mid-sep
2025/8/17 5:26:43,middle
2025/8/17 5:26:46,corridor
2025/8/17 5:26:49,side
2025/8/17 5:29:32,corridor
2025/8/17 5:29:35,side
2025/8/17 5:30:05,corridor
2025/8/17 5:30:05,middle
2025/8/17 5:30:07,corridor
2025/8/17 5:30:07,side
2025/8/17 5:31:15,corridor
2025/8/17 5:31:15,middle
2025/8/17 5:31:17,mid-sep
2025/8/17 5:31:30,middle
2025/8/17 5:31:30,corridor
2025/8/17 5:31:30,side
2025/8/17 5:33:35,corridor
2025/8/17 5:33:37,middle
2025/8/17 5:33:39,mid-sep
2025/8/17 5:33:42,middle
2025/8/17 5:33:42,corridor
2025/8/17 5:33:42,side
2025/8/17 6:10:21,corridor
2025/8/17 6:10:22,middle
2025/8/17 6:10:25,mid-sep
2025/8/17 6:10:30,middle
2025/8/17 6:10:32,corridor
2025/8/17 6:10:33,side
2025/8/17 6:12:04,corridor
2025/8/17 6:12:12,middle
2025/8/17 6:12:14,mid-sep
2025/8/17 6:12:56,middle
2025/8/17 6:12:57,corridor
2025/8/17 6:12:57,side
2025/8/17 6:13:07,corridor
2025/8/17 6:13:11,side
2025/8/17 6:13:36,corridor
2025/8/17 6:13:36,middle
2025/8/17 6:13:38,mid-sep
2025/8/17 6:14:39,middle
2025/8/17 6:15:31,mid-sep
2025/8/17 6:15:46,middle
2025/8/17 6:15:47,corridor
2025/8/17 6:15:48,side
2025/8/17 6:15:53,corridor
2025/8/17 6:15:53,middle
2025/8/17 6:15:55,mid-sep
2025/8/17 6:16:04,middle
2025/8/17 6:16:10,corridor
2025/8/17 6:16:11,side
2025/8/17 6:18:36,corridor
2025/8/17 6:18:38,middle
2025/8/17 6:18:40,corridor
2025/8/17 6:18:41,side
2025/8/17 6:19:11,corridor
2025/8/17 6:19:12,middle
2025/8/17 6:19:15,mid-sep
2025/8/17 6:19:19,middle
2025/8/17 6:19:20,corridor
2025/8/17 6:19:20,side
2025/8/17 6:21:53,corridor
2025/8/17 6:21:53,middle
2025/8/17 6:21:55,mid-sep
2025/8/17 6:22:13,middle
2025/8/17 6:22:13,corridor
2025/8/17 6:22:17,side
2025/8/17 6:22:55,corridor
2025/8/17 6:22:55,middle
2025/8/17 6:22:58,mid-sep
2025/8/17 6:22:59,middle
2025/8/17 6:23:00,corridor
2025/8/17 6:23:01,side
2025/8/17 6:26:50,corridor
2025/8/17 6:26:54,middle
2025/8/17 6:26:55,corridor
2025/8/17 6:26:58,side
2025/8/17 6:27:54,corridor
2025/8/17 6:28:02,middle
2025/8/17 6:28:02,mid-sep
2025/8/17 6:28:57,middle
2025/8/17 6:29:58,mid-sep
2025/8/17 6:30:00,middle
2025/8/17 6:30:41,mid-sep
2025/8/17 6:31:04,middle
2025/8/17 6:31:39,corridor
2025/8/17 6:31:42,side
2025/8/17 6:32:26,corridor
2025/8/17 6:32:29,side
2025/8/17 6:32:48,corridor
2025/8/17 6:32:59,middle
2025/8/17 6:33:00,mid-sep
2025/8/17 6:33:02,middle
2025/8/17 6:33:02,corridor
2025/8/17 6:33:03,side
2025/8/17 6:35:53,corridor
2025/8/17 6:35:53,middle
2025/8/17 6:35:56,mid-sep
2025/8/17 6:36:14,middle
2025/8/17 6:36:25,corridor
2025/8/17 6:36:25,side
2025/8/17 6:36:46,corridor
2025/8/17 6:36:50,middle
2025/8/17 6:36:51,mid-sep
2025/8/17 6:36:52,middle
2025/8/17 6:36:53,corridor
2025/8/17 6:36:54,side
2025/8/17 6:36:55,corridor
2025/8/17 6:36:57,middle
2025/8/17 6:36:57,mid-sep
2025/8/17 6:38:17,middle
2025/8/17 6:38:18,corridor
2025/8/17 6:38:24,side
2025/8/17 6:38:46,corridor
2025/8/17 6:38:53,middle
2025/8/17 6:38:56,mid-sep
2025/8/17 6:39:08,middle
2025/8/17 6:39:11,corridor
2025/8/17 6:39:12,side
2025/8/17 6:41:52,corridor
2025/8/17 6:41:54,middle
2025/8/17 6:41:54,mid-sep
2025/8/17 6:41:59,middle
2025/8/17 6:42:01,corridor
2025/8/17 6:42:01,side
2025/8/17 6:43:50,corridor
2025/8/17 6:44:00,side
2025/8/17 6:46:48,corridor
2025/8/17 6:46:50,middle
2025/8/17 6:46:51,mid-sep
2025/8/17 6:46:54,middle
2025/8/17 6:46:55,corridor
2025/8/17 6:46:56,side
2025/8/17 7:14:59,corridor
2025/8/17 7:15:00,middle
2025/8/17 7:15:01,mid-sep
2025/8/17 7:15:14,middle
2025/8/17 7:15:17,corridor
2025/8/17 7:15:18,side
2025/8/17 7:15:54,corridor
2025/8/17 7:15:59,middle
2025/8/17 7:16:01,mid-sep
2025/8/17 7:16:37,middle
2025/8/17 7:16:38,corridor
2025/8/17 7:16:40,side
2025/8/17 8:02:11,corridor
2025/8/17 8:02:14,middle
2025/8/17 8:02:18,mid-sep
2025/8/17 8:02:42,middle
2025/8/17 8:03:31,corridor
2025/8/17 8:03:32,side
2025/8/17 8:06:57,corridor
2025/8/17 8:07:00,middle
2025/8/17 8:07:03,mid-sep
2025/8/17 8:08:21,middle
2025/8/17 8:08:36,corridor
2025/8/17 8:08:37,side
2025/8/17 8:08:54,corridor
2025/8/17 8:08:58,middle
2025/8/17 8:09:00,mid-sep
2025/8/17 8:09:03,middle
2025/8/17 8:09:09,mid-sep
2025/8/17 8:09:16,middle
2025/8/17 8:09:19,corridor
2025/8/17 8:09:20,side
2025/8/17 8:09:46,corridor
2025/8/17 8:09:49,middle
2025/8/17 8:09:52,mid-sep
2025/8/17 8:10:02,middle
2025/8/17 8:10:02,corridor
2025/8/17 8:10:02,side
2025/8/17 8:10:51,corridor
2025/8/17 8:10:53,middle
2025/8/17 8:10:57,mid-sep
2025/8/17 8:11:19,middle
2025/8/17 8:11:23,corridor
2025/8/17 8:11:24,side
2025/8/17 8:11:27,corridor
2025/8/17 8:11:27,middle
2025/8/17 8:11:31,mid-sep
2025/8/17 8:11:37,middle
2025/8/17 8:11:45,corridor
2025/8/17 8:11:48,side
2025/8/17 8:13:50,corridor
2025/8/17 8:13:59,middle
2025/8/17 8:14:00,mid-sep
2025/8/17 8:14:10,middle
2025/8/17 8:14:12,corridor
2025/8/17 8:14:12,side
2025/8/17 8:14:37,corridor
2025/8/17 8:14:39,middle
2025/8/17 8:14:40,mid-sep
2025/8/17 8:14:53,middle
2025/8/17 8:15:12,mid-sep
2025/8/17 8:15:22,middle
2025/8/17 8:15:23,corridor
2025/8/17 8:15:23,side
2025/8/17 8:16:21,corridor
2025/8/17 8:16:28,middle
2025/8/17 8:16:30,mid-sep
2025/8/17 8:16:49,middle
2025/8/17 8:16:49,corridor
2025/8/17 8:16:50,side
2025/8/17 8:16:55,corridor
2025/8/17 8:17:26,middle
2025/8/17 8:17:28,corridor
2025/8/17 8:17:29,side
2025/8/17 8:17:43,corridor
2025/8/17 8:17:53,middle
2025/8/17 8:17:54,mid-sep
2025/8/17 8:18:09,middle
2025/8/17 8:18:12,corridor
2025/8/17 8:18:13,side
2025/8/17 8:20:22,corridor
2025/8/17 8:20:32,middle
2025/8/17 8:20:36,corridor
2025/8/17 8:20:37,side
2025/8/17 8:21:48,corridor
2025/8/17 8:21:48,middle
2025/8/17 8:21:51,mid-sep
2025/8/17 8:22:03,middle
2025/8/17 8:22:04,corridor
2025/8/17 8:22:05,side
2025/8/17 8:22:09,corridor
2025/8/17 8:22:17,middle
2025/8/17 8:22:18,mid-sep
2025/8/17 8:22:21,middle
2025/8/17 8:22:21,corridor
2025/8/17 8:22:21,side
2025/8/17 8:26:35,corridor
2025/8/17 8:26:48,side
2025/8/17 8:29:30,corridor
2025/8/17 8:29:48,side
2025/8/17 8:29:57,corridor
2025/8/17 8:30:01,middle
2025/8/17 8:30:02,mid-sep
2025/8/17 8:30:31,middle
2025/8/17 8:30:47,mid-sep
2025/8/17 8:31:05,middle
2025/8/17 8:31:45,mid-sep
2025/8/17 8:31:53,middle
2025/8/17 8:32:12,corridor
2025/8/17 8:32:13,side
2025/8/17 8:32:46,corridor
2025/8/17 8:32:47,middle
2025/8/17 8:32:49,mid-sep
2025/8/17 8:33:35,middle
2025/8/17 8:33:36,corridor
2025/8/17 8:33:37,side
2025/8/17 8:35:32,corridor
2025/8/17 8:35:43,middle
2025/8/17 8:35:45,mid-sep
2025/8/17 8:36:10,middle
2025/8/17 8:36:11,corridor
2025/8/17 8:36:11,side
2025/8/17 8:45:01,corridor
2025/8/17 8:45:03,middle
2025/8/17 8:45:04,mid-sep
2025/8/17 8:45:35,middle
2025/8/17 8:45:36,corridor
2025/8/17 8:45:37,side
2025/8/17 8:46:06,corridor
2025/8/17 8:46:12,side
2025/8/17 8:47:27,corridor
2025/8/17 8:47:28,middle
2025/8/17 8:47:29,mid-sep
2025/8/17 8:47:45,middle
2025/8/17 8:47:46,corridor
2025/8/17 8:47:46,side
2025/8/17 8:51:47,corridor
2025/8/17 8:51:48,middle
2025/8/17 8:51:49,mid-sep
2025/8/17 8:51:53,middle
2025/8/17 8:51:55,corridor
2025/8/17 8:51:56,side
2025/8/17 8:53:20,corridor
2025/8/17 8:53:27,middle
2025/8/17 8:53:30,mid-sep
2025/8/17 8:53:41,middle
2025/8/17 8:53:45,corridor
2025/8/17 8:53:45,side
2025/8/17 9:05:22,corridor
2025/8/17 9:05:29,middle
2025/8/17 9:05:31,corridor
2025/8/17 9:05:31,side
2025/8/17 10:04:49,corridor
2025/8/17 10:04:50,middle
2025/8/17 10:04:51,mid-sep
2025/8/17 10:06:34,middle
2025/8/17 10:06:37,corridor
2025/8/17 10:06:39,side
2025/8/17 10:07:10,corridor
2025/8/17 10:07:30,middle
2025/8/17 10:07:33,mid-sep
2025/8/17 10:07:39,middle
2025/8/17 10:07:40,corridor
2025/8/17 10:07:41,side
2025/8/17 10:07:46,corridor
2025/8/17 10:08:03,middle
2025/8/17 10:08:08,mid-sep
2025/8/17 10:08:15,middle
2025/8/17 10:08:16,corridor
2025/8/17 10:08:17,side
2025/8/17 10:11:05,corridor
2025/8/17 10:11:18,middle
2025/8/17 10:11:19,corridor
2025/8/17 10:11:20,side
2025/8/17 10:11:42,corridor
2025/8/17 10:11:49,side
2025/8/17 10:12:00,corridor
2025/8/17 10:12:04,middle
2025/8/17 10:12:06,mid-sep
2025/8/17 10:12:24,middle
2025/8/17 10:12:25,corridor
2025/8/17 10:12:26,side
2025/8/17 10:15:44,corridor
2025/8/17 10:16:10,side
2025/8/17 10:17:02,corridor
2025/8/17 10:17:10,middle
2025/8/17 10:17:12,mid-sep
2025/8/17 10:17:23,middle
2025/8/17 10:17:39,mid-sep
2025/8/17 10:18:23,middle
2025/8/17 10:18:23,corridor
2025/8/17 10:18:23,side
2025/8/17 10:19:08,corridor
2025/8/17 10:19:12,middle
2025/8/17 10:19:14,mid-sep
2025/8/17 10:19:20,middle
2025/8/17 10:19:23,corridor
2025/8/17 10:19:27,side
2025/8/17 10:19:35,corridor
2025/8/17 10:19:44,side
2025/8/17 10:20:23,corridor
2025/8/17 10:20:26,side
2025/8/17 10:21:56,corridor
2025/8/17 10:22:07,middle
2025/8/17 10:22:09,corridor
2025/8/17 10:22:10,side
2025/8/17 10:22:35,corridor
2025/8/17 10:22:47,middle
2025/8/17 10:22:53,mid-sep
2025/8/17 10:22:59,middle
2025/8/17 10:22:59,corridor
2025/8/17 10:23:00,side
2025/8/17 10:24:51,corridor
2025/8/17 10:24:54,middle
2025/8/17 10:24:54,mid-sep
2025/8/17 10:25:09,middle
2025/8/17 10:25:12,corridor
2025/8/17 10:25:13,side
2025/8/17 10:27:22,corridor
2025/8/17 10:27:31,middle
2025/8/17 10:27:32,mid-sep
2025/8/17 10:27:40,middle
2025/8/17 10:28:12,corridor
2025/8/17 10:28:12,side
2025/8/17 10:30:09,corridor
2025/8/17 10:30:15,middle
2025/8/17 10:30:18,corridor
2025/8/17 10:30:19,side
2025/8/17 10:37:34,corridor
2025/8/17 10:37:39,middle
2025/8/17 10:37:42,mid-sep
2025/8/17 10:38:00,middle
2025/8/17 10:39:23,mid-sep
2025/8/17 10:39:55,middle
2025/8/17 10:39:57,corridor
2025/8/17 10:39:58,side
2025/8/17 10:40:35,corridor
2025/8/17 10:42:02,middle
2025/8/17 10:42:55,mid-sep
2025/8/17 10:43:25,middle
2025/8/17 10:43:26,corridor
2025/8/17 10:43:27,side
2025/8/17 10:48:19,corridor
2025/8/17 10:48:35,side
2025/8/17 12:18:48,corridor
2025/8/17 12:18:50,middle
2025/8/17 12:18:52,mid-sep
2025/8/17 12:20:11,middle
2025/8/17 12:20:12,corridor
2025/8/17 12:20:13,side
2025/8/17 13:46:52,corridor
2025/8/17 13:46:53,middle
2025/8/17 13:46:55,mid-sep
2025/8/17 13:47:53,middle
2025/8/17 13:48:00,corridor
2025/8/17 13:48:01,side
2025/8/17 13:48:07,corridor
2025/8/17 13:48:10,middle
2025/8/17 13:48:11,mid-sep
2025/8/17 13:48:15,middle
2025/8/17 13:48:16,corridor
2025/8/17 13:48:17,side
2025/8/17 13:49:15,corridor
2025/8/17 13:49:18,middle
2025/8/17 13:49:18,mid-sep
2025/8/17 13:49:56,middle
2025/8/17 13:49:57,corridor
2025/8/17 13:49:59,side
2025/8/17 14:02:43,corridor
2025/8/17 14:02:44,middle
2025/8/17 14:02:46,mid-sep
2025/8/17 14:02:50,middle
2025/8/17 14:02:52,corridor
2025/8/17 14:02:52,side
2025/8/17 15:11:08,corridor
2025/8/17 15:11:09,middle
2025/8/17 15:11:11,mid-sep
2025/8/17 15:11:28,middle
2025/8/17 15:11:40,corridor
2025/8/17 15:11:42,side
2025/8/17 15:14:56,corridor
2025/8/17 15:14:56,middle
2025/8/17 15:14:58,mid-sep
2025/8/17 15:15:02,middle
2025/8/17 15:15:53,corridor
2025/8/17 15:15:57,side
2025/8/17 15:18:58,corridor
2025/8/17 15:18:59,middle
2025/8/17 15:19:03,mid-sep
2025/8/17 15:19:05,middle
2025/8/17 15:19:05,corridor
2025/8/17 15:19:05,side
2025/8/17 15:23:26,corridor
2025/8/17 15:23:26,middle
2025/8/17 15:23:33,mid-sep
2025/8/17 15:23:58,middle
2025/8/17 15:23:59,corridor
2025/8/17 15:24:00,side
2025/8/17 15:28:24,corridor
2025/8/17 15:28:26,side
2025/8/17 16:29:12,corridor
2025/8/17 16:29:13,middle
2025/8/17 16:29:14,mid-sep
2025/8/17 16:29:48,middle
2025/8/17 16:30:36,mid-sep
2025/8/17 16:30:58,middle
2025/8/17 16:30:59,corridor
2025/8/17 16:31:02,side
2025/8/17 16:35:00,corridor
2025/8/17 16:35:00,middle
2025/8/17 16:35:02,mid-sep
2025/8/17 16:35:13,middle
2025/8/17 16:35:14,corridor
2025/8/17 16:35:26,side
2025/8/17 16:37:18,corridor
2025/8/17 16:37:19,middle
2025/8/17 16:37:22,mid-sep
2025/8/17 16:37:56,middle
2025/8/17 16:37:59,corridor
2025/8/17 16:38:00,side
2025/8/17 17:15:09,corridor
2025/8/17 17:15:10,middle
2025/8/17 17:15:10,mid-sep
2025/8/17 17:15:50,middle
2025/8/17 17:15:52,corridor
2025/8/17 17:16:01,side
2025/8/17 17:38:37,corridor
2025/8/17 17:38:39,middle
2025/8/17 17:38:40,mid-sep
2025/8/17 17:38:48,middle
2025/8/17 17:38:52,corridor
2025/8/17 17:38:53,side
2025/8/17 17:40:43,corridor
2025/8/17 17:40:44,middle
2025/8/17 17:40:45,mid-sep
2025/8/17 17:40:53,middle
2025/8/17 17:40:54,corridor
2025/8/17 17:40:54,side
2025/8/17 17:53:12,corridor
2025/8/17 17:53:14,middle
2025/8/17 17:53:15,mid-sep
2025/8/17 17:53:16,middle
2025/8/17 17:53:16,corridor
2025/8/17 17:53:16,side
2025/8/17 17:57:48,corridor
2025/8/17 17:57:49,middle
2025/8/17 17:57:50,mid-sep
2025/8/17 17:57:57,middle
2025/8/17 17:58:01,corridor
2025/8/17 17:58:03,side
2025/8/17 18:08:23,corridor
2025/8/17 18:08:30,middle
2025/8/17 18:08:30,mid-sep
2025/8/17 18:08:56,middle
2025/8/17 18:09:00,corridor
2025/8/17 18:09:04,side
2025/8/17 18:09:32,corridor
2025/8/17 18:09:36,middle
2025/8/17 18:09:36,mid-sep
2025/8/17 18:10:11,middle
2025/8/17 18:10:15,corridor
2025/8/17 18:10:16,side
2025/8/17 18:10:44,corridor
2025/8/17 18:10:46,middle
2025/8/17 18:10:47,mid-sep
2025/8/17 18:11:45,middle
2025/8/17 18:12:09,mid-sep
2025/8/17 18:12:39,middle
2025/8/17 18:12:40,corridor
2025/8/17 18:12:41,side
2025/8/17 18:16:56,corridor
2025/8/17 18:17:27,side
2025/8/17 18:17:41,corridor
2025/8/17 18:17:48,middle
2025/8/17 18:17:49,mid-sep
2025/8/17 18:17:54,middle
2025/8/17 18:17:55,corridor
2025/8/17 18:17:58,side
2025/8/17 18:18:18,corridor
2025/8/17 18:18:19,middle
2025/8/17 18:18:21,mid-sep
2025/8/17 18:19:05,middle
2025/8/17 18:23:19,corridor
2025/8/17 18:23:23,side
2025/8/17 18:23:46,corridor
2025/8/17 18:23:46,middle
2025/8/17 18:23:46,mid-sep
2025/8/17 18:23:47,middle
2025/8/17 18:23:48,corridor
2025/8/17 18:23:48,side
2025/8/17 18:24:46,corridor
2025/8/17 18:24:46,middle
2025/8/17 18:24:47,mid-sep
2025/8/17 18:24:55,middle
2025/8/17 18:25:05,mid-sep
2025/8/17 18:25:33,middle
2025/8/17 18:26:47,mid-sep
2025/8/17 18:27:19,middle
2025/8/17 18:27:29,corridor
2025/8/17 18:27:30,side
2025/8/17 18:29:18,corridor
2025/8/17 18:29:24,side
2025/8/17 18:32:39,corridor
2025/8/17 18:32:40,middle
2025/8/17 18:32:41,mid-sep
2025/8/17 18:32:47,middle
2025/8/17 18:32:47,corridor
2025/8/17 18:32:48,side
2025/8/17 18:41:36,corridor
2025/8/17 18:41:37,middle
2025/8/17 18:41:38,mid-sep
2025/8/17 18:42:03,middle
2025/8/17 18:44:50,corridor
2025/8/17 18:44:58,side
2025/8/17 18:45:04,corridor
2025/8/17 18:45:04,middle
2025/8/17 18:45:05,mid-sep
2025/8/17 18:45:08,middle
2025/8/17 18:45:18,mid-sep
2025/8/17 18:45:27,middle
2025/8/17 18:46:00,corridor
2025/8/17 18:46:01,side
2025/8/17 18:47:20,corridor
2025/8/17 18:47:20,middle
2025/8/17 18:47:24,mid-sep
2025/8/17 18:48:05,middle
2025/8/17 18:48:09,corridor
2025/8/17 18:48:09,side
2025/8/17 18:49:10,corridor
2025/8/17 18:49:11,middle
2025/8/17 18:49:11,mid-sep
2025/8/17 18:49:18,middle
2025/8/17 18:50:48,corridor
2025/8/17 18:50:51,side
2025/8/17 18:54:33,corridor
2025/8/17 18:54:35,side
2025/8/17 18:59:46,corridor
2025/8/17 18:59:46,middle
2025/8/17 18:59:47,mid-sep
2025/8/17 18:59:49,middle
2025/8/17 18:59:49,corridor
2025/8/17 18:59:50,side
2025/8/17 19:02:29,corridor
2025/8/17 19:02:30,middle
2025/8/17 19:02:32,mid-sep
2025/8/17 19:02:48,middle
2025/8/17 19:02:49,corridor
2025/8/17 19:02:49,side
2025/8/17 19:06:01,corridor
2025/8/17 19:06:06,side
2025/8/17 19:09:10,corridor
2025/8/17 19:09:17,middle
2025/8/17 19:09:19,mid-sep
2025/8/17 19:09:20,middle
2025/8/17 19:09:21,corridor
2025/8/17 19:09:21,side
2025/8/17 19:13:29,corridor
2025/8/17 19:13:29,middle
2025/8/17 19:13:30,mid-sep
2025/8/17 19:13:31,middle
2025/8/17 19:13:31,corridor
2025/8/17 19:13:32,side
2025/8/17 19:15:10,middle
2025/8/17 19:15:10,mid-sep
2025/8/17 19:15:11,middle
2025/8/17 19:15:12,corridor
2025/8/17 19:15:13,side
2025/8/17 19:17:32,corridor
2025/8/17 19:17:33,middle
2025/8/17 19:17:34,mid-sep
2025/8/17 19:17:43,middle
2025/8/17 19:17:45,corridor
2025/8/17 19:17:46,side
2025/8/17 19:17:50,corridor
2025/8/17 19:17:51,middle
2025/8/17 19:17:51,mid-sep
2025/8/17 19:17:54,middle
2025/8/17 19:17:55,corridor
2025/8/17 19:17:56,side
2025/8/17 19:22:18,corridor
2025/8/17 19:22:18,middle
2025/8/17 19:22:19,mid-sep
2025/8/17 19:22:24,middle
2025/8/17 19:22:25,corridor
2025/8/17 19:22:26,side
2025/8/17 19:38:00,corridor
2025/8/17 19:38:00,middle
2025/8/17 19:38:01,mid-sep
2025/8/17 19:38:05,middle
2025/8/17 19:38:06,corridor
2025/8/17 19:38:07,side
2025/8/17 19:40:47,corridor
2025/8/17 19:40:48,side
2025/8/17 19:42:35,corridor
2025/8/17 19:42:36,side
2025/8/17 19:42:51,corridor
2025/8/17 19:42:53,middle
2025/8/17 19:42:55,mid-sep
2025/8/17 19:43:11,middle
2025/8/17 19:43:12,corridor
2025/8/17 19:43:13,side
2025/8/17 19:51:26,corridor
2025/8/17 19:51:26,middle
2025/8/17 19:51:26,mid-sep
2025/8/17 19:51:27,middle
2025/8/17 19:51:31,corridor
2025/8/17 19:51:33,side
2025/8/17 19:54:25,corridor
2025/8/17 19:54:25,middle
2025/8/17 19:54:26,mid-sep
2025/8/17 19:54:29,middle
2025/8/17 19:54:30,corridor
2025/8/17 19:54:30,side
2025/8/17 20:05:01,corridor
2025/8/17 20:05:01,middle
2025/8/17 20:05:03,mid-sep
2025/8/17 20:05:25,middle
2025/8/17 20:05:29,corridor
2025/8/17 20:05:30,side
2025/8/17 20:05:39,corridor
2025/8/17 20:05:43,middle
2025/8/17 20:05:44,mid-sep
2025/8/17 20:05:51,middle
2025/8/17 20:05:52,corridor
2025/8/17 20:05:53,side
2025/8/17 20:06:59,corridor
2025/8/17 20:06:59,middle
2025/8/17 20:07:00,mid-sep
2025/8/17 20:08:01,middle
2025/8/17 20:08:02,corridor
2025/8/17 20:08:04,side
2025/8/17 20:09:12,corridor
2025/8/17 20:09:12,middle
2025/8/17 20:09:13,mid-sep
2025/8/17 20:09:26,middle
2025/8/17 20:09:28,corridor
2025/8/17 20:09:28,side
2025/8/17 20:15:53,corridor
2025/8/17 20:15:53,middle
2025/8/17 20:15:54,mid-sep
2025/8/17 20:16:00,middle
2025/8/17 20:16:01,corridor
2025/8/17 20:16:02,side
2025/8/17 20:17:14,corridor
2025/8/17 20:17:15,middle
2025/8/17 20:17:16,mid-sep
2025/8/17 20:17:42,middle
2025/8/17 20:17:46,corridor
2025/8/17 20:17:47,side
2025/8/17 20:18:24,corridor
2025/8/17 20:18:25,middle
2025/8/17 20:18:25,mid-sep
2025/8/17 20:18:26,middle
2025/8/17 20:18:26,corridor
2025/8/17 20:18:27,side
2025/8/17 20:18:57,corridor
2025/8/17 20:19:00,middle
2025/8/17 20:19:01,mid-sep
2025/8/17 20:19:21,middle
2025/8/17 20:19:24,corridor
2025/8/17 20:19:24,side
2025/8/17 20:22:51,corridor
2025/8/17 20:22:52,middle
2025/8/17 20:22:52,mid-sep
2025/8/17 20:23:30,middle
2025/8/17 20:23:31,corridor
2025/8/17 20:23:32,side
2025/8/17 20:26:17,corridor
2025/8/17 20:26:17,side
2025/8/17 20:34:24,corridor
2025/8/17 20:34:25,middle
2025/8/17 20:34:25,mid-sep
2025/8/17 20:34:30,middle
2025/8/17 20:34:30,corridor
2025/8/17 20:34:31,side
2025/8/17 20:39:14,corridor
2025/8/17 20:39:14,middle
2025/8/17 20:39:15,mid-sep
2025/8/17 20:39:17,middle
2025/8/17 20:39:18,corridor
2025/8/17 20:39:18,side
2025/8/17 20:46:24,corridor
2025/8/17 20:46:27,side
2025/8/17 20:47:23,corridor
2025/8/17 20:47:24,middle
2025/8/17 20:47:26,mid-sep
2025/8/17 20:47:36,middle
2025/8/17 20:47:37,corridor
2025/8/17 20:47:37,side
2025/8/17 20:50:22,corridor
2025/8/17 20:50:22,middle
2025/8/17 20:50:25,corridor
2025/8/17 20:50:26,side
2025/8/17 20:52:12,corridor
2025/8/17 20:52:12,middle
2025/8/17 20:52:14,mid-sep
2025/8/17 20:52:54,middle
2025/8/17 20:52:55,corridor
2025/8/17 20:52:56,side
2025/8/17 20:53:00,corridor
2025/8/17 20:53:00,middle
2025/8/17 20:53:01,mid-sep
2025/8/17 20:53:09,middle
2025/8/17 20:53:10,corridor
2025/8/17 20:53:10,side
2025/8/17 20:53:29,corridor
2025/8/17 20:53:35,middle
2025/8/17 20:53:37,corridor
2025/8/17 20:53:37,side
2025/8/17 20:54:04,corridor
2025/8/17 20:54:06,middle
2025/8/17 20:54:08,mid-sep
2025/8/17 20:54:12,middle
2025/8/17 20:54:15,corridor
2025/8/17 20:54:16,side
2025/8/17 20:54:32,corridor
2025/8/17 20:54:33,middle
2025/8/17 20:54:34,mid-sep
2025/8/17 20:54:49,middle
2025/8/17 20:54:51,corridor
2025/8/17 20:54:51,side
2025/8/17 20:58:48,corridor
2025/8/17 20:58:48,middle
2025/8/17 20:58:50,mid-sep
2025/8/17 20:59:07,middle
2025/8/17 20:59:08,corridor
2025/8/17 20:59:09,side
2025/8/17 21:03:44,corridor
2025/8/17 21:03:44,middle
2025/8/17 21:03:46,mid-sep
2025/8/17 21:04:07,middle
2025/8/17 21:04:24,corridor
2025/8/17 21:04:24,side
2025/8/17 21:04:45,corridor
2025/8/17 21:04:46,middle
2025/8/17 21:04:47,mid-sep
2025/8/17 21:05:03,middle
2025/8/17 21:05:04,corridor
2025/8/17 21:05:04,side
2025/8/17 21:05:39,corridor
2025/8/17 21:05:39,middle
2025/8/17 21:05:41,mid-sep
2025/8/17 21:06:06,middle
2025/8/17 21:07:31,corridor
2025/8/17 21:07:32,side
2025/8/17 21:10:21,corridor
2025/8/17 21:10:22,middle
2025/8/17 21:10:23,mid-sep
2025/8/17 21:10:28,middle
2025/8/17 21:10:35,corridor
2025/8/17 21:10:35,side
2025/8/17 21:22:21,corridor
2025/8/17 21:22:23,middle
2025/8/17 21:22:24,mid-sep
2025/8/17 21:22:49,middle
2025/8/17 21:23:14,corridor
2025/8/17 21:23:15,side
2025/8/17 21:42:21,corridor
2025/8/17 21:42:22,middle
2025/8/17 21:42:23,mid-sep
2025/8/17 21:42:38,middle
2025/8/17 21:42:39,corridor
2025/8/17 21:42:41,side
2025/8/17 21:46:00,corridor
2025/8/17 21:46:00,middle
2025/8/17 21:46:01,mid-sep
2025/8/17 21:46:05,middle
2025/8/17 21:46:05,corridor
2025/8/17 21:46:06,side
2025/8/17 21:46:50,corridor
2025/8/17 21:46:50,middle
2025/8/17 21:46:51,mid-sep
2025/8/17 21:47:00,middle
2025/8/17 21:47:12,corridor
2025/8/17 21:47:13,side
2025/8/17 21:48:20,corridor
2025/8/17 21:48:31,middle
2025/8/17 21:48:32,side
2025/8/17 22:09:58,corridor
2025/8/17 22:09:58,middle
2025/8/17 22:09:59,mid-sep
2025/8/17 22:10:01,middle
2025/8/17 22:10:02,corridor
2025/8/17 22:10:04,side
2025/8/17 22:38:17,corridor
2025/8/17 22:38:18,middle
2025/8/17 22:38:19,mid-sep
2025/8/17 22:39:20,middle
2025/8/17 22:41:09,mid-sep
2025/8/17 22:41:27,middle
2025/8/17 22:41:55,corridor
2025/8/17 22:41:57,side
2025/8/17 22:42:07,corridor
2025/8/17 22:42:10,side
2025/8/17 22:42:39,corridor
2025/8/17 22:42:40,middle
2025/8/17 22:42:42,mid-sep
2025/8/17 22:43:56,middle
2025/8/17 22:45:00,mid-sep
2025/8/17 22:45:21,middle
2025/8/17 22:45:22,corridor
2025/8/17 22:45:25,side
2025/8/17 22:45:37,corridor
2025/8/17 22:45:38,middle
2025/8/17 22:45:40,mid-sep
2025/8/17 22:45:47,middle
2025/8/17 22:45:50,corridor
2025/8/17 22:45:51,side
2025/8/17 22:46:14,corridor
2025/8/17 22:46:15,middle
2025/8/17 22:46:16,mid-sep
2025/8/17 22:46:21,middle
2025/8/17 22:46:21,corridor
2025/8/17 22:46:22,side
2025/8/17 22:47:52,corridor
2025/8/17 22:47:54,middle
2025/8/17 22:47:56,mid-sep
2025/8/17 22:48:06,middle
2025/8/17 22:48:09,corridor
2025/8/17 22:48:12,side
2025/8/17 22:56:00,corridor
2025/8/17 22:56:05,middle
2025/8/17 22:56:08,mid-sep
2025/8/17 22:56:17,middle
2025/8/17 22:56:17,corridor
2025/8/17 22:56:19,side
2025/8/17 22:56:36,corridor
2025/8/17 22:56:45,side
2025/8/17 23:01:52,corridor
2025/8/17 23:01:53,middle
2025/8/17 23:01:54,mid-sep
2025/8/17 23:01:56,middle
2025/8/17 23:02:59,corridor
2025/8/17 23:03:10,side
2025/8/17 23:06:16,corridor
2025/8/17 23:06:18,middle
2025/8/17 23:06:18,mid-sep
2025/8/17 23:07:40,middle
2025/8/17 23:08:42,corridor
2025/8/17 23:08:44,side
2025/8/17 23:45:13,corridor
2025/8/17 23:45:15,middle
2025/8/17 23:45:18,mid-sep
2025/8/17 23:46:26,middle
2025/8/17 23:46:32,corridor
2025/8/17 23:46:33,side
2025/8/17 23:49:55,corridor
2025/8/17 23:50:01,middle
2025/8/17 23:50:07,mid-sep
2025/8/17 23:50:10,middle
2025/8/17 23:50:11,corridor
2025/8/17 23:50:11,side
2025/8/17 23:50:51,corridor
2025/8/17 23:51:00,side
2025/8/17 23:51:56,corridor
2025/8/17 23:51:56,middle
2025/8/17 23:51:57,mid-sep
2025/8/17 23:51:58,corridor
2025/8/17 23:52:00,side
2025/8/17 23:52:40,corridor
2025/8/17 23:52:57,middle
2025/8/17 23:53:03,mid-sep
2025/8/17 23:54:00,middle
2025/8/17 23:54:44,mid-sep
2025/8/17 23:54:49,middle
2025/8/17 23:55:08,corridor
2025/8/17 23:55:16,side
2025/8/17 23:55:28,corridor
2025/8/17 23:55:34,side
2025/8/17 23:56:04,corridor
2025/8/17 23:56:07,middle
2025/8/17 23:56:10,mid-sep
2025/8/17 23:56:18,middle
2025/8/17 23:56:21,corridor
2025/8/17 23:56:22,side
2025/8/17 23:56:35,corridor
2025/8/17 23:57:18,side
2025/8/18 0:00:43,corridor
2025/8/18 0:00:52,side
2025/8/18 0:01:13,corridor
2025/8/18 0:01:14,middle
2025/8/18 0:01:14,mid-sep
2025/8/18 0:01:40,middle
2025/8/18 0:01:41,corridor
2025/8/18 0:01:41,side
2025/8/18 0:03:47,corridor
2025/8/18 0:03:50,middle
2025/8/18 0:03:57,mid-sep
2025/8/18 0:04:31,middle
2025/8/18 0:04:31,corridor
2025/8/18 0:04:32,side
2025/8/18 0:06:13,corridor
2025/8/18 0:06:13,middle
2025/8/18 0:06:17,mid-sep
2025/8/18 0:07:56,middle
2025/8/18 0:07:57,corridor
2025/8/18 0:07:58,side
2025/8/18 0:09:08,corridor
2025/8/18 0:09:13,side
2025/8/18 0:11:11,corridor
2025/8/18 0:11:29,middle
2025/8/18 0:11:31,mid-sep
2025/8/18 0:11:35,middle
2025/8/18 0:11:36,corridor
2025/8/18 0:11:36,side
2025/8/18 0:13:41,corridor
2025/8/18 0:13:53,middle
2025/8/18 0:13:56,mid-sep
2025/8/18 0:14:24,middle
2025/8/18 0:14:25,corridor
2025/8/18 0:14:27,side
2025/8/18 0:14:32,corridor
2025/8/18 0:14:43,side
2025/8/18 0:31:27,corridor
2025/8/18 0:31:49,middle
2025/8/18 0:31:49,mid-sep
2025/8/18 0:31:55,middle
2025/8/18 0:31:56,corridor
2025/8/18 0:31:57,side
2025/8/18 0:32:21,corridor
2025/8/18 0:32:22,middle
2025/8/18 0:32:25,mid-sep
2025/8/18 0:32:33,middle
2025/8/18 0:32:34,corridor
2025/8/18 0:32:34,side
2025/8/18 0:33:00,corridor
2025/8/18 0:33:11,middle
2025/8/18 0:33:16,mid-sep
2025/8/18 0:33:29,middle
2025/8/18 0:34:24,corridor
2025/8/18 0:34:25,side
2025/8/18 0:37:07,corridor
2025/8/18 0:37:07,middle
2025/8/18 0:37:10,mid-sep
2025/8/18 0:37:36,middle
2025/8/18 0:37:39,corridor
2025/8/18 0:37:39,side
2025/8/18 0:38:20,corridor
2025/8/18 0:38:56,middle
2025/8/18 0:39:00,mid-sep
2025/8/18 0:39:13,middle
2025/8/18 0:41:40,mid-sep
2025/8/18 0:41:56,middle
2025/8/18 0:41:57,corridor
2025/8/18 0:42:00,side
2025/8/18 0:42:23,corridor
2025/8/18 0:42:39,side
2025/8/18 0:46:34,corridor
2025/8/18 0:46:42,side
2025/8/18 0:47:11,corridor
2025/8/18 0:47:11,middle
2025/8/18 0:47:20,mid-sep
2025/8/18 0:47:23,middle
2025/8/18 0:47:24,corridor
2025/8/18 0:47:24,side
2025/8/18 0:48:38,corridor
2025/8/18 0:48:47,middle
2025/8/18 0:48:48,mid-sep
2025/8/18 0:49:17,middle
2025/8/18 0:49:18,corridor
2025/8/18 0:49:19,side
2025/8/18 1:20:25,corridor
2025/8/18 1:20:27,middle
2025/8/18 1:20:28,mid-sep
2025/8/18 1:20:38,middle
2025/8/18 1:21:46,mid-sep
2025/8/18 1:21:50,middle
2025/8/18 1:21:55,corridor
2025/8/18 1:21:59,side
2025/8/18 1:23:31,corridor
2025/8/18 1:23:37,side
2025/8/18 1:26:18,corridor
2025/8/18 1:26:23,middle
2025/8/18 1:26:25,mid-sep
2025/8/18 1:26:36,middle
2025/8/18 1:26:39,corridor
2025/8/18 1:26:40,side
2025/8/18 1:29:08,corridor
2025/8/18 1:29:15,side
2025/8/18 1:29:53,corridor
2025/8/18 1:29:54,middle
2025/8/18 1:29:56,mid-sep
2025/8/18 1:30:26,middle
2025/8/18 1:31:09,mid-sep
2025/8/18 1:31:21,middle
2025/8/18 1:31:25,corridor
2025/8/18 1:31:26,side
2025/8/18 1:33:04,corridor
2025/8/18 1:33:04,middle
2025/8/18 1:33:16,corridor
2025/8/18 1:33:17,middle
2025/8/18 1:33:33,mid-sep
2025/8/18 1:33:40,middle
2025/8/18 1:33:42,corridor
2025/8/18 1:33:44,side
2025/8/18 1:33:48,corridor
2025/8/18 1:33:54,side
2025/8/18 1:34:06,corridor
2025/8/18 1:34:14,middle
2025/8/18 1:34:17,corridor
2025/8/18 1:34:17,side
2025/8/18 1:48:57,corridor
2025/8/18 1:49:02,side
2025/8/18 1:49:49,corridor
2025/8/18 1:49:52,middle
2025/8/18 1:49:53,mid-sep
2025/8/18 1:50:00,middle
2025/8/18 1:50:01,corridor
2025/8/18 1:50:01,side
2025/8/18 1:55:39,corridor
2025/8/18 1:55:46,middle
2025/8/18 1:55:48,mid-sep
2025/8/18 1:55:56,middle
2025/8/18 1:55:56,corridor
2025/8/18 1:55:56,side
2025/8/18 1:58:14,corridor
2025/8/18 1:58:18,side
2025/8/18 2:04:35,corridor
2025/8/18 2:04:36,middle
2025/8/18 2:04:45,corridor
2025/8/18 2:04:46,side
2025/8/18 2:11:06,corridor
2025/8/18 2:11:12,middle
2025/8/18 2:11:12,mid-sep
2025/8/18 2:11:30,middle
2025/8/18 2:12:08,mid-sep
2025/8/18 2:12:22,middle
2025/8/18 2:13:43,mid-sep
2025/8/18 2:13:44,middle
2025/8/18 2:13:45,corridor
2025/8/18 2:13:45,side
2025/8/18 2:14:28,corridor
2025/8/18 2:14:52,side
2025/8/18 3:13:53,corridor
2025/8/18 3:13:56,middle
2025/8/18 3:13:58,mid-sep
2025/8/18 3:14:34,middle
2025/8/18 3:14:34,corridor
2025/8/18 3:14:35,side
2025/8/18 4:45:57,corridor
2025/8/18 4:46:01,side
2025/8/18 4:46:10,corridor
2025/8/18 4:46:13,side
2025/8/18 4:47:00,corridor
2025/8/18 4:47:06,side
2025/8/18 4:53:13,corridor
2025/8/18 4:53:14,middle
2025/8/18 4:53:16,mid-sep
2025/8/18 4:54:08,middle
2025/8/18 4:54:09,corridor
2025/8/18 4:54:12,side
2025/8/18 4:57:40,corridor
2025/8/18 4:57:51,middle
2025/8/18 4:57:53,mid-sep
2025/8/18 4:57:57,middle
2025/8/18 4:57:57,corridor
2025/8/18 4:58:00,side
2025/8/18 5:53:06,corridor
2025/8/18 5:53:08,middle
2025/8/18 5:53:11,corridor
2025/8/18 5:53:15,side
2025/8/18 6:04:34,corridor
2025/8/18 6:04:36,middle
2025/8/18 6:04:39,corridor
2025/8/18 6:04:41,side
2025/8/18 6:05:07,corridor
2025/8/18 6:05:11,middle
2025/8/18 6:05:11,mid-sep
2025/8/18 6:05:13,middle
2025/8/18 6:05:14,corridor
2025/8/18 6:05:15,side
2025/8/18 6:06:03,corridor
2025/8/18 6:06:06,side
2025/8/18 6:12:04,corridor
2025/8/18 6:12:04,middle
2025/8/18 6:12:07,mid-sep
2025/8/18 6:12:20,middle
2025/8/18 6:12:26,corridor
2025/8/18 6:12:27,side
2025/8/18 6:15:14,corridor
2025/8/18 6:15:20,middle
2025/8/18 6:15:21,mid-sep
2025/8/18 6:15:30,middle
2025/8/18 6:15:34,corridor
2025/8/18 6:15:34,side
2025/8/18 6:16:43,corridor
2025/8/18 6:16:43,middle
2025/8/18 6:16:50,mid-sep
2025/8/18 6:17:02,middle
2025/8/18 6:17:03,corridor
2025/8/18 6:17:04,side
2025/8/18 6:29:15,corridor
2025/8/18 6:29:17,middle
2025/8/18 6:29:21,mid-sep
2025/8/18 6:32:01,middle
2025/8/18 6:32:02,corridor
2025/8/18 6:32:04,side
2025/8/18 6:34:10,corridor
2025/8/18 6:34:27,middle
2025/8/18 6:34:28,mid-sep
2025/8/18 6:34:31,middle
2025/8/18 6:34:33,corridor
2025/8/18 6:34:35,side
2025/8/18 7:08:44,corridor
2025/8/18 7:08:47,middle
2025/8/18 7:08:49,mid-sep
2025/8/18 7:11:28,middle
2025/8/18 7:11:29,corridor
2025/8/18 7:11:30,side
2025/8/18 7:11:42,corridor
2025/8/18 7:11:47,middle
2025/8/18 7:11:47,mid-sep
2025/8/18 7:12:00,middle
2025/8/18 7:12:01,corridor
2025/8/18 7:12:01,side
2025/8/18 7:13:08,corridor
2025/8/18 7:13:12,middle
2025/8/18 7:13:15,corridor
2025/8/18 7:15:26,side
2025/8/18 7:15:39,corridor
2025/8/18 7:15:44,middle
2025/8/18 7:15:45,mid-sep
2025/8/18 7:15:59,middle
2025/8/18 7:16:00,corridor
2025/8/18 7:16:09,side
2025/8/18 7:16:16,corridor
2025/8/18 7:17:33,middle
2025/8/18 7:17:35,mid-sep
2025/8/18 7:17:50,middle
2025/8/18 7:17:51,corridor
2025/8/18 7:18:13,middle
2025/8/18 7:18:23,mid-sep
2025/8/18 7:18:39,middle
2025/8/18 7:18:44,corridor
2025/8/18 7:18:45,side
2025/8/18 7:19:41,corridor
2025/8/18 7:19:56,middle
2025/8/18 7:19:59,mid-sep
2025/8/18 7:20:37,middle
2025/8/18 7:20:41,corridor
2025/8/18 7:20:42,side
2025/8/18 7:21:09,corridor
2025/8/18 7:21:18,middle
2025/8/18 7:21:20,mid-sep
2025/8/18 7:22:04,middle
2025/8/18 7:22:05,corridor
2025/8/18 7:22:49,side
2025/8/18 7:23:50,corridor
2025/8/18 7:23:56,middle
2025/8/18 7:23:59,corridor
2025/8/18 7:24:05,side
2025/8/18 7:24:48,corridor
2025/8/18 7:24:53,side
2025/8/18 7:24:56,corridor
2025/8/18 7:25:03,side
2025/8/18 7:25:11,corridor
2025/8/18 7:27:10,side
2025/8/18 7:27:11,corridor
2025/8/18 7:27:33,side
2025/8/18 7:27:40,corridor
2025/8/18 7:27:50,side
2025/8/18 7:30:18,corridor
2025/8/18 7:30:30,middle
2025/8/18 7:30:44,mid-sep
2025/8/18 7:31:08,middle
2025/8/18 7:31:13,corridor
2025/8/18 7:31:14,side
2025/8/18 7:31:36,corridor
2025/8/18 7:31:39,middle
2025/8/18 7:31:41,mid-sep
2025/8/18 7:31:43,middle
2025/8/18 7:31:43,corridor
2025/8/18 7:31:46,side
2025/8/18 7:31:52,corridor
2025/8/18 7:31:52,middle
2025/8/18 7:31:54,mid-sep
2025/8/18 7:31:59,middle
2025/8/18 7:32:08,corridor
2025/8/18 7:32:09,side
2025/8/18 7:32:42,corridor
2025/8/18 7:32:47,side
2025/8/18 7:32:50,corridor
2025/8/18 7:32:52,middle
2025/8/18 7:32:55,mid-sep
2025/8/18 7:33:14,middle
2025/8/18 7:33:52,mid-sep
2025/8/18 7:34:37,middle
2025/8/18 7:35:39,corridor
2025/8/18 7:35:40,side
2025/8/18 7:35:44,corridor
2025/8/18 7:35:44,middle
2025/8/18 7:35:44,mid-sep
2025/8/18 7:35:46,middle
2025/8/18 7:35:49,corridor
2025/8/18 7:35:51,side
2025/8/18 7:35:59,corridor
2025/8/18 7:35:59,middle
2025/8/18 7:36:01,mid-sep
2025/8/18 7:36:13,middle
2025/8/18 7:39:40,corridor
2025/8/18 7:39:41,side
2025/8/18 7:39:59,corridor
2025/8/18 7:40:20,middle
2025/8/18 7:40:20,mid-sep
2025/8/18 7:40:23,middle
2025/8/18 7:40:26,corridor
2025/8/18 7:40:27,side
2025/8/18 7:40:47,corridor
2025/8/18 7:40:58,side
2025/8/18 7:40:58,corridor
2025/8/18 7:41:00,side
2025/8/18 7:42:49,corridor
2025/8/18 7:42:50,side
2025/8/18 7:43:56,corridor
2025/8/18 7:43:56,middle
2025/8/18 7:43:56,mid-sep
2025/8/18 7:43:57,middle
2025/8/18 7:50:18,corridor
2025/8/18 7:50:20,side
2025/8/18 7:50:46,corridor
2025/8/18 7:50:47,side
2025/8/18 7:52:52,middle
2025/8/18 7:52:55,mid-sep
2025/8/18 7:53:06,middle
2025/8/18 7:53:08,corridor
2025/8/18 7:53:09,side
2025/8/18 7:54:19,corridor
2025/8/18 7:54:23,side
2025/8/18 7:59:37,corridor
2025/8/18 7:59:37,middle
2025/8/18 7:59:39,mid-sep
2025/8/18 8:00:07,middle
2025/8/18 8:00:07,corridor
2025/8/18 8:00:08,side
2025/8/18 8:01:36,corridor
2025/8/18 8:01:38,middle
2025/8/18 8:01:40,mid-sep
2025/8/18 8:02:22,middle
2025/8/18 8:02:22,corridor
2025/8/18 8:02:23,side
2025/8/18 8:05:10,corridor
2025/8/18 8:05:10,middle
2025/8/18 8:05:12,mid-sep
2025/8/18 8:05:20,middle
2025/8/18 8:05:22,corridor
2025/8/18 8:05:23,side
2025/8/18 8:09:25,corridor
2025/8/18 8:09:30,middle
2025/8/18 8:09:30,mid-sep
2025/8/18 8:09:56,middle
2025/8/18 8:10:56,mid-sep
2025/8/18 8:11:04,middle
2025/8/18 8:12:32,mid-sep
2025/8/18 8:13:08,middle
2025/8/18 8:18:10,mid-sep
2025/8/18 8:18:16,middle
2025/8/18 8:18:24,corridor
2025/8/18 8:18:25,side
2025/8/18 8:19:07,corridor
2025/8/18 8:19:17,side
2025/8/18 8:19:39,corridor
2025/8/18 8:19:46,middle
2025/8/18 8:19:47,mid-sep
2025/8/18 8:20:10,middle
2025/8/18 8:20:17,corridor
2025/8/18 8:20:18,side
2025/8/18 8:20:59,corridor
2025/8/18 8:21:13,side
2025/8/18 8:23:00,corridor
2025/8/18 8:23:11,middle
2025/8/18 8:23:21,mid-sep
2025/8/18 8:24:15,middle
2025/8/18 8:24:15,corridor
2025/8/18 8:24:16,side
2025/8/18 8:27:45,corridor
2025/8/18 8:27:54,side
2025/8/18 8:30:36,corridor
2025/8/18 8:30:51,middle
2025/8/18 8:30:53,mid-sep
2025/8/18 8:31:04,middle
2025/8/18 8:31:06,corridor
2025/8/18 8:31:08,side
2025/8/18 8:31:25,corridor
2025/8/18 8:31:29,middle
2025/8/18 8:31:30,mid-sep
2025/8/18 8:31:32,middle
2025/8/18 8:31:34,corridor
2025/8/18 8:31:37,side
2025/8/18 8:31:41,corridor
2025/8/18 8:32:06,middle
2025/8/18 8:32:13,mid-sep
2025/8/18 8:32:21,middle
2025/8/18 8:32:24,corridor
2025/8/18 8:32:26,side
2025/8/18 8:32:35,corridor
2025/8/18 8:33:21,middle
2025/8/18 8:33:40,mid-sep
2025/8/18 8:33:41,middle
2025/8/18 8:35:16,mid-sep
2025/8/18 8:35:22,middle
2025/8/18 8:36:14,mid-sep
2025/8/18 8:36:15,middle
2025/8/18 8:39:29,mid-sep
2025/8/18 8:40:18,middle
2025/8/18 8:40:18,corridor
2025/8/18 8:40:19,side
2025/8/18 8:43:20,corridor
2025/8/18 8:43:26,side
2025/8/18 8:45:54,corridor
2025/8/18 8:46:11,side
2025/8/18 8:50:47,corridor
2025/8/18 8:50:47,side
2025/8/18 8:51:07,corridor
2025/8/18 8:51:11,side
2025/8/18 8:51:44,corridor
2025/8/18 8:51:55,middle
2025/8/18 8:51:55,mid-sep
2025/8/18 8:52:12,middle
2025/8/18 8:52:37,corridor
2025/8/18 8:52:38,side
2025/8/18 8:53:55,corridor
2025/8/18 8:54:04,side
2025/8/18 8:56:59,corridor
2025/8/18 8:57:10,middle
2025/8/18 8:57:11,mid-sep
2025/8/18 8:57:17,middle
2025/8/18 8:57:18,corridor
2025/8/18 8:57:18,side
2025/8/18 8:57:58,corridor
2025/8/18 8:58:04,middle
2025/8/18 8:58:10,mid-sep
2025/8/18 8:58:10,middle
2025/8/18 8:58:44,mid-sep
2025/8/18 8:59:06,middle
2025/8/18 8:59:11,corridor
2025/8/18 8:59:17,middle
2025/8/18 8:59:23,mid-sep
2025/8/18 8:59:44,middle
2025/8/18 9:00:08,mid-sep
2025/8/18 9:00:31,middle
2025/8/18 9:03:59,corridor
2025/8/18 9:04:00,side
2025/8/18 9:05:43,corridor
2025/8/18 9:05:53,side
2025/8/18 9:07:26,corridor
2025/8/18 9:07:31,middle
2025/8/18 9:07:32,mid-sep
2025/8/18 9:08:14,middle
2025/8/18 9:10:29,mid-sep
2025/8/18 9:10:39,middle
2025/8/18 9:10:43,corridor
2025/8/18 9:10:44,side
2025/8/18 9:14:54,corridor
2025/8/18 9:15:00,middle
2025/8/18 9:15:00,mid-sep
2025/8/18 9:15:57,middle
2025/8/18 9:16:51,corridor
2025/8/18 9:16:55,side
2025/8/18 9:25:23,corridor
2025/8/18 9:25:24,middle
2025/8/18 9:25:25,mid-sep
2025/8/18 9:25:36,middle
2025/8/18 9:25:41,corridor
2025/8/18 9:25:41,side
2025/8/18 10:33:39,corridor
2025/8/18 10:33:44,side
2025/8/18 10:34:54,corridor
2025/8/18 10:34:58,middle
2025/8/18 10:34:59,mid-sep
2025/8/18 10:35:17,middle
2025/8/18 10:37:07,corridor
2025/8/18 10:37:08,side
2025/8/18 10:37:19,corridor
2025/8/18 10:37:21,middle
2025/8/18 10:37:22,mid-sep
2025/8/18 10:37:50,middle
2025/8/18 10:37:52,corridor
2025/8/18 10:37:53,side
2025/8/18 10:38:39,corridor
2025/8/18 10:38:52,side
2025/8/18 11:51:44,corridor
2025/8/18 11:51:48,middle
2025/8/18 11:51:48,mid-sep
2025/8/18 11:52:22,middle
2025/8/18 11:52:33,mid-sep
2025/8/18 11:52:46,middle
2025/8/18 11:54:37,mid-sep
2025/8/18 11:54:54,middle
2025/8/18 11:54:59,corridor
2025/8/18 11:55:00,side
2025/8/18 11:55:10,corridor
2025/8/18 11:55:14,middle
2025/8/18 11:55:16,mid-sep
2025/8/18 11:55:22,middle
2025/8/18 11:55:23,corridor
2025/8/18 11:55:24,side
2025/8/18 11:56:20,corridor
2025/8/18 11:56:28,middle
2025/8/18 11:56:29,mid-sep
2025/8/18 11:56:49,middle
2025/8/18 11:57:18,mid-sep
2025/8/18 11:57:42,middle
2025/8/18 11:59:35,mid-sep
2025/8/18 11:59:57,middle
2025/8/18 11:59:58,corridor
2025/8/18 11:59:58,side
2025/8/18 12:00:05,corridor
2025/8/18 12:00:19,side
2025/8/18 12:01:14,corridor
2025/8/18 12:01:34,side
2025/8/18 12:03:33,corridor
2025/8/18 12:03:45,middle
2025/8/18 12:03:45,corridor
2025/8/18 12:03:46,side
2025/8/18 12:04:49,corridor
2025/8/18 12:04:56,middle
2025/8/18 12:04:58,mid-sep
2025/8/18 12:05:13,middle
2025/8/18 12:05:17,corridor
2025/8/18 12:05:18,side
2025/8/18 12:06:45,corridor
2025/8/18 12:06:49,middle
2025/8/18 12:06:49,mid-sep
2025/8/18 12:07:17,middle
2025/8/18 12:07:30,corridor
2025/8/18 12:07:36,side
2025/8/18 12:15:49,corridor
2025/8/18 12:16:04,middle
2025/8/18 12:16:06,mid-sep
2025/8/18 12:16:06,middle
2025/8/18 12:16:07,corridor
2025/8/18 12:16:10,side
2025/8/18 14:24:28,corridor
2025/8/18 14:24:29,middle
2025/8/18 14:24:30,mid-sep
2025/8/18 14:25:08,middle
2025/8/18 14:25:09,corridor
2025/8/18 14:25:10,side
2025/8/18 15:35:20,corridor
2025/8/18 15:35:21,middle
2025/8/18 15:35:22,mid-sep
2025/8/18 15:35:29,middle
2025/8/18 15:35:33,corridor
2025/8/18 15:35:40,side
2025/8/18 16:23:10,corridor
2025/8/18 16:23:10,middle
2025/8/18 16:23:12,mid-sep
2025/8/18 16:23:21,middle
2025/8/18 16:23:22,corridor
2025/8/18 16:23:23,side
2025/8/18 16:25:17,corridor
2025/8/18 16:25:19,middle
2025/8/18 16:25:23,mid-sep
2025/8/18 16:26:25,middle
2025/8/18 16:26:27,corridor
2025/8/18 16:26:36,side
2025/8/18 16:28:40,corridor
2025/8/18 16:29:39,side
2025/8/18 16:32:34,corridor
2025/8/18 16:32:35,middle
2025/8/18 16:32:40,mid-sep
2025/8/18 16:32:49,middle
2025/8/18 16:32:50,corridor
2025/8/18 16:32:50,side
2025/8/18 16:33:35,corridor
2025/8/18 16:33:35,middle
2025/8/18 16:33:36,mid-sep
2025/8/18 16:33:55,corridor
2025/8/18 16:34:08,side
2025/8/18 17:26:12,corridor
2025/8/18 17:26:24,middle
2025/8/18 17:26:25,mid-sep
2025/8/18 17:26:53,middle
2025/8/18 17:26:56,corridor
2025/8/18 17:26:57,side
2025/8/18 17:27:47,corridor
2025/8/18 17:27:48,middle
2025/8/18 17:27:49,mid-sep
2025/8/18 17:28:02,middle
2025/8/18 17:28:02,corridor
2025/8/18 17:28:04,side
2025/8/18 17:28:33,corridor
2025/8/18 17:28:33,middle
2025/8/18 17:28:35,mid-sep
2025/8/18 17:28:45,middle
2025/8/18 17:28:46,corridor
2025/8/18 17:28:46,side
2025/8/18 17:31:42,corridor
2025/8/18 17:31:54,middle
2025/8/18 17:31:55,corridor
2025/8/18 17:32:36,side
2025/8/18 17:35:19,corridor
2025/8/18 17:35:20,middle
2025/8/18 17:35:21,mid-sep
2025/8/18 17:35:51,middle
2025/8/18 17:35:52,corridor
2025/8/18 17:35:53,side
2025/8/18 18:06:20,corridor
2025/8/18 18:06:21,middle
2025/8/18 18:06:22,mid-sep
2025/8/18 18:06:30,middle
2025/8/18 18:06:31,corridor
2025/8/18 18:06:37,side
2025/8/18 18:06:58,corridor
2025/8/18 18:07:06,side
2025/8/18 18:07:57,corridor
2025/8/18 18:07:59,middle
2025/8/18 18:08:00,mid-sep
2025/8/18 18:08:32,middle
2025/8/18 18:10:11,mid-sep
2025/8/18 18:10:34,middle
2025/8/18 18:10:35,corridor
2025/8/18 18:10:57,side
2025/8/18 18:12:44,corridor
2025/8/18 18:12:45,middle
2025/8/18 18:12:46,mid-sep
2025/8/18 18:12:47,middle
2025/8/18 18:12:47,corridor
2025/8/18 18:12:58,side
2025/8/18 18:15:29,corridor
2025/8/18 18:15:30,middle
2025/8/18 18:15:31,mid-sep
2025/8/18 18:15:48,middle
2025/8/18 18:15:49,corridor
2025/8/18 18:15:50,side
2025/8/18 18:17:35,corridor
2025/8/18 18:17:40,side
2025/8/18 18:18:14,corridor
2025/8/18 18:18:19,middle
2025/8/18 18:18:20,mid-sep
2025/8/18 18:18:25,middle
2025/8/18 18:18:25,corridor
2025/8/18 18:18:25,side
2025/8/18 18:19:20,corridor
2025/8/18 18:19:21,side
2025/8/18 18:21:17,corridor
2025/8/18 18:21:18,side
2025/8/18 18:24:20,corridor
2025/8/18 18:24:21,middle
2025/8/18 18:24:24,mid-sep
2025/8/18 18:24:32,middle
2025/8/18 18:24:33,corridor
2025/8/18 18:24:33,side
2025/8/18 18:29:39,corridor
2025/8/18 18:29:42,middle
2025/8/18 18:29:43,mid-sep
2025/8/18 18:30:02,middle
2025/8/18 18:30:05,corridor
2025/8/18 18:30:05,side
2025/8/18 18:33:06,corridor
2025/8/18 18:33:09,middle
2025/8/18 18:33:11,mid-sep
2025/8/18 18:33:51,middle
2025/8/18 18:38:25,corridor
2025/8/18 18:38:26,side
2025/8/18 18:39:43,corridor
2025/8/18 18:39:44,middle
2025/8/18 18:39:45,mid-sep
2025/8/18 18:39:56,middle
2025/8/18 18:39:58,corridor
2025/8/18 18:39:59,side
2025/8/18 18:45:10,corridor
2025/8/18 18:45:11,middle
2025/8/18 18:45:13,mid-sep
2025/8/18 18:45:19,middle
2025/8/18 18:45:20,corridor
2025/8/18 18:45:20,side
2025/8/18 18:45:24,corridor
2025/8/18 18:45:25,middle
2025/8/18 18:45:25,mid-sep
2025/8/18 18:45:35,middle
2025/8/18 18:45:37,corridor
2025/8/18 18:45:38,side
2025/8/18 18:50:33,corridor
2025/8/18 18:50:34,side
2025/8/18 18:51:12,corridor
2025/8/18 18:51:12,middle
2025/8/18 18:51:15,mid-sep
2025/8/18 18:51:17,middle
2025/8/18 18:51:21,corridor
2025/8/18 18:51:22,side
2025/8/18 18:57:41,corridor
2025/8/18 18:57:41,middle
2025/8/18 18:57:42,mid-sep
2025/8/18 18:57:48,middle
2025/8/18 18:57:48,corridor
2025/8/18 18:57:49,side
2025/8/18 18:59:19,corridor
2025/8/18 18:59:21,middle
2025/8/18 18:59:21,mid-sep
2025/8/18 18:59:40,middle
2025/8/18 18:59:42,corridor
2025/8/18 19:00:01,side
2025/8/18 19:00:04,corridor
2025/8/18 19:00:08,side
2025/8/18 19:01:26,corridor
2025/8/18 19:01:34,middle
2025/8/18 19:01:35,mid-sep
2025/8/18 19:01:49,middle
2025/8/18 19:01:50,corridor
2025/8/18 19:01:59,side
2025/8/18 19:06:25,corridor
2025/8/18 19:06:26,side
2025/8/18 19:06:40,corridor
2025/8/18 19:06:43,side
2025/8/18 19:09:06,corridor
2025/8/18 19:09:06,middle
2025/8/18 19:09:07,mid-sep
2025/8/18 19:09:20,middle
2025/8/18 19:09:21,corridor
2025/8/18 19:09:21,side
2025/8/18 19:11:49,corridor
2025/8/18 19:11:50,middle
2025/8/18 19:11:52,mid-sep
2025/8/18 19:11:56,middle
2025/8/18 19:11:57,corridor
2025/8/18 19:11:58,side
2025/8/18 19:20:54,corridor
2025/8/18 19:20:54,middle
2025/8/18 19:20:55,mid-sep
2025/8/18 19:21:08,middle
2025/8/18 19:21:08,corridor
2025/8/18 19:21:09,side
2025/8/18 19:26:20,corridor
2025/8/18 19:26:20,middle
2025/8/18 19:26:22,mid-sep
2025/8/18 19:26:52,middle
2025/8/18 19:27:04,corridor
2025/8/18 19:27:08,side
2025/8/18 19:27:37,corridor
2025/8/18 19:27:50,side
2025/8/18 19:30:52,middle
2025/8/18 19:30:53,mid-sep
2025/8/18 19:30:56,middle
2025/8/18 19:30:56,corridor
2025/8/18 19:31:00,side
2025/8/18 19:35:32,corridor
2025/8/18 19:35:32,middle
2025/8/18 19:35:33,mid-sep
2025/8/18 19:35:40,middle
2025/8/18 19:35:41,corridor
2025/8/18 19:35:41,side
2025/8/18 19:37:19,corridor
2025/8/18 19:37:21,middle
2025/8/18 19:37:21,mid-sep
2025/8/18 19:37:41,middle
2025/8/18 19:39:15,mid-sep
2025/8/18 19:39:29,middle
2025/8/18 19:39:29,corridor
2025/8/18 19:39:30,side
2025/8/18 19:41:49,corridor
2025/8/18 19:41:49,middle
2025/8/18 19:41:50,mid-sep
2025/8/18 19:42:00,middle
2025/8/18 19:42:03,corridor
2025/8/18 19:42:03,side
2025/8/18 19:42:59,corridor
2025/8/18 19:43:07,side
2025/8/18 19:51:15,corridor
2025/8/18 19:51:16,middle
2025/8/18 19:51:22,corridor
2025/8/18 19:51:24,side
2025/8/18 19:52:23,corridor
2025/8/18 19:52:23,middle
2025/8/18 19:52:41,mid-sep
2025/8/18 19:52:47,middle
2025/8/18 19:52:50,corridor
2025/8/18 19:52:50,side
2025/8/18 19:54:43,corridor
2025/8/18 19:54:44,middle
2025/8/18 19:54:45,mid-sep
2025/8/18 19:54:48,middle
2025/8/18 19:54:49,corridor
2025/8/18 19:54:49,side
2025/8/18 19:56:24,corridor
2025/8/18 19:56:26,middle
2025/8/18 19:56:27,mid-sep
2025/8/18 19:56:34,middle
2025/8/18 19:56:35,corridor
2025/8/18 19:56:35,side
2025/8/18 19:58:40,corridor
2025/8/18 19:58:41,middle
2025/8/18 19:58:43,mid-sep
2025/8/18 19:59:10,middle
2025/8/18 19:59:15,corridor
2025/8/18 19:59:16,side
2025/8/18 20:01:42,corridor
2025/8/18 20:01:42,middle
2025/8/18 20:01:44,mid-sep
2025/8/18 20:02:12,middle
2025/8/18 20:02:13,corridor
2025/8/18 20:02:14,side
2025/8/18 20:04:07,corridor
2025/8/18 20:04:08,middle
2025/8/18 20:04:10,mid-sep
2025/8/18 20:04:13,middle
2025/8/18 20:04:14,corridor
2025/8/18 20:04:14,side
2025/8/18 20:10:49,corridor
2025/8/18 20:10:54,side
2025/8/18 20:11:16,corridor
2025/8/18 20:11:16,middle
2025/8/18 20:11:17,mid-sep
2025/8/18 20:11:42,middle
2025/8/18 20:11:44,corridor
2025/8/18 20:11:44,side
2025/8/18 20:13:31,corridor
2025/8/18 20:13:32,middle
2025/8/18 20:13:33,mid-sep
2025/8/18 20:13:46,middle
2025/8/18 20:13:47,corridor
2025/8/18 20:13:48,side
2025/8/18 20:14:24,corridor
2025/8/18 20:14:28,side
2025/8/18 20:18:45,corridor
2025/8/18 20:18:45,middle
2025/8/18 20:18:46,mid-sep
2025/8/18 20:18:48,middle
2025/8/18 20:18:48,corridor
2025/8/18 20:18:49,side
2025/8/18 20:18:57,corridor
2025/8/18 20:19:02,middle
2025/8/18 20:19:03,mid-sep
2025/8/18 20:20:08,middle
2025/8/18 20:20:11,corridor
2025/8/18 20:20:12,side
2025/8/18 20:20:55,corridor
2025/8/18 20:21:02,middle
2025/8/18 20:21:06,corridor
2025/8/18 20:21:06,side
2025/8/18 20:27:28,corridor
2025/8/18 20:27:28,middle
2025/8/18 20:27:30,mid-sep
2025/8/18 20:27:45,middle
2025/8/18 20:27:46,corridor
2025/8/18 20:27:47,side
2025/8/18 20:31:12,corridor
2025/8/18 20:31:14,side
2025/8/18 20:32:08,corridor
2025/8/18 20:32:10,middle
2025/8/18 20:32:10,mid-sep
2025/8/18 20:32:16,middle
2025/8/18 20:32:17,corridor
2025/8/18 20:32:17,side
2025/8/18 20:32:58,corridor
2025/8/18 20:32:59,middle
2025/8/18 20:33:00,mid-sep
2025/8/18 20:33:29,middle
2025/8/18 20:34:11,corridor
2025/8/18 20:34:13,side
2025/8/18 20:34:51,corridor
2025/8/18 20:34:53,middle
2025/8/18 20:34:55,mid-sep
2025/8/18 20:35:35,middle
2025/8/18 20:35:38,corridor
2025/8/18 20:35:38,side
2025/8/18 20:38:35,corridor
2025/8/18 20:38:35,middle
2025/8/18 20:38:37,mid-sep
2025/8/18 20:39:17,middle
2025/8/18 20:39:27,corridor
2025/8/18 20:39:27,side
2025/8/18 20:44:23,corridor
2025/8/18 20:44:24,middle
2025/8/18 20:44:27,mid-sep
2025/8/18 20:44:36,middle
2025/8/18 20:44:37,corridor
2025/8/18 20:44:37,side
2025/8/18 20:46:26,corridor
2025/8/18 20:46:27,middle
2025/8/18 20:46:28,mid-sep
2025/8/18 20:46:35,middle
2025/8/18 20:46:41,corridor
2025/8/18 20:46:49,side
2025/8/18 20:47:05,corridor
2025/8/18 20:47:08,middle
2025/8/18 20:47:11,mid-sep
2025/8/18 20:47:22,middle
2025/8/18 20:47:23,corridor
2025/8/18 20:47:23,side
2025/8/18 20:48:02,corridor
2025/8/18 20:48:02,middle
2025/8/18 20:48:04,mid-sep
2025/8/18 20:48:20,middle
2025/8/18 20:48:44,mid-sep
2025/8/18 20:48:58,middle
2025/8/18 20:51:04,corridor
2025/8/18 20:51:05,side
2025/8/18 21:10:32,corridor
2025/8/18 21:10:35,middle
2025/8/18 21:10:40,mid-sep
2025/8/18 21:10:50,middle
2025/8/18 21:11:50,corridor
2025/8/18 21:11:51,side
2025/8/18 21:13:41,corridor
2025/8/18 21:13:41,middle
2025/8/18 21:13:42,mid-sep
2025/8/18 21:14:02,middle
2025/8/18 21:14:21,mid-sep
2025/8/18 21:14:28,middle
2025/8/18 21:14:29,corridor
2025/8/18 21:14:33,side
2025/8/18 21:16:23,corridor
2025/8/18 21:16:27,middle
2025/8/18 21:16:29,mid-sep
2025/8/18 21:16:44,middle
2025/8/18 21:16:44,corridor
2025/8/18 21:16:46,side
2025/8/18 21:18:05,corridor
2025/8/18 21:18:21,side
2025/8/18 21:20:01,corridor
2025/8/18 21:20:01,middle
2025/8/18 21:20:02,mid-sep
2025/8/18 21:20:10,middle
2025/8/18 21:20:11,corridor
2025/8/18 21:20:12,side
2025/8/18 21:21:57,corridor
2025/8/18 21:21:57,middle
2025/8/18 21:21:59,mid-sep
2025/8/18 21:22:19,middle
2025/8/18 21:22:20,corridor
2025/8/18 21:22:20,side
2025/8/18 21:22:57,corridor
2025/8/18 21:23:00,side
2025/8/18 21:24:31,corridor
2025/8/18 21:24:31,middle
2025/8/18 21:24:32,mid-sep
2025/8/18 21:24:35,middle
2025/8/18 21:24:35,corridor
2025/8/18 21:24:35,side
2025/8/18 21:28:56,corridor
2025/8/18 21:28:57,middle
2025/8/18 21:29:10,mid-sep
2025/8/18 21:29:20,middle
2025/8/18 21:29:20,corridor
2025/8/18 21:29:21,side
2025/8/18 21:29:30,corridor
2025/8/18 21:29:31,middle
2025/8/18 21:29:32,mid-sep
2025/8/18 21:29:34,middle
2025/8/18 21:29:42,corridor
2025/8/18 21:29:42,side
2025/8/18 21:29:52,corridor
2025/8/18 21:29:54,middle
2025/8/18 21:29:54,mid-sep
2025/8/18 21:29:59,middle
2025/8/18 21:29:59,corridor
2025/8/18 21:30:00,side
2025/8/18 21:30:38,corridor
2025/8/18 21:30:38,middle
2025/8/18 21:30:39,mid-sep
2025/8/18 21:30:49,middle
2025/8/18 21:30:53,corridor
2025/8/18 21:30:53,side
2025/8/18 21:34:39,corridor
2025/8/18 21:34:39,middle
2025/8/18 21:34:40,mid-sep
2025/8/18 21:35:12,middle
2025/8/18 21:35:24,corridor
2025/8/18 21:35:24,side
2025/8/18 21:36:47,corridor
2025/8/18 21:36:47,middle
2025/8/18 21:36:48,mid-sep
2025/8/18 21:37:06,middle
2025/8/18 21:37:09,corridor
2025/8/18 21:37:13,side
2025/8/18 21:38:51,corridor
2025/8/18 21:38:58,middle
2025/8/18 21:39:00,mid-sep
2025/8/18 21:39:05,middle
2025/8/18 21:39:06,corridor
2025/8/18 21:39:07,side
2025/8/18 21:39:22,corridor
2025/8/18 21:39:25,middle
2025/8/18 21:39:26,mid-sep
2025/8/18 21:39:34,middle
2025/8/18 21:39:35,corridor
2025/8/18 21:39:36,side
2025/8/18 21:40:06,corridor
2025/8/18 21:40:11,middle
2025/8/18 21:40:16,corridor
2025/8/18 21:40:16,side
2025/8/18 21:42:16,corridor
2025/8/18 21:42:17,middle
2025/8/18 21:44:19,mid-sep
2025/8/18 21:44:34,middle
2025/8/18 21:44:42,corridor
2025/8/18 21:44:43,side
2025/8/18 21:45:16,corridor
2025/8/18 21:45:16,middle
2025/8/18 21:45:17,mid-sep
2025/8/18 21:45:50,middle
2025/8/18 21:45:52,corridor
2025/8/18 21:45:52,side
2025/8/18 21:50:29,corridor
2025/8/18 21:50:30,middle
2025/8/18 21:50:31,mid-sep
2025/8/18 21:50:40,middle
2025/8/18 21:52:43,corridor
2025/8/18 21:52:45,side
2025/8/18 22:42:35,corridor
2025/8/18 22:42:36,middle
2025/8/18 22:42:38,mid-sep
2025/8/18 22:42:38,middle
2025/8/18 22:44:21,mid-sep
2025/8/18 22:44:30,middle
2025/8/18 22:44:37,corridor
2025/8/18 22:44:41,side
2025/8/18 22:45:21,corridor
2025/8/18 22:45:23,middle
2025/8/18 22:45:40,mid-sep
2025/8/18 22:45:58,middle
2025/8/18 22:46:02,corridor
2025/8/18 22:46:03,side
2025/8/18 22:47:27,corridor
2025/8/18 22:47:31,side
2025/8/18 22:47:34,corridor
2025/8/18 22:47:38,middle
2025/8/18 22:48:03,corridor
2025/8/18 22:48:03,side
2025/8/18 23:20:34,corridor
2025/8/18 23:20:35,middle
2025/8/18 23:21:20,corridor
2025/8/18 23:21:21,side
2025/8/18 23:21:54,corridor
2025/8/18 23:21:56,middle
2025/8/18 23:22:02,mid-sep
2025/8/18 23:23:10,middle
2025/8/18 23:23:19,corridor
2025/8/18 23:23:20,side
2025/8/18 23:24:08,corridor
2025/8/18 23:24:09,middle
2025/8/18 23:24:10,mid-sep
2025/8/18 23:24:13,middle
2025/8/18 23:24:14,corridor
2025/8/18 23:24:15,side
2025/8/18 23:26:54,corridor
2025/8/18 23:26:58,middle
2025/8/18 23:26:59,mid-sep
2025/8/18 23:27:02,middle
2025/8/18 23:27:14,corridor
2025/8/18 23:27:15,side
2025/8/18 23:27:28,corridor
2025/8/18 23:27:31,middle
2025/8/18 23:27:33,mid-sep
2025/8/18 23:27:53,middle
2025/8/18 23:27:55,corridor
2025/8/18 23:27:55,side
2025/8/18 23:28:37,corridor
2025/8/18 23:28:37,middle
2025/8/18 23:28:39,mid-sep
2025/8/18 23:28:52,middle
2025/8/18 23:28:52,corridor
2025/8/18 23:28:53,side
2025/8/18 23:35:18,corridor
2025/8/18 23:35:20,middle
2025/8/18 23:35:21,mid-sep
2025/8/18 23:35:32,middle
2025/8/18 23:35:37,corridor
2025/8/18 23:35:38,side
2025/8/18 23:36:11,corridor
2025/8/18 23:36:13,middle
2025/8/18 23:36:13,mid-sep
2025/8/18 23:36:20,middle
2025/8/18 23:36:21,corridor
2025/8/18 23:36:22,side
2025/8/18 23:40:40,corridor
2025/8/18 23:40:40,middle
2025/8/18 23:40:41,mid-sep
2025/8/18 23:40:49,middle
2025/8/18 23:41:04,corridor
2025/8/18 23:41:11,side
2025/8/18 23:41:34,corridor
2025/8/18 23:41:35,middle
2025/8/18 23:41:36,mid-sep
2025/8/18 23:41:48,middle
2025/8/18 23:41:59,mid-sep
2025/8/18 23:42:13,middle
2025/8/18 23:42:16,corridor
2025/8/18 23:42:17,side
2025/8/18 23:42:20,corridor
2025/8/18 23:42:22,middle
2025/8/18 23:42:23,mid-sep
2025/8/18 23:43:26,middle
2025/8/18 23:43:27,corridor
2025/8/18 23:43:29,side
2025/8/18 23:47:24,corridor
2025/8/18 23:47:24,middle
2025/8/18 23:47:29,mid-sep
2025/8/18 23:47:48,middle
2025/8/18 23:47:51,corridor
2025/8/18 23:47:55,side
2025/8/18 23:47:58,corridor
2025/8/18 23:48:03,middle
2025/8/18 23:48:06,mid-sep
2025/8/18 23:49:07,middle
2025/8/18 23:49:35,mid-sep
2025/8/18 23:49:38,middle
2025/8/18 23:49:38,corridor
2025/8/18 23:49:45,side
2025/8/19 0:03:12,corridor
2025/8/19 0:03:12,middle
2025/8/19 0:03:35,mid-sep
2025/8/19 0:04:07,middle
2025/8/19 0:04:52,corridor
2025/8/19 0:04:54,side
2025/8/19 0:05:05,corridor
2025/8/19 0:05:10,side
2025/8/19 0:05:26,corridor
2025/8/19 0:05:28,side
2025/8/19 0:06:49,corridor
2025/8/19 0:06:53,side
2025/8/19 0:07:22,corridor
2025/8/19 0:07:38,middle
2025/8/19 0:07:40,mid-sep
2025/8/19 0:07:53,middle
2025/8/19 0:07:54,corridor
2025/8/19 0:07:55,side
2025/8/19 0:07:59,corridor
2025/8/19 0:08:05,middle
2025/8/19 0:08:06,mid-sep
2025/8/19 0:08:09,middle
2025/8/19 0:08:12,corridor
2025/8/19 0:08:12,side
2025/8/19 0:08:34,corridor
2025/8/19 0:08:39,side
2025/8/19 0:09:28,corridor
2025/8/19 0:09:32,side
2025/8/19 0:09:41,corridor
2025/8/19 0:09:41,middle
2025/8/19 0:09:43,mid-sep
2025/8/19 0:09:46,middle
2025/8/19 0:09:47,corridor
2025/8/19 0:09:47,side
2025/8/19 0:11:22,middle
2025/8/19 0:11:24,middle
2025/8/19 0:11:28,middle
2025/8/19 0:11:29,corridor
2025/8/19 0:11:30,side
2025/8/19 0:13:59,corridor
2025/8/19 0:14:20,middle
2025/8/19 0:14:21,mid-sep
2025/8/19 0:14:48,middle
2025/8/19 0:14:59,corridor
2025/8/19 0:15:03,side
2025/8/19 0:15:32,corridor
2025/8/19 0:15:32,middle
2025/8/19 0:15:33,mid-sep
2025/8/19 0:15:41,middle
2025/8/19 0:15:54,corridor
2025/8/19 0:15:55,side
2025/8/19 0:16:31,corridor
2025/8/19 0:16:35,middle
2025/8/19 0:16:35,mid-sep
2025/8/19 0:17:44,middle
2025/8/19 0:18:56,corridor
2025/8/19 0:18:57,side
2025/8/19 0:24:58,corridor
2025/8/19 0:24:59,middle
2025/8/19 0:25:00,mid-sep
2025/8/19 0:25:06,middle
2025/8/19 0:25:07,corridor
2025/8/19 0:25:08,side
2025/8/19 0:33:02,corridor
2025/8/19 0:33:02,middle
2025/8/19 0:33:06,mid-sep
2025/8/19 0:33:11,middle
2025/8/19 0:33:11,corridor
2025/8/19 0:33:11,side
2025/8/19 0:37:18,corridor
2025/8/19 0:37:19,middle
2025/8/19 0:37:20,mid-sep
2025/8/19 0:37:26,middle
2025/8/19 0:37:27,corridor
2025/8/19 0:37:28,side
2025/8/19 0:44:44,corridor
2025/8/19 0:44:44,middle
2025/8/19 0:44:52,mid-sep
2025/8/19 0:45:40,middle
2025/8/19 0:45:47,mid-sep
2025/8/19 0:46:06,middle
2025/8/19 0:46:09,corridor
2025/8/19 0:46:10,side
2025/8/19 0:50:49,corridor
2025/8/19 0:50:58,middle
2025/8/19 0:50:59,mid-sep
2025/8/19 0:51:03,middle
2025/8/19 0:51:04,corridor
2025/8/19 0:51:06,side
2025/8/19 0:51:24,corridor
2025/8/19 0:51:24,middle
2025/8/19 0:51:25,mid-sep
2025/8/19 0:51:42,middle
2025/8/19 0:51:44,corridor
2025/8/19 0:51:45,side
2025/8/19 0:53:19,corridor
2025/8/19 0:53:24,side
2025/8/19 1:01:19,corridor
2025/8/19 1:01:20,middle
2025/8/19 1:01:21,mid-sep
2025/8/19 1:01:42,middle
2025/8/19 1:01:43,corridor
2025/8/19 1:01:43,side
2025/8/19 2:00:19,corridor
2025/8/19 2:00:22,middle
2025/8/19 2:00:24,corridor
2025/8/19 2:00:25,side
2025/8/19 3:26:13,corridor
2025/8/19 3:26:13,middle
2025/8/19 3:26:15,mid-sep
2025/8/19 3:26:24,middle
2025/8/19 3:26:25,corridor
2025/8/19 3:26:26,side
2025/8/19 3:34:55,corridor
2025/8/19 3:34:57,middle
2025/8/19 3:34:57,mid-sep
2025/8/19 3:34:59,middle
2025/8/19 3:35:00,corridor
2025/8/19 3:35:01,side
2025/8/19 3:41:03,corridor
2025/8/19 3:41:05,middle
2025/8/19 3:41:06,corridor
2025/8/19 3:41:06,side
2025/8/19 3:41:41,corridor
2025/8/19 3:41:41,middle
2025/8/19 3:41:42,mid-sep
2025/8/19 3:41:49,middle
2025/8/19 3:41:50,corridor
2025/8/19 3:41:50,side
2025/8/19 5:35:26,corridor
2025/8/19 5:35:27,middle
2025/8/19 5:35:29,mid-sep
2025/8/19 5:36:16,middle
2025/8/19 5:38:26,mid-sep
2025/8/19 5:39:16,middle
2025/8/19 5:39:17,corridor
2025/8/19 5:39:24,side
2025/8/19 5:39:34,corridor
2025/8/19 5:39:37,side
2025/8/19 5:39:52,corridor
2025/8/19 5:39:53,middle
2025/8/19 5:39:53,mid-sep
2025/8/19 5:40:00,middle
2025/8/19 5:40:06,corridor
2025/8/19 5:40:31,side
2025/8/19 5:40:37,corridor
2025/8/19 5:40:37,middle
2025/8/19 5:40:39,mid-sep
2025/8/19 5:41:00,middle
2025/8/19 5:41:06,corridor
2025/8/19 5:41:07,side
2025/8/19 5:41:26,corridor
2025/8/19 5:41:30,side
2025/8/19 5:41:32,corridor
2025/8/19 5:41:33,middle
2025/8/19 5:41:33,mid-sep
2025/8/19 5:42:07,middle
2025/8/19 5:43:06,corridor
2025/8/19 5:43:34,side
2025/8/19 5:43:47,corridor
2025/8/19 5:43:48,middle
2025/8/19 5:43:48,mid-sep
2025/8/19 5:43:51,middle
2025/8/19 5:43:52,corridor
2025/8/19 5:43:56,side
2025/8/19 5:44:15,corridor
2025/8/19 5:44:15,middle
2025/8/19 5:44:16,mid-sep
2025/8/19 5:44:17,middle
2025/8/19 5:44:17,corridor
2025/8/19 5:44:18,side
2025/8/19 5:44:50,corridor
2025/8/19 5:44:50,middle
2025/8/19 5:44:50,mid-sep
2025/8/19 5:44:52,middle
2025/8/19 5:45:54,corridor
2025/8/19 5:46:10,side
2025/8/19 5:46:18,corridor
2025/8/19 5:46:18,middle
2025/8/19 5:46:20,mid-sep
2025/8/19 5:46:30,middle
2025/8/19 5:46:31,corridor
2025/8/19 5:46:33,side
2025/8/19 5:46:44,corridor
2025/8/19 5:46:44,middle
2025/8/19 5:46:45,mid-sep
2025/8/19 5:46:55,middle
2025/8/19 5:46:55,corridor
2025/8/19 5:46:58,side
2025/8/19 5:48:09,corridor
2025/8/19 5:48:10,middle
2025/8/19 5:48:11,mid-sep
2025/8/19 5:49:16,middle
2025/8/19 5:50:14,mid-sep
2025/8/19 5:50:16,middle
2025/8/19 5:51:53,corridor
2025/8/19 5:51:55,side
2025/8/19 5:52:00,corridor
2025/8/19 5:52:00,middle
2025/8/19 5:52:00,mid-sep
2025/8/19 5:52:16,middle
2025/8/19 5:52:17,corridor
2025/8/19 5:52:18,side
2025/8/19 5:53:23,corridor
2025/8/19 5:53:27,side
2025/8/19 5:55:10,corridor
2025/8/19 5:55:11,middle
2025/8/19 5:55:11,mid-sep
2025/8/19 5:55:16,middle
2025/8/19 5:55:16,corridor
2025/8/19 5:55:24,side
2025/8/19 5:56:38,corridor
2025/8/19 5:56:38,middle
2025/8/19 5:56:38,mid-sep
2025/8/19 5:56:39,middle
2025/8/19 6:01:14,mid-sep
2025/8/19 6:01:30,middle
2025/8/19 6:03:12,corridor
2025/8/19 6:03:15,side
2025/8/19 6:03:49,corridor
2025/8/19 6:03:54,side
2025/8/19 6:04:27,corridor
2025/8/19 6:04:28,middle
2025/8/19 6:04:30,mid-sep
2025/8/19 6:04:42,middle
2025/8/19 6:04:43,corridor
2025/8/19 6:04:43,side
2025/8/19 6:05:49,corridor
2025/8/19 6:05:58,middle
2025/8/19 6:05:59,mid-sep
2025/8/19 6:06:12,middle
2025/8/19 6:06:15,corridor
2025/8/19 6:06:15,side
2025/8/19 6:26:31,corridor
2025/8/19 6:26:33,middle
2025/8/19 6:26:33,mid-sep
2025/8/19 6:26:34,middle
2025/8/19 6:27:47,corridor
2025/8/19 6:27:48,side
2025/8/19 6:28:13,corridor
2025/8/19 6:28:18,side
2025/8/19 6:29:15,corridor
2025/8/19 6:29:16,middle
2025/8/19 6:29:17,mid-sep
2025/8/19 6:29:20,middle
2025/8/19 6:29:21,corridor
2025/8/19 6:29:21,side
2025/8/19 6:30:45,corridor
2025/8/19 6:30:45,middle
2025/8/19 6:30:46,mid-sep
2025/8/19 6:30:51,middle
2025/8/19 6:30:52,corridor
2025/8/19 6:30:52,side
2025/8/19 6:43:14,corridor
2025/8/19 6:43:15,middle
2025/8/19 6:43:16,mid-sep
2025/8/19 6:43:27,middle
2025/8/19 6:43:28,corridor
2025/8/19 6:43:29,side
2025/8/19 6:44:42,corridor
2025/8/19 6:44:44,middle
2025/8/19 6:44:45,mid-sep
2025/8/19 6:44:47,middle
2025/8/19 6:47:15,corridor
2025/8/19 6:47:18,side
2025/8/19 6:59:41,corridor
2025/8/19 6:59:43,middle
2025/8/19 6:59:43,mid-sep
2025/8/19 6:59:43,middle
2025/8/19 7:00:51,mid-sep
2025/8/19 7:01:03,middle
2025/8/19 7:01:13,corridor
2025/8/19 7:01:14,side
2025/8/19 7:23:44,corridor
2025/8/19 7:23:44,middle
2025/8/19 7:23:45,mid-sep
2025/8/19 7:23:46,middle
2025/8/19 7:26:46,corridor
2025/8/19 7:26:48,side
2025/8/19 7:27:34,corridor
2025/8/19 7:27:34,middle
2025/8/19 7:27:35,mid-sep
2025/8/19 7:27:41,middle
2025/8/19 7:27:41,corridor
2025/8/19 7:27:41,side
2025/8/19 7:28:21,corridor
2025/8/19 7:28:22,side
2025/8/19 7:29:30,corridor
2025/8/19 7:29:31,middle
2025/8/19 7:29:33,mid-sep
2025/8/19 7:29:48,middle
2025/8/19 7:29:49,corridor
2025/8/19 7:29:53,middle
2025/8/19 7:29:59,corridor
2025/8/19 7:30:10,side
2025/8/19 7:31:03,corridor
2025/8/19 7:31:04,middle
2025/8/19 7:31:06,mid-sep
2025/8/19 7:31:15,middle
2025/8/19 7:31:34,mid-sep
2025/8/19 7:31:38,middle
2025/8/19 7:31:50,corridor
2025/8/19 7:31:54,side
2025/8/19 7:32:13,corridor
2025/8/19 7:32:14,middle
2025/8/19 7:32:15,mid-sep
2025/8/19 7:32:30,middle
2025/8/19 7:32:32,corridor
2025/8/19 7:32:33,side
2025/8/19 7:40:12,corridor
2025/8/19 7:40:13,middle
2025/8/19 7:40:32,mid-sep
2025/8/19 7:40:57,middle
2025/8/19 7:41:03,corridor
2025/8/19 7:41:03,side
2025/8/19 7:45:15,corridor
2025/8/19 7:45:16,middle
2025/8/19 7:45:18,mid-sep
2025/8/19 7:45:30,middle
2025/8/19 7:46:03,mid-sep
2025/8/19 7:46:04,middle
2025/8/19 7:46:27,corridor
2025/8/19 7:46:41,side
2025/8/19 7:46:50,corridor
2025/8/19 7:46:52,middle
2025/8/19 7:46:53,mid-sep
2025/8/19 7:47:44,middle
2025/8/19 7:47:58,corridor
2025/8/19 7:47:58,side
2025/8/19 7:48:02,corridor
2025/8/19 7:48:03,middle
2025/8/19 7:48:04,mid-sep
2025/8/19 7:48:07,side
2025/8/19 7:48:09,corridor
2025/8/19 7:48:09,side
2025/8/19 7:51:11,corridor
2025/8/19 7:51:16,middle
2025/8/19 7:51:17,mid-sep
2025/8/19 7:51:59,middle
2025/8/19 7:52:00,corridor
2025/8/19 7:52:00,side
2025/8/19 7:52:05,corridor
2025/8/19 7:52:06,middle
2025/8/19 7:52:15,corridor
2025/8/19 7:52:15,side
2025/8/19 7:56:47,corridor
2025/8/19 7:56:49,middle
2025/8/19 7:56:49,mid-sep
2025/8/19 7:57:52,middle
2025/8/19 7:58:30,mid-sep
2025/8/19 7:59:52,middle
2025/8/19 8:00:00,corridor
2025/8/19 8:00:01,side
2025/8/19 8:00:13,corridor
2025/8/19 8:00:14,middle
2025/8/19 8:00:15,corridor
2025/8/19 8:00:17,side
2025/8/19 8:01:17,corridor
2025/8/19 8:01:19,middle
2025/8/19 8:01:20,mid-sep
2025/8/19 8:01:22,middle
2025/8/19 8:01:25,corridor
2025/8/19 8:01:26,side
2025/8/19 8:03:41,corridor
2025/8/19 8:03:44,middle
2025/8/19 8:03:48,corridor
2025/8/19 8:03:49,side
2025/8/19 8:04:12,corridor
2025/8/19 8:04:12,middle
2025/8/19 8:04:14,mid-sep
2025/8/19 8:05:05,middle
2025/8/19 8:05:06,corridor
2025/8/19 8:05:06,side
2025/8/19 8:07:52,corridor
2025/8/19 8:07:53,middle
2025/8/19 8:07:54,mid-sep
2025/8/19 8:09:02,middle
2025/8/19 8:09:47,mid-sep
2025/8/19 8:09:52,middle
2025/8/19 8:09:53,corridor
2025/8/19 8:09:54,side
2025/8/19 8:12:23,corridor
2025/8/19 8:12:24,middle
2025/8/19 8:12:25,mid-sep
2025/8/19 8:12:36,middle
2025/8/19 8:12:48,corridor
2025/8/19 8:12:49,side
2025/8/19 8:13:01,corridor
2025/8/19 8:13:06,middle
2025/8/19 8:13:19,mid-sep
2025/8/19 8:14:51,middle
2025/8/19 8:15:13,mid-sep
2025/8/19 8:15:32,middle
2025/8/19 8:15:35,corridor
2025/8/19 8:15:36,side
2025/8/19 8:17:45,corridor
2025/8/19 8:17:49,middle
2025/8/19 8:17:51,mid-sep
2025/8/19 8:18:07,middle
2025/8/19 8:18:11,corridor
2025/8/19 8:18:18,middle
2025/8/19 8:18:24,corridor
2025/8/19 8:18:28,side
2025/8/19 8:27:32,corridor
2025/8/19 8:27:32,middle
2025/8/19 8:27:33,mid-sep
2025/8/19 8:27:45,middle
2025/8/19 8:28:08,mid-sep
2025/8/19 8:28:47,middle
2025/8/19 8:28:48,corridor
2025/8/19 8:28:48,side
2025/8/19 8:29:41,corridor
2025/8/19 8:29:42,middle
2025/8/19 8:29:43,mid-sep
2025/8/19 8:30:00,middle
2025/8/19 8:30:01,corridor
2025/8/19 8:30:01,side
2025/8/19 8:34:56,corridor
2025/8/19 8:34:57,middle
2025/8/19 8:34:58,mid-sep
2025/8/19 8:35:02,middle
2025/8/19 8:35:05,corridor
2025/8/19 8:35:06,side
2025/8/19 8:38:26,corridor
2025/8/19 8:38:31,middle
2025/8/19 8:38:32,mid-sep
2025/8/19 8:38:53,middle
2025/8/19 8:38:58,corridor
2025/8/19 8:38:58,side
2025/8/19 8:42:17,corridor
2025/8/19 8:42:22,side
2025/8/19 8:45:16,corridor
2025/8/19 8:45:17,middle
2025/8/19 8:45:19,mid-sep
2025/8/19 8:45:24,middle
2025/8/19 8:45:34,corridor
2025/8/19 8:45:35,side
2025/8/19 8:56:42,corridor
2025/8/19 8:56:45,middle
2025/8/19 8:56:48,mid-sep
2025/8/19 8:57:27,middle
2025/8/19 8:57:28,corridor
2025/8/19 8:57:29,side
2025/8/19 9:59:38,corridor
2025/8/19 9:59:39,middle
2025/8/19 9:59:40,mid-sep
2025/8/19 10:00:05,middle
2025/8/19 10:00:09,corridor
2025/8/19 10:00:10,side
2025/8/19 10:00:28,corridor
2025/8/19 10:00:29,middle
2025/8/19 10:00:30,mid-sep
2025/8/19 10:01:16,middle
2025/8/19 10:01:44,mid-sep
2025/8/19 10:01:54,middle
2025/8/19 10:03:04,mid-sep
2025/8/19 10:03:48,middle
2025/8/19 10:04:02,corridor
2025/8/19 10:04:03,side
2025/8/19 10:05:13,corridor
2025/8/19 10:05:22,middle
2025/8/19 10:05:25,mid-sep
2025/8/19 10:05:47,middle
2025/8/19 10:05:49,corridor
2025/8/19 10:05:49,side
2025/8/19 10:06:29,corridor
2025/8/19 10:06:29,middle
2025/8/19 10:06:32,mid-sep
2025/8/19 10:06:57,middle
2025/8/19 10:06:58,corridor
2025/8/19 10:06:59,side
2025/8/19 10:07:08,corridor
2025/8/19 10:07:09,middle
2025/8/19 10:07:21,mid-sep
2025/8/19 10:07:30,middle
2025/8/19 10:07:37,corridor
2025/8/19 10:07:38,side
2025/8/19 10:12:16,corridor
2025/8/19 10:12:19,middle
2025/8/19 10:12:21,mid-sep
2025/8/19 10:13:39,middle
2025/8/19 10:13:54,mid-sep
2025/8/19 10:14:09,middle
2025/8/19 10:14:10,corridor
2025/8/19 10:14:11,side
2025/8/19 10:18:53,corridor
2025/8/19 10:18:54,middle
2025/8/19 10:19:00,mid-sep
2025/8/19 10:19:07,middle
2025/8/19 10:19:08,corridor
2025/8/19 10:19:15,side
2025/8/19 10:23:08,corridor
2025/8/19 10:23:09,middle
2025/8/19 10:23:13,mid-sep
2025/8/19 10:23:17,middle
2025/8/19 10:23:19,corridor
2025/8/19 10:23:20,side
2025/8/19 10:24:05,corridor
2025/8/19 10:24:12,side
2025/8/19 10:28:18,corridor
2025/8/19 10:28:23,middle
2025/8/19 10:28:28,mid-sep
2025/8/19 10:28:44,middle
2025/8/19 10:28:51,mid-sep
2025/8/19 10:28:54,middle
2025/8/19 10:28:54,corridor
2025/8/19 10:28:55,side
2025/8/19 12:42:54,corridor
2025/8/19 12:42:55,middle
2025/8/19 12:42:57,mid-sep
2025/8/19 12:43:50,middle
2025/8/19 12:44:10,mid-sep
2025/8/19 12:44:16,middle
2025/8/19 12:44:25,mid-sep
2025/8/19 12:44:27,middle
2025/8/19 12:44:28,corridor
2025/8/19 12:44:30,side
2025/8/19 12:49:14,corridor
2025/8/19 12:49:18,middle
2025/8/19 12:49:20,mid-sep
2025/8/19 12:49:48,middle
2025/8/19 12:50:04,corridor
2025/8/19 12:50:04,side
2025/8/19 15:34:08,corridor
2025/8/19 15:34:09,middle
2025/8/19 15:34:12,mid-sep
2025/8/19 15:34:16,middle
2025/8/19 15:34:18,corridor
2025/8/19 15:34:20,side
2025/8/19 15:34:26,corridor
2025/8/19 15:34:26,middle
2025/8/19 15:34:27,mid-sep
2025/8/19 15:34:28,middle
2025/8/19 15:34:30,corridor
2025/8/19 15:34:31,side
2025/8/19 15:34:41,corridor
2025/8/19 15:34:42,middle
2025/8/19 15:34:44,mid-sep
2025/8/19 15:35:26,middle
2025/8/19 15:35:28,corridor
2025/8/19 15:35:28,side
2025/8/19 15:36:03,corridor
2025/8/19 15:36:04,middle
2025/8/19 15:36:05,mid-sep
2025/8/19 15:36:10,middle
2025/8/19 15:36:12,corridor
2025/8/19 15:36:34,side
2025/8/19 15:36:59,corridor
2025/8/19 15:36:59,middle
2025/8/19 15:37:00,mid-sep
2025/8/19 15:37:03,middle
2025/8/19 15:37:04,corridor
2025/8/19 15:37:05,side
2025/8/19 15:44:18,corridor
2025/8/19 15:44:19,side
2025/8/19 15:46:17,corridor
2025/8/19 15:46:17,middle
2025/8/19 15:46:18,mid-sep
2025/8/19 15:46:40,middle
2025/8/19 15:46:42,corridor
2025/8/19 15:46:42,side
2025/8/19 15:49:31,corridor
2025/8/19 15:49:32,side
2025/8/19 16:34:21,corridor
2025/8/19 16:34:22,middle
2025/8/19 16:34:23,mid-sep
2025/8/19 16:34:35,middle
2025/8/19 16:34:36,corridor
2025/8/19 16:34:43,side
2025/8/19 16:35:45,corridor
2025/8/19 16:35:48,middle
2025/8/19 16:35:49,mid-sep
2025/8/19 16:35:57,middle
2025/8/19 16:35:58,corridor
2025/8/19 16:35:59,side
2025/8/19 16:36:33,corridor
2025/8/19 16:36:34,middle
2025/8/19 16:36:35,mid-sep
2025/8/19 16:36:37,middle
2025/8/19 16:36:37,corridor
2025/8/19 16:36:38,side
2025/8/19 16:37:02,corridor
2025/8/19 16:37:03,middle
2025/8/19 16:37:05,mid-sep
2025/8/19 16:37:43,middle
2025/8/19 16:38:08,mid-sep
2025/8/19 16:38:14,middle
2025/8/19 16:38:21,mid-sep
2025/8/19 16:38:31,middle
2025/8/19 16:38:53,mid-sep
2025/8/19 16:38:55,middle
2025/8/19 16:38:56,corridor
2025/8/19 16:39:00,side
2025/8/19 16:39:41,corridor
2025/8/19 16:39:55,middle
2025/8/19 16:39:55,mid-sep
2025/8/19 16:40:01,middle
2025/8/19 16:40:03,corridor
2025/8/19 16:40:04,side
2025/8/19 16:40:25,corridor
2025/8/19 16:40:25,middle
2025/8/19 16:41:24,mid-sep
2025/8/19 16:41:44,middle
2025/8/19 16:41:46,corridor
2025/8/19 16:41:47,side
2025/8/19 16:44:18,corridor
2025/8/19 16:44:23,middle
2025/8/19 16:44:25,mid-sep
2025/8/19 16:44:25,middle
2025/8/19 16:44:28,corridor
2025/8/19 16:44:35,side
2025/8/19 16:44:47,corridor
2025/8/19 16:44:48,middle
2025/8/19 16:44:48,mid-sep
2025/8/19 16:44:49,middle
2025/8/19 16:44:49,corridor
2025/8/19 16:44:52,side
2025/8/19 16:45:13,corridor
2025/8/19 16:45:13,middle
2025/8/19 16:45:15,mid-sep
2025/8/19 16:45:17,middle
2025/8/19 16:45:18,corridor
2025/8/19 16:45:19,side
2025/8/19 16:45:26,corridor
2025/8/19 16:45:26,middle
2025/8/19 16:45:27,mid-sep
2025/8/19 16:45:34,middle
2025/8/19 16:45:35,corridor
2025/8/19 16:45:38,side
2025/8/19 17:15:31,corridor
2025/8/19 17:15:33,middle
2025/8/19 17:17:44,corridor
2025/8/19 17:17:46,side
2025/8/19 17:18:16,corridor
2025/8/19 17:18:18,side
2025/8/19 17:32:43,corridor
2025/8/19 17:32:45,middle
2025/8/19 17:33:10,mid-sep
2025/8/19 17:33:37,middle
2025/8/19 17:33:39,corridor
2025/8/19 17:33:39,side
2025/8/19 17:33:53,corridor
2025/8/19 17:33:54,middle
2025/8/19 17:34:09,mid-sep
2025/8/19 17:34:20,middle
2025/8/19 17:34:24,corridor
2025/8/19 17:34:25,side
2025/8/19 17:41:02,corridor
2025/8/19 17:41:04,middle
2025/8/19 17:42:00,mid-sep
2025/8/19 17:43:16,middle
2025/8/19 17:43:17,corridor
2025/8/19 17:43:19,side
2025/8/19 17:43:24,corridor
2025/8/19 17:43:26,middle
2025/8/19 17:43:27,mid-sep
2025/8/19 17:43:29,middle
2025/8/19 17:43:30,corridor
2025/8/19 17:43:31,side
2025/8/19 17:44:04,corridor
2025/8/19 17:44:05,middle
2025/8/19 17:44:05,mid-sep
2025/8/19 17:44:34,middle
2025/8/19 17:44:35,corridor
2025/8/19 17:44:36,side
2025/8/19 17:51:20,corridor
2025/8/19 17:51:22,middle
2025/8/19 17:51:22,mid-sep
2025/8/19 17:52:16,middle
2025/8/19 17:53:06,mid-sep
2025/8/19 17:53:08,middle
2025/8/19 17:53:11,corridor
2025/8/19 17:53:11,side
2025/8/19 17:59:28,corridor
2025/8/19 17:59:28,middle
2025/8/19 18:00:59,corridor
2025/8/19 18:01:00,side
2025/8/19 18:01:22,corridor
2025/8/19 18:01:31,side
2025/8/19 18:15:25,corridor
2025/8/19 18:15:27,middle
2025/8/19 18:15:31,mid-sep
2025/8/19 18:15:32,middle
2025/8/19 18:15:33,corridor
2025/8/19 18:15:33,side
2025/8/19 18:16:29,corridor
2025/8/19 18:16:31,side
2025/8/19 18:17:19,corridor
2025/8/19 18:17:21,middle
2025/8/19 18:17:22,mid-sep
2025/8/19 18:17:46,middle
2025/8/19 18:17:46,corridor
2025/8/19 18:17:46,side
2025/8/19 18:20:23,corridor
2025/8/19 18:20:29,side
2025/8/19 18:21:43,corridor
2025/8/19 18:21:48,middle
2025/8/19 18:21:49,mid-sep
2025/8/19 18:22:11,middle
2025/8/19 18:22:13,corridor
2025/8/19 18:22:15,side
2025/8/19 18:22:53,corridor
2025/8/19 18:22:57,middle
2025/8/19 18:22:59,mid-sep
2025/8/19 18:23:03,middle
2025/8/19 18:23:05,corridor
2025/8/19 18:23:06,side
2025/8/19 18:23:30,corridor
2025/8/19 18:23:32,middle
2025/8/19 18:23:33,mid-sep
2025/8/19 18:23:36,middle
2025/8/19 18:23:36,corridor
2025/8/19 18:23:37,side
2025/8/19 18:26:49,corridor
2025/8/19 18:26:55,side
2025/8/19 18:28:14,corridor
2025/8/19 18:28:15,middle
2025/8/19 18:30:07,mid-sep
2025/8/19 18:30:35,middle
2025/8/19 18:30:44,mid-sep
2025/8/19 18:30:54,middle
2025/8/19 18:31:06,mid-sep
2025/8/19 18:31:23,middle
2025/8/19 18:31:26,corridor
2025/8/19 18:31:27,side
2025/8/19 18:40:17,corridor
2025/8/19 18:40:18,middle
2025/8/19 18:40:20,mid-sep
2025/8/19 18:40:20,middle
2025/8/19 18:42:18,corridor
2025/8/19 18:42:18,side
2025/8/19 18:47:27,corridor
2025/8/19 18:47:29,middle
2025/8/19 18:47:30,mid-sep
2025/8/19 18:48:55,middle
2025/8/19 18:48:57,corridor
2025/8/19 18:48:57,side
2025/8/19 18:49:53,corridor
2025/8/19 18:49:54,middle
2025/8/19 18:49:55,mid-sep
2025/8/19 18:49:58,middle
2025/8/19 18:49:59,corridor
2025/8/19 18:50:01,side
2025/8/19 18:53:48,corridor
2025/8/19 18:53:48,middle
2025/8/19 18:53:56,corridor
2025/8/19 18:53:57,side
2025/8/19 19:00:03,corridor
2025/8/19 19:00:03,middle
2025/8/19 19:00:10,mid-sep
2025/8/19 19:00:29,middle
2025/8/19 19:01:04,mid-sep
2025/8/19 19:01:06,middle
2025/8/19 19:01:07,corridor
2025/8/19 19:01:09,side
2025/8/19 19:03:13,corridor
2025/8/19 19:03:14,middle
2025/8/19 19:03:15,mid-sep
2025/8/19 19:03:42,middle
2025/8/19 19:04:06,mid-sep
2025/8/19 19:04:08,middle
2025/8/19 19:04:09,corridor
2025/8/19 19:04:10,side
2025/8/19 19:04:14,corridor
2025/8/19 19:04:15,middle
2025/8/19 19:04:15,mid-sep
2025/8/19 19:04:18,middle
2025/8/19 19:04:18,corridor
2025/8/19 19:04:18,side
2025/8/19 19:06:12,corridor
2025/8/19 19:06:42,side
2025/8/19 19:15:23,corridor
2025/8/19 19:15:25,middle
2025/8/19 19:15:26,mid-sep
2025/8/19 19:15:31,middle
2025/8/19 19:15:32,corridor
2025/8/19 19:15:33,side
2025/8/19 19:16:17,corridor
2025/8/19 19:16:18,middle
2025/8/19 19:16:22,mid-sep
2025/8/19 19:16:33,middle
2025/8/19 19:16:33,corridor
2025/8/19 19:16:34,side
2025/8/19 19:31:44,corridor
2025/8/19 19:31:45,middle
2025/8/19 19:31:46,mid-sep
2025/8/19 19:31:48,middle
2025/8/19 19:31:48,corridor
2025/8/19 19:31:48,side
2025/8/19 19:38:20,corridor
2025/8/19 19:38:21,middle
2025/8/19 19:38:22,mid-sep
2025/8/19 19:38:26,middle
2025/8/19 19:38:27,corridor
2025/8/19 19:38:27,side
2025/8/19 19:42:41,corridor
2025/8/19 19:42:42,middle
2025/8/19 19:42:42,mid-sep
2025/8/19 19:42:44,middle
2025/8/19 19:45:04,corridor
2025/8/19 19:45:05,side
2025/8/19 19:59:33,corridor
2025/8/19 19:59:33,middle
2025/8/19 19:59:36,mid-sep
2025/8/19 19:59:42,middle
2025/8/19 19:59:43,corridor
2025/8/19 19:59:43,side
2025/8/19 20:03:40,corridor
2025/8/19 20:03:41,middle
2025/8/19 20:03:43,mid-sep
2025/8/19 20:04:01,middle
2025/8/19 20:04:29,mid-sep
2025/8/19 20:04:31,middle
2025/8/19 20:04:34,corridor
2025/8/19 20:04:35,side
2025/8/19 20:06:11,corridor
2025/8/19 20:06:14,middle
2025/8/19 20:06:16,mid-sep
2025/8/19 20:06:20,middle
2025/8/19 20:06:22,corridor
2025/8/19 20:06:23,side
2025/8/19 20:07:54,corridor
2025/8/19 20:07:56,middle
2025/8/19 20:07:57,mid-sep
2025/8/19 20:08:30,middle
2025/8/19 20:08:31,side
2025/8/19 20:12:06,corridor
2025/8/19 20:12:07,middle
2025/8/19 20:12:08,mid-sep
2025/8/19 20:12:22,middle
2025/8/19 20:12:29,mid-sep
2025/8/19 20:12:45,middle
2025/8/19 20:12:55,corridor
2025/8/19 20:12:55,side
2025/8/19 20:14:46,corridor
2025/8/19 20:14:47,middle
2025/8/19 20:14:50,mid-sep
2025/8/19 20:14:59,middle
2025/8/19 20:15:00,corridor
2025/8/19 20:15:01,side
2025/8/19 20:16:16,corridor
2025/8/19 20:16:21,middle
2025/8/19 20:16:42,mid-sep
2025/8/19 20:16:49,middle
2025/8/19 20:16:52,corridor
2025/8/19 20:16:59,side
2025/8/19 20:19:44,corridor
2025/8/19 20:19:45,middle
2025/8/19 20:19:46,mid-sep
2025/8/19 20:19:50,middle
2025/8/19 20:19:55,corridor
2025/8/19 20:19:56,side
2025/8/19 20:20:55,corridor
2025/8/19 20:20:56,middle
2025/8/19 20:20:59,mid-sep
2025/8/19 20:21:39,middle
2025/8/19 20:21:52,mid-sep
2025/8/19 20:22:36,middle
2025/8/19 20:23:01,corridor
2025/8/19 20:23:03,side
2025/8/19 20:24:48,corridor
2025/8/19 20:24:48,middle
2025/8/19 20:24:51,mid-sep
2025/8/19 20:25:10,middle
2025/8/19 20:25:10,corridor
2025/8/19 20:25:11,side
2025/8/19 20:33:04,corridor
2025/8/19 20:33:04,middle
2025/8/19 20:33:05,mid-sep
2025/8/19 20:33:42,middle
2025/8/19 20:33:42,corridor
2025/8/19 20:33:43,side
2025/8/19 20:43:28,corridor
2025/8/19 20:43:29,middle
2025/8/19 20:43:29,mid-sep
2025/8/19 20:43:34,middle
2025/8/19 20:43:35,corridor
2025/8/19 20:43:36,side
2025/8/19 20:44:33,corridor
2025/8/19 20:44:34,middle
2025/8/19 20:44:36,mid-sep
2025/8/19 20:45:18,middle
2025/8/19 20:45:27,corridor
2025/8/19 20:45:28,side
2025/8/19 20:48:30,corridor
2025/8/19 20:48:31,middle
2025/8/19 20:48:33,mid-sep
2025/8/19 20:48:51,middle
2025/8/19 20:48:52,corridor
2025/8/19 20:48:52,side
2025/8/19 20:49:15,corridor
2025/8/19 20:49:16,middle
2025/8/19 20:49:18,mid-sep
2025/8/19 20:49:20,middle
2025/8/19 20:49:23,corridor
2025/8/19 20:49:24,side
2025/8/19 20:56:12,corridor
2025/8/19 20:56:12,middle
2025/8/19 20:56:14,mid-sep
2025/8/19 20:56:18,middle
2025/8/19 20:56:40,mid-sep
2025/8/19 20:57:16,middle
2025/8/19 20:57:39,mid-sep
2025/8/19 20:57:49,middle
2025/8/19 20:57:50,corridor
2025/8/19 20:57:50,side
2025/8/19 21:03:22,corridor
2025/8/19 21:03:23,middle
2025/8/19 21:03:43,mid-sep
2025/8/19 21:04:07,middle
2025/8/19 21:04:50,mid-sep
2025/8/19 21:05:05,middle
2025/8/19 21:05:06,corridor
2025/8/19 21:05:06,side
2025/8/19 21:06:38,corridor
2025/8/19 21:06:39,middle
2025/8/19 21:06:41,mid-sep
2025/8/19 21:07:15,middle
2025/8/19 21:07:16,corridor
2025/8/19 21:07:18,side
2025/8/19 21:09:30,corridor
2025/8/19 21:09:32,middle
2025/8/19 21:09:57,mid-sep
2025/8/19 21:10:20,middle
2025/8/19 21:10:34,corridor
2025/8/19 21:10:35,side
2025/8/19 21:11:27,corridor
2025/8/19 21:11:30,middle
2025/8/19 21:11:33,mid-sep
2025/8/19 21:12:20,middle
2025/8/19 21:12:27,corridor
2025/8/19 21:12:51,side
2025/8/19 21:12:54,corridor
2025/8/19 21:12:55,middle
2025/8/19 21:12:56,mid-sep
2025/8/19 21:13:02,middle
2025/8/19 21:13:06,corridor
2025/8/19 21:13:07,side
2025/8/19 21:14:55,corridor
2025/8/19 21:14:55,middle
2025/8/19 21:15:01,mid-sep
2025/8/19 21:15:33,middle
2025/8/19 21:15:37,mid-sep
2025/8/19 21:15:38,middle
2025/8/19 21:15:38,corridor
2025/8/19 21:15:39,side
2025/8/19 21:29:33,corridor
2025/8/19 21:29:35,middle
2025/8/19 21:29:35,mid-sep
2025/8/19 21:29:41,middle
2025/8/19 21:30:53,mid-sep
2025/8/19 21:32:34,middle
2025/8/19 21:32:40,corridor
2025/8/19 21:32:50,side
2025/8/19 21:33:09,corridor
2025/8/19 21:33:11,middle
2025/8/19 21:33:16,mid-sep
2025/8/19 21:33:29,middle
2025/8/19 21:33:30,corridor
2025/8/19 21:33:31,side
2025/8/19 21:36:53,corridor
2025/8/19 21:36:53,middle
2025/8/19 21:36:55,mid-sep
2025/8/19 21:37:05,middle
2025/8/19 21:37:06,corridor
2025/8/19 21:37:10,side
2025/8/19 21:39:30,corridor
2025/8/19 21:39:30,middle
2025/8/19 21:39:32,mid-sep
2025/8/19 21:40:09,middle
2025/8/19 21:40:09,corridor
2025/8/19 21:40:11,side
2025/8/19 21:45:42,corridor
2025/8/19 21:45:42,middle
2025/8/19 21:45:43,mid-sep
2025/8/19 21:45:46,middle
2025/8/19 21:47:59,corridor
2025/8/19 21:48:01,side
2025/8/19 21:48:13,corridor
2025/8/19 21:48:14,middle
2025/8/19 21:48:18,mid-sep
2025/8/19 21:48:59,middle
2025/8/19 21:49:05,mid-sep
2025/8/19 21:49:06,middle
2025/8/19 21:49:06,corridor
2025/8/19 21:49:07,side
2025/8/19 22:22:45,corridor
2025/8/19 22:22:46,middle
2025/8/19 22:24:08,mid-sep
2025/8/19 22:24:12,middle
2025/8/19 22:24:24,corridor
2025/8/19 22:24:27,side
2025/8/19 22:26:42,corridor
2025/8/19 22:26:46,middle
2025/8/19 22:26:48,mid-sep
2025/8/19 22:27:30,middle
2025/8/19 22:27:31,corridor
2025/8/19 22:27:33,side
2025/8/19 22:28:17,corridor
2025/8/19 22:28:42,middle
2025/8/19 22:29:37,mid-sep
2025/8/19 22:30:06,middle
2025/8/19 22:30:08,corridor
2025/8/19 22:30:11,side
2025/8/19 22:34:02,corridor
2025/8/19 22:34:03,middle
2025/8/19 22:34:10,mid-sep
2025/8/19 22:34:30,middle
2025/8/19 22:36:07,corridor
2025/8/19 22:36:10,side
2025/8/19 23:12:39,corridor
2025/8/19 23:12:41,middle
2025/8/19 23:12:52,mid-sep
2025/8/19 23:13:02,middle
2025/8/19 23:13:16,mid-sep
2025/8/19 23:13:20,middle
2025/8/19 23:14:29,mid-sep
2025/8/19 23:14:39,middle
2025/8/19 23:16:23,corridor
2025/8/19 23:16:25,side
2025/8/19 23:17:52,corridor
2025/8/19 23:17:52,middle
2025/8/19 23:17:55,mid-sep
2025/8/19 23:18:03,middle
2025/8/19 23:18:04,corridor
2025/8/19 23:18:04,side
2025/8/19 23:19:33,corridor
2025/8/19 23:19:36,middle
2025/8/19 23:19:40,mid-sep
2025/8/19 23:19:44,middle
2025/8/19 23:19:49,mid-sep
2025/8/19 23:19:50,middle
2025/8/19 23:24:52,corridor
2025/8/19 23:24:52,side
2025/8/19 23:25:23,corridor
2025/8/19 23:25:23,middle
2025/8/19 23:25:27,mid-sep
2025/8/19 23:25:34,middle
2025/8/19 23:25:35,side
2025/8/19 23:30:25,corridor
2025/8/19 23:30:26,middle
2025/8/19 23:30:30,mid-sep
2025/8/19 23:30:34,middle
2025/8/19 23:30:35,corridor
2025/8/19 23:30:36,side
2025/8/19 23:34:51,corridor
2025/8/19 23:34:51,middle
2025/8/19 23:34:54,mid-sep
2025/8/19 23:35:22,middle
2025/8/19 23:35:26,corridor
2025/8/19 23:35:26,side
2025/8/19 23:41:55,corridor
2025/8/19 23:41:57,middle
2025/8/19 23:42:00,mid-sep
2025/8/19 23:42:30,middle
2025/8/19 23:43:04,mid-sep
2025/8/19 23:43:14,middle
2025/8/19 23:43:15,corridor
2025/8/19 23:43:15,side
2025/8/19 23:52:17,corridor
2025/8/19 23:52:17,middle
2025/8/19 23:52:21,mid-sep
2025/8/19 23:52:39,middle
2025/8/19 23:52:39,corridor
2025/8/19 23:52:39,side
2025/8/19 23:54:04,corridor
2025/8/19 23:54:06,middle
2025/8/19 23:54:09,mid-sep
2025/8/19 23:54:18,middle
2025/8/19 23:54:18,corridor
2025/8/19 23:54:19,side
2025/8/20 1:22:51,corridor
2025/8/20 1:22:52,middle
2025/8/20 1:22:53,mid-sep
2025/8/20 1:22:55,middle
2025/8/20 1:25:09,mid-sep
2025/8/20 1:25:44,middle
2025/8/20 1:25:45,corridor
2025/8/20 1:25:45,side
2025/8/20 1:25:59,corridor
2025/8/20 1:26:00,middle
2025/8/20 1:26:01,mid-sep
2025/8/20 1:26:13,middle
2025/8/20 1:26:14,corridor
2025/8/20 1:26:15,side
2025/8/20 1:34:35,corridor
2025/8/20 1:34:36,middle
2025/8/20 1:34:37,mid-sep
2025/8/20 1:35:30,middle
2025/8/20 1:35:57,mid-sep
2025/8/20 1:36:24,middle
2025/8/20 1:36:24,corridor
2025/8/20 1:36:24,side
2025/8/20 1:51:38,corridor
2025/8/20 1:51:39,middle
2025/8/20 1:51:40,mid-sep
2025/8/20 1:51:41,middle
2025/8/20 1:52:24,mid-sep
2025/8/20 1:52:53,middle
2025/8/20 1:54:31,corridor
2025/8/20 1:54:31,side
2025/8/20 1:55:04,corridor
2025/8/20 1:55:06,middle
2025/8/20 1:55:09,mid-sep
2025/8/20 1:55:24,middle
2025/8/20 1:55:30,mid-sep
2025/8/20 1:55:34,middle
2025/8/20 1:55:34,corridor
2025/8/20 1:55:35,side
2025/8/20 2:06:40,corridor
2025/8/20 2:06:41,middle
2025/8/20 2:06:42,mid-sep
2025/8/20 2:07:50,middle
2025/8/20 2:07:53,corridor
2025/8/20 2:07:54,side
2025/8/20 2:35:49,corridor
2025/8/20 2:35:51,middle
2025/8/20 2:37:36,corridor
2025/8/20 2:37:36,side
2025/8/20 3:15:21,corridor
2025/8/20 3:15:27,middle
2025/8/20 3:15:30,mid-sep
2025/8/20 3:15:33,middle
2025/8/20 3:17:36,corridor
2025/8/20 3:17:38,side
2025/8/20 3:19:20,corridor
2025/8/20 3:19:21,middle
2025/8/20 3:19:23,mid-sep
2025/8/20 3:19:50,middle
2025/8/20 3:19:51,corridor
2025/8/20 3:19:52,side
2025/8/20 3:28:26,corridor
2025/8/20 3:28:28,middle
2025/8/20 3:28:32,corridor
2025/8/20 3:28:32,side
2025/8/20 3:34:31,corridor
2025/8/20 3:34:40,middle
2025/8/20 3:34:43,mid-sep
2025/8/20 3:34:49,middle
2025/8/20 3:34:49,corridor
2025/8/20 3:34:50,side
2025/8/20 3:43:38,corridor
2025/8/20 3:43:40,middle
2025/8/20 3:43:44,mid-sep
2025/8/20 3:43:57,middle
2025/8/20 3:43:58,corridor
2025/8/20 3:43:59,side
2025/8/20 3:44:24,corridor
2025/8/20 3:44:25,middle
2025/8/20 3:44:26,mid-sep
2025/8/20 3:44:38,middle
2025/8/20 3:44:39,corridor
2025/8/20 3:44:40,side
2025/8/20 4:21:22,corridor
2025/8/20 4:21:22,middle
2025/8/20 4:21:23,mid-sep
2025/8/20 4:21:26,middle
2025/8/20 4:21:37,mid-sep
2025/8/20 4:21:41,middle
2025/8/20 4:21:48,corridor
2025/8/20 4:21:49,side
2025/8/20 5:04:54,corridor
2025/8/20 5:04:54,middle
2025/8/20 5:04:56,mid-sep
2025/8/20 5:05:47,middle
2025/8/20 5:07:48,mid-sep
2025/8/20 5:08:07,middle
2025/8/20 5:08:08,corridor
2025/8/20 5:08:11,side
2025/8/20 5:08:25,corridor
2025/8/20 5:08:27,middle
2025/8/20 5:08:29,mid-sep
2025/8/20 5:08:40,middle
2025/8/20 5:08:45,corridor
2025/8/20 5:08:46,side
2025/8/20 5:11:36,corridor
2025/8/20 5:11:36,middle
2025/8/20 5:11:38,mid-sep
2025/8/20 5:11:56,middle
2025/8/20 5:15:31,corridor
2025/8/20 5:15:31,side
2025/8/20 5:22:10,corridor
2025/8/20 5:22:11,middle
2025/8/20 5:22:13,mid-sep
2025/8/20 5:23:17,middle
2025/8/20 5:23:18,corridor
2025/8/20 5:23:19,side
2025/8/20 5:48:38,corridor
2025/8/20 5:48:44,middle
2025/8/20 5:48:45,mid-sep
2025/8/20 5:48:50,middle
2025/8/20 5:48:52,corridor
2025/8/20 5:48:53,side
2025/8/20 5:52:56,corridor
2025/8/20 5:52:58,middle
2025/8/20 5:53:00,mid-sep
2025/8/20 5:53:21,middle
2025/8/20 5:53:24,corridor
2025/8/20 5:53:25,side
2025/8/20 6:26:38,corridor
2025/8/20 6:26:39,middle
2025/8/20 6:26:42,mid-sep
2025/8/20 6:26:45,middle
2025/8/20 6:26:46,corridor
2025/8/20 6:26:46,side
2025/8/20 6:31:13,corridor
2025/8/20 6:31:14,middle
2025/8/20 6:31:20,mid-sep
2025/8/20 6:32:10,middle
2025/8/20 6:32:11,corridor
2025/8/20 6:32:11,side
2025/8/20 6:37:48,corridor
2025/8/20 6:37:49,middle
2025/8/20 6:37:52,mid-sep
2025/8/20 6:38:26,middle
2025/8/20 6:38:51,corridor
2025/8/20 6:38:52,side
2025/8/20 6:41:04,corridor
2025/8/20 6:41:04,middle
2025/8/20 6:41:06,mid-sep
2025/8/20 6:41:13,middle
2025/8/20 6:41:18,corridor
2025/8/20 6:41:18,side
2025/8/20 6:44:18,corridor
2025/8/20 6:44:18,middle
2025/8/20 6:44:20,mid-sep
2025/8/20 6:45:10,middle
2025/8/20 6:45:13,corridor
2025/8/20 6:45:14,side
2025/8/20 6:46:20,corridor
2025/8/20 6:46:24,middle
2025/8/20 6:46:36,mid-sep
2025/8/20 6:46:50,middle
2025/8/20 6:46:51,corridor
2025/8/20 6:46:52,side
2025/8/20 6:50:44,corridor
2025/8/20 6:50:46,middle
2025/8/20 6:50:48,mid-sep
2025/8/20 6:51:04,middle
2025/8/20 6:51:08,mid-sep
2025/8/20 6:52:24,middle
2025/8/20 6:53:26,corridor
2025/8/20 6:53:27,side
2025/8/20 6:53:45,corridor
2025/8/20 6:53:49,middle
2025/8/20 6:53:50,mid-sep
2025/8/20 6:54:07,middle
2025/8/20 6:55:00,mid-sep
2025/8/20 6:55:13,middle
2025/8/20 6:55:22,mid-sep
2025/8/20 6:55:33,middle
2025/8/20 6:55:34,corridor
2025/8/20 6:55:36,side
2025/8/20 6:57:03,corridor
2025/8/20 6:57:11,side
2025/8/20 7:02:43,corridor
2025/8/20 7:02:43,middle
2025/8/20 7:02:45,mid-sep
2025/8/20 7:03:10,middle
2025/8/20 7:03:14,corridor
2025/8/20 7:03:18,side
2025/8/20 7:05:02,corridor
2025/8/20 7:05:03,middle
2025/8/20 7:05:22,mid-sep
2025/8/20 7:05:38,middle
2025/8/20 7:05:40,corridor
2025/8/20 7:05:42,side
2025/8/20 7:06:16,corridor
2025/8/20 7:06:17,middle
2025/8/20 7:06:20,mid-sep
2025/8/20 7:06:57,middle
2025/8/20 7:07:17,mid-sep
2025/8/20 7:08:17,middle
2025/8/20 7:08:43,mid-sep
2025/8/20 7:09:04,middle
2025/8/20 7:09:39,mid-sep
2025/8/20 7:09:44,middle
2025/8/20 7:09:45,corridor
2025/8/20 7:09:46,side
2025/8/20 8:16:35,corridor
2025/8/20 8:16:36,middle
2025/8/20 8:16:38,corridor
2025/8/20 8:16:39,side
2025/8/20 8:36:50,corridor
2025/8/20 8:36:51,middle
2025/8/20 8:36:51,mid-sep
2025/8/20 8:37:55,middle
2025/8/20 8:37:56,corridor
2025/8/20 8:37:57,side
2025/8/20 8:39:15,corridor
2025/8/20 8:39:20,middle
2025/8/20 8:39:25,corridor
2025/8/20 8:39:26,middle
2025/8/20 8:39:27,corridor
2025/8/20 8:39:33,middle
2025/8/20 8:39:33,mid-sep
2025/8/20 8:39:40,middle
2025/8/20 8:39:41,corridor
2025/8/20 8:39:42,side
2025/8/20 8:40:00,corridor
2025/8/20 8:40:01,middle
2025/8/20 8:40:01,mid-sep
2025/8/20 8:42:46,middle
2025/8/20 8:42:47,corridor
2025/8/20 8:42:48,side
2025/8/20 8:49:17,corridor
2025/8/20 8:49:18,middle
2025/8/20 8:49:21,mid-sep
2025/8/20 8:49:34,middle
2025/8/20 8:49:35,corridor
2025/8/20 8:49:36,side
2025/8/20 8:50:17,corridor
2025/8/20 8:50:18,middle
2025/8/20 8:50:19,mid-sep
2025/8/20 8:52:33,middle
2025/8/20 8:52:34,corridor
2025/8/20 8:52:34,side
2025/8/20 8:52:47,corridor
2025/8/20 8:52:51,side
2025/8/20 8:53:51,corridor
2025/8/20 8:53:52,middle
2025/8/20 8:53:52,mid-sep
2025/8/20 8:54:16,middle
2025/8/20 8:54:16,corridor
2025/8/20 8:54:17,side
2025/8/20 8:57:56,corridor
2025/8/20 8:58:04,side
2025/8/20 8:58:16,corridor
2025/8/20 8:58:19,middle
2025/8/20 8:58:26,mid-sep
2025/8/20 8:59:22,middle
2025/8/20 8:59:23,corridor
2025/8/20 8:59:24,side
2025/8/20 9:01:41,corridor
2025/8/20 9:01:42,middle
2025/8/20 9:01:51,corridor
2025/8/20 9:01:53,side
2025/8/20 9:02:10,corridor
2025/8/20 9:02:10,middle
2025/8/20 9:02:13,mid-sep
2025/8/20 9:02:26,middle
2025/8/20 9:02:28,corridor
2025/8/20 9:02:31,side
2025/8/20 9:02:51,corridor
2025/8/20 9:02:56,middle
2025/8/20 9:02:57,corridor
2025/8/20 9:02:57,side
2025/8/20 9:03:35,corridor
2025/8/20 9:03:36,middle
2025/8/20 9:03:41,mid-sep
2025/8/20 9:05:08,middle
2025/8/20 9:05:10,corridor
2025/8/20 9:05:11,side
2025/8/20 9:12:59,corridor
2025/8/20 9:12:59,middle
2025/8/20 9:13:00,mid-sep
2025/8/20 9:14:54,middle
2025/8/20 9:15:00,corridor
2025/8/20 9:15:01,side
2025/8/20 9:17:46,corridor
2025/8/20 9:17:52,side
2025/8/20 10:45:39,corridor
2025/8/20 10:45:40,middle
2025/8/20 10:45:42,mid-sep
2025/8/20 10:46:04,middle
2025/8/20 10:46:05,corridor
2025/8/20 10:46:06,side
2025/8/20 13:10:22,corridor
2025/8/20 13:10:24,middle
2025/8/20 13:10:26,mid-sep
2025/8/20 13:10:30,middle
2025/8/20 13:10:31,corridor
2025/8/20 13:10:32,side
2025/8/20 14:09:10,corridor
2025/8/20 14:09:11,middle
2025/8/20 14:09:12,mid-sep
2025/8/20 14:09:28,middle
2025/8/20 14:09:33,corridor
2025/8/20 14:09:34,side
2025/8/20 16:12:34,corridor
2025/8/20 16:12:35,middle
2025/8/20 16:12:37,mid-sep
2025/8/20 16:12:58,middle
2025/8/20 16:13:01,corridor
2025/8/20 16:13:02,side
2025/8/20 17:04:09,corridor
2025/8/20 17:04:09,middle
2025/8/20 17:04:10,mid-sep
2025/8/20 17:05:34,middle
2025/8/20 17:05:37,corridor
2025/8/20 17:05:39,side
2025/8/20 17:08:09,corridor
2025/8/20 17:08:10,middle
2025/8/20 17:08:10,mid-sep
2025/8/20 17:08:40,middle
2025/8/20 17:08:41,corridor
2025/8/20 17:08:42,side
2025/8/20 17:43:20,corridor
2025/8/20 17:43:21,middle
2025/8/20 17:43:22,mid-sep
2025/8/20 17:44:39,middle
2025/8/20 17:44:56,mid-sep
2025/8/20 17:45:20,middle
2025/8/20 17:45:22,corridor
2025/8/20 17:45:24,side
2025/8/20 17:46:30,corridor
2025/8/20 17:46:32,middle
2025/8/20 17:46:35,mid-sep
2025/8/20 17:47:10,middle
2025/8/20 17:47:14,corridor
2025/8/20 17:47:15,side
2025/8/20 17:49:57,corridor
2025/8/20 17:49:58,middle
2025/8/20 17:50:00,mid-sep
2025/8/20 17:50:06,middle
2025/8/20 17:50:09,corridor
2025/8/20 17:50:09,side
2025/8/20 17:50:53,corridor
2025/8/20 17:50:54,middle
2025/8/20 17:50:55,mid-sep
2025/8/20 17:51:45,middle
2025/8/20 17:51:59,corridor
2025/8/20 17:52:01,side
2025/8/20 17:59:50,corridor
2025/8/20 17:59:50,middle
2025/8/20 17:59:52,mid-sep
2025/8/20 17:59:58,middle
2025/8/20 18:00:38,corridor
2025/8/20 18:00:39,side
2025/8/20 18:03:51,corridor
2025/8/20 18:03:52,middle
2025/8/20 18:03:55,mid-sep
2025/8/20 18:04:12,middle
2025/8/20 18:04:21,mid-sep
2025/8/20 18:04:26,middle
2025/8/20 18:04:31,corridor
2025/8/20 18:04:32,side
2025/8/20 18:04:41,corridor
2025/8/20 18:04:44,middle
2025/8/20 18:04:45,mid-sep
2025/8/20 18:04:46,middle
2025/8/20 18:04:47,corridor
2025/8/20 18:04:48,side
2025/8/20 18:14:48,corridor
2025/8/20 18:14:48,middle
2025/8/20 18:14:50,mid-sep
2025/8/20 18:15:01,middle
2025/8/20 18:15:11,corridor
2025/8/20 18:15:12,side
2025/8/20 18:17:03,corridor
2025/8/20 18:17:03,middle
2025/8/20 18:19:51,corridor
2025/8/20 18:19:56,side
2025/8/20 18:34:18,corridor
2025/8/20 18:34:19,middle
2025/8/20 18:34:33,mid-sep
2025/8/20 18:34:37,middle
2025/8/20 18:34:37,corridor
2025/8/20 18:34:38,side
2025/8/20 18:37:58,corridor
2025/8/20 18:37:58,middle
2025/8/20 18:38:43,mid-sep
2025/8/20 18:38:54,middle
2025/8/20 18:38:55,mid-sep
2025/8/20 18:40:51,middle
2025/8/20 18:41:17,mid-sep
2025/8/20 18:41:31,middle
2025/8/20 18:41:33,corridor
2025/8/20 18:41:34,side
2025/8/20 18:43:02,corridor
2025/8/20 18:43:03,middle
2025/8/20 18:43:03,mid-sep
2025/8/20 18:43:24,middle
2025/8/20 18:43:35,mid-sep
2025/8/20 18:43:52,middle
2025/8/20 18:43:53,corridor
2025/8/20 18:43:54,side
2025/8/20 18:49:48,corridor
2025/8/20 18:49:49,middle
2025/8/20 18:49:50,mid-sep
2025/8/20 18:49:51,middle
2025/8/20 18:50:55,corridor
2025/8/20 18:50:56,side
2025/8/20 18:56:30,corridor
2025/8/20 18:56:31,middle
2025/8/20 18:56:33,mid-sep
2025/8/20 18:56:36,middle
2025/8/20 18:56:36,side
2025/8/20 18:56:54,corridor
2025/8/20 18:56:55,middle
2025/8/20 18:56:55,mid-sep
2025/8/20 18:56:56,mid-sep
2025/8/20 18:57:06,middle
2025/8/20 18:57:10,side
2025/8/20 19:01:17,corridor
2025/8/20 19:01:19,side
2025/8/20 19:02:05,corridor
2025/8/20 19:02:06,middle
2025/8/20 19:02:08,mid-sep
2025/8/20 19:02:40,middle
2025/8/20 19:02:41,corridor
2025/8/20 19:02:41,side
2025/8/20 19:03:10,corridor
2025/8/20 19:03:11,middle
2025/8/20 19:03:12,mid-sep
2025/8/20 19:03:13,middle
2025/8/20 19:03:13,corridor
2025/8/20 19:03:13,side
2025/8/20 19:08:43,corridor
2025/8/20 19:08:44,side
2025/8/20 19:08:44,corridor
2025/8/20 19:08:44,middle
2025/8/20 19:09:55,side
2025/8/20 19:12:45,corridor
2025/8/20 19:12:46,middle
2025/8/20 19:12:47,mid-sep
2025/8/20 19:13:11,middle
2025/8/20 19:13:13,corridor
2025/8/20 19:13:15,side
2025/8/20 19:14:19,corridor
2025/8/20 19:14:19,middle
2025/8/20 19:14:20,mid-sep
2025/8/20 19:14:24,middle
2025/8/20 19:14:28,corridor
2025/8/20 19:14:29,side
2025/8/20 19:16:55,corridor
2025/8/20 19:16:56,middle
2025/8/20 19:17:21,mid-sep
2025/8/20 19:17:22,middle
2025/8/20 19:17:23,corridor
2025/8/20 19:17:23,side
2025/8/20 19:17:48,corridor
2025/8/20 19:17:49,middle
2025/8/20 19:17:49,mid-sep
2025/8/20 19:18:22,middle
2025/8/20 19:18:25,corridor
2025/8/20 19:18:26,side
2025/8/20 19:23:32,corridor
2025/8/20 19:23:38,side
2025/8/20 19:27:40,corridor
2025/8/20 19:27:41,middle
2025/8/20 19:27:44,mid-sep
2025/8/20 19:27:54,middle
2025/8/20 19:27:57,corridor
2025/8/20 19:27:58,side
2025/8/20 19:31:00,corridor
2025/8/20 19:31:04,side
2025/8/20 19:31:14,corridor
2025/8/20 19:31:14,middle
2025/8/20 19:31:17,mid-sep
2025/8/20 19:31:21,middle
2025/8/20 19:31:22,corridor
2025/8/20 19:31:22,side
2025/8/20 19:32:42,corridor
2025/8/20 19:32:42,middle
2025/8/20 19:32:44,mid-sep
2025/8/20 19:33:08,middle
2025/8/20 19:34:55,corridor
2025/8/20 19:34:56,side
2025/8/20 19:37:53,corridor
2025/8/20 19:37:54,middle
2025/8/20 19:37:57,mid-sep
2025/8/20 19:38:39,middle
2025/8/20 19:39:00,mid-sep
2025/8/20 19:39:39,middle
2025/8/20 19:39:40,corridor
2025/8/20 19:39:40,side
2025/8/20 19:40:22,corridor
2025/8/20 19:40:24,middle
2025/8/20 19:40:26,mid-sep
2025/8/20 19:40:51,middle
2025/8/20 19:42:39,corridor
2025/8/20 19:42:39,side
2025/8/20 19:43:11,corridor
2025/8/20 19:43:19,middle
2025/8/20 19:43:19,mid-sep
2025/8/20 19:43:21,middle
2025/8/20 19:44:25,side
2025/8/20 19:48:38,corridor
2025/8/20 19:48:39,middle
2025/8/20 19:48:41,mid-sep
2025/8/20 19:48:42,middle
2025/8/20 19:48:43,side
2025/8/20 19:50:33,corridor
2025/8/20 19:50:34,middle
2025/8/20 19:50:35,mid-sep
2025/8/20 19:50:40,middle
2025/8/20 19:50:41,corridor
2025/8/20 19:50:42,side
2025/8/20 19:55:52,corridor
2025/8/20 19:55:52,middle
2025/8/20 19:55:54,mid-sep
2025/8/20 19:56:31,middle
2025/8/20 19:56:52,corridor
2025/8/20 19:56:53,side
2025/8/20 19:57:04,corridor
2025/8/20 19:57:08,middle
2025/8/20 19:57:09,corridor
2025/8/20 19:57:10,side
2025/8/20 19:57:37,corridor
2025/8/20 19:57:37,side
2025/8/20 19:57:40,corridor
2025/8/20 19:57:41,side
2025/8/20 19:58:20,corridor
2025/8/20 19:58:20,middle
2025/8/20 19:58:21,mid-sep
2025/8/20 19:58:22,middle
2025/8/20 19:59:49,corridor
2025/8/20 19:59:49,side
2025/8/20 20:01:45,corridor
2025/8/20 20:01:46,side
2025/8/20 20:02:27,corridor
2025/8/20 20:02:29,middle
2025/8/20 20:02:30,mid-sep
2025/8/20 20:02:33,middle
2025/8/20 20:02:34,side
2025/8/20 20:07:33,corridor
2025/8/20 20:07:33,middle
2025/8/20 20:07:36,corridor
2025/8/20 20:07:36,side
2025/8/20 20:12:13,corridor
2025/8/20 20:12:15,side
2025/8/20 20:15:24,corridor
2025/8/20 20:15:25,middle
2025/8/20 20:15:26,mid-sep
2025/8/20 20:15:29,middle
2025/8/20 20:15:29,side
2025/8/20 20:15:37,corridor
2025/8/20 20:15:37,middle
2025/8/20 20:15:38,mid-sep
2025/8/20 20:15:42,middle
2025/8/20 20:15:43,side
2025/8/20 20:17:13,corridor
2025/8/20 20:17:20,side
2025/8/20 20:18:30,corridor
2025/8/20 20:18:31,middle
2025/8/20 20:18:35,corridor
2025/8/20 20:18:35,side
2025/8/20 20:18:50,corridor
2025/8/20 20:18:50,middle
2025/8/20 20:18:50,corridor
2025/8/20 20:18:51,side
2025/8/20 20:21:15,corridor
2025/8/20 20:21:15,middle
2025/8/20 20:21:16,mid-sep
2025/8/20 20:21:20,middle
2025/8/20 20:21:21,side
2025/8/20 20:25:14,corridor
2025/8/20 20:25:15,middle
2025/8/20 20:25:15,mid-sep
2025/8/20 20:25:16,middle
2025/8/20 20:26:10,corridor
2025/8/20 20:26:11,side
2025/8/20 20:27:49,corridor
2025/8/20 20:27:51,middle
2025/8/20 20:28:01,mid-sep
2025/8/20 20:28:32,middle
2025/8/20 20:28:50,mid-sep
2025/8/20 20:28:56,middle
2025/8/20 20:28:57,corridor
2025/8/20 20:28:57,side
2025/8/20 20:31:12,corridor
2025/8/20 20:31:12,middle
2025/8/20 20:31:14,mid-sep
2025/8/20 20:31:42,middle
2025/8/20 20:31:44,corridor
2025/8/20 20:31:44,side
2025/8/20 20:32:10,corridor
2025/8/20 20:32:12,middle
2025/8/20 20:32:17,mid-sep
2025/8/20 20:32:26,middle
2025/8/20 20:32:26,corridor
2025/8/20 20:32:27,side
2025/8/20 20:34:15,corridor
2025/8/20 20:34:15,middle
2025/8/20 20:36:39,corridor
2025/8/20 20:36:43,side
2025/8/20 20:37:40,corridor
2025/8/20 20:37:40,middle
2025/8/20 20:37:43,mid-sep
2025/8/20 20:37:52,middle
2025/8/20 20:38:00,mid-sep
2025/8/20 20:38:23,middle
2025/8/20 20:38:54,mid-sep
2025/8/20 20:39:01,middle
2025/8/20 20:39:02,corridor
2025/8/20 20:39:02,side
2025/8/20 20:41:58,corridor
2025/8/20 20:41:59,middle
2025/8/20 20:42:00,mid-sep
2025/8/20 20:42:45,middle
2025/8/20 20:42:48,corridor
2025/8/20 20:42:48,side
2025/8/20 20:43:41,corridor
2025/8/20 20:43:41,middle
2025/8/20 20:43:42,mid-sep
2025/8/20 20:44:10,middle
2025/8/20 20:44:11,corridor
2025/8/20 20:44:11,side
2025/8/20 20:45:23,corridor
2025/8/20 20:45:24,middle
2025/8/20 20:45:25,mid-sep
2025/8/20 20:45:28,middle
2025/8/20 20:45:30,corridor
2025/8/20 20:45:32,side
2025/8/20 20:47:47,corridor
2025/8/20 20:47:51,middle
2025/8/20 20:47:52,mid-sep
2025/8/20 20:47:59,middle
2025/8/20 20:49:28,mid-sep
2025/8/20 20:49:50,middle
2025/8/20 20:49:51,corridor
2025/8/20 20:49:51,side
2025/8/20 20:54:11,corridor
2025/8/20 20:54:15,middle
2025/8/20 20:54:17,mid-sep
2025/8/20 20:54:27,middle
2025/8/20 20:55:07,mid-sep
2025/8/20 20:55:08,middle
2025/8/20 20:55:09,corridor
2025/8/20 20:55:11,side
2025/8/20 20:55:23,corridor
2025/8/20 20:55:23,middle
2025/8/20 20:55:28,mid-sep
2025/8/20 20:56:15,mid-sep
2025/8/20 20:56:18,middle
2025/8/20 20:56:38,mid-sep
2025/8/20 20:56:59,middle
2025/8/20 20:56:59,corridor
2025/8/20 20:57:00,side
2025/8/20 20:59:11,corridor
2025/8/20 20:59:12,middle
2025/8/20 20:59:14,mid-sep
2025/8/20 20:59:19,middle
2025/8/20 20:59:30,corridor
2025/8/20 20:59:32,side
2025/8/20 20:59:38,corridor
2025/8/20 20:59:38,middle
2025/8/20 20:59:42,corridor
2025/8/20 20:59:43,side
2025/8/20 20:59:51,corridor
2025/8/20 20:59:51,middle
2025/8/20 20:59:53,mid-sep
2025/8/20 21:00:14,middle
2025/8/20 21:00:17,corridor
2025/8/20 21:00:18,side
2025/8/20 21:11:21,corridor
2025/8/20 21:11:21,middle
2025/8/20 21:11:22,mid-sep
2025/8/20 21:12:23,middle
2025/8/20 21:14:05,corridor
2025/8/20 21:14:06,side
2025/8/20 21:24:59,corridor
2025/8/20 21:25:00,middle
2025/8/20 21:25:02,mid-sep
2025/8/20 21:25:04,middle
2025/8/20 21:25:23,mid-sep
2025/8/20 21:25:56,middle
2025/8/20 21:27:09,corridor
2025/8/20 21:27:10,side
2025/8/20 21:27:25,middle
2025/8/20 21:27:29,mid-sep
2025/8/20 21:28:01,middle
2025/8/20 21:28:24,corridor
2025/8/20 21:28:24,side
2025/8/20 21:29:17,corridor
2025/8/20 21:29:18,middle
2025/8/20 21:29:18,mid-sep
2025/8/20 21:29:41,middle
2025/8/20 21:29:43,corridor
2025/8/20 21:29:45,side
2025/8/20 21:30:53,corridor
2025/8/20 21:30:55,middle
2025/8/20 21:30:56,mid-sep
2025/8/20 21:31:06,middle
2025/8/20 21:31:08,corridor
2025/8/20 21:31:09,side
2025/8/20 21:37:22,corridor
2025/8/20 21:37:22,middle
2025/8/20 21:37:23,mid-sep
2025/8/20 21:38:24,middle
2025/8/20 21:38:29,corridor
2025/8/20 21:38:32,side
2025/8/20 21:38:45,corridor
2025/8/20 21:38:45,middle
2025/8/20 21:40:20,mid-sep
2025/8/20 21:40:57,middle
2025/8/20 21:40:59,corridor
2025/8/20 21:40:59,side
2025/8/20 21:54:37,corridor
2025/8/20 21:54:39,middle
2025/8/20 21:54:39,mid-sep
2025/8/20 21:54:40,middle
2025/8/20 21:57:32,corridor
2025/8/20 21:57:35,side
2025/8/20 21:58:02,corridor
2025/8/20 21:58:07,middle
2025/8/20 21:58:12,mid-sep
2025/8/20 21:58:39,middle
2025/8/20 21:58:44,corridor
2025/8/20 21:58:45,side
2025/8/20 22:02:03,corridor
2025/8/20 22:02:07,side
2025/8/20 22:05:48,corridor
2025/8/20 22:05:50,side
2025/8/20 22:06:33,corridor
2025/8/20 22:06:35,middle
2025/8/20 22:06:36,mid-sep
2025/8/20 22:06:39,middle
2025/8/20 22:06:40,corridor
2025/8/20 22:06:41,side
2025/8/20 22:10:44,corridor
2025/8/20 22:10:48,middle
2025/8/20 22:10:57,mid-sep
2025/8/20 22:11:07,middle
2025/8/20 22:11:09,corridor
2025/8/20 22:11:10,side
2025/8/20 22:12:31,corridor
2025/8/20 22:12:32,middle
2025/8/20 22:12:34,mid-sep
2025/8/20 22:12:39,middle
2025/8/20 22:12:40,side
2025/8/20 22:13:49,corridor
2025/8/20 22:13:50,side
2025/8/20 22:16:36,corridor
2025/8/20 22:16:42,side
2025/8/20 22:16:59,corridor
2025/8/20 22:17:00,middle
2025/8/20 22:19:24,mid-sep
2025/8/20 22:19:51,middle
2025/8/20 22:19:52,corridor
2025/8/20 22:19:52,side
2025/8/20 22:23:55,corridor
2025/8/20 22:23:56,middle
2025/8/20 22:23:57,mid-sep
2025/8/20 22:24:02,middle
2025/8/20 22:24:02,corridor
2025/8/20 22:24:02,side
2025/8/20 22:25:04,corridor
2025/8/20 22:25:05,middle
2025/8/20 22:25:06,mid-sep
2025/8/20 22:25:18,middle
2025/8/20 22:25:24,corridor
2025/8/20 22:25:25,side
2025/8/20 22:25:50,corridor
2025/8/20 22:25:53,middle
2025/8/20 22:25:56,mid-sep
2025/8/20 22:26:23,middle
2025/8/20 22:26:25,corridor
2025/8/20 22:26:26,side
2025/8/20 22:29:46,corridor
2025/8/20 22:29:51,side
2025/8/20 22:30:04,corridor
2025/8/20 22:30:06,middle
2025/8/20 22:30:08,mid-sep
2025/8/20 22:30:12,middle
2025/8/20 22:30:51,mid-sep
2025/8/20 22:31:39,middle
2025/8/20 22:31:49,corridor
2025/8/20 22:31:49,side
2025/8/20 22:34:48,corridor
2025/8/20 22:34:52,middle
2025/8/20 22:35:57,mid-sep
2025/8/20 22:37:21,middle
2025/8/20 22:37:22,corridor
2025/8/20 22:37:23,side
2025/8/20 22:37:26,corridor
2025/8/20 22:37:29,middle
2025/8/20 22:37:30,mid-sep
2025/8/20 22:37:41,middle
2025/8/20 22:37:42,corridor
2025/8/20 22:37:44,side
2025/8/20 22:40:42,corridor
2025/8/20 22:40:42,middle
2025/8/20 22:40:43,mid-sep
2025/8/20 22:40:59,middle
2025/8/20 22:41:05,corridor
2025/8/20 22:41:06,side
2025/8/20 22:42:13,corridor
2025/8/20 22:42:14,middle
2025/8/20 22:42:15,mid-sep
2025/8/20 22:42:18,middle
2025/8/20 22:43:00,mid-sep
2025/8/20 22:43:21,middle
2025/8/20 22:43:56,corridor
2025/8/20 22:43:57,side
2025/8/20 22:47:04,corridor
2025/8/20 22:47:05,middle
2025/8/20 22:47:18,mid-sep
2025/8/20 22:48:07,middle
2025/8/20 22:48:10,corridor
2025/8/20 22:48:11,side
2025/8/20 23:13:03,corridor
2025/8/20 23:13:05,middle
2025/8/20 23:13:05,mid-sep
2025/8/20 23:13:06,middle
2025/8/20 23:15:34,corridor
2025/8/20 23:15:37,side
2025/8/20 23:15:53,corridor
2025/8/20 23:15:53,middle
2025/8/20 23:15:57,mid-sep
2025/8/20 23:16:01,middle
2025/8/20 23:16:02,corridor
2025/8/20 23:16:02,side
2025/8/20 23:16:53,corridor
2025/8/20 23:16:54,middle
2025/8/20 23:17:29,mid-sep
2025/8/20 23:17:31,middle
2025/8/20 23:17:33,corridor
2025/8/20 23:17:36,side
2025/8/20 23:25:45,corridor
2025/8/20 23:25:45,middle
2025/8/20 23:27:47,mid-sep
2025/8/20 23:28:50,middle
2025/8/20 23:28:55,corridor
2025/8/20 23:28:56,side
2025/8/21 0:15:53,corridor
2025/8/21 0:15:54,middle
2025/8/21 0:15:56,mid-sep
2025/8/21 0:15:58,middle
2025/8/21 0:16:30,mid-sep
2025/8/21 0:17:08,middle
2025/8/21 0:17:09,corridor
2025/8/21 0:17:09,side
2025/8/21 0:20:39,corridor
2025/8/21 0:20:39,middle
2025/8/21 0:20:40,mid-sep
2025/8/21 0:20:43,middle
2025/8/21 0:21:04,mid-sep
2025/8/21 0:21:44,middle
2025/8/21 0:22:59,corridor
2025/8/21 0:23:02,side
2025/8/21 0:23:08,corridor
2025/8/21 0:23:09,middle
2025/8/21 0:23:09,mid-sep
2025/8/21 0:23:22,middle
2025/8/21 0:23:35,mid-sep
2025/8/21 0:23:43,middle
2025/8/21 0:23:46,corridor
2025/8/21 0:23:47,side
2025/8/21 0:35:53,corridor
2025/8/21 0:35:55,middle
2025/8/21 0:36:00,mid-sep
2025/8/21 0:36:36,middle
2025/8/21 0:36:52,corridor
2025/8/21 0:37:04,side
2025/8/21 0:37:45,corridor
2025/8/21 0:37:46,middle
2025/8/21 0:37:47,mid-sep
2025/8/21 0:37:54,middle
2025/8/21 0:37:55,corridor
2025/8/21 0:37:57,side
2025/8/21 0:39:14,corridor
2025/8/21 0:39:14,middle
2025/8/21 0:39:16,mid-sep
2025/8/21 0:39:40,middle
2025/8/21 0:41:58,mid-sep
2025/8/21 0:44:07,middle
2025/8/21 0:44:09,corridor
2025/8/21 0:44:13,side
2025/8/21 0:45:36,corridor
2025/8/21 0:45:37,middle
2025/8/21 0:45:37,mid-sep
2025/8/21 0:45:39,middle
2025/8/21 0:47:47,corridor
2025/8/21 0:47:49,side
2025/8/21 0:48:13,corridor
2025/8/21 0:48:13,middle
2025/8/21 0:48:16,mid-sep
2025/8/21 0:48:47,middle
2025/8/21 0:49:06,mid-sep
2025/8/21 0:49:10,middle
2025/8/21 0:49:11,corridor
2025/8/21 0:49:14,side
2025/8/21 1:08:13,corridor
2025/8/21 1:08:14,middle
2025/8/21 1:08:15,mid-sep
2025/8/21 1:08:30,middle
2025/8/21 1:11:45,corridor
2025/8/21 1:11:47,side
2025/8/21 1:11:57,corridor
2025/8/21 1:11:57,middle
2025/8/21 1:11:58,mid-sep
2025/8/21 1:12:13,middle
2025/8/21 1:13:04,mid-sep
2025/8/21 1:13:33,middle
2025/8/21 1:13:34,corridor
2025/8/21 1:13:35,side
2025/8/21 1:16:53,corridor
2025/8/21 1:16:53,middle
2025/8/21 1:19:54,corridor
2025/8/21 1:19:56,side
2025/8/21 1:20:15,corridor
2025/8/21 1:20:15,middle
2025/8/21 1:20:17,mid-sep
2025/8/21 1:21:23,middle
2025/8/21 1:21:28,mid-sep
2025/8/21 1:21:56,middle
2025/8/21 1:21:59,corridor
2025/8/21 1:22:02,side
2025/8/21 1:23:06,corridor
2025/8/21 1:23:06,middle
2025/8/21 1:23:08,mid-sep
2025/8/21 1:23:24,middle
2025/8/21 1:23:26,corridor
2025/8/21 1:23:27,side
2025/8/21 1:24:52,corridor
2025/8/21 1:24:56,side
2025/8/21 1:28:15,corridor
2025/8/21 1:28:15,middle
2025/8/21 1:28:16,mid-sep
2025/8/21 1:28:20,middle
2025/8/21 1:28:22,corridor
2025/8/21 1:28:23,side
2025/8/21 1:31:41,corridor
2025/8/21 1:31:42,middle
2025/8/21 1:31:44,mid-sep
2025/8/21 1:31:46,middle
2025/8/21 1:31:46,corridor
2025/8/21 1:31:47,side
2025/8/21 1:37:10,corridor
2025/8/21 1:37:12,middle
2025/8/21 1:37:14,mid-sep
2025/8/21 1:37:15,middle
2025/8/21 1:37:15,corridor
2025/8/21 1:37:17,side
2025/8/21 1:40:22,corridor
2025/8/21 1:40:24,middle
2025/8/21 1:40:24,mid-sep
2025/8/21 1:40:30,middle
2025/8/21 1:41:36,corridor
2025/8/21 1:41:38,side
2025/8/21 1:47:02,corridor
2025/8/21 1:47:04,middle
2025/8/21 1:47:10,corridor
2025/8/21 1:47:16,side
2025/8/21 1:49:41,corridor
2025/8/21 1:49:42,middle
2025/8/21 1:49:42,mid-sep
2025/8/21 1:49:43,middle
2025/8/21 1:53:17,mid-sep
2025/8/21 1:53:35,middle
2025/8/21 1:54:13,mid-sep
2025/8/21 1:54:14,middle
2025/8/21 1:54:15,corridor
2025/8/21 1:54:15,side
2025/8/21 1:55:37,corridor
2025/8/21 1:55:37,side
2025/8/21 2:38:11,corridor
2025/8/21 2:38:12,middle
2025/8/21 2:40:34,mid-sep
2025/8/21 2:40:45,middle
2025/8/21 2:41:38,corridor
2025/8/21 2:41:39,side
2025/8/21 3:39:07,corridor
2025/8/21 3:39:08,middle
2025/8/21 3:39:09,mid-sep
2025/8/21 3:39:13,middle
2025/8/21 3:39:14,corridor
2025/8/21 3:39:15,side
2025/8/21 3:41:17,corridor
2025/8/21 3:41:19,middle
2025/8/21 3:41:20,mid-sep
2025/8/21 3:41:21,middle
2025/8/21 3:41:21,corridor
2025/8/21 3:41:23,side
2025/8/21 3:41:40,corridor
2025/8/21 3:41:41,middle
2025/8/21 3:41:41,mid-sep
2025/8/21 3:41:42,middle
2025/8/21 3:44:01,corridor
2025/8/21 3:44:03,side
2025/8/21 5:30:07,corridor
2025/8/21 5:30:09,middle
2025/8/21 5:30:09,mid-sep
2025/8/21 5:30:10,middle
2025/8/21 5:32:57,corridor
2025/8/21 5:33:00,side
2025/8/21 5:33:14,corridor
2025/8/21 5:33:14,middle
2025/8/21 5:33:15,mid-sep
2025/8/21 5:33:20,middle
2025/8/21 5:33:24,corridor
2025/8/21 5:33:25,side
2025/8/21 5:34:25,corridor
2025/8/21 5:34:26,middle
2025/8/21 5:34:27,mid-sep
2025/8/21 5:34:29,middle
2025/8/21 5:34:31,corridor
2025/8/21 5:34:32,side
2025/8/21 6:14:07,corridor
2025/8/21 6:14:08,middle
2025/8/21 6:15:34,corridor
2025/8/21 6:15:36,side
2025/8/21 6:15:57,corridor
2025/8/21 6:16:01,middle
2025/8/21 6:16:02,mid-sep
2025/8/21 6:16:06,middle
2025/8/21 6:17:16,corridor
2025/8/21 6:17:18,side
2025/8/21 6:20:33,corridor
2025/8/21 6:20:33,middle
2025/8/21 6:20:34,mid-sep
2025/8/21 6:20:41,middle
2025/8/21 6:20:48,corridor
2025/8/21 6:20:48,side
2025/8/21 6:24:31,corridor
2025/8/21 6:24:33,middle
2025/8/21 6:24:54,mid-sep
2025/8/21 6:24:56,middle
2025/8/21 6:25:17,mid-sep
2025/8/21 6:25:41,middle
2025/8/21 6:26:30,mid-sep
2025/8/21 6:26:38,middle
2025/8/21 6:26:41,corridor
2025/8/21 6:26:42,side
2025/8/21 6:28:10,corridor
2025/8/21 6:28:12,middle
2025/8/21 6:28:13,mid-sep
2025/8/21 6:28:17,middle
2025/8/21 6:30:10,mid-sep
2025/8/21 6:30:45,middle
2025/8/21 6:30:48,corridor
2025/8/21 6:30:50,side
2025/8/21 6:36:36,corridor
2025/8/21 6:36:37,middle
2025/8/21 6:36:37,mid-sep
2025/8/21 6:37:11,middle
2025/8/21 6:37:13,corridor
2025/8/21 6:37:15,side
2025/8/21 6:39:46,corridor
2025/8/21 6:39:47,middle
2025/8/21 6:39:50,mid-sep
2025/8/21 6:39:52,middle
2025/8/21 6:39:56,corridor
2025/8/21 6:39:57,side
2025/8/21 6:40:11,corridor
2025/8/21 6:40:12,middle
2025/8/21 6:40:18,mid-sep
2025/8/21 6:41:15,middle
2025/8/21 6:44:21,corridor
2025/8/21 6:44:23,side
2025/8/21 6:44:44,corridor
2025/8/21 6:44:45,middle
2025/8/21 6:44:47,mid-sep
2025/8/21 6:44:52,middle
2025/8/21 6:44:54,mid-sep
2025/8/21 6:45:12,middle
2025/8/21 6:45:13,corridor
2025/8/21 6:45:14,side
2025/8/21 6:54:50,corridor
2025/8/21 6:54:51,middle
2025/8/21 6:54:52,mid-sep
2025/8/21 6:54:56,middle
2025/8/21 6:55:07,mid-sep
2025/8/21 6:55:13,middle
2025/8/21 6:55:25,mid-sep
2025/8/21 6:55:27,middle
2025/8/21 6:55:28,corridor
2025/8/21 6:55:30,side
2025/8/21 6:55:47,corridor
2025/8/21 6:55:48,middle
2025/8/21 6:55:51,mid-sep
2025/8/21 6:56:42,middle
2025/8/21 6:56:42,corridor
2025/8/21 6:56:43,side
2025/8/21 7:00:32,corridor
2025/8/21 7:00:34,middle
2025/8/21 7:00:43,corridor
2025/8/21 7:01:04,middle
2025/8/21 7:01:11,corridor
2025/8/21 7:01:34,side
2025/8/21 7:01:49,corridor
2025/8/21 7:01:51,middle
2025/8/21 7:01:53,mid-sep
2025/8/21 7:02:35,middle
2025/8/21 7:06:39,corridor
2025/8/21 7:06:40,side
2025/8/21 8:06:29,corridor
2025/8/21 8:06:29,middle
2025/8/21 8:06:30,mid-sep
2025/8/21 8:06:53,middle
2025/8/21 8:07:05,mid-sep
2025/8/21 8:07:11,middle
2025/8/21 8:07:27,mid-sep
2025/8/21 8:08:18,middle
2025/8/21 8:12:15,mid-sep
2025/8/21 8:12:27,middle
2025/8/21 8:12:43,corridor
2025/8/21 8:12:44,side
2025/8/21 8:13:00,corridor
2025/8/21 8:13:02,middle
2025/8/21 8:13:02,mid-sep
2025/8/21 8:14:16,middle
2025/8/21 8:14:40,mid-sep
2025/8/21 8:14:42,middle
2025/8/21 8:14:43,corridor
2025/8/21 8:14:43,side
2025/8/21 8:15:45,corridor
2025/8/21 8:15:45,middle
2025/8/21 8:15:47,mid-sep
2025/8/21 8:15:57,middle
2025/8/21 8:16:16,mid-sep
2025/8/21 8:17:18,middle
2025/8/21 8:17:29,corridor
2025/8/21 8:17:31,side
2025/8/21 8:18:25,corridor
2025/8/21 8:18:25,middle
2025/8/21 8:18:28,mid-sep
2025/8/21 8:19:31,middle
2025/8/21 8:20:06,mid-sep
2025/8/21 8:20:08,middle
2025/8/21 8:20:10,corridor
2025/8/21 8:20:10,side
2025/8/21 8:21:03,corridor
2025/8/21 8:21:03,middle
2025/8/21 8:23:41,corridor
2025/8/21 8:23:42,side
2025/8/21 8:24:18,corridor
2025/8/21 8:24:27,middle
2025/8/21 8:24:28,mid-sep
2025/8/21 8:26:33,middle
2025/8/21 8:26:34,corridor
2025/8/21 8:26:35,side
2025/8/21 8:28:33,corridor
2025/8/21 8:28:40,middle
2025/8/21 8:28:41,mid-sep
2025/8/21 8:28:55,middle
2025/8/21 8:28:56,corridor
2025/8/21 8:28:56,side
2025/8/21 8:30:29,corridor
2025/8/21 8:30:31,middle
2025/8/21 8:32:09,mid-sep
2025/8/21 8:32:40,middle
2025/8/21 8:32:41,corridor
2025/8/21 8:32:41,side
2025/8/21 8:37:07,corridor
2025/8/21 8:37:09,middle
2025/8/21 8:37:11,mid-sep
2025/8/21 8:37:51,middle
2025/8/21 8:37:51,corridor
2025/8/21 8:37:52,side
2025/8/21 8:38:53,corridor
2025/8/21 8:39:11,middle
2025/8/21 8:39:25,mid-sep
2025/8/21 8:39:29,middle
2025/8/21 8:39:30,corridor
2025/8/21 8:39:30,side
2025/8/21 8:39:50,corridor
2025/8/21 8:40:01,middle
2025/8/21 8:40:03,mid-sep
2025/8/21 8:40:46,middle
2025/8/21 8:40:48,corridor
2025/8/21 8:40:50,side
2025/8/21 8:42:48,corridor
2025/8/21 8:42:50,middle
2025/8/21 8:44:09,mid-sep
2025/8/21 8:44:32,middle
2025/8/21 8:44:33,corridor
2025/8/21 8:44:34,side
2025/8/21 8:45:54,corridor
2025/8/21 8:45:58,side
2025/8/21 8:47:53,corridor
2025/8/21 8:47:54,middle
2025/8/21 8:47:56,mid-sep
2025/8/21 8:49:31,middle
2025/8/21 8:49:35,corridor
2025/8/21 8:49:35,side
2025/8/21 8:58:47,corridor
2025/8/21 8:58:50,middle
2025/8/21 8:59:00,mid-sep
2025/8/21 9:00:35,middle
2025/8/21 9:00:56,mid-sep
2025/8/21 9:01:03,middle
2025/8/21 9:01:04,corridor
2025/8/21 9:01:05,side
2025/8/21 9:16:12,corridor
2025/8/21 9:16:14,middle
2025/8/21 9:16:15,mid-sep
2025/8/21 9:16:50,middle
2025/8/21 9:22:05,corridor
2025/8/21 9:22:05,side
2025/8/21 9:26:15,corridor
2025/8/21 9:26:16,middle
2025/8/21 9:26:20,mid-sep
2025/8/21 9:26:37,middle
2025/8/21 9:26:55,corridor
2025/8/21 9:26:57,side
2025/8/21 10:19:41,corridor
2025/8/21 10:19:43,middle
2025/8/21 10:19:58,mid-sep
2025/8/21 10:19:59,middle
2025/8/21 10:23:17,corridor
2025/8/21 10:23:24,side
2025/8/21 10:32:59,corridor
2025/8/21 10:33:00,middle
2025/8/21 10:33:02,mid-sep
2025/8/21 10:33:59,middle
2025/8/21 10:34:10,mid-sep
2025/8/21 10:34:45,middle
2025/8/21 10:35:20,mid-sep
2025/8/21 10:35:22,middle
2025/8/21 10:36:00,mid-sep
2025/8/21 10:36:07,middle
2025/8/21 10:36:08,corridor
2025/8/21 10:36:09,side
2025/8/21 10:37:28,corridor
2025/8/21 10:37:35,side
2025/8/21 10:43:01,corridor
2025/8/21 10:43:15,middle
2025/8/21 10:43:30,corridor
2025/8/21 10:43:40,side
2025/8/21 10:44:28,corridor
2025/8/21 10:44:29,middle
2025/8/21 10:44:31,mid-sep
2025/8/21 10:44:39,middle
2025/8/21 10:44:40,corridor
2025/8/21 10:44:41,side
2025/8/21 10:50:41,corridor
2025/8/21 10:50:41,side
2025/8/21 13:20:17,corridor
2025/8/21 13:20:20,middle
2025/8/21 13:20:22,mid-sep
2025/8/21 13:20:35,middle
2025/8/21 13:20:43,corridor
2025/8/21 13:20:44,side
2025/8/21 14:57:29,corridor
2025/8/21 14:57:31,middle
2025/8/21 14:57:42,mid-sep
2025/8/21 14:58:00,middle
2025/8/21 14:58:20,mid-sep
2025/8/21 14:59:22,middle
2025/8/21 15:01:32,corridor
2025/8/21 15:01:35,side
2025/8/21 15:02:05,corridor
2025/8/21 15:02:05,middle
2025/8/21 15:02:07,mid-sep
2025/8/21 15:02:44,middle
2025/8/21 15:02:46,corridor
2025/8/21 15:02:47,side
2025/8/21 15:03:46,corridor
2025/8/21 15:03:47,middle
2025/8/21 15:03:49,mid-sep
2025/8/21 15:04:22,middle
2025/8/21 15:04:25,mid-sep
2025/8/21 15:04:33,middle
2025/8/21 15:04:35,corridor
2025/8/21 15:04:35,side
2025/8/21 15:05:18,corridor
2025/8/21 15:05:20,middle
2025/8/21 15:05:22,mid-sep
2025/8/21 15:05:23,middle
2025/8/21 15:05:24,corridor
2025/8/21 15:05:25,side
2025/8/21 15:06:35,corridor
2025/8/21 15:06:38,middle
2025/8/21 15:06:39,mid-sep
2025/8/21 15:06:50,middle
2025/8/21 15:06:53,corridor
2025/8/21 15:06:55,side
2025/8/21 15:08:53,corridor
2025/8/21 15:08:58,middle
2025/8/21 15:08:59,mid-sep
2025/8/21 15:09:14,middle
2025/8/21 15:09:17,corridor
2025/8/21 15:09:18,side
2025/8/21 16:00:15,corridor
2025/8/21 16:00:16,middle
2025/8/21 16:00:20,mid-sep
2025/8/21 16:00:22,middle
2025/8/21 16:00:23,corridor
2025/8/21 16:00:24,side
2025/8/21 16:00:51,corridor
2025/8/21 16:00:52,middle
2025/8/21 16:00:53,mid-sep
2025/8/21 16:00:54,middle
2025/8/21 16:00:55,corridor
2025/8/21 16:00:56,side
2025/8/21 16:01:34,corridor
2025/8/21 16:01:35,middle
2025/8/21 16:01:36,mid-sep
2025/8/21 16:01:55,middle
2025/8/21 16:01:57,corridor
2025/8/21 16:01:58,side
2025/8/21 16:02:35,corridor
2025/8/21 16:02:37,middle
2025/8/21 16:02:38,mid-sep
2025/8/21 16:02:40,middle
2025/8/21 16:02:46,mid-sep
2025/8/21 16:03:24,middle
2025/8/21 16:03:32,mid-sep
2025/8/21 16:03:43,middle
2025/8/21 16:03:51,mid-sep
2025/8/21 16:03:59,middle
2025/8/21 16:04:00,corridor
2025/8/21 16:04:01,side
2025/8/21 16:04:30,corridor
2025/8/21 16:04:32,middle
2025/8/21 16:04:34,mid-sep
2025/8/21 16:05:32,middle
2025/8/21 16:06:01,mid-sep
2025/8/21 16:06:08,middle
2025/8/21 16:06:10,corridor
2025/8/21 16:06:11,side
2025/8/21 16:06:35,corridor
2025/8/21 16:06:36,middle
2025/8/21 16:08:31,mid-sep
2025/8/21 16:08:36,middle
2025/8/21 16:08:40,corridor
2025/8/21 16:08:43,side
2025/8/21 16:09:25,corridor
2025/8/21 16:09:26,middle
2025/8/21 16:09:27,mid-sep
2025/8/21 16:09:48,middle
2025/8/21 16:09:48,corridor
2025/8/21 16:09:49,side
2025/8/21 16:11:34,corridor
2025/8/21 16:11:36,middle
2025/8/21 16:11:39,mid-sep
2025/8/21 16:12:55,middle
2025/8/21 16:12:58,corridor
2025/8/21 16:12:58,side
2025/8/21 16:24:23,corridor
2025/8/21 16:24:25,middle
2025/8/21 16:24:26,mid-sep
2025/8/21 16:24:37,middle
2025/8/21 16:24:39,corridor
2025/8/21 16:24:40,side
2025/8/21 16:24:49,corridor
2025/8/21 16:24:50,middle
2025/8/21 16:24:50,mid-sep
2025/8/21 16:24:53,middle
2025/8/21 16:24:55,corridor
2025/8/21 16:24:56,side
2025/8/21 16:48:20,corridor
2025/8/21 16:48:21,middle
2025/8/21 16:50:19,mid-sep
2025/8/21 16:50:22,middle
2025/8/21 16:50:27,corridor
2025/8/21 16:50:28,side
2025/8/21 17:06:39,side
