DateTime,RightMouseLocation
2025/8/14 17:06:35,side
2025/8/14 17:07:45,corridor
2025/8/14 17:07:46,middle
2025/8/14 17:07:46,mid-sep
2025/8/14 17:07:47,middle
2025/8/14 17:07:47,corridor
2025/8/14 17:07:48,side
2025/8/14 17:08:51,corridor
2025/8/14 17:08:51,middle
2025/8/14 17:08:52,corridor
2025/8/14 17:08:53,side
2025/8/14 17:09:02,corridor
2025/8/14 17:09:02,middle
2025/8/14 17:09:18,mid-sep
2025/8/14 17:09:21,middle
2025/8/14 17:09:23,corridor
2025/8/14 17:09:24,side
2025/8/14 17:12:08,corridor
2025/8/14 17:12:10,middle
2025/8/14 17:12:10,mid-sep
2025/8/14 17:12:14,middle
2025/8/14 17:12:15,corridor
2025/8/14 17:12:15,side
2025/8/14 17:12:38,corridor
2025/8/14 17:12:39,middle
2025/8/14 17:12:41,corridor
2025/8/14 17:13:00,middle
2025/8/14 17:13:10,mid-sep
2025/8/14 17:13:13,middle
2025/8/14 17:13:16,corridor
2025/8/14 17:13:17,side
2025/8/14 17:34:42,corridor
2025/8/14 17:34:43,middle
2025/8/14 17:34:52,mid-sep
2025/8/14 17:34:52,middle
2025/8/14 17:34:57,corridor
2025/8/14 17:35:05,middle
2025/8/14 17:35:15,corridor
2025/8/14 17:35:16,side
2025/8/14 17:35:48,corridor
2025/8/14 17:35:48,middle
2025/8/14 17:36:03,corridor
2025/8/14 17:36:04,side
2025/8/14 17:37:20,corridor
2025/8/14 17:37:20,middle
2025/8/14 17:37:23,mid-sep
2025/8/14 17:37:23,middle
2025/8/14 17:37:24,side
2025/8/14 17:37:57,corridor
2025/8/14 17:37:58,middle
2025/8/14 17:37:58,mid-sep
2025/8/14 17:37:59,middle
2025/8/14 17:38:08,corridor
2025/8/14 17:38:08,side
2025/8/14 17:38:59,corridor
2025/8/14 17:39:00,middle
2025/8/14 17:39:04,mid-sep
2025/8/14 17:39:06,middle
2025/8/14 17:39:07,corridor
2025/8/14 17:39:09,side
2025/8/14 17:40:13,corridor
2025/8/14 17:40:13,middle
2025/8/14 17:40:42,mid-sep
2025/8/14 17:40:46,middle
2025/8/14 17:40:46,corridor
2025/8/14 17:40:46,side
2025/8/14 17:41:33,corridor
2025/8/14 17:41:33,middle
2025/8/14 17:41:37,corridor
2025/8/14 17:41:38,side
2025/8/14 17:41:55,corridor
2025/8/14 17:41:55,middle
2025/8/14 17:42:02,mid-sep
2025/8/14 17:42:03,middle
2025/8/14 17:42:07,mid-sep
2025/8/14 17:42:13,middle
2025/8/14 17:42:14,corridor
2025/8/14 17:42:15,side
2025/8/14 17:44:04,corridor
2025/8/14 17:44:05,middle
2025/8/14 17:44:10,mid-sep
2025/8/14 17:44:17,middle
2025/8/14 17:44:17,corridor
2025/8/14 17:44:18,side
2025/8/14 17:45:55,corridor
2025/8/14 17:45:55,middle
2025/8/14 17:46:01,mid-sep
2025/8/14 17:46:04,middle
2025/8/14 17:46:04,corridor
2025/8/14 17:46:04,side
2025/8/14 17:46:11,corridor
2025/8/14 17:46:11,middle
2025/8/14 17:46:14,mid-sep
2025/8/14 17:46:21,middle
2025/8/14 17:46:22,side
2025/8/14 17:47:04,corridor
2025/8/14 17:47:04,middle
2025/8/14 17:47:05,mid-sep
2025/8/14 17:47:06,middle
2025/8/14 17:47:10,side
2025/8/14 17:50:55,corridor
2025/8/14 17:50:57,middle
2025/8/14 17:51:05,corridor
2025/8/14 17:51:07,side
2025/8/14 17:51:17,corridor
2025/8/14 17:51:17,middle
2025/8/14 17:51:19,mid-sep
2025/8/14 17:51:44,middle
2025/8/14 17:51:53,corridor
2025/8/14 17:51:53,side
2025/8/14 17:53:05,corridor
2025/8/14 17:53:06,middle
2025/8/14 18:10:40,corridor
2025/8/14 18:10:46,middle
2025/8/14 18:11:01,corridor
2025/8/14 18:11:03,side
2025/8/14 18:12:32,corridor
2025/8/14 18:12:34,middle
2025/8/14 18:12:35,mid-sep
2025/8/14 18:13:20,middle
2025/8/14 18:13:23,corridor
2025/8/14 18:13:28,side
2025/8/14 18:13:34,corridor
2025/8/14 18:13:34,middle
2025/8/14 18:14:01,mid-sep
2025/8/14 18:14:04,middle
2025/8/14 18:14:11,mid-sep
2025/8/14 18:16:54,mid-sep
2025/8/14 18:17:00,middle
2025/8/14 18:17:24,corridor
2025/8/14 18:17:25,side
2025/8/14 18:18:24,corridor
2025/8/14 18:18:24,middle
2025/8/14 18:18:48,corridor
2025/8/14 18:18:49,side
2025/8/14 18:18:58,corridor
2025/8/14 18:18:58,middle
2025/8/14 18:19:00,mid-sep
2025/8/14 18:19:06,middle
2025/8/14 18:19:28,corridor
2025/8/14 18:19:32,side
2025/8/14 18:20:07,corridor
2025/8/14 18:20:07,middle
2025/8/14 18:20:07,mid-sep
2025/8/14 18:20:09,middle
2025/8/14 18:27:06,corridor
2025/8/14 18:27:12,side
2025/8/14 18:28:13,corridor
2025/8/14 18:28:14,middle
2025/8/14 18:28:18,mid-sep
2025/8/14 18:28:23,middle
2025/8/14 18:29:53,corridor
2025/8/14 18:29:53,side
2025/8/14 18:31:27,corridor
2025/8/14 18:31:27,middle
2025/8/14 18:31:28,mid-sep
2025/8/14 18:31:36,middle
2025/8/14 18:31:42,mid-sep
2025/8/14 18:31:46,middle
2025/8/14 18:44:49,mid-sep
2025/8/14 18:44:59,middle
2025/8/14 18:45:03,corridor
2025/8/14 18:45:11,side
2025/8/14 18:45:42,corridor
2025/8/14 18:45:44,middle
2025/8/14 18:45:47,corridor
2025/8/14 18:45:48,side
2025/8/14 18:46:47,corridor
2025/8/14 18:46:47,middle
2025/8/14 18:46:56,mid-sep
2025/8/14 18:47:03,middle
2025/8/14 18:47:08,corridor
2025/8/14 18:47:10,side
2025/8/14 18:47:29,corridor
2025/8/14 18:47:29,middle
2025/8/14 18:47:54,mid-sep
2025/8/14 18:48:18,middle
2025/8/14 18:48:19,corridor
2025/8/14 18:48:21,side
2025/8/14 18:49:02,corridor
2025/8/14 18:49:02,middle
2025/8/14 18:49:07,mid-sep
2025/8/14 18:49:11,middle
2025/8/14 18:49:11,corridor
2025/8/14 18:49:12,side
2025/8/14 18:50:06,corridor
2025/8/14 18:50:06,middle
2025/8/14 18:50:10,mid-sep
2025/8/14 18:50:22,middle
2025/8/14 18:51:11,mid-sep
2025/8/14 18:51:13,middle
2025/8/14 18:51:15,corridor
2025/8/14 18:51:16,side
2025/8/14 18:52:26,corridor
2025/8/14 18:52:27,middle
2025/8/14 18:52:30,mid-sep
2025/8/14 18:52:37,middle
2025/8/14 18:52:38,corridor
2025/8/14 18:52:38,side
2025/8/14 18:55:42,corridor
2025/8/14 18:55:43,middle
2025/8/14 18:55:45,mid-sep
2025/8/14 18:55:54,middle
2025/8/14 18:55:54,corridor
2025/8/14 18:55:56,side
2025/8/14 18:56:57,corridor
2025/8/14 18:56:58,middle
2025/8/14 18:56:58,mid-sep
2025/8/14 18:57:03,middle
2025/8/14 18:57:11,mid-sep
2025/8/14 18:57:12,middle
2025/8/14 18:57:21,corridor
2025/8/14 18:57:22,side
2025/8/14 18:58:13,corridor
2025/8/14 18:58:14,middle
2025/8/14 18:58:17,side
2025/8/14 18:59:50,middle
2025/8/14 18:59:50,corridor
2025/8/14 18:59:50,side
2025/8/14 19:01:04,corridor
2025/8/14 19:01:04,middle
2025/8/14 19:01:04,mid-sep
2025/8/14 19:01:17,middle
2025/8/14 19:01:18,corridor
2025/8/14 19:01:20,side
2025/8/14 19:02:24,corridor
2025/8/14 19:02:24,middle
2025/8/14 19:02:24,mid-sep
2025/8/14 19:02:26,middle
2025/8/14 19:02:27,corridor
2025/8/14 19:02:30,side
2025/8/14 19:02:43,middle
2025/8/14 19:02:43,mid-sep
2025/8/14 19:02:47,middle
2025/8/14 19:02:51,corridor
2025/8/14 19:02:54,side
2025/8/14 19:03:52,corridor
2025/8/14 19:03:53,side
2025/8/14 19:04:17,corridor
2025/8/14 19:04:17,middle
2025/8/14 19:04:17,mid-sep
2025/8/14 19:04:20,middle
2025/8/14 19:04:21,corridor
2025/8/14 19:04:24,side
2025/8/14 19:07:44,corridor
2025/8/14 19:07:44,middle
2025/8/14 19:07:45,mid-sep
2025/8/14 19:07:48,middle
2025/8/14 19:07:50,corridor
2025/8/14 19:07:52,side
2025/8/14 19:08:39,corridor
2025/8/14 19:08:40,middle
2025/8/14 19:08:40,mid-sep
2025/8/14 19:08:41,middle
2025/8/14 19:08:41,corridor
2025/8/14 19:08:48,side
2025/8/14 19:11:25,corridor
2025/8/14 19:11:25,middle
2025/8/14 19:11:25,mid-sep
2025/8/14 19:11:27,middle
2025/8/14 19:11:28,corridor
2025/8/14 19:11:31,side
2025/8/14 19:11:33,corridor
2025/8/14 19:11:33,middle
2025/8/14 19:11:34,mid-sep
2025/8/14 19:11:36,middle
2025/8/14 19:11:37,corridor
2025/8/14 19:11:39,side
2025/8/14 19:12:35,corridor
2025/8/14 19:12:36,middle
2025/8/14 19:12:36,mid-sep
2025/8/14 19:12:42,middle
2025/8/14 19:12:43,corridor
2025/8/14 19:12:44,side
2025/8/14 19:14:18,corridor
2025/8/14 19:14:18,middle
2025/8/14 19:14:18,mid-sep
2025/8/14 19:14:18,middle
2025/8/14 19:14:19,corridor
2025/8/14 19:14:19,side
2025/8/14 19:18:09,corridor
2025/8/14 19:18:10,middle
2025/8/14 19:18:32,corridor
2025/8/14 19:18:43,side
2025/8/14 19:18:52,corridor
2025/8/14 19:18:53,middle
2025/8/14 19:18:53,mid-sep
2025/8/14 19:18:55,middle
2025/8/14 19:18:56,corridor
2025/8/14 19:19:03,middle
2025/8/14 19:19:03,mid-sep
2025/8/14 19:19:17,middle
2025/8/14 19:19:21,corridor
2025/8/14 19:19:22,side
2025/8/14 19:21:38,corridor
2025/8/14 19:21:38,middle
2025/8/14 19:21:39,mid-sep
2025/8/14 19:21:40,middle
2025/8/14 19:21:42,side
2025/8/14 19:21:51,corridor
2025/8/14 19:21:52,middle
2025/8/14 19:21:52,corridor
2025/8/14 19:21:53,side
2025/8/14 19:23:06,corridor
2025/8/14 19:23:07,middle
2025/8/14 19:23:14,mid-sep
2025/8/14 19:23:17,middle
2025/8/14 19:23:21,corridor
2025/8/14 19:23:26,side
2025/8/14 19:30:14,corridor
2025/8/14 19:30:14,middle
2025/8/14 19:30:15,mid-sep
2025/8/14 19:30:32,middle
2025/8/14 19:30:54,corridor
2025/8/14 19:30:58,middle
2025/8/14 19:30:59,mid-sep
2025/8/14 19:31:03,middle
2025/8/14 19:31:03,corridor
2025/8/14 19:31:04,side
2025/8/14 19:31:11,corridor
2025/8/14 19:31:12,middle
2025/8/14 19:31:12,mid-sep
2025/8/14 19:31:19,middle
2025/8/14 19:31:20,corridor
2025/8/14 19:31:23,middle
2025/8/14 19:31:26,corridor
2025/8/14 19:31:26,side
2025/8/14 19:37:47,corridor
2025/8/14 19:37:47,middle
2025/8/14 19:37:48,mid-sep
2025/8/14 19:37:52,middle
2025/8/14 19:37:53,corridor
2025/8/14 19:37:54,side
2025/8/14 19:38:36,corridor
2025/8/14 19:38:37,middle
2025/8/14 19:38:39,mid-sep
2025/8/14 19:38:49,middle
2025/8/14 19:38:50,corridor
2025/8/14 19:38:51,side
2025/8/14 19:39:00,corridor
2025/8/14 19:39:00,middle
2025/8/14 19:39:02,corridor
2025/8/14 19:39:02,side
2025/8/14 19:40:54,corridor
2025/8/14 19:40:54,middle
2025/8/14 19:40:55,mid-sep
2025/8/14 19:41:00,middle
2025/8/14 19:41:03,corridor
2025/8/14 19:41:03,side
2025/8/14 19:41:09,corridor
2025/8/14 19:41:09,middle
2025/8/14 19:43:20,corridor
2025/8/14 19:43:23,side
2025/8/14 19:45:02,corridor
2025/8/14 19:45:02,middle
2025/8/14 19:45:06,mid-sep
2025/8/14 19:45:08,middle
2025/8/14 19:45:10,corridor
2025/8/14 19:45:13,side
2025/8/14 19:46:58,corridor
2025/8/14 19:46:59,middle
2025/8/14 19:47:01,mid-sep
2025/8/14 19:47:05,middle
2025/8/14 19:47:05,corridor
2025/8/14 19:47:11,middle
2025/8/14 19:47:17,corridor
2025/8/14 19:47:18,side
2025/8/14 19:51:19,corridor
2025/8/14 19:51:20,middle
2025/8/14 19:51:21,corridor
2025/8/14 19:51:23,side
2025/8/14 19:51:26,corridor
2025/8/14 19:51:26,middle
2025/8/14 19:51:28,corridor
2025/8/14 19:51:29,side
2025/8/14 19:52:08,corridor
2025/8/14 19:52:13,side
2025/8/14 19:52:15,corridor
2025/8/14 19:52:15,middle
2025/8/14 19:52:15,mid-sep
2025/8/14 19:52:16,middle
2025/8/14 19:52:46,corridor
2025/8/14 19:52:46,side
2025/8/14 19:54:15,corridor
2025/8/14 19:54:16,middle
2025/8/14 19:54:16,mid-sep
2025/8/14 19:54:17,middle
2025/8/14 19:54:46,mid-sep
2025/8/14 19:54:51,middle
2025/8/14 19:54:59,mid-sep
2025/8/14 19:55:00,middle
2025/8/14 19:55:05,corridor
2025/8/14 19:55:08,side
2025/8/14 19:55:20,corridor
2025/8/14 19:55:20,middle
2025/8/14 19:55:21,mid-sep
2025/8/14 19:55:21,middle
2025/8/14 19:55:29,corridor
2025/8/14 19:55:29,side
2025/8/14 19:58:50,corridor
2025/8/14 19:58:50,middle
2025/8/14 19:58:52,mid-sep
2025/8/14 19:58:57,middle
2025/8/14 19:58:59,corridor
2025/8/14 19:59:00,side
2025/8/14 20:06:30,corridor
2025/8/14 20:06:31,middle
2025/8/14 20:06:31,mid-sep
2025/8/14 20:06:35,middle
2025/8/14 20:06:38,corridor
2025/8/14 20:06:43,middle
2025/8/14 20:06:48,corridor
2025/8/14 20:06:48,side
2025/8/14 20:10:33,corridor
2025/8/14 20:10:33,middle
2025/8/14 20:11:03,corridor
2025/8/14 20:11:04,side
2025/8/14 20:15:17,corridor
2025/8/14 20:15:17,side
2025/8/14 20:17:15,corridor
2025/8/14 20:17:15,middle
2025/8/14 20:17:20,mid-sep
2025/8/14 20:17:24,middle
2025/8/14 20:17:39,corridor
2025/8/14 20:17:41,side
2025/8/14 20:17:59,corridor
2025/8/14 20:18:00,middle
2025/8/14 20:18:07,corridor
2025/8/14 20:18:09,side
2025/8/14 20:31:16,corridor
2025/8/14 20:31:17,middle
2025/8/14 20:31:17,mid-sep
2025/8/14 20:31:25,middle
2025/8/14 20:31:26,corridor
2025/8/14 20:31:37,side
2025/8/14 20:36:36,corridor
2025/8/14 20:36:36,middle
2025/8/14 20:36:52,mid-sep
2025/8/14 20:36:59,middle
2025/8/14 20:37:47,corridor
2025/8/14 20:37:51,side
2025/8/14 20:39:56,corridor
2025/8/14 20:39:57,side
2025/8/14 20:41:02,corridor
2025/8/14 20:41:02,middle
2025/8/14 20:41:02,mid-sep
2025/8/14 20:41:05,middle
2025/8/14 20:41:07,corridor
2025/8/14 20:41:11,middle
2025/8/14 20:41:43,corridor
2025/8/14 20:41:50,side
2025/8/14 20:46:07,corridor
2025/8/14 20:46:08,middle
2025/8/14 20:46:08,mid-sep
2025/8/14 20:46:10,middle
2025/8/14 20:46:20,corridor
2025/8/14 20:46:20,side
2025/8/14 20:48:10,corridor
2025/8/14 20:48:11,middle
2025/8/14 20:48:11,mid-sep
2025/8/14 20:48:15,middle
2025/8/14 20:48:15,corridor
2025/8/14 20:48:16,side
2025/8/14 20:50:04,corridor
2025/8/14 20:50:04,middle
2025/8/14 20:50:24,mid-sep
2025/8/14 20:50:30,middle
2025/8/14 20:50:30,corridor
2025/8/14 20:50:32,side
2025/8/14 20:53:49,corridor
2025/8/14 20:53:49,middle
2025/8/14 20:53:50,mid-sep
2025/8/14 20:53:57,middle
2025/8/14 20:55:30,corridor
2025/8/14 20:55:32,side
2025/8/14 20:56:12,corridor
2025/8/14 20:56:13,middle
2025/8/14 20:56:13,mid-sep
2025/8/14 20:56:18,middle
2025/8/14 20:56:48,mid-sep
2025/8/14 20:57:00,middle
2025/8/14 20:57:09,corridor
2025/8/14 20:57:11,side
2025/8/14 20:57:44,corridor
2025/8/14 20:57:44,middle
2025/8/14 20:57:48,corridor
2025/8/14 20:57:48,side
2025/8/14 20:57:58,corridor
2025/8/14 20:57:59,middle
2025/8/14 20:58:00,mid-sep
2025/8/14 20:58:05,middle
2025/8/14 20:58:12,mid-sep
2025/8/14 20:58:20,middle
2025/8/14 20:58:21,corridor
2025/8/14 20:58:22,side
2025/8/14 21:09:53,corridor
2025/8/14 21:09:55,middle
2025/8/14 21:10:09,corridor
2025/8/14 21:10:14,middle
2025/8/14 21:10:14,mid-sep
2025/8/14 21:10:21,middle
2025/8/14 21:13:23,mid-sep
2025/8/14 21:13:28,middle
2025/8/14 21:13:29,corridor
2025/8/14 21:13:35,side
2025/8/14 21:20:55,corridor
2025/8/14 21:20:56,middle
2025/8/14 21:20:56,mid-sep
2025/8/14 21:21:00,middle
2025/8/14 21:21:13,corridor
2025/8/14 21:21:14,side
2025/8/14 21:27:39,corridor
2025/8/14 21:27:40,middle
2025/8/14 21:27:42,mid-sep
2025/8/14 21:27:43,middle
2025/8/14 21:27:43,corridor
2025/8/14 21:27:43,side
2025/8/14 21:31:14,corridor
2025/8/14 21:31:14,middle
2025/8/14 21:31:15,mid-sep
2025/8/14 21:31:16,middle
2025/8/14 21:31:19,corridor
2025/8/14 21:31:20,side
2025/8/14 21:32:31,corridor
2025/8/14 21:32:31,middle
2025/8/14 21:32:33,mid-sep
2025/8/14 21:32:59,middle
2025/8/14 21:33:04,mid-sep
2025/8/14 21:33:05,middle
2025/8/14 21:33:13,corridor
2025/8/14 21:33:15,side
2025/8/14 21:34:20,corridor
2025/8/14 21:34:20,middle
2025/8/14 21:34:20,mid-sep
2025/8/14 21:34:21,middle
2025/8/14 21:34:23,corridor
2025/8/14 21:34:24,side
2025/8/14 21:42:00,corridor
2025/8/14 21:42:00,middle
2025/8/14 21:42:44,corridor
2025/8/14 21:42:47,side
2025/8/14 21:43:03,corridor
2025/8/14 21:43:03,middle
2025/8/14 21:43:04,mid-sep
2025/8/14 21:43:31,middle
2025/8/14 21:43:35,corridor
2025/8/14 21:43:37,side
2025/8/14 21:47:32,corridor
2025/8/14 21:47:32,middle
2025/8/14 21:47:32,mid-sep
2025/8/14 21:47:32,middle
2025/8/14 21:47:33,corridor
2025/8/14 21:47:34,side
2025/8/14 21:47:46,corridor
2025/8/14 21:47:46,middle
2025/8/14 21:47:46,mid-sep
2025/8/14 21:47:47,middle
2025/8/14 21:47:48,corridor
2025/8/14 21:47:48,side
2025/8/14 21:52:58,corridor
2025/8/14 21:52:59,middle
2025/8/14 21:52:59,mid-sep
2025/8/14 21:53:01,middle
2025/8/14 21:53:09,mid-sep
2025/8/14 21:53:18,middle
2025/8/14 21:53:21,corridor
2025/8/14 21:53:23,middle
2025/8/14 21:53:24,mid-sep
2025/8/14 21:53:31,middle
2025/8/14 21:53:41,mid-sep
2025/8/14 21:53:47,middle
2025/8/14 21:53:55,corridor
2025/8/14 21:54:07,middle
2025/8/14 21:54:10,mid-sep
2025/8/14 21:54:29,middle
2025/8/14 22:02:15,mid-sep
2025/8/14 22:02:38,middle
2025/8/14 22:14:29,corridor
2025/8/14 22:14:42,side
2025/8/14 22:15:38,corridor
2025/8/14 22:15:38,middle
2025/8/14 22:15:41,corridor
2025/8/14 22:15:43,side
2025/8/14 22:15:56,corridor
2025/8/14 22:15:57,middle
2025/8/14 22:16:00,mid-sep
2025/8/14 22:16:03,middle
2025/8/14 22:16:17,corridor
2025/8/14 22:16:23,side
2025/8/14 22:17:05,corridor
2025/8/14 22:17:06,middle
2025/8/14 22:17:13,corridor
2025/8/14 22:17:16,side
2025/8/14 22:18:34,corridor
2025/8/14 22:18:34,middle
2025/8/14 22:18:35,mid-sep
2025/8/14 22:18:38,middle
2025/8/14 22:18:38,corridor
2025/8/14 22:18:41,side
2025/8/14 22:18:48,corridor
2025/8/14 22:18:48,middle
2025/8/14 22:18:49,mid-sep
2025/8/14 22:18:50,middle
2025/8/14 22:19:02,corridor
2025/8/14 22:19:03,side
2025/8/14 22:19:08,corridor
2025/8/14 22:19:08,middle
2025/8/14 22:19:09,corridor
2025/8/14 22:19:12,middle
2025/8/14 22:19:13,corridor
2025/8/14 22:19:14,middle
2025/8/14 22:19:18,mid-sep
2025/8/14 22:19:21,middle
2025/8/14 22:19:22,corridor
2025/8/14 22:19:24,side
2025/8/14 22:24:06,corridor
2025/8/14 22:24:07,middle
2025/8/14 22:24:12,corridor
2025/8/14 22:24:15,side
2025/8/14 22:27:24,corridor
2025/8/14 22:27:25,middle
2025/8/14 22:27:27,corridor
2025/8/14 22:27:43,middle
2025/8/14 22:27:43,mid-sep
2025/8/14 22:27:46,middle
2025/8/14 22:27:47,corridor
2025/8/14 22:27:51,middle
2025/8/14 22:28:06,corridor
2025/8/14 22:28:07,side
2025/8/14 22:32:04,corridor
2025/8/14 22:32:04,middle
2025/8/14 22:33:07,corridor
2025/8/14 22:33:07,side
2025/8/14 22:40:16,corridor
2025/8/14 22:40:16,middle
2025/8/14 22:40:17,mid-sep
2025/8/14 22:40:20,middle
2025/8/14 22:41:35,corridor
2025/8/14 22:41:36,side
2025/8/14 22:42:39,corridor
2025/8/14 22:42:40,middle
2025/8/14 22:42:40,mid-sep
2025/8/14 22:42:41,middle
2025/8/14 22:42:42,corridor
2025/8/14 22:42:45,side
2025/8/14 22:44:48,corridor
2025/8/14 22:44:49,middle
2025/8/14 22:44:50,mid-sep
2025/8/14 22:44:53,middle
2025/8/14 22:44:54,corridor
2025/8/14 22:44:55,side
2025/8/14 22:48:30,corridor
2025/8/14 22:48:31,middle
2025/8/14 22:48:31,mid-sep
2025/8/14 22:48:32,middle
2025/8/14 23:18:13,corridor
2025/8/14 23:18:17,side
2025/8/14 23:19:58,corridor
2025/8/14 23:19:59,side
2025/8/14 23:23:12,corridor
2025/8/14 23:23:12,middle
2025/8/14 23:23:13,mid-sep
2025/8/14 23:23:25,middle
2025/8/14 23:23:26,corridor
2025/8/14 23:23:27,side
2025/8/14 23:26:51,corridor
2025/8/14 23:26:52,middle
2025/8/14 23:26:59,corridor
2025/8/14 23:27:01,side
2025/8/14 23:31:27,corridor
2025/8/14 23:31:28,middle
2025/8/14 23:31:29,mid-sep
2025/8/14 23:31:30,middle
2025/8/14 23:32:09,corridor
2025/8/14 23:32:10,side
2025/8/14 23:33:37,corridor
2025/8/14 23:33:38,middle
2025/8/14 23:33:39,mid-sep
2025/8/14 23:33:43,middle
2025/8/14 23:34:10,corridor
2025/8/14 23:34:13,side
2025/8/14 23:38:05,corridor
2025/8/14 23:38:06,middle
2025/8/14 23:38:06,mid-sep
2025/8/14 23:38:07,middle
2025/8/14 23:38:08,corridor
2025/8/14 23:38:08,side
2025/8/14 23:43:39,corridor
2025/8/14 23:43:40,middle
2025/8/14 23:43:41,mid-sep
2025/8/14 23:43:50,middle
2025/8/14 23:57:10,corridor
2025/8/14 23:57:16,side
2025/8/14 23:57:26,corridor
2025/8/14 23:57:27,middle
2025/8/14 23:57:28,mid-sep
2025/8/14 23:57:30,middle
2025/8/15 0:32:17,corridor
2025/8/15 0:32:19,side
2025/8/15 0:32:56,corridor
2025/8/15 0:32:57,middle
2025/8/15 0:37:40,corridor
2025/8/15 0:37:49,middle
2025/8/15 0:37:50,mid-sep
2025/8/15 0:37:53,middle
2025/8/15 0:41:22,corridor
2025/8/15 0:41:23,side
2025/8/15 0:46:44,corridor
2025/8/15 0:46:45,middle
2025/8/15 0:46:45,mid-sep
2025/8/15 0:46:46,middle
2025/8/15 0:46:47,corridor
2025/8/15 0:46:55,side
2025/8/15 0:49:07,corridor
2025/8/15 0:49:08,middle
2025/8/15 0:49:08,mid-sep
2025/8/15 0:49:09,middle
2025/8/15 0:49:10,corridor
2025/8/15 0:49:11,side
2025/8/15 0:50:49,corridor
2025/8/15 0:50:50,middle
2025/8/15 0:50:50,corridor
2025/8/15 0:50:52,side
2025/8/15 0:53:59,corridor
2025/8/15 0:53:59,middle
2025/8/15 0:54:04,corridor
2025/8/15 0:54:06,side
2025/8/15 0:54:54,corridor
2025/8/15 0:54:54,middle
2025/8/15 0:54:55,mid-sep
2025/8/15 0:54:56,middle
2025/8/15 0:57:04,corridor
2025/8/15 0:57:05,side
2025/8/15 0:57:35,corridor
2025/8/15 0:57:36,middle
2025/8/15 0:57:38,mid-sep
2025/8/15 0:57:50,middle
2025/8/15 1:04:04,mid-sep
2025/8/15 1:04:45,middle
2025/8/15 1:31:22,mid-sep
2025/8/15 1:31:53,middle
2025/8/15 1:32:13,mid-sep
2025/8/15 1:32:50,middle
2025/8/15 1:33:03,corridor
2025/8/15 1:33:04,side
2025/8/15 1:34:09,corridor
2025/8/15 1:34:09,middle
2025/8/15 1:34:10,mid-sep
2025/8/15 1:34:11,middle
2025/8/15 1:35:54,mid-sep
2025/8/15 1:36:08,middle
2025/8/15 1:51:16,mid-sep
2025/8/15 1:51:33,middle
2025/8/15 1:55:19,corridor
2025/8/15 1:55:23,side
2025/8/15 1:56:39,corridor
2025/8/15 1:56:39,middle
2025/8/15 1:56:39,mid-sep
2025/8/15 1:56:39,middle
2025/8/15 1:56:40,corridor
2025/8/15 1:56:42,side
2025/8/15 2:02:25,corridor
2025/8/15 2:02:26,middle
2025/8/15 2:02:26,mid-sep
2025/8/15 2:02:27,middle
2025/8/15 2:02:28,corridor
2025/8/15 2:02:39,side
2025/8/15 2:04:46,corridor
2025/8/15 2:04:48,middle
2025/8/15 2:04:48,mid-sep
2025/8/15 2:04:52,middle
2025/8/15 2:04:54,corridor
2025/8/15 2:04:54,side
2025/8/15 2:06:57,corridor
2025/8/15 2:06:58,middle
2025/8/15 2:06:59,mid-sep
2025/8/15 2:07:00,middle
2025/8/15 2:07:02,corridor
2025/8/15 2:07:04,side
2025/8/15 2:09:56,corridor
2025/8/15 2:09:58,middle
2025/8/15 2:09:58,mid-sep
2025/8/15 2:10:01,middle
2025/8/15 2:10:02,corridor
2025/8/15 2:10:03,side
2025/8/15 2:13:57,corridor
2025/8/15 2:13:57,middle
2025/8/15 2:13:59,mid-sep
2025/8/15 2:14:12,middle
2025/8/15 2:14:14,corridor
2025/8/15 2:14:16,side
2025/8/15 2:16:03,corridor
2025/8/15 2:16:03,middle
2025/8/15 2:16:05,mid-sep
2025/8/15 2:16:11,middle
2025/8/15 2:16:12,corridor
2025/8/15 2:16:13,side
2025/8/15 2:17:37,corridor
2025/8/15 2:17:37,middle
2025/8/15 2:17:38,mid-sep
2025/8/15 2:17:40,middle
2025/8/15 2:17:56,corridor
2025/8/15 2:17:57,side
2025/8/15 2:18:07,corridor
2025/8/15 2:18:08,middle
2025/8/15 2:18:09,mid-sep
2025/8/15 2:18:11,middle
2025/8/15 2:18:18,mid-sep
2025/8/15 2:18:21,middle
2025/8/15 2:25:12,mid-sep
2025/8/15 2:26:50,middle
2025/8/15 2:27:11,mid-sep
2025/8/15 2:28:02,middle
2025/8/15 2:28:03,corridor
2025/8/15 2:28:05,side
2025/8/15 2:28:12,corridor
2025/8/15 2:28:12,middle
2025/8/15 2:28:13,mid-sep
2025/8/15 2:28:13,middle
2025/8/15 2:28:16,corridor
2025/8/15 2:28:20,middle
2025/8/15 2:28:27,corridor
2025/8/15 2:28:29,middle
2025/8/15 2:28:32,corridor
2025/8/15 2:28:36,middle
2025/8/15 2:28:39,corridor
2025/8/15 2:28:40,middle
2025/8/15 2:28:43,corridor
2025/8/15 2:28:49,middle
2025/8/15 2:28:51,corridor
2025/8/15 2:29:02,side
2025/8/15 2:29:20,corridor
2025/8/15 2:29:21,middle
2025/8/15 2:29:22,corridor
2025/8/15 2:29:24,side
2025/8/15 2:29:52,corridor
2025/8/15 2:29:52,middle
2025/8/15 2:29:53,mid-sep
2025/8/15 2:29:58,middle
2025/8/15 3:47:22,corridor
2025/8/15 3:47:22,middle
2025/8/15 3:47:26,corridor
2025/8/15 3:47:27,side
2025/8/15 3:54:21,corridor
2025/8/15 3:54:22,middle
2025/8/15 3:54:23,mid-sep
2025/8/15 3:54:24,middle
2025/8/15 3:54:26,corridor
2025/8/15 3:54:27,side
2025/8/15 3:55:03,corridor
2025/8/15 3:55:03,middle
2025/8/15 4:01:24,mid-sep
2025/8/15 4:02:07,middle
2025/8/15 4:02:09,corridor
2025/8/15 4:02:16,middle
2025/8/15 4:02:17,mid-sep
2025/8/15 4:02:25,middle
2025/8/15 4:02:29,corridor
2025/8/15 4:02:32,side
2025/8/15 4:02:57,corridor
2025/8/15 4:02:57,middle
2025/8/15 4:02:59,mid-sep
2025/8/15 4:03:09,middle
2025/8/15 5:11:35,corridor
2025/8/15 5:11:37,side
2025/8/15 5:11:50,corridor
2025/8/15 5:11:51,middle
2025/8/15 5:11:52,mid-sep
2025/8/15 5:11:55,middle
2025/8/15 5:11:56,corridor
2025/8/15 5:11:57,side
2025/8/15 5:12:30,corridor
2025/8/15 5:12:31,middle
2025/8/15 5:12:32,mid-sep
2025/8/15 5:12:33,middle
2025/8/15 5:13:30,corridor
2025/8/15 5:13:31,side
2025/8/15 5:14:57,corridor
2025/8/15 5:14:57,middle
2025/8/15 5:14:57,mid-sep
2025/8/15 5:14:59,middle
2025/8/15 5:15:33,corridor
2025/8/15 5:15:36,side
2025/8/15 5:16:05,corridor
2025/8/15 5:16:05,middle
2025/8/15 5:16:08,mid-sep
2025/8/15 5:16:40,middle
2025/8/15 5:21:47,mid-sep
2025/8/15 5:21:54,middle
2025/8/15 5:23:32,corridor
2025/8/15 5:23:36,side
2025/8/15 5:24:56,corridor
2025/8/15 5:24:56,middle
2025/8/15 5:24:59,mid-sep
2025/8/15 5:25:10,middle
2025/8/15 5:25:12,corridor
2025/8/15 5:25:14,side
2025/8/15 5:28:16,corridor
2025/8/15 5:28:17,middle
2025/8/15 5:28:19,corridor
2025/8/15 5:28:25,side
2025/8/15 5:30:31,corridor
2025/8/15 5:30:31,middle
2025/8/15 5:30:32,corridor
2025/8/15 5:30:33,side
2025/8/15 5:30:58,corridor
2025/8/15 5:30:59,middle
2025/8/15 5:30:59,mid-sep
2025/8/15 5:31:04,middle
2025/8/15 5:31:25,corridor
2025/8/15 5:31:27,side
2025/8/15 5:34:21,corridor
2025/8/15 5:34:22,middle
2025/8/15 5:34:23,mid-sep
2025/8/15 5:34:24,middle
2025/8/15 5:34:30,corridor
2025/8/15 5:34:32,side
2025/8/15 5:34:58,corridor
2025/8/15 5:34:59,middle
2025/8/15 5:39:46,mid-sep
2025/8/15 5:39:58,middle
2025/8/15 5:42:17,corridor
2025/8/15 5:42:20,side
2025/8/15 5:42:24,corridor
2025/8/15 5:42:25,middle
2025/8/15 5:42:25,mid-sep
2025/8/15 5:42:32,middle
2025/8/15 5:42:51,corridor
2025/8/15 5:42:53,side
2025/8/15 5:43:20,corridor
2025/8/15 5:43:20,middle
2025/8/15 5:43:22,corridor
2025/8/15 5:43:26,side
2025/8/15 5:43:33,corridor
2025/8/15 5:43:55,middle
2025/8/15 5:43:59,corridor
2025/8/15 5:44:09,middle
2025/8/15 5:44:10,corridor
2025/8/15 5:44:18,middle
2025/8/15 5:44:19,corridor
2025/8/15 5:44:24,middle
2025/8/15 5:44:25,corridor
2025/8/15 5:44:44,middle
2025/8/15 5:44:45,corridor
2025/8/15 5:44:57,middle
2025/8/15 5:44:57,corridor
2025/8/15 5:45:02,side
2025/8/15 5:45:57,corridor
2025/8/15 5:45:57,middle
2025/8/15 5:46:53,corridor
2025/8/15 5:46:55,middle
2025/8/15 5:46:56,mid-sep
2025/8/15 5:46:57,middle
2025/8/15 5:47:48,corridor
2025/8/15 5:47:53,middle
2025/8/15 5:57:55,mid-sep
2025/8/15 5:57:59,middle
2025/8/15 6:08:05,corridor
2025/8/15 6:08:06,side
2025/8/15 6:08:59,corridor
2025/8/15 6:08:59,middle
2025/8/15 6:09:00,mid-sep
2025/8/15 6:09:12,middle
2025/8/15 6:09:13,corridor
2025/8/15 6:09:15,side
2025/8/15 6:13:14,corridor
2025/8/15 6:13:14,middle
2025/8/15 6:13:16,mid-sep
2025/8/15 6:13:19,middle
2025/8/15 6:13:54,corridor
2025/8/15 6:13:55,side
2025/8/15 6:18:08,corridor
2025/8/15 6:18:11,middle
2025/8/15 6:18:11,mid-sep
2025/8/15 6:18:11,middle
2025/8/15 6:18:12,corridor
2025/8/15 6:18:14,side
2025/8/15 6:22:11,corridor
2025/8/15 6:22:12,middle
2025/8/15 6:22:21,corridor
2025/8/15 6:22:24,side
2025/8/15 6:23:51,corridor
2025/8/15 6:23:52,middle
2025/8/15 6:23:54,mid-sep
2025/8/15 6:23:56,middle
2025/8/15 6:24:21,mid-sep
2025/8/15 6:24:21,middle
2025/8/15 6:24:26,middle
2025/8/15 6:24:32,corridor
2025/8/15 6:25:02,side
2025/8/15 6:25:04,corridor
2025/8/15 6:25:05,middle
2025/8/15 6:25:05,mid-sep
2025/8/15 6:25:40,middle
2025/8/15 6:25:45,corridor
2025/8/15 6:25:46,side
2025/8/15 6:26:19,corridor
2025/8/15 6:26:19,middle
2025/8/15 6:26:20,corridor
2025/8/15 6:26:21,side
2025/8/15 6:30:08,corridor
2025/8/15 6:30:12,middle
2025/8/15 6:30:13,mid-sep
2025/8/15 6:30:16,middle
2025/8/15 6:30:17,corridor
2025/8/15 6:30:19,side
2025/8/15 6:32:43,corridor
2025/8/15 6:32:43,middle
2025/8/15 6:32:51,mid-sep
2025/8/15 6:33:00,middle
2025/8/15 6:33:02,corridor
2025/8/15 6:33:03,side
2025/8/15 6:33:22,corridor
2025/8/15 6:33:22,middle
2025/8/15 6:33:23,mid-sep
2025/8/15 6:33:27,middle
2025/8/15 6:33:43,corridor
2025/8/15 6:33:47,side
2025/8/15 6:35:28,corridor
2025/8/15 6:35:28,middle
2025/8/15 6:35:28,mid-sep
2025/8/15 6:35:29,middle
2025/8/15 6:35:31,corridor
2025/8/15 6:35:33,side
2025/8/15 6:41:47,corridor
2025/8/15 6:41:50,middle
2025/8/15 6:41:53,mid-sep
2025/8/15 6:41:56,middle
2025/8/15 6:42:01,corridor
2025/8/15 6:42:03,side
2025/8/15 6:44:26,corridor
2025/8/15 6:44:27,middle
2025/8/15 6:44:28,mid-sep
2025/8/15 6:44:30,middle
2025/8/15 6:45:32,mid-sep
2025/8/15 6:45:35,middle
2025/8/15 6:45:48,corridor
2025/8/15 6:45:53,middle
2025/8/15 6:45:54,mid-sep
2025/8/15 6:46:03,middle
2025/8/15 7:16:45,mid-sep
2025/8/15 7:17:16,middle
2025/8/15 7:20:21,corridor
2025/8/15 7:20:25,side
2025/8/15 7:20:51,corridor
2025/8/15 7:20:52,middle
2025/8/15 7:20:58,mid-sep
2025/8/15 7:21:02,middle
2025/8/15 8:25:42,corridor
2025/8/15 8:25:58,side
2025/8/15 8:26:01,corridor
2025/8/15 8:26:01,middle
2025/8/15 8:27:26,mid-sep
2025/8/15 8:27:33,middle
2025/8/15 8:34:07,corridor
2025/8/15 8:34:08,side
2025/8/15 8:36:53,corridor
2025/8/15 8:36:54,middle
2025/8/15 8:36:54,mid-sep
2025/8/15 8:37:17,middle
2025/8/15 8:39:58,corridor
2025/8/15 8:40:03,side
2025/8/15 9:48:09,corridor
2025/8/15 9:48:12,middle
2025/8/15 9:48:18,mid-sep
2025/8/15 9:48:23,middle
2025/8/15 9:48:28,corridor
2025/8/15 9:48:32,side
2025/8/15 9:48:45,corridor
2025/8/15 9:48:46,side
2025/8/15 9:48:47,corridor
2025/8/15 9:49:19,middle
2025/8/15 9:49:20,mid-sep
2025/8/15 9:49:23,middle
2025/8/15 9:49:49,corridor
2025/8/15 9:49:53,side
2025/8/15 9:53:56,corridor
2025/8/15 9:54:04,middle
2025/8/15 9:54:05,mid-sep
2025/8/15 9:54:11,middle
2025/8/15 9:55:59,corridor
2025/8/15 9:56:01,side
2025/8/15 9:58:11,corridor
2025/8/15 9:58:14,middle
2025/8/15 9:58:14,mid-sep
2025/8/15 9:58:17,middle
2025/8/15 9:58:31,corridor
2025/8/15 9:58:36,side
2025/8/15 10:00:48,corridor
2025/8/15 10:00:48,middle
2025/8/15 10:00:50,corridor
2025/8/15 10:00:51,side
2025/8/15 10:01:22,corridor
2025/8/15 10:01:26,side
2025/8/15 10:02:35,corridor
2025/8/15 10:02:40,side
2025/8/15 10:02:53,corridor
2025/8/15 10:02:53,middle
2025/8/15 10:02:54,mid-sep
2025/8/15 10:02:54,middle
2025/8/15 10:02:55,corridor
2025/8/15 10:02:55,side
2025/8/15 10:03:11,corridor
2025/8/15 10:03:17,side
2025/8/15 10:03:24,corridor
2025/8/15 10:03:25,side
2025/8/15 10:03:53,corridor
2025/8/15 10:03:55,side
2025/8/15 10:04:06,corridor
2025/8/15 10:04:07,middle
2025/8/15 10:04:10,corridor
2025/8/15 10:04:11,side
2025/8/15 10:04:21,corridor
2025/8/15 10:04:23,side
2025/8/15 10:04:27,corridor
2025/8/15 10:04:31,side
2025/8/15 10:04:36,corridor
2025/8/15 10:04:39,side
2025/8/15 10:04:44,corridor
2025/8/15 10:04:46,side
2025/8/15 10:04:54,corridor
2025/8/15 10:04:58,side
2025/8/15 10:05:01,corridor
2025/8/15 10:05:07,middle
2025/8/15 10:05:57,corridor
2025/8/15 10:05:57,side
2025/8/15 10:06:17,corridor
2025/8/15 10:06:20,middle
2025/8/15 10:06:22,corridor
2025/8/15 10:06:22,side
2025/8/15 10:06:32,corridor
2025/8/15 10:06:35,middle
2025/8/15 10:06:37,corridor
2025/8/15 10:06:37,side
2025/8/15 10:10:00,corridor
2025/8/15 10:10:00,middle
2025/8/15 10:10:05,corridor
2025/8/15 10:10:06,side
2025/8/15 10:10:52,corridor
2025/8/15 10:10:52,middle
2025/8/15 10:10:54,corridor
2025/8/15 10:10:54,side
2025/8/15 10:11:04,corridor
2025/8/15 10:11:07,side
2025/8/15 10:11:26,corridor
2025/8/15 10:11:26,middle
2025/8/15 10:11:28,corridor
2025/8/15 10:11:29,side
2025/8/15 11:15:44,corridor
2025/8/15 11:15:46,middle
2025/8/15 11:15:46,corridor
2025/8/15 11:15:47,middle
2025/8/15 11:15:50,mid-sep
2025/8/15 11:15:52,middle
2025/8/15 11:16:39,mid-sep
2025/8/15 11:16:56,middle
2025/8/15 11:17:08,corridor
2025/8/15 11:17:09,side
2025/8/15 12:55:33,corridor
2025/8/15 12:55:35,middle
2025/8/15 12:55:38,mid-sep
2025/8/15 12:55:44,middle
2025/8/15 12:55:57,mid-sep
2025/8/15 12:56:03,middle
2025/8/15 12:56:08,corridor
2025/8/15 12:56:09,side
2025/8/15 14:14:08,corridor
2025/8/15 14:14:09,middle
2025/8/15 14:14:09,mid-sep
2025/8/15 14:14:17,middle
2025/8/15 14:14:20,corridor
2025/8/15 14:14:21,side
2025/8/15 14:16:12,corridor
2025/8/15 14:16:16,side
2025/8/15 14:54:41,corridor
2025/8/15 14:54:42,middle
2025/8/15 14:54:43,mid-sep
2025/8/15 14:54:57,middle
2025/8/15 14:55:04,mid-sep
2025/8/15 14:55:24,middle
2025/8/15 14:55:25,corridor
2025/8/15 14:55:31,side
2025/8/15 14:56:01,corridor
2025/8/15 14:56:03,middle
2025/8/15 14:56:05,corridor
2025/8/15 14:56:06,side
2025/8/15 16:29:29,corridor
2025/8/15 16:29:31,middle
2025/8/15 16:29:48,mid-sep
2025/8/15 16:29:48,middle
2025/8/15 16:29:51,corridor
2025/8/15 16:30:02,side
2025/8/15 16:39:24,corridor
2025/8/15 16:39:25,middle
2025/8/15 16:39:28,corridor
2025/8/15 16:39:31,side
2025/8/15 17:24:17,corridor
2025/8/15 17:24:17,middle
2025/8/15 17:24:28,mid-sep
2025/8/15 17:24:47,middle
2025/8/15 17:25:15,mid-sep
2025/8/15 17:25:20,middle
2025/8/15 17:25:29,corridor
2025/8/15 17:25:33,side
2025/8/15 17:27:28,corridor
2025/8/15 17:27:32,middle
2025/8/15 17:27:34,mid-sep
2025/8/15 17:27:38,middle
2025/8/15 17:29:02,corridor
2025/8/15 17:29:04,side
2025/8/15 18:01:28,corridor
2025/8/15 18:01:31,middle
2025/8/15 18:01:32,mid-sep
2025/8/15 18:01:33,middle
2025/8/15 18:01:35,corridor
2025/8/15 18:01:46,side
2025/8/15 18:18:43,corridor
2025/8/15 18:18:45,middle
2025/8/15 18:18:47,mid-sep
2025/8/15 18:18:48,middle
2025/8/15 18:18:50,corridor
2025/8/15 18:18:56,side
2025/8/15 18:30:49,corridor
2025/8/15 18:30:50,middle
2025/8/15 18:30:51,mid-sep
2025/8/15 18:30:58,middle
2025/8/15 18:31:09,corridor
2025/8/15 18:31:16,middle
2025/8/15 18:31:17,mid-sep
2025/8/15 18:31:23,middle
2025/8/15 18:31:24,corridor
2025/8/15 18:31:25,side
2025/8/15 18:46:48,corridor
2025/8/15 18:46:48,middle
2025/8/15 18:48:00,corridor
2025/8/15 18:48:03,side
2025/8/15 18:53:01,corridor
2025/8/15 18:53:03,middle
2025/8/15 18:53:08,corridor
2025/8/15 18:53:09,side
2025/8/15 18:54:35,corridor
2025/8/15 18:54:36,middle
2025/8/15 18:54:38,mid-sep
2025/8/15 18:54:50,middle
2025/8/15 18:54:51,corridor
2025/8/15 18:54:53,side
2025/8/15 18:57:14,corridor
2025/8/15 18:57:16,middle
2025/8/15 18:57:17,corridor
2025/8/15 18:57:18,side
2025/8/15 18:59:50,corridor
2025/8/15 18:59:51,middle
2025/8/15 18:59:51,mid-sep
2025/8/15 18:59:58,middle
2025/8/15 18:59:58,corridor
2025/8/15 18:59:59,side
2025/8/15 19:01:27,corridor
2025/8/15 19:01:28,middle
2025/8/15 19:01:30,mid-sep
2025/8/15 19:01:34,middle
2025/8/15 19:01:34,corridor
2025/8/15 19:01:35,side
2025/8/15 19:01:37,corridor
2025/8/15 19:01:38,middle
2025/8/15 19:01:39,mid-sep
2025/8/15 19:01:41,middle
2025/8/15 19:01:41,corridor
2025/8/15 19:01:42,side
2025/8/15 19:04:00,corridor
2025/8/15 19:04:02,middle
2025/8/15 19:04:02,mid-sep
2025/8/15 19:04:06,middle
2025/8/15 19:04:07,corridor
2025/8/15 19:04:19,side
2025/8/15 19:04:21,corridor
2025/8/15 19:04:22,middle
2025/8/15 19:04:57,corridor
2025/8/15 19:04:58,side
2025/8/15 19:08:19,corridor
2025/8/15 19:08:19,middle
2025/8/15 19:08:20,corridor
2025/8/15 19:08:21,side
2025/8/15 19:10:46,corridor
2025/8/15 19:10:47,side
2025/8/15 19:14:57,corridor
2025/8/15 19:14:57,middle
2025/8/15 19:15:53,mid-sep
2025/8/15 19:16:02,middle
2025/8/15 19:16:12,corridor
2025/8/15 19:16:14,side
2025/8/15 19:17:11,corridor
2025/8/15 19:17:14,side
2025/8/15 19:19:38,corridor
2025/8/15 19:19:39,middle
2025/8/15 19:19:40,mid-sep
2025/8/15 19:19:42,middle
2025/8/15 19:20:21,corridor
2025/8/15 19:20:31,side
2025/8/15 19:21:43,corridor
2025/8/15 19:21:44,middle
2025/8/15 19:21:44,mid-sep
2025/8/15 19:21:50,middle
2025/8/15 19:21:51,corridor
2025/8/15 19:21:52,side
2025/8/15 19:26:12,corridor
2025/8/15 19:26:12,middle
2025/8/15 19:26:14,mid-sep
2025/8/15 19:26:16,middle
2025/8/15 19:27:08,corridor
2025/8/15 19:27:12,side
2025/8/15 19:29:24,corridor
2025/8/15 19:29:25,middle
2025/8/15 19:29:26,mid-sep
2025/8/15 19:29:26,middle
2025/8/15 19:29:27,corridor
2025/8/15 19:29:28,side
2025/8/15 19:32:57,corridor
2025/8/15 19:32:57,middle
2025/8/15 19:33:02,mid-sep
2025/8/15 19:33:16,middle
2025/8/15 19:33:27,corridor
2025/8/15 19:33:35,side
2025/8/15 19:47:45,corridor
2025/8/15 19:47:46,middle
2025/8/15 19:48:09,mid-sep
2025/8/15 19:48:12,middle
2025/8/15 19:49:39,corridor
2025/8/15 19:49:56,side
2025/8/15 19:50:31,corridor
2025/8/15 19:50:32,middle
2025/8/15 19:50:32,mid-sep
2025/8/15 19:50:33,middle
2025/8/15 19:52:27,corridor
2025/8/15 19:52:28,side
2025/8/15 19:58:19,corridor
2025/8/15 19:58:19,middle
2025/8/15 19:58:20,mid-sep
2025/8/15 19:58:22,middle
2025/8/15 19:59:55,corridor
2025/8/15 19:59:57,side
2025/8/15 20:04:29,corridor
2025/8/15 20:04:30,middle
2025/8/15 20:04:31,mid-sep
2025/8/15 20:04:34,middle
2025/8/15 20:04:54,corridor
2025/8/15 20:04:56,side
2025/8/15 20:09:24,corridor
2025/8/15 20:09:25,middle
2025/8/15 20:10:40,mid-sep
2025/8/15 20:10:44,middle
2025/8/15 20:10:52,corridor
2025/8/15 20:10:54,side
2025/8/15 20:17:12,corridor
2025/8/15 20:17:13,middle
2025/8/15 20:17:53,mid-sep
2025/8/15 20:17:59,middle
2025/8/15 20:18:45,corridor
2025/8/15 20:18:48,side
2025/8/15 20:21:36,corridor
2025/8/15 20:21:37,middle
2025/8/15 20:21:38,corridor
2025/8/15 20:21:41,side
2025/8/15 20:21:50,corridor
2025/8/15 20:21:51,middle
2025/8/15 20:21:51,corridor
2025/8/15 20:21:52,side
2025/8/15 20:25:37,corridor
2025/8/15 20:25:38,middle
2025/8/15 20:25:38,corridor
2025/8/15 20:25:57,side
2025/8/15 20:31:08,corridor
2025/8/15 20:31:09,middle
2025/8/15 20:32:14,mid-sep
2025/8/15 20:32:26,middle
2025/8/15 20:36:06,corridor
2025/8/15 20:36:09,side
2025/8/15 20:37:29,corridor
2025/8/15 20:37:29,middle
2025/8/15 20:37:30,mid-sep
2025/8/15 20:37:45,middle
2025/8/15 20:37:46,corridor
2025/8/15 20:37:47,side
2025/8/15 20:41:36,corridor
2025/8/15 20:41:37,middle
2025/8/15 20:45:27,mid-sep
2025/8/15 20:45:40,middle
2025/8/15 20:46:29,mid-sep
2025/8/15 20:46:34,middle
2025/8/15 20:49:27,mid-sep
2025/8/15 20:49:30,middle
2025/8/15 20:50:37,mid-sep
2025/8/15 20:50:58,middle
2025/8/15 20:58:41,mid-sep
2025/8/15 20:58:42,middle
2025/8/15 20:59:44,mid-sep
2025/8/15 20:59:45,middle
2025/8/15 21:00:47,mid-sep
2025/8/15 21:00:49,middle
2025/8/15 21:00:57,mid-sep
2025/8/15 21:00:59,middle
2025/8/15 21:01:31,mid-sep
2025/8/15 21:01:33,middle
2025/8/15 21:01:52,mid-sep
2025/8/15 21:01:55,middle
2025/8/15 21:02:05,mid-sep
2025/8/15 21:02:07,middle
2025/8/15 21:02:24,mid-sep
2025/8/15 21:02:36,middle
2025/8/15 21:02:52,mid-sep
2025/8/15 21:02:54,middle
2025/8/15 21:03:11,mid-sep
2025/8/15 21:03:12,middle
2025/8/15 21:03:36,mid-sep
2025/8/15 21:03:43,middle
2025/8/15 21:07:19,mid-sep
2025/8/15 21:07:50,middle
2025/8/15 21:08:15,corridor
2025/8/15 21:08:25,middle
2025/8/15 21:08:27,mid-sep
2025/8/15 21:08:34,middle
2025/8/15 21:08:46,corridor
2025/8/15 21:08:47,side
2025/8/15 21:09:16,corridor
2025/8/15 21:09:17,middle
2025/8/15 21:09:53,mid-sep
2025/8/15 21:09:57,middle
2025/8/15 21:10:10,mid-sep
2025/8/15 21:10:13,middle
2025/8/15 21:10:20,mid-sep
2025/8/15 21:10:24,middle
2025/8/15 21:10:36,corridor
2025/8/15 21:10:42,side
2025/8/15 21:11:35,corridor
2025/8/15 21:11:35,middle
2025/8/15 21:13:14,mid-sep
2025/8/15 21:13:50,middle
2025/8/15 21:20:30,corridor
2025/8/15 21:20:31,side
2025/8/15 21:21:24,corridor
2025/8/15 21:21:25,middle
2025/8/15 21:21:26,mid-sep
2025/8/15 21:21:27,middle
2025/8/15 21:21:29,corridor
2025/8/15 21:21:33,side
2025/8/15 21:23:09,corridor
2025/8/15 21:23:09,middle
2025/8/15 21:23:10,mid-sep
2025/8/15 21:23:12,middle
2025/8/15 21:23:13,corridor
2025/8/15 21:23:14,side
2025/8/15 21:29:23,corridor
2025/8/15 21:29:24,middle
2025/8/15 21:29:24,mid-sep
2025/8/15 21:29:24,middle
2025/8/15 21:29:25,side
2025/8/15 21:34:36,corridor
2025/8/15 21:34:41,side
2025/8/15 21:38:35,corridor
2025/8/15 21:38:35,middle
2025/8/15 21:38:48,corridor
2025/8/15 21:38:49,side
2025/8/15 21:42:49,corridor
2025/8/15 21:42:50,middle
2025/8/15 21:42:51,mid-sep
2025/8/15 21:42:52,middle
2025/8/15 21:42:54,corridor
2025/8/15 21:42:55,side
2025/8/15 21:47:37,corridor
2025/8/15 21:47:38,middle
2025/8/15 21:47:39,mid-sep
2025/8/15 21:47:40,middle
2025/8/15 21:48:03,corridor
2025/8/15 21:48:05,side
2025/8/15 21:48:13,corridor
2025/8/15 21:48:13,middle
2025/8/15 21:48:14,mid-sep
2025/8/15 21:48:15,middle
2025/8/15 21:48:15,corridor
2025/8/15 21:48:18,side
2025/8/15 21:48:58,corridor
2025/8/15 21:48:58,middle
2025/8/15 21:49:00,mid-sep
2025/8/15 21:49:01,middle
2025/8/15 21:49:02,corridor
2025/8/15 21:49:02,side
2025/8/15 21:56:41,corridor
2025/8/15 21:56:42,middle
2025/8/15 21:56:45,mid-sep
2025/8/15 21:56:49,middle
2025/8/15 21:57:13,corridor
2025/8/15 21:57:15,side
2025/8/15 22:02:11,corridor
2025/8/15 22:02:12,middle
2025/8/15 22:02:12,mid-sep
2025/8/15 22:02:13,middle
2025/8/15 22:05:43,corridor
2025/8/15 22:05:47,side
2025/8/15 22:09:22,corridor
2025/8/15 22:09:22,middle
2025/8/15 22:09:25,corridor
2025/8/15 22:09:26,side
2025/8/15 22:13:03,corridor
2025/8/15 22:13:03,middle
2025/8/15 22:13:04,corridor
2025/8/15 22:13:05,side
2025/8/15 22:15:36,corridor
2025/8/15 22:15:36,middle
2025/8/15 22:15:38,mid-sep
2025/8/15 22:15:44,middle
2025/8/15 22:15:45,corridor
2025/8/15 22:15:46,side
2025/8/15 22:16:54,corridor
2025/8/15 22:16:55,middle
2025/8/15 22:16:57,corridor
2025/8/15 22:17:00,side
2025/8/15 22:19:03,corridor
2025/8/15 22:19:03,middle
2025/8/15 22:19:04,mid-sep
2025/8/15 22:19:06,middle
2025/8/15 22:19:07,corridor
2025/8/15 22:19:07,side
2025/8/15 22:21:33,corridor
2025/8/15 22:21:33,middle
2025/8/15 22:21:34,mid-sep
2025/8/15 22:21:36,middle
2025/8/15 22:21:55,corridor
2025/8/15 22:21:56,side
2025/8/15 22:25:50,corridor
2025/8/15 22:25:50,middle
2025/8/15 22:25:51,mid-sep
2025/8/15 22:25:52,middle
2025/8/15 22:25:57,corridor
2025/8/15 22:25:58,side
2025/8/15 22:31:16,corridor
2025/8/15 22:31:16,middle
2025/8/15 22:31:16,mid-sep
2025/8/15 22:31:18,middle
2025/8/15 22:31:18,corridor
2025/8/15 22:31:19,side
2025/8/15 22:31:54,corridor
2025/8/15 22:31:54,middle
2025/8/15 22:31:54,mid-sep
2025/8/15 22:31:55,middle
2025/8/15 22:31:55,corridor
2025/8/15 22:31:55,side
2025/8/15 22:33:35,corridor
2025/8/15 22:33:36,middle
2025/8/15 22:35:21,corridor
2025/8/15 22:35:24,side
2025/8/15 22:36:55,corridor
2025/8/15 22:36:55,middle
2025/8/15 22:36:56,mid-sep
2025/8/15 22:36:57,middle
2025/8/15 22:36:57,corridor
2025/8/15 22:36:58,side
2025/8/15 22:40:18,corridor
2025/8/15 22:40:18,middle
2025/8/15 22:40:19,mid-sep
2025/8/15 22:40:24,middle
2025/8/15 22:40:40,corridor
2025/8/15 22:40:48,side
2025/8/15 22:41:12,corridor
2025/8/15 22:41:13,middle
2025/8/15 22:41:13,mid-sep
2025/8/15 22:41:13,middle
2025/8/15 22:41:14,corridor
2025/8/15 22:41:14,side
2025/8/15 22:42:48,corridor
2025/8/15 22:42:48,middle
2025/8/15 22:42:49,mid-sep
2025/8/15 22:42:49,middle
2025/8/15 22:42:51,corridor
2025/8/15 22:42:52,side
2025/8/15 22:43:05,corridor
2025/8/15 22:43:06,middle
2025/8/15 22:43:06,corridor
2025/8/15 22:43:07,side
2025/8/15 22:45:27,corridor
2025/8/15 22:45:28,middle
2025/8/15 22:45:29,mid-sep
2025/8/15 22:45:30,middle
2025/8/15 22:45:31,corridor
2025/8/15 22:45:32,side
2025/8/15 22:47:15,corridor
2025/8/15 22:47:16,middle
2025/8/15 22:47:17,mid-sep
2025/8/15 22:47:19,middle
2025/8/15 22:52:49,corridor
2025/8/15 22:52:51,side
2025/8/15 22:53:19,corridor
2025/8/15 22:53:19,middle
2025/8/15 22:53:20,corridor
2025/8/15 22:53:21,side
2025/8/15 22:53:36,corridor
2025/8/15 22:53:37,side
2025/8/15 22:56:43,corridor
2025/8/15 22:56:44,middle
2025/8/15 22:56:47,corridor
2025/8/15 22:56:52,side
2025/8/15 22:56:57,corridor
2025/8/15 22:56:57,middle
2025/8/15 22:56:58,corridor
2025/8/15 22:57:00,side
2025/8/15 22:59:01,corridor
2025/8/15 22:59:01,middle
2025/8/15 22:59:02,mid-sep
2025/8/15 22:59:05,middle
2025/8/15 22:59:13,corridor
2025/8/15 22:59:14,side
2025/8/15 23:01:41,corridor
2025/8/15 23:01:42,middle
2025/8/15 23:02:28,corridor
2025/8/15 23:02:29,side
2025/8/15 23:06:19,corridor
2025/8/15 23:06:20,middle
2025/8/15 23:06:51,corridor
2025/8/15 23:06:53,side
2025/8/15 23:07:53,corridor
2025/8/15 23:07:54,middle
2025/8/15 23:07:54,mid-sep
2025/8/15 23:07:58,middle
2025/8/15 23:08:02,corridor
2025/8/15 23:08:05,side
2025/8/15 23:09:26,corridor
2025/8/15 23:09:27,middle
2025/8/15 23:09:27,mid-sep
2025/8/15 23:09:43,middle
2025/8/15 23:10:11,corridor
2025/8/15 23:10:13,side
2025/8/15 23:11:26,corridor
2025/8/15 23:11:26,middle
2025/8/15 23:11:29,corridor
2025/8/15 23:11:33,side
2025/8/15 23:14:31,corridor
2025/8/15 23:14:31,middle
2025/8/15 23:14:47,corridor
2025/8/15 23:14:47,side
2025/8/15 23:18:56,corridor
2025/8/15 23:18:57,middle
2025/8/15 23:18:57,mid-sep
2025/8/15 23:19:00,middle
2025/8/15 23:19:08,corridor
2025/8/15 23:19:19,side
2025/8/15 23:20:27,corridor
2025/8/15 23:20:28,middle
2025/8/15 23:20:30,mid-sep
2025/8/15 23:20:35,middle
2025/8/15 23:20:41,corridor
2025/8/15 23:20:46,side
2025/8/15 23:23:24,corridor
2025/8/15 23:23:24,middle
2025/8/15 23:23:25,mid-sep
2025/8/15 23:23:35,middle
2025/8/15 23:23:36,corridor
2025/8/15 23:23:38,side
2025/8/15 23:26:40,corridor
2025/8/15 23:26:40,middle
2025/8/15 23:26:42,corridor
2025/8/15 23:26:59,side
2025/8/15 23:27:02,corridor
2025/8/15 23:27:02,middle
2025/8/15 23:27:03,mid-sep
2025/8/15 23:27:05,middle
2025/8/15 23:27:05,corridor
2025/8/15 23:27:07,side
2025/8/15 23:31:04,corridor
2025/8/15 23:31:04,middle
2025/8/15 23:31:05,mid-sep
2025/8/15 23:31:07,middle
2025/8/15 23:31:23,corridor
2025/8/15 23:31:26,side
2025/8/15 23:34:41,corridor
2025/8/15 23:34:42,middle
2025/8/15 23:35:07,corridor
2025/8/15 23:35:09,side
2025/8/15 23:37:30,corridor
2025/8/15 23:37:31,middle
2025/8/15 23:37:34,corridor
2025/8/15 23:37:35,side
2025/8/15 23:41:50,corridor
2025/8/15 23:41:51,middle
2025/8/15 23:41:52,corridor
2025/8/15 23:41:53,side
2025/8/15 23:42:14,corridor
2025/8/15 23:42:15,middle
2025/8/15 23:42:15,mid-sep
2025/8/15 23:42:19,middle
2025/8/15 23:42:20,corridor
2025/8/15 23:42:21,side
2025/8/15 23:48:31,corridor
2025/8/15 23:48:31,middle
2025/8/15 23:48:33,mid-sep
2025/8/15 23:48:40,middle
2025/8/15 23:48:40,corridor
2025/8/15 23:48:44,side
2025/8/15 23:52:46,corridor
2025/8/15 23:52:47,middle
2025/8/15 23:52:48,mid-sep
2025/8/15 23:52:56,middle
2025/8/15 23:53:26,corridor
2025/8/15 23:53:30,side
2025/8/15 23:55:01,corridor
2025/8/15 23:55:01,middle
2025/8/15 23:55:02,mid-sep
2025/8/15 23:55:11,middle
2025/8/15 23:55:12,corridor
2025/8/15 23:55:13,side
2025/8/15 23:58:06,corridor
2025/8/15 23:58:06,middle
2025/8/15 23:58:07,mid-sep
2025/8/15 23:58:10,middle
2025/8/15 23:59:01,corridor
2025/8/15 23:59:07,side
2025/8/16 0:01:35,corridor
2025/8/16 0:01:35,middle
2025/8/16 0:01:36,mid-sep
2025/8/16 0:01:37,middle
2025/8/16 0:02:32,corridor
2025/8/16 0:02:47,side
2025/8/16 0:04:47,corridor
2025/8/16 0:04:47,middle
2025/8/16 0:04:48,mid-sep
2025/8/16 0:04:49,middle
2025/8/16 0:04:49,corridor
2025/8/16 0:04:50,side
2025/8/16 0:05:26,corridor
2025/8/16 0:05:26,middle
2025/8/16 0:05:28,mid-sep
2025/8/16 0:05:30,middle
2025/8/16 0:06:03,corridor
2025/8/16 0:06:04,side
2025/8/16 0:09:11,corridor
2025/8/16 0:09:11,middle
2025/8/16 0:09:12,mid-sep
2025/8/16 0:09:20,middle
2025/8/16 0:09:40,mid-sep
2025/8/16 0:09:52,middle
2025/8/16 0:09:54,corridor
2025/8/16 0:09:55,side
2025/8/16 0:14:12,corridor
2025/8/16 0:14:12,middle
2025/8/16 0:14:13,mid-sep
2025/8/16 0:14:29,middle
2025/8/16 0:14:32,corridor
2025/8/16 0:14:34,side
2025/8/16 0:16:11,corridor
2025/8/16 0:16:11,middle
2025/8/16 0:16:11,mid-sep
2025/8/16 0:16:11,middle
2025/8/16 0:16:12,corridor
2025/8/16 0:16:17,side
2025/8/16 0:17:24,corridor
2025/8/16 0:17:25,middle
2025/8/16 0:17:25,corridor
2025/8/16 0:17:27,side
2025/8/16 0:22:34,corridor
2025/8/16 0:22:34,middle
2025/8/16 0:22:38,corridor
2025/8/16 0:22:43,side
2025/8/16 0:24:51,corridor
2025/8/16 0:24:51,middle
2025/8/16 0:24:52,mid-sep
2025/8/16 0:24:57,middle
2025/8/16 0:25:13,corridor
2025/8/16 0:25:15,side
2025/8/16 0:30:03,corridor
2025/8/16 0:30:03,middle
2025/8/16 0:30:06,mid-sep
2025/8/16 0:30:35,middle
2025/8/16 0:30:37,corridor
2025/8/16 0:30:39,side
2025/8/16 0:33:32,corridor
2025/8/16 0:33:32,middle
2025/8/16 0:33:33,mid-sep
2025/8/16 0:33:57,middle
2025/8/16 0:34:34,mid-sep
2025/8/16 0:34:35,middle
2025/8/16 0:34:46,corridor
2025/8/16 0:34:47,side
2025/8/16 0:39:25,corridor
2025/8/16 0:39:26,middle
2025/8/16 0:39:26,mid-sep
2025/8/16 0:39:33,middle
2025/8/16 0:39:35,corridor
2025/8/16 0:39:36,side
2025/8/16 0:41:57,corridor
2025/8/16 0:41:57,middle
2025/8/16 0:41:58,mid-sep
2025/8/16 0:42:03,middle
2025/8/16 0:42:07,corridor
2025/8/16 0:42:09,side
2025/8/16 0:50:48,corridor
2025/8/16 0:50:48,middle
2025/8/16 0:50:48,mid-sep
2025/8/16 0:50:48,middle
2025/8/16 0:50:49,corridor
2025/8/16 0:50:51,side
2025/8/16 0:52:08,corridor
2025/8/16 0:52:08,middle
2025/8/16 0:52:10,mid-sep
2025/8/16 0:52:13,middle
2025/8/16 0:52:14,corridor
2025/8/16 0:52:14,side
2025/8/16 0:55:15,corridor
2025/8/16 0:55:15,middle
2025/8/16 0:55:16,mid-sep
2025/8/16 0:55:19,middle
2025/8/16 0:55:20,corridor
2025/8/16 0:55:21,side
2025/8/16 0:57:34,corridor
2025/8/16 0:57:34,middle
2025/8/16 0:57:35,mid-sep
2025/8/16 0:57:36,middle
2025/8/16 0:57:37,corridor
2025/8/16 0:57:37,side
2025/8/16 0:58:54,corridor
2025/8/16 0:58:55,middle
2025/8/16 0:58:55,mid-sep
2025/8/16 0:59:04,middle
2025/8/16 0:59:07,corridor
2025/8/16 0:59:08,side
2025/8/16 1:01:52,corridor
2025/8/16 1:01:52,middle
2025/8/16 1:02:32,mid-sep
2025/8/16 1:02:39,middle
2025/8/16 1:02:40,corridor
2025/8/16 1:02:41,side
2025/8/16 1:06:41,corridor
2025/8/16 1:06:42,middle
2025/8/16 1:06:43,mid-sep
2025/8/16 1:06:45,middle
2025/8/16 1:06:51,corridor
2025/8/16 1:06:53,side
2025/8/16 1:08:37,corridor
2025/8/16 1:08:38,middle
2025/8/16 1:09:38,mid-sep
2025/8/16 1:09:38,middle
2025/8/16 1:09:40,corridor
2025/8/16 1:09:43,side
2025/8/16 1:12:04,corridor
2025/8/16 1:12:05,middle
2025/8/16 1:12:06,mid-sep
2025/8/16 1:12:10,middle
2025/8/16 1:12:12,corridor
2025/8/16 1:12:13,side
2025/8/16 1:12:44,corridor
2025/8/16 1:12:45,middle
2025/8/16 1:12:46,mid-sep
2025/8/16 1:12:57,middle
2025/8/16 1:13:04,corridor
2025/8/16 1:13:05,side
2025/8/16 1:13:57,corridor
2025/8/16 1:13:57,middle
2025/8/16 1:13:58,mid-sep
2025/8/16 1:14:07,middle
2025/8/16 1:14:15,corridor
2025/8/16 1:14:23,side
2025/8/16 1:16:40,corridor
2025/8/16 1:16:40,middle
2025/8/16 1:16:43,mid-sep
2025/8/16 1:16:49,middle
2025/8/16 1:19:52,mid-sep
2025/8/16 1:19:53,middle
2025/8/16 1:20:01,corridor
2025/8/16 1:20:02,side
2025/8/16 1:21:47,corridor
2025/8/16 1:21:48,middle
2025/8/16 1:21:48,corridor
2025/8/16 1:21:54,side
2025/8/16 1:53:08,corridor
2025/8/16 1:53:09,middle
2025/8/16 1:53:11,mid-sep
2025/8/16 1:53:12,middle
2025/8/16 1:54:42,corridor
2025/8/16 1:54:49,side
2025/8/16 1:54:54,corridor
2025/8/16 1:54:55,middle
2025/8/16 1:54:56,mid-sep
2025/8/16 1:55:03,middle
2025/8/16 1:56:34,corridor
2025/8/16 1:56:36,side
2025/8/16 1:59:37,corridor
2025/8/16 1:59:41,side
2025/8/16 2:05:47,corridor
2025/8/16 2:05:48,middle
2025/8/16 2:05:49,corridor
2025/8/16 2:05:49,side
2025/8/16 2:08:34,corridor
2025/8/16 2:08:34,middle
2025/8/16 2:08:35,mid-sep
2025/8/16 2:08:38,middle
2025/8/16 2:09:14,corridor
2025/8/16 2:09:16,side
2025/8/16 2:12:53,corridor
2025/8/16 2:12:55,middle
2025/8/16 2:12:55,mid-sep
2025/8/16 2:12:59,middle
2025/8/16 2:13:00,corridor
2025/8/16 2:13:02,side
2025/8/16 2:18:25,corridor
2025/8/16 2:18:26,middle
2025/8/16 2:18:26,mid-sep
2025/8/16 2:18:27,middle
2025/8/16 2:18:29,corridor
2025/8/16 2:18:30,side
2025/8/16 2:20:10,corridor
2025/8/16 2:20:12,middle
2025/8/16 2:22:10,mid-sep
2025/8/16 2:22:22,middle
2025/8/16 2:22:25,corridor
2025/8/16 2:22:34,side
2025/8/16 2:28:51,corridor
2025/8/16 2:28:52,middle
2025/8/16 2:30:13,corridor
2025/8/16 2:30:21,side
2025/8/16 2:30:57,corridor
2025/8/16 2:30:58,middle
2025/8/16 2:31:00,mid-sep
2025/8/16 2:31:12,middle
2025/8/16 2:31:13,corridor
2025/8/16 2:31:14,side
2025/8/16 2:32:38,corridor
2025/8/16 2:32:38,middle
2025/8/16 2:32:38,mid-sep
2025/8/16 2:32:38,middle
2025/8/16 2:32:38,corridor
2025/8/16 2:32:42,side
2025/8/16 2:35:30,corridor
2025/8/16 2:35:32,middle
2025/8/16 2:35:34,mid-sep
2025/8/16 2:36:50,middle
2025/8/16 2:36:54,corridor
2025/8/16 2:36:59,side
2025/8/16 2:39:33,corridor
2025/8/16 2:39:34,middle
2025/8/16 2:39:35,mid-sep
2025/8/16 2:40:18,middle
2025/8/16 2:40:27,corridor
2025/8/16 2:40:32,middle
2025/8/16 2:40:33,mid-sep
2025/8/16 2:40:36,middle
2025/8/16 2:40:41,corridor
2025/8/16 2:40:42,side
2025/8/16 2:41:53,corridor
2025/8/16 2:41:54,middle
2025/8/16 2:41:58,mid-sep
2025/8/16 2:42:47,middle
2025/8/16 2:42:48,corridor
2025/8/16 2:42:49,side
2025/8/16 2:49:30,corridor
2025/8/16 2:49:30,middle
2025/8/16 2:49:32,mid-sep
2025/8/16 2:49:33,middle
2025/8/16 2:50:02,corridor
2025/8/16 2:50:14,middle
2025/8/16 2:50:15,mid-sep
2025/8/16 2:50:16,middle
2025/8/16 2:51:05,corridor
2025/8/16 2:51:06,side
2025/8/16 3:02:08,corridor
2025/8/16 3:02:08,middle
2025/8/16 3:02:10,mid-sep
2025/8/16 3:02:59,middle
2025/8/16 3:03:05,corridor
2025/8/16 3:03:06,side
2025/8/16 3:03:42,corridor
2025/8/16 3:03:43,side
2025/8/16 3:03:47,corridor
2025/8/16 3:03:47,middle
2025/8/16 3:03:49,mid-sep
2025/8/16 3:03:55,middle
2025/8/16 3:04:00,corridor
2025/8/16 3:04:01,side
2025/8/16 3:59:05,corridor
2025/8/16 3:59:05,middle
2025/8/16 4:01:24,corridor
2025/8/16 4:01:26,side
2025/8/16 4:01:29,corridor
2025/8/16 4:01:30,middle
2025/8/16 4:01:31,mid-sep
2025/8/16 4:01:32,middle
2025/8/16 4:02:03,mid-sep
2025/8/16 4:02:06,middle
2025/8/16 4:03:35,mid-sep
2025/8/16 4:03:38,middle
2025/8/16 4:03:40,corridor
2025/8/16 4:03:41,side
2025/8/16 4:43:52,corridor
2025/8/16 4:43:53,middle
2025/8/16 4:43:54,mid-sep
2025/8/16 4:44:03,middle
2025/8/16 4:45:02,mid-sep
2025/8/16 4:45:11,middle
2025/8/16 4:47:04,corridor
2025/8/16 4:47:09,side
2025/8/16 4:47:52,corridor
2025/8/16 4:47:53,middle
2025/8/16 4:47:54,mid-sep
2025/8/16 4:47:56,middle
2025/8/16 4:47:56,corridor
2025/8/16 4:47:59,side
2025/8/16 4:53:53,corridor
2025/8/16 4:53:53,middle
2025/8/16 4:54:02,corridor
2025/8/16 4:54:08,side
2025/8/16 4:56:26,corridor
2025/8/16 4:56:26,middle
2025/8/16 4:56:28,mid-sep
2025/8/16 4:56:28,middle
2025/8/16 4:56:29,corridor
2025/8/16 4:56:30,side
2025/8/16 4:57:52,corridor
2025/8/16 4:57:57,side
2025/8/16 4:59:58,corridor
2025/8/16 4:59:59,middle
2025/8/16 5:01:29,mid-sep
2025/8/16 5:01:32,middle
2025/8/16 5:01:56,corridor
2025/8/16 5:02:00,side
2025/8/16 5:05:54,corridor
2025/8/16 5:05:55,middle
2025/8/16 5:05:56,mid-sep
2025/8/16 5:06:17,middle
2025/8/16 5:06:27,corridor
2025/8/16 5:06:28,side
2025/8/16 5:07:28,corridor
2025/8/16 5:07:29,middle
2025/8/16 5:07:29,mid-sep
2025/8/16 5:07:35,middle
2025/8/16 5:10:26,corridor
2025/8/16 5:10:34,middle
2025/8/16 5:10:34,mid-sep
2025/8/16 5:11:03,middle
2025/8/16 5:11:05,corridor
2025/8/16 5:11:06,side
2025/8/16 6:29:25,corridor
2025/8/16 6:29:26,middle
2025/8/16 6:29:30,mid-sep
2025/8/16 6:29:46,middle
2025/8/16 6:30:38,corridor
2025/8/16 6:30:41,side
2025/8/16 6:30:53,corridor
2025/8/16 6:30:54,middle
2025/8/16 6:31:35,mid-sep
2025/8/16 6:32:02,middle
2025/8/16 6:32:57,corridor
2025/8/16 6:32:58,side
2025/8/16 6:34:30,corridor
2025/8/16 6:34:30,middle
2025/8/16 6:34:30,mid-sep
2025/8/16 6:34:31,middle
2025/8/16 6:34:55,corridor
2025/8/16 6:35:12,side
2025/8/16 6:35:17,corridor
2025/8/16 6:35:18,middle
2025/8/16 6:35:19,corridor
2025/8/16 6:35:24,side
2025/8/16 6:35:40,corridor
2025/8/16 6:35:41,middle
2025/8/16 6:35:42,mid-sep
2025/8/16 6:35:45,middle
2025/8/16 6:35:49,corridor
2025/8/16 6:35:53,side
2025/8/16 6:37:21,corridor
2025/8/16 6:37:22,middle
2025/8/16 6:37:23,mid-sep
2025/8/16 6:37:27,middle
2025/8/16 6:37:27,corridor
2025/8/16 6:37:28,side
2025/8/16 6:41:42,corridor
2025/8/16 6:41:46,middle
2025/8/16 6:41:46,mid-sep
2025/8/16 6:41:49,middle
2025/8/16 6:41:50,corridor
2025/8/16 6:41:52,side
2025/8/16 6:50:34,corridor
2025/8/16 6:50:36,middle
2025/8/16 6:50:40,corridor
2025/8/16 6:50:42,side
2025/8/16 6:51:15,corridor
2025/8/16 6:51:16,middle
2025/8/16 6:51:17,mid-sep
2025/8/16 6:51:20,middle
2025/8/16 6:51:41,corridor
2025/8/16 6:51:42,side
2025/8/16 6:53:24,corridor
2025/8/16 6:53:25,middle
2025/8/16 6:53:44,mid-sep
2025/8/16 6:53:58,middle
2025/8/16 6:54:12,corridor
2025/8/16 6:54:22,middle
2025/8/16 6:54:40,mid-sep
2025/8/16 6:54:44,middle
2025/8/16 6:54:49,mid-sep
2025/8/16 6:54:53,middle
2025/8/16 6:55:14,corridor
2025/8/16 6:55:16,side
2025/8/16 6:56:29,corridor
2025/8/16 6:56:37,side
2025/8/16 6:59:30,corridor
2025/8/16 6:59:32,side
2025/8/16 6:59:54,corridor
2025/8/16 6:59:56,middle
2025/8/16 7:00:26,mid-sep
2025/8/16 7:00:30,middle
2025/8/16 7:01:46,corridor
2025/8/16 7:01:47,side
2025/8/16 7:03:13,corridor
2025/8/16 7:03:16,side
2025/8/16 8:04:27,corridor
2025/8/16 8:04:28,middle
2025/8/16 8:04:29,mid-sep
2025/8/16 8:04:34,middle
2025/8/16 8:04:44,corridor
2025/8/16 8:04:52,side
2025/8/16 8:05:03,corridor
2025/8/16 8:05:08,middle
2025/8/16 8:05:09,mid-sep
2025/8/16 8:05:16,middle
2025/8/16 8:05:33,corridor
2025/8/16 8:06:19,side
2025/8/16 8:06:41,corridor
2025/8/16 8:06:54,side
2025/8/16 8:09:05,corridor
2025/8/16 8:09:06,side
2025/8/16 8:09:29,corridor
2025/8/16 8:09:31,side
2025/8/16 8:12:25,corridor
2025/8/16 8:12:26,middle
2025/8/16 8:12:28,mid-sep
2025/8/16 8:12:30,middle
2025/8/16 8:12:51,corridor
2025/8/16 8:12:51,side
2025/8/16 8:15:27,corridor
2025/8/16 8:15:31,middle
2025/8/16 8:15:33,corridor
2025/8/16 8:15:40,middle
2025/8/16 8:15:44,mid-sep
2025/8/16 8:15:46,middle
2025/8/16 8:15:50,corridor
2025/8/16 8:15:57,middle
2025/8/16 8:15:59,mid-sep
2025/8/16 8:16:03,middle
2025/8/16 8:16:26,corridor
2025/8/16 8:16:28,middle
2025/8/16 8:16:29,mid-sep
2025/8/16 8:17:00,middle
2025/8/16 8:17:30,mid-sep
2025/8/16 8:17:37,middle
2025/8/16 8:17:47,corridor
2025/8/16 8:17:50,middle
2025/8/16 8:17:54,mid-sep
2025/8/16 8:17:59,middle
2025/8/16 8:19:03,mid-sep
2025/8/16 8:19:11,middle
2025/8/16 8:19:20,mid-sep
2025/8/16 8:19:24,middle
2025/8/16 8:19:35,mid-sep
2025/8/16 8:19:38,middle
2025/8/16 8:23:49,corridor
2025/8/16 8:23:50,side
2025/8/16 9:23:06,corridor
2025/8/16 9:23:07,middle
2025/8/16 9:23:09,mid-sep
2025/8/16 9:23:33,middle
2025/8/16 9:23:36,corridor
2025/8/16 9:23:43,middle
2025/8/16 9:23:44,mid-sep
2025/8/16 9:23:46,middle
2025/8/16 9:23:51,corridor
2025/8/16 9:23:52,side
2025/8/16 9:24:24,corridor
2025/8/16 9:24:26,side
2025/8/16 9:24:29,corridor
2025/8/16 9:24:33,side
2025/8/16 11:40:07,corridor
2025/8/16 11:40:09,middle
2025/8/16 11:40:11,mid-sep
2025/8/16 11:40:13,middle
2025/8/16 11:40:19,corridor
2025/8/16 11:40:20,side
2025/8/16 11:40:35,corridor
2025/8/16 11:40:36,middle
2025/8/16 11:40:37,mid-sep
2025/8/16 11:40:41,middle
2025/8/16 11:41:03,mid-sep
2025/8/16 11:41:06,middle
2025/8/16 11:41:15,corridor
2025/8/16 11:41:16,side
2025/8/16 11:43:18,corridor
2025/8/16 11:43:19,side
2025/8/16 11:48:02,corridor
2025/8/16 11:48:06,side
2025/8/16 15:51:32,corridor
2025/8/16 15:51:33,middle
2025/8/16 15:51:34,mid-sep
2025/8/16 15:52:02,middle
2025/8/16 15:52:07,corridor
2025/8/16 15:52:09,side
2025/8/16 15:53:29,corridor
2025/8/16 15:53:29,middle
2025/8/16 15:53:31,mid-sep
2025/8/16 15:53:37,middle
2025/8/16 15:53:42,corridor
2025/8/16 15:53:43,side
2025/8/16 15:54:55,corridor
2025/8/16 15:54:57,middle
2025/8/16 15:54:58,mid-sep
2025/8/16 15:54:59,middle
2025/8/16 15:55:27,corridor
2025/8/16 15:56:37,side
2025/8/16 15:57:28,corridor
2025/8/16 15:57:29,middle
2025/8/16 15:57:30,mid-sep
2025/8/16 15:57:31,middle
2025/8/16 15:57:55,corridor
2025/8/16 15:57:56,side
2025/8/16 17:31:42,corridor
2025/8/16 17:31:43,middle
2025/8/16 17:31:45,mid-sep
2025/8/16 17:32:07,middle
2025/8/16 17:32:28,corridor
2025/8/16 17:32:33,side
2025/8/16 17:32:37,corridor
2025/8/16 17:32:41,side
2025/8/16 18:15:32,corridor
2025/8/16 18:15:37,middle
2025/8/16 18:15:37,mid-sep
2025/8/16 18:15:48,middle
2025/8/16 18:15:51,corridor
2025/8/16 18:15:52,side
2025/8/16 18:15:55,corridor
2025/8/16 18:15:55,middle
2025/8/16 18:16:06,corridor
2025/8/16 18:16:13,side
2025/8/16 18:19:29,corridor
2025/8/16 18:19:31,middle
2025/8/16 18:19:32,mid-sep
2025/8/16 18:19:47,middle
2025/8/16 18:19:57,corridor
2025/8/16 18:19:59,side
2025/8/16 18:34:30,corridor
2025/8/16 18:34:31,middle
2025/8/16 18:34:32,mid-sep
2025/8/16 18:34:34,middle
2025/8/16 18:35:23,mid-sep
2025/8/16 18:35:26,middle
2025/8/16 18:37:25,mid-sep
2025/8/16 18:37:50,middle
2025/8/16 18:42:37,middle
2025/8/16 18:42:43,middle
2025/8/16 18:43:27,corridor
2025/8/16 18:43:28,side
2025/8/16 19:01:30,corridor
2025/8/16 19:01:31,middle
2025/8/16 19:01:32,mid-sep
2025/8/16 19:01:50,middle
2025/8/16 19:05:11,corridor
2025/8/16 19:05:14,side
2025/8/16 19:09:43,corridor
2025/8/16 19:09:44,middle
2025/8/16 19:09:45,mid-sep
2025/8/16 19:09:57,middle
2025/8/16 19:09:58,corridor
2025/8/16 19:10:00,side
2025/8/16 19:10:42,corridor
2025/8/16 19:10:43,side
2025/8/16 19:15:46,corridor
2025/8/16 19:15:48,middle
2025/8/16 19:17:49,corridor
2025/8/16 19:17:51,side
2025/8/16 19:19:36,corridor
2025/8/16 19:19:37,middle
2025/8/16 19:19:38,corridor
2025/8/16 19:19:40,side
2025/8/16 19:25:57,corridor
2025/8/16 19:25:58,middle
2025/8/16 19:26:18,mid-sep
2025/8/16 19:26:26,middle
2025/8/16 19:27:22,corridor
2025/8/16 19:27:23,side
2025/8/16 19:30:00,corridor
2025/8/16 19:30:04,middle
2025/8/16 19:30:24,mid-sep
2025/8/16 19:30:28,middle
2025/8/16 19:30:32,corridor
2025/8/16 19:30:35,side
2025/8/16 19:34:32,corridor
2025/8/16 19:34:34,side
2025/8/16 19:38:37,corridor
2025/8/16 19:38:37,middle
2025/8/16 19:41:44,corridor
2025/8/16 19:41:48,side
2025/8/16 19:51:07,corridor
2025/8/16 19:51:09,side
2025/8/16 19:53:08,corridor
2025/8/16 19:53:09,middle
2025/8/16 19:53:11,mid-sep
2025/8/16 19:53:50,middle
2025/8/16 19:54:10,corridor
2025/8/16 19:54:14,middle
2025/8/16 19:54:22,mid-sep
2025/8/16 19:55:00,middle
2025/8/16 19:55:01,corridor
2025/8/16 19:55:08,side
2025/8/16 19:59:14,corridor
2025/8/16 19:59:16,middle
2025/8/16 19:59:18,mid-sep
2025/8/16 19:59:32,middle
2025/8/16 20:18:39,mid-sep
2025/8/16 20:18:48,middle
2025/8/16 20:20:19,corridor
2025/8/16 20:20:26,side
2025/8/16 20:22:07,corridor
2025/8/16 20:22:07,middle
2025/8/16 20:22:07,mid-sep
2025/8/16 20:22:08,middle
2025/8/16 20:22:18,corridor
2025/8/16 20:22:21,side
2025/8/16 20:31:29,corridor
2025/8/16 20:31:29,middle
2025/8/16 20:31:31,mid-sep
2025/8/16 20:31:34,middle
2025/8/16 20:31:35,corridor
2025/8/16 20:31:36,side
2025/8/16 20:34:37,corridor
2025/8/16 20:34:37,middle
2025/8/16 20:37:20,corridor
2025/8/16 20:37:20,side
2025/8/16 20:37:23,corridor
2025/8/16 20:37:23,middle
2025/8/16 20:37:25,mid-sep
2025/8/16 20:37:53,middle
2025/8/16 20:40:27,mid-sep
2025/8/16 20:41:05,middle
2025/8/16 20:41:23,mid-sep
2025/8/16 20:41:40,middle
2025/8/16 20:41:41,corridor
2025/8/16 20:41:42,side
2025/8/16 20:42:35,corridor
2025/8/16 20:42:36,middle
2025/8/16 20:42:38,mid-sep
2025/8/16 20:42:40,middle
2025/8/16 20:42:46,corridor
2025/8/16 20:42:50,side
2025/8/16 20:43:01,corridor
2025/8/16 20:43:02,middle
2025/8/16 20:43:02,mid-sep
2025/8/16 20:43:11,middle
2025/8/16 20:44:02,mid-sep
2025/8/16 20:44:09,middle
2025/8/16 20:44:31,mid-sep
2025/8/16 20:44:47,middle
2025/8/16 20:46:21,mid-sep
2025/8/16 20:46:28,middle
2025/8/16 20:47:27,mid-sep
2025/8/16 20:47:35,middle
2025/8/16 20:47:48,corridor
2025/8/16 20:47:51,side
2025/8/16 20:48:26,corridor
2025/8/16 20:48:26,middle
2025/8/16 21:43:49,mid-sep
2025/8/16 21:43:52,middle
2025/8/16 21:48:28,corridor
2025/8/16 21:48:31,side
2025/8/16 21:48:39,corridor
2025/8/16 21:48:40,middle
2025/8/16 21:48:42,mid-sep
2025/8/16 21:48:47,middle
2025/8/16 21:49:17,corridor
2025/8/16 21:49:20,side
2025/8/16 21:49:26,corridor
2025/8/16 21:49:27,middle
2025/8/16 21:49:29,mid-sep
2025/8/16 21:49:41,middle
2025/8/16 21:50:11,corridor
2025/8/16 21:50:15,side
2025/8/16 21:50:22,corridor
2025/8/16 21:50:22,middle
2025/8/16 21:50:24,corridor
2025/8/16 21:50:32,middle
2025/8/16 21:50:32,mid-sep
2025/8/16 21:50:33,middle
2025/8/16 21:50:33,corridor
2025/8/16 21:50:39,middle
2025/8/16 21:50:41,corridor
2025/8/16 21:50:43,middle
2025/8/16 22:01:15,mid-sep
2025/8/16 22:01:19,middle
2025/8/16 22:02:29,mid-sep
2025/8/16 22:02:45,middle
2025/8/16 22:05:25,mid-sep
2025/8/16 22:05:44,middle
2025/8/16 22:06:04,mid-sep
2025/8/16 22:06:05,middle
2025/8/16 22:10:39,corridor
2025/8/16 22:10:41,side
2025/8/16 22:11:45,corridor
2025/8/16 22:11:45,middle
2025/8/16 22:11:47,mid-sep
2025/8/16 22:11:49,middle
2025/8/16 22:11:49,corridor
2025/8/16 22:11:52,side
2025/8/16 22:18:51,corridor
2025/8/16 22:18:54,side
2025/8/16 22:20:07,corridor
2025/8/16 22:20:08,middle
2025/8/16 22:20:10,corridor
2025/8/16 22:20:12,side
2025/8/16 22:21:57,corridor
2025/8/16 22:21:58,middle
2025/8/16 22:21:59,corridor
2025/8/16 22:22:01,side
2025/8/16 22:27:14,corridor
2025/8/16 22:27:15,middle
2025/8/16 22:27:15,mid-sep
2025/8/16 22:27:17,middle
2025/8/16 22:27:18,corridor
2025/8/16 22:27:19,side
2025/8/16 22:29:07,corridor
2025/8/16 22:29:08,side
2025/8/16 22:36:48,corridor
2025/8/16 22:36:49,middle
2025/8/16 22:36:52,mid-sep
2025/8/16 22:37:01,middle
2025/8/16 22:37:03,corridor
2025/8/16 22:37:04,side
2025/8/16 22:41:25,corridor
2025/8/16 22:41:26,middle
2025/8/16 22:41:27,mid-sep
2025/8/16 22:41:28,middle
2025/8/16 22:42:30,corridor
2025/8/16 22:42:33,side
2025/8/16 22:49:39,corridor
2025/8/16 22:49:40,middle
2025/8/16 22:49:41,mid-sep
2025/8/16 22:49:43,middle
2025/8/16 22:52:41,mid-sep
2025/8/16 22:52:43,middle
2025/8/16 22:53:50,corridor
2025/8/16 22:53:58,side
2025/8/16 23:06:17,corridor
2025/8/16 23:06:18,middle
2025/8/16 23:06:19,mid-sep
2025/8/16 23:06:20,middle
2025/8/16 23:07:24,corridor
2025/8/16 23:07:27,side
2025/8/16 23:10:34,corridor
2025/8/16 23:10:35,middle
2025/8/16 23:10:40,corridor
2025/8/16 23:10:41,side
2025/8/16 23:14:14,corridor
2025/8/16 23:14:15,middle
2025/8/16 23:14:18,mid-sep
2025/8/16 23:14:20,middle
2025/8/16 23:14:21,corridor
2025/8/16 23:14:23,side
2025/8/16 23:18:51,corridor
2025/8/16 23:18:53,middle
2025/8/16 23:18:55,mid-sep
2025/8/16 23:19:26,middle
2025/8/16 23:19:34,corridor
2025/8/16 23:19:39,side
2025/8/16 23:20:35,corridor
2025/8/16 23:20:36,middle
2025/8/16 23:20:37,mid-sep
2025/8/16 23:20:45,middle
2025/8/16 23:20:47,corridor
2025/8/16 23:20:48,side
2025/8/16 23:28:04,corridor
2025/8/16 23:28:06,middle
2025/8/16 23:28:07,mid-sep
2025/8/16 23:28:19,middle
2025/8/16 23:28:30,mid-sep
2025/8/16 23:28:44,middle
2025/8/16 23:29:04,corridor
2025/8/16 23:29:06,side
2025/8/16 23:31:10,corridor
2025/8/16 23:31:11,middle
2025/8/16 23:31:11,mid-sep
2025/8/16 23:31:13,middle
2025/8/16 23:33:12,mid-sep
2025/8/16 23:35:01,middle
2025/8/16 23:35:03,corridor
2025/8/16 23:35:05,side
2025/8/16 23:49:02,corridor
2025/8/16 23:49:07,middle
2025/8/16 23:49:08,mid-sep
2025/8/16 23:49:09,middle
2025/8/16 23:49:09,corridor
2025/8/16 23:49:10,side
2025/8/16 23:56:16,corridor
2025/8/16 23:56:17,middle
2025/8/16 23:56:20,mid-sep
2025/8/16 23:56:46,middle
2025/8/16 23:56:51,corridor
2025/8/16 23:56:54,side
2025/8/16 23:57:39,corridor
2025/8/16 23:57:40,middle
2025/8/16 23:58:05,mid-sep
2025/8/16 23:58:15,middle
2025/8/17 0:00:28,corridor
2025/8/17 0:00:29,side
2025/8/17 0:04:22,corridor
2025/8/17 0:04:23,middle
2025/8/17 0:04:36,mid-sep
2025/8/17 0:04:37,middle
2025/8/17 0:05:07,corridor
2025/8/17 0:05:10,side
2025/8/17 0:16:47,corridor
2025/8/17 0:16:48,middle
2025/8/17 0:16:51,mid-sep
2025/8/17 0:16:59,middle
2025/8/17 0:17:01,corridor
2025/8/17 0:17:02,side
2025/8/17 0:20:32,corridor
2025/8/17 0:20:33,middle
2025/8/17 0:20:33,mid-sep
2025/8/17 0:20:33,middle
2025/8/17 0:24:40,corridor
2025/8/17 0:24:55,side
2025/8/17 0:25:07,corridor
2025/8/17 0:25:08,middle
2025/8/17 0:25:08,mid-sep
2025/8/17 0:25:11,middle
2025/8/17 0:25:21,corridor
2025/8/17 0:25:22,side
2025/8/17 0:31:53,corridor
2025/8/17 0:31:54,middle
2025/8/17 0:31:56,mid-sep
2025/8/17 0:32:17,middle
2025/8/17 0:33:40,mid-sep
2025/8/17 0:33:46,middle
2025/8/17 0:33:51,mid-sep
2025/8/17 0:34:16,middle
2025/8/17 0:34:49,mid-sep
2025/8/17 0:35:11,middle
2025/8/17 0:35:53,corridor
2025/8/17 0:35:55,side
2025/8/17 0:43:56,corridor
2025/8/17 0:43:57,side
2025/8/17 0:53:04,corridor
2025/8/17 0:53:06,middle
2025/8/17 0:53:08,mid-sep
2025/8/17 0:54:23,middle
2025/8/17 0:54:24,corridor
2025/8/17 0:54:27,side
2025/8/17 1:02:55,corridor
2025/8/17 1:02:56,middle
2025/8/17 1:02:57,mid-sep
2025/8/17 1:02:58,middle
2025/8/17 1:03:04,corridor
2025/8/17 1:03:05,side
2025/8/17 1:04:36,corridor
2025/8/17 1:04:38,side
2025/8/17 1:06:25,corridor
2025/8/17 1:06:26,middle
2025/8/17 1:06:27,mid-sep
2025/8/17 1:06:42,middle
2025/8/17 1:06:43,corridor
2025/8/17 1:06:44,side
2025/8/17 1:10:45,corridor
2025/8/17 1:10:45,middle
2025/8/17 1:10:47,mid-sep
2025/8/17 1:11:02,middle
2025/8/17 1:11:07,corridor
2025/8/17 1:11:08,side
2025/8/17 1:30:59,corridor
2025/8/17 1:31:00,middle
2025/8/17 1:35:18,corridor
2025/8/17 1:35:19,side
2025/8/17 2:31:02,corridor
2025/8/17 2:31:03,middle
2025/8/17 2:31:04,mid-sep
2025/8/17 2:31:07,middle
2025/8/17 2:31:17,corridor
2025/8/17 2:31:18,side
2025/8/17 2:31:22,corridor
2025/8/17 2:31:22,middle
2025/8/17 2:33:30,corridor
2025/8/17 2:33:34,side
2025/8/17 3:43:49,corridor
2025/8/17 3:43:51,middle
2025/8/17 3:43:53,mid-sep
2025/8/17 3:44:07,middle
2025/8/17 3:44:42,mid-sep
2025/8/17 3:44:54,middle
2025/8/17 3:45:20,corridor
2025/8/17 3:45:21,side
2025/8/17 3:45:49,corridor
2025/8/17 3:45:50,middle
2025/8/17 3:45:52,mid-sep
2025/8/17 3:46:07,middle
2025/8/17 3:46:09,corridor
2025/8/17 3:46:10,side
2025/8/17 3:50:11,corridor
2025/8/17 3:50:12,middle
2025/8/17 3:50:15,mid-sep
2025/8/17 3:50:33,middle
2025/8/17 3:51:27,mid-sep
2025/8/17 3:51:30,middle
2025/8/17 3:51:32,corridor
2025/8/17 3:51:33,side
2025/8/17 4:01:44,corridor
2025/8/17 4:01:47,middle
2025/8/17 4:01:55,mid-sep
2025/8/17 4:01:58,middle
2025/8/17 4:01:59,corridor
2025/8/17 4:02:01,side
2025/8/17 4:03:50,corridor
2025/8/17 4:03:52,side
2025/8/17 4:08:20,corridor
2025/8/17 4:08:22,middle
2025/8/17 4:08:25,corridor
2025/8/17 4:08:26,side
2025/8/17 4:13:52,corridor
2025/8/17 4:13:53,middle
2025/8/17 4:13:54,mid-sep
2025/8/17 4:14:12,middle
2025/8/17 4:14:13,corridor
2025/8/17 4:14:14,side
2025/8/17 4:18:42,corridor
2025/8/17 4:18:43,middle
2025/8/17 4:18:43,mid-sep
2025/8/17 4:18:51,middle
2025/8/17 4:18:52,corridor
2025/8/17 4:18:54,side
2025/8/17 4:27:22,corridor
2025/8/17 4:27:23,middle
2025/8/17 4:27:24,mid-sep
2025/8/17 4:27:36,middle
2025/8/17 4:27:37,corridor
2025/8/17 4:27:38,side
2025/8/17 4:32:55,corridor
2025/8/17 4:32:56,middle
2025/8/17 4:32:58,mid-sep
2025/8/17 4:33:11,middle
2025/8/17 4:33:14,corridor
2025/8/17 4:33:15,side
2025/8/17 4:41:25,corridor
2025/8/17 4:41:26,middle
2025/8/17 4:41:31,mid-sep
2025/8/17 4:41:36,middle
2025/8/17 4:44:12,mid-sep
2025/8/17 4:44:36,middle
2025/8/17 4:44:50,corridor
2025/8/17 4:44:50,side
2025/8/17 4:47:11,corridor
2025/8/17 4:47:11,middle
2025/8/17 4:47:12,mid-sep
2025/8/17 4:47:32,middle
2025/8/17 4:47:52,mid-sep
2025/8/17 4:47:58,middle
2025/8/17 4:47:58,corridor
2025/8/17 4:48:00,side
2025/8/17 5:28:24,corridor
2025/8/17 5:28:25,middle
2025/8/17 5:28:27,mid-sep
2025/8/17 5:28:27,middle
2025/8/17 5:32:48,mid-sep
2025/8/17 5:33:03,middle
2025/8/17 5:34:11,corridor
2025/8/17 5:34:11,side
2025/8/17 5:37:50,corridor
2025/8/17 5:37:51,middle
2025/8/17 5:37:52,mid-sep
2025/8/17 5:38:02,middle
2025/8/17 5:38:14,corridor
2025/8/17 5:38:15,side
2025/8/17 5:41:08,corridor
2025/8/17 5:41:10,middle
2025/8/17 5:41:11,mid-sep
2025/8/17 5:41:11,middle
2025/8/17 5:41:12,corridor
2025/8/17 5:41:15,side
2025/8/17 5:42:21,corridor
2025/8/17 5:42:22,side
2025/8/17 5:55:02,corridor
2025/8/17 5:55:02,middle
2025/8/17 5:55:04,mid-sep
2025/8/17 5:55:34,middle
2025/8/17 5:55:39,corridor
2025/8/17 5:55:40,side
2025/8/17 6:00:29,corridor
2025/8/17 6:00:30,middle
2025/8/17 6:00:31,mid-sep
2025/8/17 6:00:34,middle
2025/8/17 6:00:57,mid-sep
2025/8/17 6:00:58,middle
2025/8/17 6:01:07,mid-sep
2025/8/17 6:01:19,middle
2025/8/17 6:01:25,corridor
2025/8/17 6:01:26,side
2025/8/17 6:12:36,corridor
2025/8/17 6:12:37,middle
2025/8/17 6:12:38,mid-sep
2025/8/17 6:12:59,middle
2025/8/17 6:13:21,corridor
2025/8/17 6:13:22,side
2025/8/17 6:17:39,corridor
2025/8/17 6:17:39,middle
2025/8/17 6:17:41,mid-sep
2025/8/17 6:17:53,middle
2025/8/17 6:18:02,corridor
2025/8/17 6:18:02,side
2025/8/17 6:25:58,corridor
2025/8/17 6:25:59,middle
2025/8/17 6:25:59,mid-sep
2025/8/17 6:26:00,middle
2025/8/17 6:26:01,corridor
2025/8/17 6:26:02,side
2025/8/17 6:37:18,corridor
2025/8/17 6:37:18,middle
2025/8/17 6:39:01,corridor
2025/8/17 6:39:11,side
2025/8/17 6:39:21,corridor
2025/8/17 6:39:21,middle
2025/8/17 6:39:23,mid-sep
2025/8/17 6:39:25,middle
2025/8/17 6:39:26,corridor
2025/8/17 6:39:27,side
2025/8/17 6:42:54,corridor
2025/8/17 6:42:57,middle
2025/8/17 6:43:00,mid-sep
2025/8/17 6:43:10,middle
2025/8/17 6:43:27,corridor
2025/8/17 6:43:28,side
2025/8/17 6:47:52,corridor
2025/8/17 6:47:53,middle
2025/8/17 6:47:55,mid-sep
2025/8/17 6:47:57,middle
2025/8/17 6:48:06,corridor
2025/8/17 6:48:07,side
2025/8/17 8:24:51,corridor
2025/8/17 8:24:52,middle
2025/8/17 8:24:57,mid-sep
2025/8/17 8:25:06,middle
2025/8/17 8:26:06,corridor
2025/8/17 8:26:06,side
2025/8/17 8:27:07,corridor
2025/8/17 8:27:07,middle
2025/8/17 8:27:10,mid-sep
2025/8/17 8:27:12,middle
2025/8/17 8:27:15,corridor
2025/8/17 8:27:16,side
2025/8/17 8:27:35,corridor
2025/8/17 8:27:37,middle
2025/8/17 8:27:40,mid-sep
2025/8/17 8:27:46,middle
2025/8/17 8:27:53,mid-sep
2025/8/17 8:27:58,middle
2025/8/17 8:29:52,corridor
2025/8/17 8:29:58,middle
2025/8/17 8:29:59,middle
2025/8/17 8:30:01,mid-sep
2025/8/17 8:30:02,middle
2025/8/17 8:30:05,corridor
2025/8/17 8:30:05,side
2025/8/17 8:30:42,corridor
2025/8/17 8:30:43,middle
2025/8/17 8:30:43,mid-sep
2025/8/17 8:30:45,middle
2025/8/17 8:31:23,mid-sep
2025/8/17 8:31:36,middle
2025/8/17 8:32:01,mid-sep
2025/8/17 8:32:10,middle
2025/8/17 8:32:13,corridor
2025/8/17 8:32:18,middle
2025/8/17 8:32:20,corridor
2025/8/17 8:32:20,side
2025/8/17 8:32:46,corridor
2025/8/17 8:32:47,middle
2025/8/17 8:32:54,corridor
2025/8/17 8:32:57,side
2025/8/17 8:33:03,corridor
2025/8/17 8:33:03,middle
2025/8/17 8:33:05,mid-sep
2025/8/17 8:34:13,middle
2025/8/17 8:36:25,mid-sep
2025/8/17 8:36:28,middle
2025/8/17 8:36:35,corridor
2025/8/17 8:36:36,side
2025/8/17 8:39:21,corridor
2025/8/17 8:39:21,middle
2025/8/17 8:41:17,mid-sep
2025/8/17 8:41:24,middle
2025/8/17 8:41:28,corridor
2025/8/17 8:41:29,side
2025/8/17 8:45:15,corridor
2025/8/17 8:45:17,middle
2025/8/17 8:45:18,corridor
2025/8/17 8:45:18,side
2025/8/17 8:46:30,corridor
2025/8/17 8:46:30,middle
2025/8/17 8:46:31,corridor
2025/8/17 8:46:32,side
2025/8/17 8:46:44,corridor
2025/8/17 8:46:44,middle
2025/8/17 8:46:48,corridor
2025/8/17 8:46:54,middle
2025/8/17 8:46:57,corridor
2025/8/17 8:46:57,side
2025/8/17 8:47:22,corridor
2025/8/17 8:47:22,middle
2025/8/17 8:47:29,corridor
2025/8/17 8:47:42,middle
2025/8/17 8:48:06,corridor
2025/8/17 8:48:07,side
2025/8/17 8:50:58,corridor
2025/8/17 8:51:00,middle
2025/8/17 8:51:55,corridor
2025/8/17 8:51:56,side
2025/8/17 10:46:43,corridor
2025/8/17 10:46:46,middle
2025/8/17 10:46:47,mid-sep
2025/8/17 10:46:57,middle
2025/8/17 10:49:54,mid-sep
2025/8/17 10:50:05,middle
2025/8/17 10:50:42,mid-sep
2025/8/17 10:50:45,middle
2025/8/17 10:50:48,corridor
2025/8/17 10:50:49,side
2025/8/17 10:55:45,corridor
2025/8/17 10:55:47,middle
2025/8/17 10:55:53,mid-sep
2025/8/17 10:55:57,middle
2025/8/17 10:56:45,corridor
2025/8/17 10:56:51,side
2025/8/17 11:01:28,corridor
2025/8/17 11:01:29,middle
2025/8/17 11:01:30,corridor
2025/8/17 11:01:30,side
2025/8/17 11:02:06,corridor
2025/8/17 11:02:06,middle
2025/8/17 11:02:11,corridor
2025/8/17 11:02:12,side
2025/8/17 13:56:29,corridor
2025/8/17 13:56:30,middle
2025/8/17 13:56:36,mid-sep
2025/8/17 13:56:52,middle
2025/8/17 13:56:55,corridor
2025/8/17 13:56:57,side
2025/8/17 13:57:17,corridor
2025/8/17 13:57:18,middle
2025/8/17 13:58:02,mid-sep
2025/8/17 13:58:07,middle
2025/8/17 13:58:11,mid-sep
2025/8/17 13:58:12,middle
2025/8/17 13:58:55,corridor
2025/8/17 13:58:55,side
2025/8/17 13:59:57,corridor
2025/8/17 13:59:59,middle
2025/8/17 14:00:24,mid-sep
2025/8/17 14:00:31,middle
2025/8/17 14:02:12,corridor
2025/8/17 14:02:13,side
2025/8/17 14:15:19,corridor
2025/8/17 14:15:20,middle
2025/8/17 14:15:21,mid-sep
2025/8/17 14:15:27,middle
2025/8/17 14:15:30,corridor
2025/8/17 14:15:31,side
2025/8/17 15:55:03,corridor
2025/8/17 15:55:05,middle
2025/8/17 15:55:07,mid-sep
2025/8/17 15:55:19,middle
2025/8/17 15:55:28,mid-sep
2025/8/17 15:55:31,middle
2025/8/17 15:56:48,corridor
2025/8/17 15:56:54,side
2025/8/17 15:57:10,corridor
2025/8/17 15:57:12,middle
2025/8/17 15:57:13,mid-sep
2025/8/17 15:57:13,middle
2025/8/17 15:57:34,corridor
2025/8/17 15:57:35,side
2025/8/17 15:58:40,corridor
2025/8/17 15:58:42,middle
2025/8/17 15:58:42,mid-sep
2025/8/17 15:58:43,middle
2025/8/17 16:00:56,mid-sep
2025/8/17 16:00:59,middle
2025/8/17 16:01:08,corridor
2025/8/17 16:01:09,side
2025/8/17 17:10:54,corridor
2025/8/17 17:10:57,middle
2025/8/17 17:10:58,mid-sep
2025/8/17 17:11:08,middle
2025/8/17 17:12:14,mid-sep
2025/8/17 17:12:21,middle
2025/8/17 17:12:25,corridor
2025/8/17 17:12:26,side
2025/8/17 17:13:22,corridor
2025/8/17 17:13:23,middle
2025/8/17 17:14:31,mid-sep
2025/8/17 17:14:37,middle
2025/8/17 17:15:24,corridor
2025/8/17 17:15:25,side
2025/8/17 17:17:21,corridor
2025/8/17 17:17:23,middle
2025/8/17 17:17:27,corridor
2025/8/17 17:17:31,side
2025/8/17 17:51:04,corridor
2025/8/17 17:51:06,middle
2025/8/17 17:51:29,mid-sep
2025/8/17 17:52:10,middle
2025/8/17 17:53:33,mid-sep
2025/8/17 17:53:41,middle
2025/8/17 17:54:02,mid-sep
2025/8/17 17:54:06,middle
2025/8/17 17:54:21,corridor
2025/8/17 17:54:22,side
2025/8/17 17:54:39,corridor
2025/8/17 17:54:40,middle
2025/8/17 17:54:42,mid-sep
2025/8/17 17:54:44,middle
2025/8/17 17:55:00,mid-sep
2025/8/17 17:55:22,middle
2025/8/17 17:57:29,mid-sep
2025/8/17 17:57:32,middle
2025/8/17 17:57:34,corridor
2025/8/17 17:57:35,side
2025/8/17 18:27:15,corridor
2025/8/17 18:27:17,middle
2025/8/17 18:27:24,mid-sep
2025/8/17 18:30:27,middle
2025/8/17 18:30:36,corridor
2025/8/17 18:30:38,side
2025/8/17 18:42:06,corridor
2025/8/17 18:42:07,middle
2025/8/17 18:43:13,mid-sep
2025/8/17 18:44:20,middle
2025/8/17 18:44:46,corridor
2025/8/17 18:44:49,side
2025/8/17 18:45:28,corridor
2025/8/17 18:45:29,middle
2025/8/17 18:45:30,mid-sep
2025/8/17 18:45:44,middle
2025/8/17 18:45:51,corridor
2025/8/17 18:45:53,side
2025/8/17 18:53:53,corridor
2025/8/17 18:53:54,middle
2025/8/17 18:53:55,mid-sep
2025/8/17 18:53:57,middle
2025/8/17 18:54:00,corridor
2025/8/17 18:54:01,side
2025/8/17 19:04:09,corridor
2025/8/17 19:04:10,middle
2025/8/17 19:05:22,mid-sep
2025/8/17 19:05:31,middle
2025/8/17 19:05:40,corridor
2025/8/17 19:05:43,side
2025/8/17 19:09:58,corridor
2025/8/17 19:09:59,middle
2025/8/17 19:10:00,mid-sep
2025/8/17 19:10:12,middle
2025/8/17 19:10:17,corridor
2025/8/17 19:10:18,side
2025/8/17 19:22:34,corridor
2025/8/17 19:22:35,middle
2025/8/17 19:22:36,mid-sep
2025/8/17 19:22:44,middle
2025/8/17 19:22:47,corridor
2025/8/17 19:22:49,side
2025/8/17 19:22:59,corridor
2025/8/17 19:22:59,side
2025/8/17 19:27:00,corridor
2025/8/17 19:27:00,middle
2025/8/17 19:27:02,mid-sep
2025/8/17 19:27:07,middle
2025/8/17 19:27:21,mid-sep
2025/8/17 19:27:32,middle
2025/8/17 19:27:34,corridor
2025/8/17 19:27:35,side
2025/8/17 19:31:06,corridor
2025/8/17 19:31:07,middle
2025/8/17 19:31:08,mid-sep
2025/8/17 19:31:15,middle
2025/8/17 19:31:57,mid-sep
2025/8/17 19:32:00,middle
2025/8/17 19:34:30,mid-sep
2025/8/17 19:34:48,middle
2025/8/17 19:34:58,mid-sep
2025/8/17 19:35:04,middle
2025/8/17 19:35:10,mid-sep
2025/8/17 19:35:18,middle
2025/8/17 19:35:21,corridor
2025/8/17 19:35:24,side
2025/8/17 19:44:04,corridor
2025/8/17 19:44:05,middle
2025/8/17 19:44:05,mid-sep
2025/8/17 19:44:08,middle
2025/8/17 19:44:10,corridor
2025/8/17 19:44:23,side
2025/8/17 19:55:56,corridor
2025/8/17 19:55:57,middle
2025/8/17 19:55:58,mid-sep
2025/8/17 19:55:59,middle
2025/8/17 19:56:00,corridor
2025/8/17 19:56:01,side
2025/8/17 19:58:31,corridor
2025/8/17 19:58:33,middle
2025/8/17 19:58:34,mid-sep
2025/8/17 19:58:36,middle
2025/8/17 19:58:38,corridor
2025/8/17 19:58:39,side
2025/8/17 20:02:48,corridor
2025/8/17 20:02:54,side
2025/8/17 20:09:36,corridor
2025/8/17 20:09:37,middle
2025/8/17 20:09:38,mid-sep
2025/8/17 20:09:42,middle
2025/8/17 20:09:50,corridor
2025/8/17 20:09:53,side
2025/8/17 20:17:02,corridor
2025/8/17 20:17:03,middle
2025/8/17 20:17:06,mid-sep
2025/8/17 20:17:12,middle
2025/8/17 20:18:18,corridor
2025/8/17 20:18:20,side
2025/8/17 20:28:15,corridor
2025/8/17 20:28:16,middle
2025/8/17 20:28:17,corridor
2025/8/17 20:28:17,side
2025/8/17 20:33:32,corridor
2025/8/17 20:33:32,middle
2025/8/17 20:33:33,mid-sep
2025/8/17 20:33:34,middle
2025/8/17 20:34:58,corridor
2025/8/17 20:35:00,side
2025/8/17 20:36:45,corridor
2025/8/17 20:36:49,side
2025/8/17 20:42:00,corridor
2025/8/17 20:42:00,middle
2025/8/17 20:42:01,mid-sep
2025/8/17 20:43:03,middle
2025/8/17 20:43:08,corridor
2025/8/17 20:43:12,side
2025/8/17 20:47:40,corridor
2025/8/17 20:47:43,middle
2025/8/17 20:47:44,mid-sep
2025/8/17 20:48:20,middle
2025/8/17 20:49:04,corridor
2025/8/17 20:49:05,side
2025/8/17 20:53:07,corridor
2025/8/17 20:53:07,middle
2025/8/17 20:53:08,mid-sep
2025/8/17 20:53:11,middle
2025/8/17 20:54:24,mid-sep
2025/8/17 20:54:40,middle
2025/8/17 20:54:56,mid-sep
2025/8/17 20:55:00,middle
2025/8/17 20:55:16,mid-sep
2025/8/17 20:55:27,middle
2025/8/17 20:55:31,corridor
2025/8/17 20:55:32,side
2025/8/17 22:08:49,corridor
2025/8/17 22:08:49,middle
2025/8/17 22:08:50,mid-sep
2025/8/17 22:08:51,middle
2025/8/17 22:08:56,corridor
2025/8/17 22:09:16,middle
2025/8/17 22:09:16,mid-sep
2025/8/17 22:10:19,middle
2025/8/17 22:10:59,mid-sep
2025/8/17 22:11:03,middle
2025/8/17 22:12:28,corridor
2025/8/17 22:13:02,middle
2025/8/17 22:13:03,mid-sep
2025/8/17 22:13:31,middle
2025/8/17 22:15:05,corridor
2025/8/17 22:15:06,side
2025/8/17 22:17:06,corridor
2025/8/17 22:17:08,middle
2025/8/17 22:17:10,mid-sep
2025/8/17 22:17:28,middle
2025/8/17 22:17:30,corridor
2025/8/17 22:17:30,side
2025/8/17 22:19:17,corridor
2025/8/17 22:19:20,middle
2025/8/17 22:19:22,mid-sep
2025/8/17 22:19:23,middle
2025/8/17 22:19:24,corridor
2025/8/17 22:19:26,side
2025/8/17 22:26:25,corridor
2025/8/17 22:26:27,middle
2025/8/17 22:26:30,mid-sep
2025/8/17 22:26:32,middle
2025/8/17 22:29:24,corridor
2025/8/17 22:29:25,side
2025/8/17 22:31:11,corridor
2025/8/17 22:31:12,middle
2025/8/17 22:31:13,mid-sep
2025/8/17 22:31:14,middle
2025/8/17 22:31:14,corridor
2025/8/17 22:31:17,side
2025/8/17 22:35:06,corridor
2025/8/17 22:35:09,middle
2025/8/17 22:35:35,mid-sep
2025/8/17 22:35:43,middle
2025/8/17 22:35:44,corridor
2025/8/17 22:35:46,side
2025/8/17 22:37:11,corridor
2025/8/17 22:37:14,middle
2025/8/17 22:37:16,corridor
2025/8/17 22:37:22,side
2025/8/17 22:45:08,corridor
2025/8/17 22:45:10,middle
2025/8/17 22:46:20,mid-sep
2025/8/17 22:46:21,middle
2025/8/17 22:47:42,mid-sep
2025/8/17 22:47:47,middle
2025/8/17 22:48:41,corridor
2025/8/17 22:48:42,side
2025/8/17 23:33:14,corridor
2025/8/17 23:33:15,middle
2025/8/17 23:33:17,mid-sep
2025/8/17 23:33:30,middle
2025/8/17 23:36:23,mid-sep
2025/8/17 23:36:34,middle
2025/8/17 23:36:59,corridor
2025/8/17 23:37:19,side
2025/8/17 23:38:26,corridor
2025/8/17 23:38:30,middle
2025/8/17 23:38:36,mid-sep
2025/8/17 23:38:46,middle
2025/8/17 23:39:07,corridor
2025/8/17 23:39:09,side
2025/8/17 23:41:14,corridor
2025/8/17 23:41:15,middle
2025/8/17 23:41:15,mid-sep
2025/8/17 23:41:17,middle
2025/8/17 23:41:21,corridor
2025/8/17 23:41:24,side
2025/8/17 23:42:50,corridor
2025/8/17 23:42:50,middle
2025/8/17 23:42:52,mid-sep
2025/8/17 23:43:02,middle
2025/8/17 23:43:03,corridor
2025/8/17 23:43:05,side
2025/8/17 23:43:55,corridor
2025/8/17 23:43:57,middle
2025/8/17 23:43:57,mid-sep
2025/8/17 23:43:57,middle
2025/8/17 23:43:58,corridor
2025/8/17 23:43:59,side
2025/8/17 23:49:25,corridor
2025/8/17 23:49:27,middle
2025/8/17 23:49:28,mid-sep
2025/8/17 23:49:28,middle
2025/8/17 23:49:30,corridor
2025/8/17 23:49:31,side
2025/8/17 23:53:15,corridor
2025/8/17 23:53:18,middle
2025/8/17 23:53:19,mid-sep
2025/8/17 23:53:20,middle
2025/8/17 23:55:43,mid-sep
2025/8/17 23:56:00,middle
2025/8/17 23:56:18,corridor
2025/8/17 23:56:19,side
2025/8/17 23:58:28,corridor
2025/8/17 23:58:35,side
2025/8/17 23:59:47,corridor
2025/8/17 23:59:48,middle
2025/8/17 23:59:48,mid-sep
2025/8/17 23:59:49,middle
2025/8/18 0:07:16,mid-sep
2025/8/18 0:08:24,middle
2025/8/18 0:08:25,corridor
2025/8/18 0:08:26,side
2025/8/18 0:13:56,corridor
2025/8/18 0:13:57,middle
2025/8/18 0:13:57,mid-sep
2025/8/18 0:14:12,middle
2025/8/18 0:14:22,corridor
2025/8/18 0:14:23,side
2025/8/18 0:17:40,corridor
2025/8/18 0:17:44,middle
2025/8/18 0:17:44,mid-sep
2025/8/18 0:17:49,middle
2025/8/18 0:22:35,mid-sep
2025/8/18 0:22:52,middle
2025/8/18 0:22:54,corridor
2025/8/18 0:22:57,side
2025/8/18 0:24:32,corridor
2025/8/18 0:24:33,middle
2025/8/18 0:24:34,mid-sep
2025/8/18 0:24:48,middle
2025/8/18 0:24:59,mid-sep
2025/8/18 0:25:16,middle
2025/8/18 0:25:19,mid-sep
2025/8/18 0:25:47,middle
2025/8/18 0:25:52,mid-sep
2025/8/18 0:26:21,middle
2025/8/18 0:27:53,corridor
2025/8/18 0:27:57,side
2025/8/18 0:28:02,corridor
2025/8/18 0:28:03,middle
2025/8/18 0:28:03,mid-sep
2025/8/18 0:28:59,middle
2025/8/18 0:29:00,corridor
2025/8/18 0:29:03,side
2025/8/18 0:33:08,corridor
2025/8/18 0:33:12,side
2025/8/18 0:36:35,corridor
2025/8/18 0:36:36,middle
2025/8/18 0:36:36,mid-sep
2025/8/18 0:36:39,middle
2025/8/18 0:37:36,mid-sep
2025/8/18 0:37:39,middle
2025/8/18 0:37:46,mid-sep
2025/8/18 0:37:50,middle
2025/8/18 0:38:03,corridor
2025/8/18 0:38:05,side
2025/8/18 0:43:16,corridor
2025/8/18 0:43:16,middle
2025/8/18 0:43:17,mid-sep
2025/8/18 0:43:19,middle
2025/8/18 0:45:03,mid-sep
2025/8/18 0:45:29,middle
2025/8/18 0:47:29,mid-sep
2025/8/18 0:47:42,middle
2025/8/18 0:47:53,corridor
2025/8/18 0:47:55,side
2025/8/18 1:00:55,corridor
2025/8/18 1:00:56,middle
2025/8/18 1:00:56,mid-sep
2025/8/18 1:00:57,middle
2025/8/18 1:04:38,mid-sep
2025/8/18 1:04:50,middle
2025/8/18 1:05:11,mid-sep
2025/8/18 1:05:32,middle
2025/8/18 1:05:32,corridor
2025/8/18 1:05:34,side
2025/8/18 1:06:42,corridor
2025/8/18 1:06:42,middle
2025/8/18 1:06:42,mid-sep
2025/8/18 1:06:42,middle
2025/8/18 1:06:44,corridor
2025/8/18 1:06:46,side
2025/8/18 1:07:24,corridor
2025/8/18 1:07:25,middle
2025/8/18 1:07:59,mid-sep
2025/8/18 1:08:22,middle
2025/8/18 1:08:26,corridor
2025/8/18 1:08:29,side
2025/8/18 2:19:24,corridor
2025/8/18 2:19:24,middle
2025/8/18 2:19:25,mid-sep
2025/8/18 2:19:31,middle
2025/8/18 2:22:12,corridor
2025/8/18 2:22:18,side
2025/8/18 2:22:50,corridor
2025/8/18 2:22:52,middle
2025/8/18 2:22:54,mid-sep
2025/8/18 2:23:04,middle
2025/8/18 2:23:07,corridor
2025/8/18 2:23:08,side
2025/8/18 2:24:22,corridor
2025/8/18 2:24:24,middle
2025/8/18 2:24:26,mid-sep
2025/8/18 2:24:30,middle
2025/8/18 2:24:32,corridor
2025/8/18 2:24:32,side
2025/8/18 2:25:30,corridor
2025/8/18 2:25:32,middle
2025/8/18 2:25:35,mid-sep
2025/8/18 2:25:36,middle
2025/8/18 2:25:37,corridor
2025/8/18 2:25:38,side
2025/8/18 2:33:12,corridor
2025/8/18 2:33:13,middle
2025/8/18 2:33:15,mid-sep
2025/8/18 2:33:19,middle
2025/8/18 2:33:20,corridor
2025/8/18 2:33:21,side
2025/8/18 2:34:19,corridor
2025/8/18 2:34:20,middle
2025/8/18 2:34:21,mid-sep
2025/8/18 2:34:26,middle
2025/8/18 2:36:30,mid-sep
2025/8/18 2:36:43,middle
2025/8/18 2:36:57,mid-sep
2025/8/18 2:36:58,middle
2025/8/18 2:37:00,corridor
2025/8/18 2:37:01,side
2025/8/18 2:37:35,corridor
2025/8/18 2:37:43,side
2025/8/18 2:43:06,corridor
2025/8/18 2:43:10,middle
2025/8/18 2:43:14,mid-sep
2025/8/18 2:43:28,middle
2025/8/18 2:45:31,mid-sep
2025/8/18 2:45:43,middle
2025/8/18 2:46:05,corridor
2025/8/18 2:46:08,side
2025/8/18 3:31:51,corridor
2025/8/18 3:31:53,middle
2025/8/18 3:31:53,mid-sep
2025/8/18 3:32:03,middle
2025/8/18 3:33:10,corridor
2025/8/18 3:33:12,side
2025/8/18 4:29:06,corridor
2025/8/18 4:29:08,middle
2025/8/18 4:29:10,mid-sep
2025/8/18 4:29:33,middle
2025/8/18 4:29:59,mid-sep
2025/8/18 4:30:05,middle
2025/8/18 4:30:07,corridor
2025/8/18 4:30:10,side
2025/8/18 4:30:31,corridor
2025/8/18 4:30:33,middle
2025/8/18 4:30:33,mid-sep
2025/8/18 4:30:34,middle
2025/8/18 4:32:42,corridor
2025/8/18 4:32:44,side
2025/8/18 4:34:53,corridor
2025/8/18 4:34:54,middle
2025/8/18 4:34:55,mid-sep
2025/8/18 4:35:10,middle
2025/8/18 4:35:28,mid-sep
2025/8/18 4:35:28,middle
2025/8/18 4:35:29,corridor
2025/8/18 4:35:34,side
2025/8/18 4:35:55,corridor
2025/8/18 4:35:58,middle
2025/8/18 4:36:00,mid-sep
2025/8/18 4:36:04,middle
2025/8/18 4:36:04,corridor
2025/8/18 4:36:06,side
2025/8/18 4:36:37,corridor
2025/8/18 4:36:38,side
2025/8/18 4:37:11,corridor
2025/8/18 4:37:16,side
2025/8/18 4:37:25,corridor
2025/8/18 4:37:28,side
2025/8/18 4:38:35,corridor
2025/8/18 4:38:37,side
2025/8/18 4:41:32,corridor
2025/8/18 4:41:33,middle
2025/8/18 4:41:37,corridor
2025/8/18 4:41:40,side
2025/8/18 4:42:25,corridor
2025/8/18 4:42:26,middle
2025/8/18 4:42:28,mid-sep
2025/8/18 4:42:31,middle
2025/8/18 4:42:32,corridor
2025/8/18 4:42:33,side
2025/8/18 4:45:31,corridor
2025/8/18 4:45:32,middle
2025/8/18 4:46:11,mid-sep
2025/8/18 4:46:13,middle
2025/8/18 4:46:16,corridor
2025/8/18 4:46:18,side
2025/8/18 4:50:59,corridor
2025/8/18 4:51:01,side
2025/8/18 4:53:35,corridor
2025/8/18 4:53:36,middle
2025/8/18 4:55:08,corridor
2025/8/18 4:55:10,side
2025/8/18 5:00:22,corridor
2025/8/18 5:00:23,middle
2025/8/18 5:00:24,mid-sep
2025/8/18 5:00:25,middle
2025/8/18 5:00:27,corridor
2025/8/18 5:00:28,side
2025/8/18 5:02:38,corridor
2025/8/18 5:02:39,middle
2025/8/18 5:02:39,mid-sep
2025/8/18 5:02:41,middle
2025/8/18 5:03:15,corridor
2025/8/18 5:03:16,side
2025/8/18 5:07:36,corridor
2025/8/18 5:07:37,middle
2025/8/18 5:07:37,mid-sep
2025/8/18 5:07:42,middle
2025/8/18 5:07:44,corridor
2025/8/18 5:08:01,side
2025/8/18 5:24:58,corridor
2025/8/18 5:25:02,middle
2025/8/18 5:25:03,mid-sep
2025/8/18 5:25:22,middle
2025/8/18 5:25:23,corridor
2025/8/18 5:25:33,side
2025/8/18 5:42:29,corridor
2025/8/18 5:42:30,middle
2025/8/18 5:42:31,corridor
2025/8/18 5:42:38,side
2025/8/18 5:48:44,corridor
2025/8/18 5:48:53,side
2025/8/18 5:51:04,corridor
2025/8/18 5:51:08,middle
2025/8/18 5:51:09,mid-sep
2025/8/18 5:51:09,middle
2025/8/18 5:51:10,corridor
2025/8/18 5:51:11,side
2025/8/18 5:55:44,corridor
2025/8/18 5:55:46,middle
2025/8/18 5:55:47,mid-sep
2025/8/18 5:55:49,middle
2025/8/18 5:55:51,corridor
2025/8/18 5:55:53,side
2025/8/18 6:00:02,corridor
2025/8/18 6:00:02,middle
2025/8/18 6:00:03,corridor
2025/8/18 6:00:09,side
2025/8/18 6:00:21,corridor
2025/8/18 6:00:23,side
2025/8/18 6:09:13,corridor
2025/8/18 6:09:20,side
2025/8/18 6:12:46,corridor
2025/8/18 6:12:53,middle
2025/8/18 6:12:56,mid-sep
2025/8/18 6:13:25,middle
2025/8/18 6:13:46,corridor
2025/8/18 6:13:48,side
2025/8/18 6:29:00,corridor
2025/8/18 6:29:02,middle
2025/8/18 6:29:02,mid-sep
2025/8/18 6:29:24,middle
2025/8/18 6:29:27,corridor
2025/8/18 6:29:29,side
2025/8/18 6:33:07,corridor
2025/8/18 6:33:07,middle
2025/8/18 6:33:07,mid-sep
2025/8/18 6:33:08,middle
2025/8/18 6:33:20,corridor
2025/8/18 6:33:23,side
2025/8/18 7:22:31,corridor
2025/8/18 7:22:32,middle
2025/8/18 7:22:34,mid-sep
2025/8/18 7:22:38,middle
2025/8/18 7:22:48,mid-sep
2025/8/18 7:22:50,middle
2025/8/18 7:25:02,mid-sep
2025/8/18 7:25:07,middle
2025/8/18 7:25:34,corridor
2025/8/18 7:25:36,side
2025/8/18 7:26:01,corridor
2025/8/18 7:26:11,side
2025/8/18 7:27:31,corridor
2025/8/18 7:27:49,side
2025/8/18 7:31:10,corridor
2025/8/18 7:31:12,middle
2025/8/18 7:31:15,mid-sep
2025/8/18 7:31:35,middle
2025/8/18 7:33:27,corridor
2025/8/18 7:33:29,side
2025/8/18 7:36:39,corridor
2025/8/18 7:36:40,middle
2025/8/18 7:36:42,mid-sep
2025/8/18 7:36:45,middle
2025/8/18 7:41:08,mid-sep
2025/8/18 7:41:24,middle
2025/8/18 7:41:40,mid-sep
2025/8/18 7:41:44,middle
2025/8/18 7:41:51,corridor
2025/8/18 7:41:53,side
2025/8/18 7:49:20,corridor
2025/8/18 7:49:22,side
2025/8/18 7:50:05,corridor
2025/8/18 7:50:07,side
2025/8/18 7:56:07,corridor
2025/8/18 7:56:07,middle
2025/8/18 7:56:07,mid-sep
2025/8/18 7:56:08,middle
2025/8/18 7:56:08,corridor
2025/8/18 7:56:13,side
2025/8/18 7:56:19,corridor
2025/8/18 7:56:20,middle
2025/8/18 7:56:20,mid-sep
2025/8/18 7:56:21,middle
2025/8/18 7:56:56,mid-sep
2025/8/18 7:57:26,middle
2025/8/18 7:57:53,corridor
2025/8/18 7:57:54,side
2025/8/18 9:11:10,corridor
2025/8/18 9:11:12,middle
2025/8/18 9:11:13,mid-sep
2025/8/18 9:11:46,middle
2025/8/18 9:12:14,corridor
2025/8/18 9:12:16,side
2025/8/18 9:12:53,corridor
2025/8/18 9:12:55,middle
2025/8/18 9:12:58,mid-sep
2025/8/18 9:13:03,middle
2025/8/18 9:13:23,corridor
2025/8/18 9:13:55,side
2025/8/18 9:14:11,corridor
2025/8/18 9:14:12,middle
2025/8/18 9:14:14,mid-sep
2025/8/18 9:14:15,middle
2025/8/18 9:16:16,mid-sep
2025/8/18 9:16:18,middle
2025/8/18 9:16:32,corridor
2025/8/18 9:16:36,side
2025/8/18 9:18:46,corridor
2025/8/18 9:18:48,side
2025/8/18 9:19:50,corridor
2025/8/18 9:19:59,side
2025/8/18 9:20:56,corridor
2025/8/18 9:21:05,middle
2025/8/18 9:21:17,corridor
2025/8/18 9:21:18,side
2025/8/18 9:25:09,corridor
2025/8/18 9:25:09,middle
2025/8/18 9:25:10,corridor
2025/8/18 9:25:20,side
2025/8/18 9:26:01,corridor
2025/8/18 9:26:04,middle
2025/8/18 9:26:06,mid-sep
2025/8/18 9:26:07,middle
2025/8/18 9:26:14,corridor
2025/8/18 9:26:18,side
2025/8/18 9:29:26,corridor
2025/8/18 9:29:29,side
2025/8/18 9:29:55,corridor
2025/8/18 9:29:59,middle
2025/8/18 9:30:04,corridor
2025/8/18 9:30:05,side
2025/8/18 9:30:12,corridor
2025/8/18 9:30:13,middle
2025/8/18 9:30:16,corridor
2025/8/18 9:30:17,side
2025/8/18 9:30:38,corridor
2025/8/18 9:30:38,middle
2025/8/18 9:30:41,mid-sep
2025/8/18 9:31:18,middle
2025/8/18 9:33:36,mid-sep
2025/8/18 9:33:45,middle
2025/8/18 9:34:14,corridor
2025/8/18 9:34:15,side
2025/8/18 9:38:23,corridor
2025/8/18 9:38:27,side
2025/8/18 9:50:41,corridor
2025/8/18 9:50:44,middle
2025/8/18 9:50:47,mid-sep
2025/8/18 9:51:02,middle
2025/8/18 9:53:24,corridor
2025/8/18 9:53:28,side
2025/8/18 12:15:03,corridor
2025/8/18 12:15:07,middle
2025/8/18 12:15:09,mid-sep
2025/8/18 12:15:13,middle
2025/8/18 12:15:31,corridor
2025/8/18 12:16:06,side
2025/8/18 12:16:26,corridor
2025/8/18 12:16:28,middle
2025/8/18 12:16:29,mid-sep
2025/8/18 12:16:31,middle
2025/8/18 12:19:08,corridor
2025/8/18 12:19:11,side
2025/8/18 12:19:37,corridor
2025/8/18 12:19:39,middle
2025/8/18 12:20:02,corridor
2025/8/18 12:20:03,side
2025/8/18 12:22:11,corridor
2025/8/18 12:22:14,side
2025/8/18 12:23:36,corridor
2025/8/18 12:23:37,middle
2025/8/18 12:23:40,corridor
2025/8/18 12:23:41,side
2025/8/18 12:24:13,corridor
2025/8/18 12:24:13,middle
2025/8/18 12:24:16,mid-sep
2025/8/18 12:24:17,middle
2025/8/18 12:26:15,corridor
2025/8/18 12:26:29,side
2025/8/18 12:30:11,corridor
2025/8/18 12:30:13,side
2025/8/18 12:32:19,corridor
2025/8/18 12:32:26,middle
2025/8/18 12:32:30,mid-sep
2025/8/18 12:32:34,middle
2025/8/18 12:32:39,corridor
2025/8/18 12:32:40,side
2025/8/18 14:19:32,corridor
2025/8/18 14:19:34,middle
2025/8/18 14:19:37,mid-sep
2025/8/18 14:20:14,middle
2025/8/18 14:20:24,corridor
2025/8/18 14:20:27,side
2025/8/18 14:20:34,corridor
2025/8/18 14:20:37,middle
2025/8/18 14:22:02,mid-sep
2025/8/18 14:22:05,middle
2025/8/18 14:22:08,corridor
2025/8/18 14:22:16,side
2025/8/18 14:22:35,corridor
2025/8/18 14:22:38,side
2025/8/18 15:52:55,corridor
2025/8/18 15:52:57,middle
2025/8/18 15:52:58,mid-sep
2025/8/18 15:53:12,middle
2025/8/18 15:57:18,corridor
2025/8/18 15:57:21,side
2025/8/18 15:59:46,corridor
2025/8/18 15:59:49,side
2025/8/18 17:13:58,corridor
2025/8/18 17:14:00,middle
2025/8/18 17:14:19,mid-sep
2025/8/18 17:14:32,middle
2025/8/18 17:17:09,mid-sep
2025/8/18 17:17:14,middle
2025/8/18 17:18:27,corridor
2025/8/18 17:18:29,side
2025/8/18 17:19:47,corridor
2025/8/18 17:19:50,middle
2025/8/18 17:19:57,mid-sep
2025/8/18 17:20:14,middle
2025/8/18 17:22:21,mid-sep
2025/8/18 17:22:43,middle
2025/8/18 17:23:08,mid-sep
2025/8/18 17:23:12,middle
2025/8/18 17:23:46,mid-sep
2025/8/18 17:24:06,middle
2025/8/18 17:24:16,corridor
2025/8/18 17:24:18,side
2025/8/18 18:05:58,corridor
2025/8/18 18:05:58,middle
2025/8/18 18:06:00,mid-sep
2025/8/18 18:06:02,middle
2025/8/18 18:06:28,mid-sep
2025/8/18 18:06:31,middle
2025/8/18 18:09:58,mid-sep
2025/8/18 18:10:11,middle
2025/8/18 18:10:15,corridor
2025/8/18 18:10:24,side
2025/8/18 18:23:49,corridor
2025/8/18 18:23:49,middle
2025/8/18 18:23:50,mid-sep
2025/8/18 18:23:51,middle
2025/8/18 18:25:14,mid-sep
2025/8/18 18:25:16,middle
2025/8/18 18:26:25,mid-sep
2025/8/18 18:26:34,middle
2025/8/18 18:27:48,corridor
2025/8/18 18:27:50,side
2025/8/18 18:48:15,corridor
2025/8/18 18:48:16,middle
2025/8/18 18:48:16,mid-sep
2025/8/18 18:48:17,middle
2025/8/18 18:49:31,mid-sep
2025/8/18 18:49:35,middle
2025/8/18 18:50:23,mid-sep
2025/8/18 18:50:26,middle
2025/8/18 18:50:51,mid-sep
2025/8/18 18:51:01,middle
2025/8/18 18:51:01,corridor
2025/8/18 18:51:03,side
2025/8/18 18:57:01,corridor
2025/8/18 18:57:02,middle
2025/8/18 18:57:03,mid-sep
2025/8/18 18:57:05,middle
2025/8/18 18:57:05,corridor
2025/8/18 18:57:08,side
2025/8/18 18:59:52,corridor
2025/8/18 18:59:53,middle
2025/8/18 18:59:53,mid-sep
2025/8/18 18:59:54,middle
2025/8/18 18:59:55,corridor
2025/8/18 18:59:56,side
2025/8/18 19:02:43,corridor
2025/8/18 19:02:44,middle
2025/8/18 19:02:45,mid-sep
2025/8/18 19:02:52,middle
2025/8/18 19:03:41,mid-sep
2025/8/18 19:03:46,middle
2025/8/18 19:03:48,corridor
2025/8/18 19:03:52,side
2025/8/18 19:09:06,corridor
2025/8/18 19:09:07,middle
2025/8/18 19:09:10,mid-sep
2025/8/18 19:09:22,middle
2025/8/18 19:09:45,mid-sep
2025/8/18 19:09:49,middle
2025/8/18 19:09:53,corridor
2025/8/18 19:10:03,side
2025/8/18 19:10:22,corridor
2025/8/18 19:10:24,middle
2025/8/18 19:10:25,corridor
2025/8/18 19:10:25,side
2025/8/18 19:11:59,corridor
2025/8/18 19:12:01,middle
2025/8/18 19:12:01,mid-sep
2025/8/18 19:12:01,middle
2025/8/18 19:13:20,corridor
2025/8/18 19:13:22,side
2025/8/18 19:16:43,corridor
2025/8/18 19:16:45,middle
2025/8/18 19:16:47,mid-sep
2025/8/18 19:17:11,middle
2025/8/18 19:17:16,corridor
2025/8/18 19:17:18,side
2025/8/18 19:18:30,corridor
2025/8/18 19:18:31,middle
2025/8/18 19:18:31,mid-sep
2025/8/18 19:18:32,middle
2025/8/18 19:21:32,corridor
2025/8/18 19:21:37,side
2025/8/18 19:30:00,corridor
2025/8/18 19:30:01,middle
2025/8/18 19:30:02,mid-sep
2025/8/18 19:30:02,middle
2025/8/18 19:33:15,corridor
2025/8/18 19:33:16,side
2025/8/18 19:37:57,corridor
2025/8/18 19:37:58,middle
2025/8/18 19:38:01,mid-sep
2025/8/18 19:38:10,middle
2025/8/18 19:38:48,corridor
2025/8/18 19:38:55,side
2025/8/18 19:47:50,corridor
2025/8/18 19:47:51,middle
2025/8/18 19:47:52,mid-sep
2025/8/18 19:47:58,middle
2025/8/18 19:48:19,mid-sep
2025/8/18 19:48:56,middle
2025/8/18 19:48:57,corridor
2025/8/18 19:49:00,side
2025/8/18 19:52:44,corridor
2025/8/18 19:52:47,side
2025/8/18 19:57:58,corridor
2025/8/18 19:57:59,middle
2025/8/18 19:58:00,mid-sep
2025/8/18 19:58:01,middle
2025/8/18 20:00:35,mid-sep
2025/8/18 20:00:57,middle
2025/8/18 20:01:09,corridor
2025/8/18 20:01:11,side
2025/8/18 20:03:13,corridor
2025/8/18 20:03:14,middle
2025/8/18 20:03:25,mid-sep
2025/8/18 20:03:26,middle
2025/8/18 20:06:47,corridor
2025/8/18 20:06:51,side
2025/8/18 20:06:54,corridor
2025/8/18 20:06:55,middle
2025/8/18 20:06:56,mid-sep
2025/8/18 20:07:16,middle
2025/8/18 20:08:29,corridor
2025/8/18 20:08:32,side
2025/8/18 20:43:15,corridor
2025/8/18 20:43:16,middle
2025/8/18 20:46:36,mid-sep
2025/8/18 20:46:40,middle
2025/8/18 20:47:08,corridor
2025/8/18 20:47:12,side
2025/8/18 20:48:11,corridor
2025/8/18 20:48:12,middle
2025/8/18 20:48:15,mid-sep
2025/8/18 20:48:21,middle
2025/8/18 20:49:57,mid-sep
2025/8/18 20:50:25,middle
2025/8/18 20:53:51,corridor
2025/8/18 20:53:53,side
2025/8/18 20:54:26,corridor
2025/8/18 20:54:27,middle
2025/8/18 20:54:27,mid-sep
2025/8/18 20:54:28,middle
2025/8/18 20:59:35,mid-sep
2025/8/18 20:59:37,middle
2025/8/18 21:01:27,mid-sep
2025/8/18 21:01:40,middle
2025/8/18 21:01:42,corridor
2025/8/18 21:01:45,side
2025/8/18 21:04:54,corridor
2025/8/18 21:04:55,middle
2025/8/18 21:04:56,mid-sep
2025/8/18 21:05:26,middle
2025/8/18 21:13:13,corridor
2025/8/18 21:13:14,side
2025/8/18 21:43:48,corridor
2025/8/18 21:43:49,middle
2025/8/18 21:43:50,mid-sep
2025/8/18 21:43:52,middle
2025/8/18 21:45:08,corridor
2025/8/18 21:45:17,side
2025/8/18 21:45:21,corridor
2025/8/18 21:45:21,middle
2025/8/18 21:45:21,mid-sep
2025/8/18 21:49:23,middle
2025/8/18 21:51:45,corridor
2025/8/18 21:51:53,side
2025/8/18 21:52:04,corridor
2025/8/18 21:52:05,middle
2025/8/18 21:52:05,mid-sep
2025/8/18 21:52:07,middle
2025/8/18 21:56:19,corridor
2025/8/18 21:56:21,side
2025/8/18 21:57:13,corridor
2025/8/18 21:57:14,middle
2025/8/18 21:57:15,mid-sep
2025/8/18 21:57:17,middle
2025/8/18 21:57:22,corridor
2025/8/18 21:57:45,side
2025/8/18 22:08:20,corridor
2025/8/18 22:08:22,middle
2025/8/18 22:08:26,mid-sep
2025/8/18 22:08:28,middle
2025/8/18 22:08:29,corridor
2025/8/18 22:08:30,side
2025/8/18 22:10:22,corridor
2025/8/18 22:10:23,middle
2025/8/18 22:15:38,mid-sep
2025/8/18 22:15:48,middle
2025/8/18 22:16:10,mid-sep
2025/8/18 22:16:15,middle
2025/8/18 22:16:26,corridor
2025/8/18 22:16:28,side
2025/8/18 22:18:04,corridor
2025/8/18 22:18:04,middle
2025/8/18 22:18:06,mid-sep
2025/8/18 22:18:11,middle
2025/8/18 22:18:42,mid-sep
2025/8/18 22:19:10,middle
2025/8/18 22:25:39,mid-sep
2025/8/18 22:25:55,middle
2025/8/18 22:26:31,mid-sep
2025/8/18 22:26:45,middle
2025/8/18 22:26:58,mid-sep
2025/8/18 22:27:02,middle
2025/8/18 22:27:19,mid-sep
2025/8/18 22:27:57,middle
2025/8/18 22:29:52,mid-sep
2025/8/18 22:30:19,middle
2025/8/18 22:30:42,mid-sep
2025/8/18 22:30:46,middle
2025/8/18 22:31:01,mid-sep
2025/8/18 22:32:18,middle
2025/8/18 22:39:42,mid-sep
2025/8/18 22:39:49,middle
2025/8/18 22:41:57,mid-sep
2025/8/18 22:42:02,middle
2025/8/18 22:42:53,mid-sep
2025/8/18 22:43:02,middle
2025/8/18 22:44:02,corridor
2025/8/18 22:44:05,side
2025/8/18 22:45:00,corridor
2025/8/18 22:45:00,middle
2025/8/18 22:49:18,mid-sep
2025/8/18 22:49:43,middle
2025/8/18 23:14:27,mid-sep
2025/8/18 23:14:59,middle
2025/8/18 23:15:38,mid-sep
2025/8/18 23:17:53,middle
2025/8/18 23:18:19,corridor
2025/8/18 23:18:24,side
2025/8/18 23:19:11,corridor
2025/8/18 23:19:11,middle
2025/8/18 23:19:12,mid-sep
2025/8/18 23:19:21,middle
2025/8/18 23:19:33,mid-sep
2025/8/18 23:19:41,middle
2025/8/18 23:25:48,mid-sep
2025/8/18 23:25:51,middle
2025/8/18 23:27:06,mid-sep
2025/8/18 23:27:11,middle
2025/8/18 23:27:27,mid-sep
2025/8/18 23:27:32,middle
2025/8/18 23:54:11,corridor
2025/8/18 23:54:12,side
2025/8/18 23:57:51,corridor
2025/8/18 23:57:53,middle
2025/8/18 23:57:54,mid-sep
2025/8/18 23:58:11,middle
2025/8/18 23:58:32,corridor
2025/8/18 23:58:35,side
2025/8/19 0:03:57,corridor
2025/8/19 0:03:58,middle
2025/8/19 0:04:00,mid-sep
2025/8/19 0:04:22,middle
2025/8/19 0:08:00,mid-sep
2025/8/19 0:08:01,middle
2025/8/19 0:08:10,corridor
2025/8/19 0:08:13,side
2025/8/19 0:12:54,corridor
2025/8/19 0:12:54,middle
2025/8/19 0:12:55,mid-sep
2025/8/19 0:13:01,middle
2025/8/19 0:13:14,mid-sep
2025/8/19 0:13:14,middle
2025/8/19 0:13:20,corridor
2025/8/19 0:13:21,side
2025/8/19 0:21:07,corridor
2025/8/19 0:21:08,middle
2025/8/19 0:21:09,mid-sep
2025/8/19 0:21:12,middle
2025/8/19 0:21:20,mid-sep
2025/8/19 0:22:52,middle
2025/8/19 0:24:41,mid-sep
2025/8/19 0:24:43,middle
2025/8/19 0:31:56,mid-sep
2025/8/19 0:32:13,middle
2025/8/19 0:32:16,corridor
2025/8/19 0:32:24,side
2025/8/19 0:33:16,corridor
2025/8/19 0:33:18,middle
2025/8/19 0:33:18,mid-sep
2025/8/19 0:33:24,middle
2025/8/19 0:33:34,mid-sep
2025/8/19 0:33:44,middle
2025/8/19 0:33:45,corridor
2025/8/19 0:33:48,side
2025/8/19 0:41:25,corridor
2025/8/19 0:41:26,middle
2025/8/19 0:41:27,mid-sep
2025/8/19 0:41:30,middle
2025/8/19 0:41:31,corridor
2025/8/19 0:41:33,side
2025/8/19 0:47:42,corridor
2025/8/19 0:47:43,middle
2025/8/19 0:47:47,mid-sep
2025/8/19 0:47:57,middle
2025/8/19 0:48:01,corridor
2025/8/19 0:48:08,side
2025/8/19 0:56:29,corridor
2025/8/19 0:56:31,middle
2025/8/19 1:01:27,mid-sep
2025/8/19 1:01:49,middle
2025/8/19 1:01:51,corridor
2025/8/19 1:01:52,side
2025/8/19 1:04:10,corridor
2025/8/19 1:04:12,middle
2025/8/19 1:04:15,corridor
2025/8/19 1:04:17,side
2025/8/19 1:08:50,corridor
2025/8/19 1:08:51,middle
2025/8/19 1:08:52,mid-sep
2025/8/19 1:09:59,middle
2025/8/19 1:10:01,mid-sep
2025/8/19 1:10:11,middle
2025/8/19 1:11:38,corridor
2025/8/19 1:11:44,side
2025/8/19 1:14:20,corridor
2025/8/19 1:14:21,middle
2025/8/19 1:29:21,mid-sep
2025/8/19 1:29:24,middle
2025/8/19 1:29:54,mid-sep
2025/8/19 1:30:08,middle
2025/8/19 1:35:51,corridor
2025/8/19 1:35:52,side
2025/8/19 1:36:22,corridor
2025/8/19 1:36:23,middle
2025/8/19 1:37:16,mid-sep
2025/8/19 1:37:18,middle
2025/8/19 1:43:17,mid-sep
2025/8/19 1:44:19,middle
2025/8/19 1:49:05,corridor
2025/8/19 1:49:08,side
2025/8/19 2:01:58,corridor
2025/8/19 2:01:58,middle
2025/8/19 2:05:43,corridor
2025/8/19 2:05:45,side
2025/8/19 2:08:19,corridor
2025/8/19 2:08:20,middle
2025/8/19 2:08:20,mid-sep
2025/8/19 2:08:21,middle
2025/8/19 2:21:51,mid-sep
2025/8/19 2:21:53,middle
2025/8/19 2:29:41,corridor
2025/8/19 2:29:44,side
2025/8/19 2:30:27,corridor
2025/8/19 2:30:30,middle
2025/8/19 2:30:34,mid-sep
2025/8/19 2:30:58,middle
2025/8/19 3:02:27,mid-sep
2025/8/19 3:02:36,middle
2025/8/19 3:41:19,corridor
2025/8/19 3:41:22,side
2025/8/19 3:44:39,corridor
2025/8/19 3:44:39,middle
2025/8/19 3:44:40,mid-sep
2025/8/19 3:44:47,middle
2025/8/19 3:44:49,corridor
2025/8/19 3:44:51,side
2025/8/19 3:53:59,corridor
2025/8/19 3:54:00,middle
2025/8/19 3:54:07,mid-sep
2025/8/19 3:54:09,middle
2025/8/19 3:54:11,corridor
2025/8/19 3:54:12,side
2025/8/19 3:55:49,corridor
2025/8/19 3:55:58,side
2025/8/19 3:59:30,corridor
2025/8/19 3:59:31,middle
2025/8/19 3:59:32,mid-sep
2025/8/19 3:59:33,middle
2025/8/19 4:03:39,mid-sep
2025/8/19 4:03:44,middle
2025/8/19 4:03:59,corridor
2025/8/19 4:04:01,side
2025/8/19 4:11:24,corridor
2025/8/19 4:11:25,middle
2025/8/19 4:11:26,corridor
2025/8/19 4:11:28,side
2025/8/19 5:00:56,corridor
2025/8/19 5:00:58,middle
2025/8/19 5:01:00,mid-sep
2025/8/19 5:01:02,middle
2025/8/19 5:09:04,mid-sep
2025/8/19 5:09:04,middle
2025/8/19 5:09:05,corridor
2025/8/19 5:09:08,side
2025/8/19 5:44:49,corridor
2025/8/19 5:44:50,middle
2025/8/19 5:44:55,mid-sep
2025/8/19 5:45:05,middle
2025/8/19 5:45:44,corridor
2025/8/19 5:45:48,side
2025/8/19 5:53:56,corridor
2025/8/19 5:53:59,middle
2025/8/19 5:54:04,corridor
2025/8/19 5:54:05,side
2025/8/19 5:55:59,corridor
2025/8/19 5:56:01,middle
2025/8/19 5:56:02,mid-sep
2025/8/19 5:56:04,middle
2025/8/19 5:56:04,corridor
2025/8/19 5:56:06,side
2025/8/19 5:58:09,corridor
2025/8/19 5:58:10,middle
2025/8/19 5:58:11,mid-sep
2025/8/19 5:58:12,middle
2025/8/19 5:59:27,corridor
2025/8/19 5:59:45,side
2025/8/19 6:06:28,corridor
2025/8/19 6:06:30,middle
2025/8/19 6:06:30,mid-sep
2025/8/19 6:06:31,middle
2025/8/19 6:12:35,corridor
2025/8/19 6:12:38,side
2025/8/19 6:33:55,corridor
2025/8/19 6:33:57,middle
2025/8/19 6:34:38,corridor
2025/8/19 6:34:47,side
2025/8/19 7:00:15,corridor
2025/8/19 7:00:17,middle
2025/8/19 7:00:18,mid-sep
2025/8/19 7:00:19,middle
2025/8/19 7:01:17,mid-sep
2025/8/19 7:01:21,middle
2025/8/19 7:01:54,mid-sep
2025/8/19 7:01:57,middle
2025/8/19 7:02:10,mid-sep
2025/8/19 7:02:43,middle
2025/8/19 7:04:14,corridor
2025/8/19 7:04:26,side
2025/8/19 7:11:19,corridor
2025/8/19 7:11:21,middle
2025/8/19 7:11:21,mid-sep
2025/8/19 7:11:21,middle
2025/8/19 7:11:30,corridor
2025/8/19 7:11:31,side
2025/8/19 8:20:02,corridor
2025/8/19 8:20:03,middle
2025/8/19 8:20:04,mid-sep
2025/8/19 8:20:04,middle
2025/8/19 8:20:21,mid-sep
2025/8/19 8:20:35,middle
2025/8/19 8:22:20,mid-sep
2025/8/19 8:22:56,middle
2025/8/19 8:23:05,mid-sep
2025/8/19 8:23:19,middle
2025/8/19 8:23:52,corridor
2025/8/19 8:24:06,middle
2025/8/19 8:24:07,mid-sep
2025/8/19 8:24:11,middle
2025/8/19 8:24:23,corridor
2025/8/19 8:24:51,middle
2025/8/19 8:24:57,mid-sep
2025/8/19 8:25:26,middle
2025/8/19 8:25:43,corridor
2025/8/19 8:25:48,middle
2025/8/19 8:25:51,mid-sep
2025/8/19 8:25:57,middle
2025/8/19 8:26:16,mid-sep
2025/8/19 8:26:27,middle
2025/8/19 8:27:52,mid-sep
2025/8/19 8:28:05,middle
2025/8/19 8:28:54,corridor
2025/8/19 8:28:56,side
2025/8/19 8:36:41,corridor
2025/8/19 8:36:43,middle
2025/8/19 8:36:43,mid-sep
2025/8/19 8:36:43,middle
2025/8/19 8:36:46,corridor
2025/8/19 8:36:54,side
2025/8/19 8:37:07,corridor
2025/8/19 8:37:09,middle
2025/8/19 8:37:27,mid-sep
2025/8/19 8:37:28,middle
2025/8/19 8:37:48,corridor
2025/8/19 8:37:57,middle
2025/8/19 8:37:57,mid-sep
2025/8/19 8:37:57,middle
2025/8/19 8:38:00,corridor
2025/8/19 8:38:00,side
2025/8/19 8:38:23,corridor
2025/8/19 8:38:25,middle
2025/8/19 8:38:26,corridor
2025/8/19 8:38:34,side
2025/8/19 8:39:38,corridor
2025/8/19 8:39:39,middle
2025/8/19 8:41:12,corridor
2025/8/19 8:41:14,side
2025/8/19 8:44:43,corridor
2025/8/19 8:44:45,side
2025/8/19 9:21:47,corridor
2025/8/19 9:21:48,middle
2025/8/19 9:21:48,mid-sep
2025/8/19 9:21:51,middle
2025/8/19 9:25:24,corridor
2025/8/19 9:25:25,side
2025/8/19 9:29:36,corridor
2025/8/19 9:29:37,side
2025/8/19 9:29:50,corridor
2025/8/19 9:29:51,middle
2025/8/19 9:29:54,corridor
2025/8/19 9:30:08,side
2025/8/19 10:44:45,corridor
2025/8/19 10:44:46,middle
2025/8/19 10:44:51,mid-sep
2025/8/19 10:44:55,middle
2025/8/19 10:47:05,corridor
2025/8/19 10:47:06,side
2025/8/19 10:47:26,corridor
2025/8/19 10:47:30,middle
2025/8/19 10:47:30,corridor
2025/8/19 10:47:31,side
2025/8/19 10:48:33,corridor
2025/8/19 10:48:34,middle
2025/8/19 10:50:51,mid-sep
2025/8/19 10:50:56,middle
2025/8/19 10:51:39,corridor
2025/8/19 10:51:40,side
2025/8/19 11:00:35,corridor
2025/8/19 11:00:37,side
2025/8/19 13:51:23,corridor
2025/8/19 13:51:27,middle
2025/8/19 13:51:28,mid-sep
2025/8/19 13:51:31,middle
2025/8/19 13:52:59,corridor
2025/8/19 13:53:02,side
2025/8/19 13:54:03,corridor
2025/8/19 13:54:04,middle
2025/8/19 13:55:34,mid-sep
2025/8/19 13:55:56,middle
2025/8/19 13:56:00,corridor
2025/8/19 13:56:02,side
2025/8/19 15:55:42,corridor
2025/8/19 15:55:44,middle
2025/8/19 15:55:44,mid-sep
2025/8/19 15:55:55,middle
2025/8/19 15:56:03,corridor
2025/8/19 15:56:05,side
2025/8/19 15:56:11,corridor
2025/8/19 15:56:13,middle
2025/8/19 15:56:20,mid-sep
2025/8/19 15:56:20,middle
2025/8/19 15:57:18,mid-sep
2025/8/19 15:57:25,middle
2025/8/19 15:57:30,mid-sep
2025/8/19 15:57:34,middle
2025/8/19 15:57:36,corridor
2025/8/19 15:57:37,middle
2025/8/19 15:57:40,mid-sep
2025/8/19 15:57:44,middle
2025/8/19 15:58:55,mid-sep
2025/8/19 15:58:59,middle
2025/8/19 15:59:36,mid-sep
2025/8/19 16:00:16,middle
2025/8/19 16:03:35,mid-sep
2025/8/19 16:03:40,middle
2025/8/19 16:04:32,mid-sep
2025/8/19 16:04:43,middle
2025/8/19 16:06:20,corridor
2025/8/19 16:06:23,side
2025/8/19 16:07:41,corridor
2025/8/19 16:07:44,middle
2025/8/19 16:07:45,mid-sep
2025/8/19 16:08:04,middle
2025/8/19 16:08:11,corridor
2025/8/19 16:08:27,side
2025/8/19 16:11:18,corridor
2025/8/19 16:11:19,middle
2025/8/19 16:13:53,corridor
2025/8/19 16:14:05,side
2025/8/19 16:14:30,corridor
2025/8/19 16:14:30,middle
2025/8/19 16:14:32,corridor
2025/8/19 16:14:33,side
2025/8/19 16:18:25,corridor
2025/8/19 16:18:26,middle
2025/8/19 16:19:18,corridor
2025/8/19 16:19:19,side
2025/8/19 17:23:23,corridor
2025/8/19 17:23:25,middle
2025/8/19 17:23:29,mid-sep
2025/8/19 17:23:37,middle
2025/8/19 17:24:34,corridor
2025/8/19 17:24:38,side
2025/8/19 17:28:00,corridor
2025/8/19 17:28:01,middle
2025/8/19 17:28:06,mid-sep
2025/8/19 17:28:32,middle
2025/8/19 17:28:32,corridor
2025/8/19 17:28:34,side
2025/8/19 17:31:18,corridor
2025/8/19 17:31:20,middle
2025/8/19 17:31:23,corridor
2025/8/19 17:31:24,side
2025/8/19 17:32:13,corridor
2025/8/19 17:32:13,middle
2025/8/19 17:32:14,corridor
2025/8/19 17:32:14,side
2025/8/19 18:14:56,corridor
2025/8/19 18:14:58,middle
2025/8/19 18:14:58,mid-sep
2025/8/19 18:15:08,middle
2025/8/19 18:17:55,corridor
2025/8/19 18:17:56,side
2025/8/19 18:23:42,corridor
2025/8/19 18:23:44,middle
2025/8/19 18:23:47,mid-sep
2025/8/19 18:23:53,middle
2025/8/19 18:23:55,corridor
2025/8/19 18:23:57,side
2025/8/19 18:35:57,corridor
2025/8/19 18:35:59,middle
2025/8/19 18:35:59,mid-sep
2025/8/19 18:36:07,middle
2025/8/19 18:37:49,mid-sep
2025/8/19 18:38:05,middle
2025/8/19 18:38:25,mid-sep
2025/8/19 18:38:28,middle
2025/8/19 18:38:58,mid-sep
2025/8/19 18:39:00,middle
2025/8/19 18:39:06,corridor
2025/8/19 18:39:38,side
2025/8/19 18:41:13,corridor
2025/8/19 18:41:14,middle
2025/8/19 18:41:20,mid-sep
2025/8/19 18:41:35,middle
2025/8/19 18:42:19,corridor
2025/8/19 18:42:22,side
2025/8/19 18:47:20,corridor
2025/8/19 18:47:22,middle
2025/8/19 18:50:52,mid-sep
2025/8/19 18:51:01,middle
2025/8/19 18:51:02,corridor
2025/8/19 18:51:03,side
2025/8/19 18:53:43,corridor
2025/8/19 18:53:44,middle
2025/8/19 18:53:45,mid-sep
2025/8/19 18:53:45,middle
2025/8/19 18:53:45,corridor
2025/8/19 18:53:47,side
2025/8/19 19:01:05,corridor
2025/8/19 19:01:07,middle
2025/8/19 19:01:10,mid-sep
2025/8/19 19:01:14,middle
2025/8/19 19:01:33,mid-sep
2025/8/19 19:01:36,middle
2025/8/19 19:01:37,corridor
2025/8/19 19:01:37,side
2025/8/19 19:07:21,corridor
2025/8/19 19:07:22,side
2025/8/19 19:08:24,corridor
2025/8/19 19:08:26,middle
2025/8/19 19:08:29,mid-sep
2025/8/19 19:08:31,middle
2025/8/19 19:08:38,mid-sep
2025/8/19 19:08:39,middle
2025/8/19 19:08:39,corridor
2025/8/19 19:08:41,side
2025/8/19 19:11:08,corridor
2025/8/19 19:11:09,middle
2025/8/19 19:11:13,mid-sep
2025/8/19 19:11:30,middle
2025/8/19 19:12:21,corridor
2025/8/19 19:12:23,side
2025/8/19 19:19:50,corridor
2025/8/19 19:19:54,middle
2025/8/19 19:19:58,mid-sep
2025/8/19 19:19:58,middle
2025/8/19 19:20:00,corridor
2025/8/19 19:20:03,side
2025/8/19 19:21:56,corridor
2025/8/19 19:22:00,side
2025/8/19 19:23:30,corridor
2025/8/19 19:23:31,middle
2025/8/19 19:23:31,mid-sep
2025/8/19 19:23:36,middle
2025/8/19 19:24:06,corridor
2025/8/19 19:24:07,side
2025/8/19 19:25:37,corridor
2025/8/19 19:25:40,side
2025/8/19 19:31:58,corridor
2025/8/19 19:31:59,side
2025/8/19 19:34:35,corridor
2025/8/19 19:34:35,middle
2025/8/19 19:36:36,mid-sep
2025/8/19 19:36:50,middle
2025/8/19 19:36:57,corridor
2025/8/19 19:36:59,side
2025/8/19 19:47:17,corridor
2025/8/19 19:47:17,middle
2025/8/19 19:47:18,mid-sep
2025/8/19 19:47:20,middle
2025/8/19 19:47:23,corridor
2025/8/19 19:47:26,side
2025/8/19 19:49:24,corridor
2025/8/19 19:49:27,side
2025/8/19 19:58:17,corridor
2025/8/19 19:58:18,middle
2025/8/19 19:58:19,mid-sep
2025/8/19 19:58:46,middle
2025/8/19 19:58:49,corridor
2025/8/19 19:58:54,side
2025/8/19 20:08:39,corridor
2025/8/19 20:08:40,middle
2025/8/19 20:08:41,mid-sep
2025/8/19 20:08:42,middle
2025/8/19 20:08:58,corridor
2025/8/19 20:09:00,side
2025/8/19 20:14:24,corridor
2025/8/19 20:14:26,middle
2025/8/19 20:14:28,mid-sep
2025/8/19 20:14:31,middle
2025/8/19 20:16:04,mid-sep
2025/8/19 20:16:31,middle
2025/8/19 20:16:33,corridor
2025/8/19 20:16:34,side
2025/8/19 20:20:00,corridor
2025/8/19 20:20:00,middle
2025/8/19 20:20:01,mid-sep
2025/8/19 20:20:08,middle
2025/8/19 20:24:35,mid-sep
2025/8/19 20:24:43,middle
2025/8/19 20:27:29,mid-sep
2025/8/19 20:27:52,middle
2025/8/19 20:28:23,corridor
2025/8/19 20:28:25,side
2025/8/19 20:29:03,corridor
2025/8/19 20:29:04,middle
2025/8/19 20:29:04,mid-sep
2025/8/19 20:36:55,middle
2025/8/19 20:38:35,mid-sep
2025/8/19 20:38:37,middle
2025/8/19 20:42:34,corridor
2025/8/19 20:42:37,side
2025/8/19 20:43:07,corridor
2025/8/19 20:43:08,middle
2025/8/19 20:56:21,mid-sep
2025/8/19 20:56:26,middle
2025/8/19 20:57:42,mid-sep
2025/8/19 20:57:49,middle
2025/8/19 20:59:33,corridor
2025/8/19 21:00:02,middle
2025/8/19 21:00:02,mid-sep
2025/8/19 21:00:20,middle
2025/8/19 21:01:03,mid-sep
2025/8/19 21:01:12,middle
2025/8/19 21:02:12,corridor
2025/8/19 21:02:13,side
2025/8/19 21:03:12,corridor
2025/8/19 21:03:12,middle
2025/8/19 21:03:13,mid-sep
2025/8/19 21:03:28,middle
2025/8/19 21:51:48,corridor
2025/8/19 21:51:50,side
2025/8/19 21:52:39,corridor
2025/8/19 21:52:40,middle
2025/8/19 21:52:40,mid-sep
2025/8/19 21:53:05,middle
2025/8/19 21:54:53,corridor
2025/8/19 21:54:54,side
2025/8/19 22:03:10,corridor
2025/8/19 22:03:12,middle
2025/8/19 22:03:13,mid-sep
2025/8/19 22:03:16,middle
2025/8/19 22:03:37,mid-sep
2025/8/19 22:03:44,middle
2025/8/19 22:03:44,corridor
2025/8/19 22:03:46,side
2025/8/19 22:05:18,corridor
2025/8/19 22:05:19,middle
2025/8/19 22:06:27,mid-sep
2025/8/19 22:06:36,middle
2025/8/19 22:07:04,corridor
2025/8/19 22:07:06,side
2025/8/19 22:14:35,corridor
2025/8/19 22:14:36,middle
2025/8/19 22:14:36,mid-sep
2025/8/19 22:14:40,middle
2025/8/19 22:15:04,corridor
2025/8/19 22:15:12,side
2025/8/19 22:18:01,corridor
2025/8/19 22:18:01,middle
2025/8/19 22:42:52,corridor
2025/8/19 22:42:55,side
2025/8/19 22:43:24,corridor
2025/8/19 22:43:26,middle
2025/8/19 22:47:09,mid-sep
2025/8/19 22:48:21,middle
2025/8/19 22:50:09,mid-sep
2025/8/19 22:50:14,middle
2025/8/19 22:51:50,mid-sep
2025/8/19 22:52:21,middle
2025/8/19 22:54:35,corridor
2025/8/19 22:54:39,side
2025/8/19 22:57:42,corridor
2025/8/19 22:57:43,middle
2025/8/19 22:58:40,corridor
2025/8/19 22:58:48,middle
2025/8/19 22:58:49,mid-sep
2025/8/19 22:58:54,middle
2025/8/19 23:00:35,mid-sep
2025/8/19 23:00:36,middle
2025/8/19 23:24:21,mid-sep
2025/8/19 23:24:23,middle
2025/8/19 23:24:25,corridor
2025/8/19 23:24:27,side
2025/8/19 23:25:53,corridor
2025/8/19 23:25:54,middle
2025/8/19 23:25:56,mid-sep
2025/8/19 23:26:00,middle
2025/8/19 23:28:14,corridor
2025/8/19 23:28:17,side
2025/8/19 23:28:21,corridor
2025/8/19 23:28:21,middle
2025/8/19 23:50:08,corridor
2025/8/19 23:50:11,side
2025/8/19 23:50:44,corridor
2025/8/19 23:50:46,middle
2025/8/19 23:50:51,mid-sep
2025/8/19 23:50:58,middle
2025/8/19 23:50:59,corridor
2025/8/19 23:51:03,side
2025/8/19 23:51:32,corridor
2025/8/19 23:51:33,middle
2025/8/19 23:51:35,mid-sep
2025/8/19 23:51:41,middle
2025/8/19 23:51:43,corridor
2025/8/19 23:51:48,side
2025/8/20 0:00:17,corridor
2025/8/20 0:00:19,middle
2025/8/20 0:00:23,mid-sep
2025/8/20 0:00:36,middle
2025/8/20 0:00:40,corridor
2025/8/20 0:00:42,side
2025/8/20 0:04:04,corridor
2025/8/20 0:04:08,middle
2025/8/20 0:04:10,mid-sep
2025/8/20 0:04:11,middle
2025/8/20 0:04:12,corridor
2025/8/20 0:04:16,side
2025/8/20 0:08:22,corridor
2025/8/20 0:08:22,middle
2025/8/20 0:08:22,mid-sep
2025/8/20 0:08:23,middle
2025/8/20 0:08:24,corridor
2025/8/20 0:08:26,side
2025/8/20 0:13:03,corridor
2025/8/20 0:13:04,middle
2025/8/20 0:13:08,mid-sep
2025/8/20 0:13:15,middle
2025/8/20 0:13:17,corridor
2025/8/20 0:13:19,side
2025/8/20 0:18:50,corridor
2025/8/20 0:18:51,middle
2025/8/20 0:18:54,mid-sep
2025/8/20 0:19:14,middle
2025/8/20 0:25:40,mid-sep
2025/8/20 0:26:18,middle
2025/8/20 0:26:20,corridor
2025/8/20 0:26:25,side
2025/8/20 0:26:28,corridor
2025/8/20 0:26:29,middle
2025/8/20 0:26:40,corridor
2025/8/20 0:26:44,side
2025/8/20 0:27:26,corridor
2025/8/20 0:27:27,middle
2025/8/20 0:27:29,middle
2025/8/20 0:27:31,corridor
2025/8/20 0:27:34,side
2025/8/20 0:28:17,corridor
2025/8/20 0:28:17,middle
2025/8/20 0:29:32,mid-sep
2025/8/20 0:29:55,middle
2025/8/20 0:29:56,corridor
2025/8/20 0:29:59,middle
2025/8/20 0:29:59,mid-sep
2025/8/20 0:30:00,middle
2025/8/20 0:30:26,corridor
2025/8/20 0:30:30,side
2025/8/20 0:31:42,corridor
2025/8/20 0:31:43,middle
2025/8/20 1:05:44,corridor
2025/8/20 1:05:51,side
2025/8/20 1:06:07,corridor
2025/8/20 1:06:08,middle
2025/8/20 1:40:35,mid-sep
2025/8/20 1:41:12,middle
2025/8/20 1:41:20,mid-sep
2025/8/20 1:41:34,middle
2025/8/20 1:41:45,mid-sep
2025/8/20 1:41:53,mid-sep
2025/8/20 1:42:01,middle
2025/8/20 1:42:11,middle
2025/8/20 1:42:13,corridor
2025/8/20 1:42:18,side
2025/8/20 1:42:48,corridor
2025/8/20 1:42:50,middle
2025/8/20 1:42:53,mid-sep
2025/8/20 1:42:56,middle
2025/8/20 1:43:12,mid-sep
2025/8/20 1:43:27,middle
2025/8/20 1:54:36,corridor
2025/8/20 1:54:39,side
2025/8/20 1:55:27,corridor
2025/8/20 1:55:28,middle
2025/8/20 1:55:28,mid-sep
2025/8/20 1:55:29,middle
2025/8/20 1:55:30,corridor
2025/8/20 1:55:32,side
2025/8/20 2:01:02,corridor
2025/8/20 2:01:02,middle
2025/8/20 2:01:04,mid-sep
2025/8/20 2:01:16,middle
2025/8/20 2:01:18,corridor
2025/8/20 2:01:20,side
2025/8/20 2:07:26,corridor
2025/8/20 2:07:26,middle
2025/8/20 2:07:27,mid-sep
2025/8/20 2:07:29,middle
2025/8/20 2:07:30,corridor
2025/8/20 2:07:31,side
2025/8/20 2:15:13,corridor
2025/8/20 2:15:13,middle
2025/8/20 2:15:14,corridor
2025/8/20 2:15:15,side
2025/8/20 2:19:39,corridor
2025/8/20 2:19:40,middle
2025/8/20 2:19:41,mid-sep
2025/8/20 2:19:43,middle
2025/8/20 2:19:44,corridor
2025/8/20 2:19:45,side
2025/8/20 2:22:36,corridor
2025/8/20 2:22:37,middle
2025/8/20 2:22:38,mid-sep
2025/8/20 2:22:48,middle
2025/8/20 2:22:50,corridor
2025/8/20 2:23:13,side
2025/8/20 2:29:50,corridor
2025/8/20 2:29:51,middle
2025/8/20 2:29:51,mid-sep
2025/8/20 2:30:04,middle
2025/8/20 2:30:07,corridor
2025/8/20 2:30:11,side
2025/8/20 2:35:27,corridor
2025/8/20 2:35:29,middle
2025/8/20 2:35:30,mid-sep
2025/8/20 2:35:33,middle
2025/8/20 2:35:57,corridor
2025/8/20 2:35:59,side
2025/8/20 2:36:05,corridor
2025/8/20 2:36:09,side
2025/8/20 2:40:34,corridor
2025/8/20 2:40:35,middle
2025/8/20 2:40:35,mid-sep
2025/8/20 2:40:41,middle
2025/8/20 2:45:01,mid-sep
2025/8/20 2:45:15,middle
2025/8/20 2:45:15,corridor
2025/8/20 2:45:18,side
2025/8/20 4:01:04,corridor
2025/8/20 4:01:06,middle
2025/8/20 4:01:06,mid-sep
2025/8/20 4:01:11,middle
2025/8/20 4:05:05,mid-sep
2025/8/20 4:05:14,middle
2025/8/20 4:05:57,corridor
2025/8/20 4:06:00,side
2025/8/20 4:06:51,corridor
2025/8/20 4:06:51,middle
2025/8/20 4:06:53,mid-sep
2025/8/20 4:06:58,middle
2025/8/20 4:07:35,corridor
2025/8/20 4:07:50,middle
2025/8/20 4:07:52,mid-sep
2025/8/20 4:07:53,middle
2025/8/20 4:07:55,corridor
2025/8/20 4:08:00,side
2025/8/20 4:10:16,corridor
2025/8/20 4:10:18,middle
2025/8/20 4:10:20,mid-sep
2025/8/20 4:10:39,middle
2025/8/20 4:10:39,corridor
2025/8/20 4:10:42,side
2025/8/20 4:11:19,corridor
2025/8/20 4:11:24,middle
2025/8/20 4:11:24,mid-sep
2025/8/20 4:11:28,middle
2025/8/20 4:11:29,corridor
2025/8/20 4:11:38,side
2025/8/20 4:11:57,corridor
2025/8/20 4:11:57,middle
2025/8/20 4:11:59,corridor
2025/8/20 4:12:07,side
2025/8/20 4:12:29,corridor
2025/8/20 4:12:30,middle
2025/8/20 4:12:30,mid-sep
2025/8/20 4:12:30,middle
2025/8/20 4:12:31,corridor
2025/8/20 4:12:33,side
2025/8/20 4:14:26,corridor
2025/8/20 4:14:26,middle
2025/8/20 4:14:28,corridor
2025/8/20 4:14:32,side
2025/8/20 5:10:04,corridor
2025/8/20 5:10:06,middle
2025/8/20 5:10:06,mid-sep
2025/8/20 5:10:12,middle
2025/8/20 5:14:42,corridor
2025/8/20 5:14:54,side
2025/8/20 5:16:14,corridor
2025/8/20 5:16:17,middle
2025/8/20 5:16:18,mid-sep
2025/8/20 5:16:32,middle
2025/8/20 5:17:10,mid-sep
2025/8/20 5:17:23,middle
2025/8/20 5:17:27,corridor
2025/8/20 5:17:29,side
2025/8/20 5:26:27,corridor
2025/8/20 5:26:27,middle
2025/8/20 5:26:29,mid-sep
2025/8/20 5:26:31,middle
2025/8/20 5:26:32,corridor
2025/8/20 5:26:33,side
2025/8/20 5:29:37,corridor
2025/8/20 5:29:49,side
2025/8/20 5:36:37,corridor
2025/8/20 5:36:40,side
2025/8/20 5:36:44,corridor
2025/8/20 5:36:44,middle
2025/8/20 5:36:45,corridor
2025/8/20 5:36:47,side
2025/8/20 6:12:38,corridor
2025/8/20 6:12:39,middle
2025/8/20 6:12:39,mid-sep
2025/8/20 6:12:57,middle
2025/8/20 6:14:44,mid-sep
2025/8/20 6:15:04,middle
2025/8/20 6:15:22,corridor
2025/8/20 6:15:24,side
2025/8/20 6:16:34,corridor
2025/8/20 6:16:37,middle
2025/8/20 6:16:40,mid-sep
2025/8/20 6:16:45,middle
2025/8/20 6:16:47,corridor
2025/8/20 6:16:51,side
2025/8/20 6:36:35,corridor
2025/8/20 6:36:37,middle
2025/8/20 6:36:39,mid-sep
2025/8/20 6:36:43,middle
2025/8/20 6:36:45,corridor
2025/8/20 6:36:47,side
2025/8/20 6:37:10,corridor
2025/8/20 6:37:10,middle
2025/8/20 6:37:12,mid-sep
2025/8/20 6:37:12,middle
2025/8/20 6:37:12,corridor
2025/8/20 6:37:13,side
2025/8/20 6:40:46,corridor
2025/8/20 6:40:46,middle
2025/8/20 6:40:47,mid-sep
2025/8/20 6:40:49,middle
2025/8/20 6:40:49,corridor
2025/8/20 6:40:53,side
2025/8/20 6:45:55,corridor
2025/8/20 6:45:55,middle
2025/8/20 6:45:57,corridor
2025/8/20 6:45:59,side
2025/8/20 6:54:00,corridor
2025/8/20 6:54:02,middle
2025/8/20 6:54:05,mid-sep
2025/8/20 6:54:10,middle
2025/8/20 6:54:18,corridor
2025/8/20 6:54:30,side
2025/8/20 6:55:22,corridor
2025/8/20 6:55:22,middle
2025/8/20 6:55:54,mid-sep
2025/8/20 6:56:09,middle
2025/8/20 6:56:18,mid-sep
2025/8/20 6:56:25,middle
2025/8/20 6:56:25,corridor
2025/8/20 6:56:27,side
2025/8/20 6:56:43,corridor
2025/8/20 6:56:58,side
2025/8/20 8:04:03,corridor
2025/8/20 8:04:06,middle
2025/8/20 8:04:09,mid-sep
2025/8/20 8:04:14,middle
2025/8/20 8:04:23,mid-sep
2025/8/20 8:04:28,middle
2025/8/20 8:05:29,mid-sep
2025/8/20 8:05:43,middle
2025/8/20 8:05:46,corridor
2025/8/20 8:05:49,side
2025/8/20 8:08:43,corridor
2025/8/20 8:08:43,middle
2025/8/20 8:08:44,mid-sep
2025/8/20 8:08:44,middle
2025/8/20 8:08:47,corridor
2025/8/20 8:08:48,side
2025/8/20 8:08:57,corridor
2025/8/20 8:08:57,middle
2025/8/20 8:08:57,mid-sep
2025/8/20 8:08:57,middle
2025/8/20 8:09:00,corridor
2025/8/20 8:09:00,side
2025/8/20 8:09:50,corridor
2025/8/20 8:09:55,side
2025/8/20 8:10:05,corridor
2025/8/20 8:10:07,middle
2025/8/20 8:10:08,mid-sep
2025/8/20 8:10:16,middle
2025/8/20 8:10:24,mid-sep
2025/8/20 8:10:26,middle
2025/8/20 8:10:35,corridor
2025/8/20 8:10:36,side
2025/8/20 8:10:43,corridor
2025/8/20 8:10:45,middle
2025/8/20 8:10:50,corridor
2025/8/20 8:10:54,middle
2025/8/20 8:10:59,corridor
2025/8/20 8:11:00,middle
2025/8/20 8:11:14,corridor
2025/8/20 8:11:18,middle
2025/8/20 8:11:22,mid-sep
2025/8/20 8:11:31,middle
2025/8/20 8:11:41,corridor
2025/8/20 8:11:44,middle
2025/8/20 8:11:45,mid-sep
2025/8/20 8:13:53,middle
2025/8/20 8:14:18,mid-sep
2025/8/20 8:14:30,middle
2025/8/20 8:16:43,corridor
2025/8/20 8:16:44,side
2025/8/20 8:18:50,corridor
2025/8/20 8:18:51,middle
2025/8/20 8:18:52,mid-sep
2025/8/20 8:18:53,middle
2025/8/20 8:18:57,mid-sep
2025/8/20 8:18:57,middle
2025/8/20 8:19:08,corridor
2025/8/20 8:19:14,side
2025/8/20 8:21:36,corridor
2025/8/20 8:21:37,side
2025/8/20 9:26:25,corridor
2025/8/20 9:26:28,middle
2025/8/20 9:26:29,mid-sep
2025/8/20 9:26:32,middle
2025/8/20 9:28:07,mid-sep
2025/8/20 9:28:12,middle
2025/8/20 9:28:28,corridor
2025/8/20 9:28:35,side
2025/8/20 11:07:29,corridor
2025/8/20 11:07:31,middle
2025/8/20 11:07:31,mid-sep
2025/8/20 11:07:37,middle
2025/8/20 11:07:38,corridor
2025/8/20 11:07:38,side
2025/8/20 11:07:54,corridor
2025/8/20 11:07:57,middle
2025/8/20 11:07:59,mid-sep
2025/8/20 11:07:59,middle
2025/8/20 11:08:47,mid-sep
2025/8/20 11:08:50,middle
2025/8/20 11:08:51,corridor
2025/8/20 11:08:52,side
2025/8/20 13:48:38,corridor
2025/8/20 13:48:40,middle
2025/8/20 13:48:43,mid-sep
2025/8/20 13:48:48,middle
2025/8/20 13:48:50,corridor
2025/8/20 13:48:52,side
2025/8/20 16:17:10,corridor
2025/8/20 16:17:11,middle
2025/8/20 16:17:13,mid-sep
2025/8/20 16:17:29,middle
2025/8/20 16:17:47,mid-sep
2025/8/20 16:17:56,middle
2025/8/20 16:20:06,corridor
2025/8/20 16:20:08,side
2025/8/20 17:18:46,corridor
2025/8/20 17:18:48,middle
2025/8/20 17:18:48,mid-sep
2025/8/20 17:19:14,middle
2025/8/20 17:19:15,corridor
2025/8/20 17:19:18,side
2025/8/20 17:46:51,corridor
2025/8/20 17:46:53,side
2025/8/20 18:18:56,corridor
2025/8/20 18:18:57,middle
2025/8/20 18:18:58,mid-sep
2025/8/20 18:19:00,middle
2025/8/20 18:19:01,corridor
2025/8/20 18:19:01,side
2025/8/20 18:33:53,corridor
2025/8/20 18:33:54,middle
2025/8/20 18:33:55,mid-sep
2025/8/20 18:33:59,middle
2025/8/20 18:34:01,corridor
2025/8/20 18:34:03,side
2025/8/20 18:36:18,corridor
2025/8/20 18:36:19,middle
2025/8/20 18:36:19,corridor
2025/8/20 18:36:21,middle
2025/8/20 18:36:22,mid-sep
2025/8/20 18:36:28,middle
2025/8/20 18:36:48,mid-sep
2025/8/20 18:36:51,middle
2025/8/20 18:37:04,mid-sep
2025/8/20 18:37:05,middle
2025/8/20 18:39:30,corridor
2025/8/20 18:39:34,side
2025/8/20 18:40:55,corridor
2025/8/20 18:40:56,middle
2025/8/20 18:40:56,mid-sep
2025/8/20 18:41:12,middle
2025/8/20 18:41:30,mid-sep
2025/8/20 18:41:38,middle
2025/8/20 18:42:09,corridor
2025/8/20 18:42:10,side
2025/8/20 18:42:18,corridor
2025/8/20 18:42:39,side
2025/8/20 18:42:42,corridor
2025/8/20 18:42:42,middle
2025/8/20 18:42:42,mid-sep
2025/8/20 18:42:43,middle
2025/8/20 18:49:18,mid-sep
2025/8/20 18:49:20,middle
2025/8/20 18:49:23,corridor
2025/8/20 18:49:25,side
2025/8/20 18:49:27,corridor
2025/8/20 18:49:27,middle
2025/8/20 18:49:30,mid-sep
2025/8/20 18:49:48,middle
2025/8/20 18:49:53,corridor
2025/8/20 18:49:54,side
2025/8/20 18:55:56,corridor
2025/8/20 18:56:00,middle
2025/8/20 18:56:02,corridor
2025/8/20 18:56:06,side
2025/8/20 18:58:57,corridor
2025/8/20 18:58:59,middle
2025/8/20 18:59:01,corridor
2025/8/20 18:59:04,side
2025/8/20 19:03:16,corridor
2025/8/20 19:03:20,middle
2025/8/20 19:03:21,mid-sep
2025/8/20 19:03:22,middle
2025/8/20 19:03:23,corridor
2025/8/20 19:03:27,side
2025/8/20 19:07:33,corridor
2025/8/20 19:07:37,middle
2025/8/20 19:07:40,corridor
2025/8/20 19:07:43,side
2025/8/20 19:14:51,corridor
2025/8/20 19:14:53,side
2025/8/20 19:23:35,corridor
2025/8/20 19:23:36,middle
2025/8/20 19:23:36,mid-sep
2025/8/20 19:23:48,middle
2025/8/20 19:23:49,corridor
2025/8/20 19:23:50,side
2025/8/20 19:25:48,corridor
2025/8/20 19:25:50,side
2025/8/20 19:26:59,corridor
2025/8/20 19:26:59,middle
2025/8/20 19:26:59,corridor
2025/8/20 19:26:59,side
2025/8/20 19:28:53,corridor
2025/8/20 19:28:55,middle
2025/8/20 19:28:57,mid-sep
2025/8/20 19:29:08,middle
2025/8/20 19:29:11,corridor
2025/8/20 19:29:16,side
2025/8/20 19:35:48,corridor
2025/8/20 19:35:50,middle
2025/8/20 19:35:52,mid-sep
2025/8/20 19:35:56,middle
2025/8/20 19:35:56,corridor
2025/8/20 19:35:57,side
2025/8/20 19:52:56,corridor
2025/8/20 19:53:07,side
2025/8/20 19:57:43,corridor
2025/8/20 19:57:43,middle
2025/8/20 19:57:43,mid-sep
2025/8/20 19:58:08,middle
2025/8/20 19:58:09,corridor
2025/8/20 19:58:10,side
2025/8/20 20:06:29,corridor
2025/8/20 20:06:29,middle
2025/8/20 20:06:29,mid-sep
2025/8/20 20:06:31,middle
2025/8/20 20:08:20,corridor
2025/8/20 20:08:23,side
2025/8/20 20:19:36,corridor
2025/8/20 20:19:36,middle
2025/8/20 20:20:06,mid-sep
2025/8/20 20:20:12,middle
2025/8/20 20:21:25,corridor
2025/8/20 20:21:29,side
2025/8/20 20:26:22,corridor
2025/8/20 20:26:23,middle
2025/8/20 20:26:24,mid-sep
2025/8/20 20:26:42,middle
2025/8/20 20:26:42,corridor
2025/8/20 20:26:44,side
2025/8/20 20:39:11,corridor
2025/8/20 20:39:12,middle
2025/8/20 20:39:12,mid-sep
2025/8/20 20:39:23,middle
2025/8/20 21:20:35,corridor
2025/8/20 21:20:37,side
2025/8/20 21:23:17,corridor
2025/8/20 21:23:17,middle
2025/8/20 21:23:18,mid-sep
2025/8/20 21:23:24,middle
2025/8/20 21:23:29,corridor
2025/8/20 21:23:30,side
2025/8/20 21:23:53,corridor
2025/8/20 21:23:56,middle
2025/8/20 22:00:18,corridor
2025/8/20 22:00:21,side
2025/8/20 22:01:38,corridor
2025/8/20 22:01:39,middle
2025/8/20 22:01:39,mid-sep
2025/8/20 22:01:45,middle
2025/8/20 22:01:52,corridor
2025/8/20 22:01:55,side
2025/8/20 22:03:06,corridor
2025/8/20 22:03:07,middle
2025/8/20 22:03:07,mid-sep
2025/8/20 22:03:29,middle
2025/8/20 22:03:31,corridor
2025/8/20 22:03:34,side
2025/8/20 22:04:13,corridor
2025/8/20 22:04:14,middle
2025/8/20 22:04:14,mid-sep
2025/8/20 22:04:15,middle
2025/8/20 22:04:16,corridor
2025/8/20 22:04:21,side
2025/8/20 22:06:52,corridor
2025/8/20 22:06:52,middle
2025/8/20 22:06:52,mid-sep
2025/8/20 22:06:54,middle
2025/8/20 22:06:55,corridor
2025/8/20 22:06:58,side
2025/8/20 22:07:03,corridor
2025/8/20 22:07:03,side
2025/8/20 22:12:21,corridor
2025/8/20 22:12:23,middle
2025/8/20 22:12:27,mid-sep
2025/8/20 22:12:35,middle
2025/8/20 22:12:36,corridor
2025/8/20 22:12:36,side
2025/8/20 22:13:00,corridor
2025/8/20 22:13:01,side
2025/8/20 22:17:57,corridor
2025/8/20 22:17:58,middle
2025/8/20 22:17:58,mid-sep
2025/8/20 22:18:00,middle
2025/8/20 22:18:29,corridor
2025/8/20 22:18:31,side
2025/8/20 22:27:33,corridor
2025/8/20 22:27:34,middle
2025/8/20 22:27:34,mid-sep
2025/8/20 22:27:35,middle
2025/8/20 22:33:19,corridor
2025/8/20 22:33:23,side
2025/8/20 22:34:59,corridor
2025/8/20 22:35:01,middle
2025/8/20 22:35:01,mid-sep
2025/8/20 22:35:27,middle
2025/8/20 22:35:35,corridor
2025/8/20 22:35:37,side
2025/8/20 22:38:07,corridor
2025/8/20 22:38:07,middle
2025/8/20 22:38:07,mid-sep
2025/8/20 22:38:10,middle
2025/8/20 23:16:42,mid-sep
2025/8/20 23:17:05,middle
2025/8/20 23:19:30,mid-sep
2025/8/20 23:19:45,middle
2025/8/20 23:22:04,mid-sep
2025/8/20 23:22:46,middle
2025/8/20 23:23:56,corridor
2025/8/20 23:23:57,side
2025/8/20 23:24:18,corridor
2025/8/20 23:24:20,middle
2025/8/20 23:24:20,mid-sep
2025/8/20 23:24:44,middle
2025/8/20 23:24:46,corridor
2025/8/20 23:24:48,side
2025/8/20 23:27:53,corridor
2025/8/20 23:27:55,middle
2025/8/20 23:27:55,mid-sep
2025/8/20 23:28:18,middle
2025/8/20 23:28:20,corridor
2025/8/20 23:28:21,side
2025/8/20 23:36:02,corridor
2025/8/20 23:36:05,middle
2025/8/20 23:36:15,corridor
2025/8/20 23:36:16,side
2025/8/20 23:39:54,corridor
2025/8/20 23:39:56,middle
2025/8/20 23:39:58,corridor
2025/8/20 23:40:01,side
2025/8/20 23:44:34,corridor
2025/8/20 23:44:35,middle
2025/8/20 23:44:35,mid-sep
2025/8/20 23:44:40,middle
2025/8/20 23:44:41,corridor
2025/8/20 23:44:42,side
2025/8/20 23:50:40,corridor
2025/8/20 23:50:40,middle
2025/8/20 23:50:41,mid-sep
2025/8/20 23:51:00,middle
2025/8/20 23:51:17,corridor
2025/8/20 23:51:19,side
2025/8/20 23:52:54,corridor
2025/8/20 23:52:59,middle
2025/8/20 23:53:00,mid-sep
2025/8/20 23:53:30,middle
2025/8/20 23:53:30,corridor
2025/8/20 23:53:31,side
2025/8/20 23:55:02,corridor
2025/8/20 23:55:03,middle
2025/8/20 23:55:03,mid-sep
2025/8/20 23:55:08,middle
2025/8/20 23:55:10,corridor
2025/8/20 23:55:14,side
2025/8/21 0:02:01,corridor
2025/8/21 0:02:02,middle
2025/8/21 0:02:02,mid-sep
2025/8/21 0:02:02,middle
2025/8/21 0:09:49,mid-sep
2025/8/21 0:10:07,middle
2025/8/21 0:23:59,mid-sep
2025/8/21 0:26:02,middle
2025/8/21 0:26:09,corridor
2025/8/21 0:26:10,side
2025/8/21 0:26:37,corridor
2025/8/21 0:26:37,middle
2025/8/21 0:26:38,mid-sep
2025/8/21 0:27:52,middle
2025/8/21 0:28:09,mid-sep
2025/8/21 0:28:15,middle
2025/8/21 0:28:16,corridor
2025/8/21 0:28:19,side
2025/8/21 0:32:51,corridor
2025/8/21 0:32:51,middle
2025/8/21 0:32:52,mid-sep
2025/8/21 0:32:55,middle
2025/8/21 0:33:12,corridor
2025/8/21 0:33:15,middle
2025/8/21 0:33:51,corridor
2025/8/21 0:33:52,side
2025/8/21 0:34:17,corridor
2025/8/21 0:34:18,middle
2025/8/21 0:34:32,mid-sep
2025/8/21 0:34:38,middle
2025/8/21 0:49:38,mid-sep
2025/8/21 0:50:52,middle
2025/8/21 1:01:02,mid-sep
2025/8/21 1:01:03,middle
2025/8/21 1:04:07,mid-sep
2025/8/21 1:04:11,middle
2025/8/21 1:31:27,corridor
2025/8/21 1:31:33,side
2025/8/21 1:35:33,corridor
2025/8/21 1:35:34,middle
2025/8/21 1:35:34,mid-sep
2025/8/21 1:35:38,middle
2025/8/21 1:59:40,corridor
2025/8/21 1:59:47,side
2025/8/21 1:59:59,corridor
2025/8/21 2:00:00,middle
2025/8/21 2:00:01,mid-sep
2025/8/21 2:01:17,middle
2025/8/21 2:19:39,corridor
2025/8/21 2:19:39,side
2025/8/21 2:20:27,corridor
2025/8/21 2:20:30,middle
2025/8/21 2:20:30,mid-sep
2025/8/21 2:20:39,middle
2025/8/21 2:20:48,corridor
2025/8/21 2:20:50,side
2025/8/21 2:22:11,corridor
2025/8/21 2:22:12,middle
2025/8/21 2:22:12,mid-sep
2025/8/21 2:22:12,middle
2025/8/21 2:22:13,corridor
2025/8/21 2:22:22,middle
2025/8/21 2:22:22,mid-sep
2025/8/21 2:22:27,middle
2025/8/21 2:22:40,corridor
2025/8/21 2:22:41,side
2025/8/21 2:24:39,corridor
2025/8/21 2:24:40,middle
2025/8/21 2:24:41,mid-sep
2025/8/21 2:24:42,middle
2025/8/21 2:24:44,corridor
2025/8/21 2:24:46,side
2025/8/21 2:26:42,corridor
2025/8/21 2:26:43,middle
2025/8/21 2:26:44,corridor
2025/8/21 2:26:45,side
2025/8/21 2:28:03,corridor
2025/8/21 2:28:03,middle
2025/8/21 2:28:09,mid-sep
2025/8/21 2:28:14,middle
2025/8/21 2:28:15,corridor
2025/8/21 2:28:16,side
2025/8/21 2:29:14,corridor
2025/8/21 2:29:17,middle
2025/8/21 2:29:20,mid-sep
2025/8/21 2:29:25,middle
2025/8/21 2:29:25,corridor
2025/8/21 2:29:26,side
2025/8/21 2:29:42,corridor
2025/8/21 2:29:43,middle
2025/8/21 2:30:12,corridor
2025/8/21 2:30:18,side
2025/8/21 2:32:10,corridor
2025/8/21 2:32:17,side
2025/8/21 2:32:21,corridor
2025/8/21 2:32:26,side
2025/8/21 2:37:23,corridor
2025/8/21 2:37:25,middle
2025/8/21 2:37:29,mid-sep
2025/8/21 2:37:45,middle
2025/8/21 2:37:46,corridor
2025/8/21 2:37:46,side
2025/8/21 2:41:14,corridor
2025/8/21 2:41:14,middle
2025/8/21 2:42:15,mid-sep
2025/8/21 2:42:22,middle
2025/8/21 2:42:51,corridor
2025/8/21 2:42:52,side
2025/8/21 2:47:53,corridor
2025/8/21 2:47:54,middle
2025/8/21 3:16:21,mid-sep
2025/8/21 3:16:22,middle
2025/8/21 3:20:16,mid-sep
2025/8/21 3:20:39,middle
2025/8/21 4:02:43,mid-sep
2025/8/21 4:02:53,middle
2025/8/21 4:03:17,corridor
2025/8/21 4:03:20,side
2025/8/21 4:05:12,corridor
2025/8/21 4:05:13,middle
2025/8/21 4:05:14,mid-sep
2025/8/21 4:05:16,middle
2025/8/21 4:05:18,corridor
2025/8/21 4:05:27,middle
2025/8/21 4:05:29,mid-sep
2025/8/21 4:05:30,middle
2025/8/21 4:07:51,mid-sep
2025/8/21 4:08:13,middle
2025/8/21 4:11:44,corridor
2025/8/21 4:11:48,middle
2025/8/21 4:11:50,mid-sep
2025/8/21 4:11:51,middle
2025/8/21 4:12:00,corridor
2025/8/21 4:12:17,middle
2025/8/21 4:12:21,corridor
2025/8/21 4:12:24,side
2025/8/21 4:12:37,corridor
2025/8/21 4:12:39,middle
2025/8/21 4:12:40,mid-sep
2025/8/21 4:12:42,middle
2025/8/21 4:15:57,mid-sep
2025/8/21 4:16:49,middle
2025/8/21 4:18:14,mid-sep
2025/8/21 4:18:42,middle
2025/8/21 4:21:40,corridor
2025/8/21 4:21:50,side
2025/8/21 4:22:10,corridor
2025/8/21 4:22:11,middle
2025/8/21 5:06:47,corridor
2025/8/21 5:06:48,side
2025/8/21 5:07:15,corridor
2025/8/21 5:07:16,middle
2025/8/21 5:07:18,mid-sep
2025/8/21 5:07:37,middle
2025/8/21 5:09:01,mid-sep
2025/8/21 5:09:03,middle
2025/8/21 5:10:15,corridor
2025/8/21 5:10:17,side
2025/8/21 5:11:10,corridor
2025/8/21 5:11:13,middle
2025/8/21 5:11:16,mid-sep
2025/8/21 5:11:17,middle
2025/8/21 5:11:17,corridor
2025/8/21 5:11:18,side
2025/8/21 5:15:16,corridor
2025/8/21 5:15:19,middle
2025/8/21 5:15:21,mid-sep
2025/8/21 5:15:22,middle
2025/8/21 5:15:25,corridor
2025/8/21 5:15:26,side
2025/8/21 5:17:11,corridor
2025/8/21 5:17:12,middle
2025/8/21 5:17:13,corridor
2025/8/21 5:17:15,side
2025/8/21 5:23:24,corridor
2025/8/21 5:23:25,side
2025/8/21 5:25:42,corridor
2025/8/21 5:25:43,middle
2025/8/21 5:26:12,corridor
2025/8/21 5:26:18,side
2025/8/21 5:28:02,corridor
2025/8/21 5:28:14,side
2025/8/21 5:41:10,corridor
2025/8/21 5:41:11,middle
2025/8/21 5:41:15,mid-sep
2025/8/21 5:41:19,middle
2025/8/21 5:41:19,corridor
2025/8/21 5:41:21,side
2025/8/21 5:44:05,corridor
2025/8/21 5:44:06,middle
2025/8/21 5:44:08,mid-sep
2025/8/21 5:44:09,middle
2025/8/21 5:44:10,corridor
2025/8/21 5:44:12,side
2025/8/21 5:49:37,corridor
2025/8/21 5:49:38,middle
2025/8/21 5:49:39,mid-sep
2025/8/21 5:50:08,middle
2025/8/21 5:50:19,corridor
2025/8/21 5:50:21,side
2025/8/21 5:56:10,corridor
2025/8/21 5:56:11,middle
2025/8/21 5:58:00,corridor
2025/8/21 5:58:02,side
2025/8/21 5:59:00,corridor
2025/8/21 5:59:00,middle
2025/8/21 6:12:40,mid-sep
2025/8/21 6:12:52,middle
2025/8/21 6:13:20,mid-sep
2025/8/21 6:13:33,middle
2025/8/21 6:14:45,mid-sep
2025/8/21 6:15:09,middle
2025/8/21 6:16:33,corridor
2025/8/21 6:16:35,side
2025/8/21 6:18:01,corridor
2025/8/21 6:18:01,middle
2025/8/21 6:19:14,corridor
2025/8/21 6:19:16,side
2025/8/21 6:23:10,corridor
2025/8/21 6:23:10,middle
2025/8/21 6:23:15,corridor
2025/8/21 6:23:42,side
2025/8/21 6:26:19,corridor
2025/8/21 6:26:29,side
2025/8/21 6:29:45,corridor
2025/8/21 6:29:46,side
2025/8/21 6:31:26,corridor
2025/8/21 6:31:27,middle
2025/8/21 6:31:27,mid-sep
2025/8/21 6:31:27,middle
2025/8/21 6:31:28,corridor
2025/8/21 6:31:30,side
2025/8/21 6:38:11,corridor
2025/8/21 6:38:11,middle
2025/8/21 6:38:13,corridor
2025/8/21 6:38:16,side
2025/8/21 6:40:26,corridor
2025/8/21 6:40:27,middle
2025/8/21 6:40:28,mid-sep
2025/8/21 6:40:35,middle
2025/8/21 6:40:41,mid-sep
2025/8/21 6:40:44,middle
2025/8/21 6:40:45,corridor
2025/8/21 6:40:48,side
2025/8/21 6:47:54,corridor
2025/8/21 6:47:55,middle
2025/8/21 6:48:00,mid-sep
2025/8/21 6:48:45,middle
2025/8/21 6:49:07,corridor
2025/8/21 6:49:10,side
2025/8/21 6:53:11,corridor
2025/8/21 6:53:18,side
2025/8/21 7:00:48,corridor
2025/8/21 7:00:49,middle
2025/8/21 7:00:50,mid-sep
2025/8/21 7:00:52,middle
2025/8/21 7:00:57,corridor
2025/8/21 7:01:01,middle
2025/8/21 7:01:21,corridor
2025/8/21 7:01:28,side
2025/8/21 7:01:29,corridor
2025/8/21 7:01:29,middle
2025/8/21 7:01:30,mid-sep
2025/8/21 7:01:34,middle
2025/8/21 7:01:40,corridor
2025/8/21 7:01:40,side
2025/8/21 7:02:15,corridor
2025/8/21 7:02:15,middle
2025/8/21 7:02:16,mid-sep
2025/8/21 7:02:16,middle
2025/8/21 7:02:55,mid-sep
2025/8/21 7:02:56,middle
2025/8/21 7:03:59,mid-sep
2025/8/21 7:04:08,middle
2025/8/21 7:04:24,corridor
2025/8/21 7:04:26,side
2025/8/21 8:57:10,corridor
2025/8/21 8:57:12,middle
2025/8/21 8:57:13,mid-sep
2025/8/21 8:57:20,middle
2025/8/21 8:57:55,corridor
2025/8/21 8:57:59,side
2025/8/21 8:58:04,corridor
2025/8/21 8:58:07,middle
2025/8/21 8:58:10,mid-sep
2025/8/21 8:58:14,middle
2025/8/21 8:58:35,corridor
2025/8/21 8:58:41,side
2025/8/21 8:58:44,corridor
2025/8/21 8:58:54,side
2025/8/21 8:58:55,corridor
2025/8/21 8:59:01,side
2025/8/21 9:03:28,corridor
2025/8/21 9:03:30,middle
2025/8/21 9:03:31,mid-sep
2025/8/21 9:03:32,middle
2025/8/21 9:03:33,corridor
2025/8/21 9:03:36,side
2025/8/21 9:08:13,corridor
2025/8/21 9:08:14,middle
2025/8/21 9:08:14,mid-sep
2025/8/21 9:08:16,middle
2025/8/21 9:08:19,corridor
2025/8/21 9:08:19,side
2025/8/21 9:08:29,corridor
2025/8/21 9:08:35,middle
2025/8/21 9:08:37,corridor
2025/8/21 9:08:37,side
2025/8/21 9:09:21,corridor
2025/8/21 9:09:28,middle
2025/8/21 9:09:31,mid-sep
2025/8/21 9:09:33,middle
2025/8/21 9:11:52,corridor
2025/8/21 9:11:57,middle
2025/8/21 9:11:58,mid-sep
2025/8/21 9:12:04,middle
2025/8/21 9:14:54,mid-sep
2025/8/21 9:15:04,middle
2025/8/21 9:15:16,corridor
2025/8/21 9:15:17,side
2025/8/21 11:32:26,corridor
2025/8/21 11:32:28,middle
2025/8/21 11:32:29,mid-sep
2025/8/21 11:32:32,middle
2025/8/21 11:32:55,mid-sep
2025/8/21 11:33:13,middle
2025/8/21 11:33:27,corridor
2025/8/21 11:33:28,side
2025/8/21 14:26:27,corridor
2025/8/21 14:26:29,middle
2025/8/21 14:26:29,mid-sep
2025/8/21 14:26:38,middle
2025/8/21 14:26:51,corridor
2025/8/21 14:26:52,side
2025/8/21 17:06:35,side
