DateTime,RightMouseLocation
2025/8/22 0:00:00,side
2025/8/22 0:13:00,corridor
2025/8/22 0:13:02,side
2025/8/22 0:20:11,corridor
2025/8/22 0:20:15,side
2025/8/22 0:28:31,corridor
2025/8/22 0:28:38,side
2025/8/22 0:30:40,corridor
2025/8/22 0:30:41,middle
2025/8/22 0:30:41,mid-sep
2025/8/22 0:30:43,middle
2025/8/22 0:30:44,corridor
2025/8/22 0:30:45,side
2025/8/22 0:45:26,corridor
2025/8/22 0:45:27,side
2025/8/22 0:51:12,corridor
2025/8/22 0:51:21,middle
2025/8/22 0:51:22,corridor
2025/8/22 0:51:23,side
2025/8/22 0:51:29,corridor
2025/8/22 0:51:30,middle
2025/8/22 0:51:38,corridor
2025/8/22 0:51:39,side
2025/8/22 1:09:10,corridor
2025/8/22 1:09:19,middle
2025/8/22 1:09:35,corridor
2025/8/22 1:09:36,side
2025/8/22 1:09:53,corridor
2025/8/22 1:09:57,side
2025/8/22 1:17:29,corridor
2025/8/22 1:17:30,middle
2025/8/22 1:17:37,mid-sep
2025/8/22 1:17:42,middle
2025/8/22 1:17:50,corridor
2025/8/22 1:17:53,side
2025/8/22 1:20:29,corridor
2025/8/22 1:20:32,side
2025/8/22 1:27:12,corridor
2025/8/22 1:27:14,side
2025/8/22 1:30:16,corridor
2025/8/22 1:30:19,side
2025/8/22 1:34:02,corridor
2025/8/22 1:34:03,middle
2025/8/22 1:34:18,mid-sep
2025/8/22 1:34:53,middle
2025/8/22 1:35:49,mid-sep
2025/8/22 1:36:34,middle
2025/8/22 1:37:52,corridor
2025/8/22 1:37:54,side
2025/8/22 1:38:10,corridor
2025/8/22 1:38:12,middle
2025/8/22 1:38:13,mid-sep
2025/8/22 1:38:30,middle
2025/8/22 1:38:31,corridor
2025/8/22 1:38:32,side
2025/8/22 1:39:07,corridor
2025/8/22 1:39:08,middle
2025/8/22 1:39:10,mid-sep
2025/8/22 1:39:55,middle
2025/8/22 1:39:57,corridor
2025/8/22 1:39:59,side
2025/8/22 1:40:07,corridor
2025/8/22 1:40:08,middle
2025/8/22 1:40:09,mid-sep
2025/8/22 1:40:15,middle
2025/8/22 1:40:17,corridor
2025/8/22 1:40:18,side
2025/8/22 1:40:55,corridor
2025/8/22 1:40:57,side
2025/8/22 1:41:32,corridor
2025/8/22 1:41:33,middle
2025/8/22 1:41:34,mid-sep
2025/8/22 1:41:38,middle
2025/8/22 1:41:40,corridor
2025/8/22 1:41:40,side
2025/8/22 1:43:09,corridor
2025/8/22 1:43:16,side
2025/8/22 1:52:56,corridor
2025/8/22 1:52:58,side
2025/8/22 1:54:20,corridor
2025/8/22 1:54:22,middle
2025/8/22 1:54:27,corridor
2025/8/22 1:54:29,middle
2025/8/22 1:54:33,corridor
2025/8/22 1:54:35,side
2025/8/22 1:55:11,corridor
2025/8/22 1:55:15,side
2025/8/22 1:59:37,corridor
2025/8/22 1:59:51,side
2025/8/22 2:08:36,corridor
2025/8/22 2:08:44,side
2025/8/22 2:10:14,corridor
2025/8/22 2:10:15,side
2025/8/22 2:18:14,corridor
2025/8/22 2:18:16,middle
2025/8/22 2:18:17,mid-sep
2025/8/22 2:18:19,middle
2025/8/22 2:18:22,corridor
2025/8/22 2:18:24,side
2025/8/22 2:22:24,corridor
2025/8/22 2:22:25,middle
2025/8/22 2:22:27,corridor
2025/8/22 2:22:30,middle
2025/8/22 2:22:33,mid-sep
2025/8/22 2:22:34,middle
2025/8/22 2:22:38,corridor
2025/8/22 2:22:39,side
2025/8/22 2:34:59,corridor
2025/8/22 2:35:04,middle
2025/8/22 2:35:05,mid-sep
2025/8/22 2:35:37,middle
2025/8/22 2:35:50,corridor
2025/8/22 2:35:52,side
2025/8/22 2:35:55,corridor
2025/8/22 2:35:56,middle
2025/8/22 2:35:58,mid-sep
2025/8/22 2:36:00,middle
2025/8/22 2:36:03,corridor
2025/8/22 2:36:03,side
2025/8/22 2:36:41,corridor
2025/8/22 2:36:42,middle
2025/8/22 2:36:43,corridor
2025/8/22 2:36:43,side
2025/8/22 2:37:57,corridor
2025/8/22 2:37:59,middle
2025/8/22 2:38:03,mid-sep
2025/8/22 2:38:32,middle
2025/8/22 2:39:08,mid-sep
2025/8/22 2:39:16,middle
2025/8/22 2:39:18,corridor
2025/8/22 2:39:22,side
2025/8/22 2:40:09,corridor
2025/8/22 2:40:12,middle
2025/8/22 2:40:13,mid-sep
2025/8/22 2:40:15,middle
2025/8/22 2:40:34,mid-sep
2025/8/22 2:41:05,middle
2025/8/22 2:41:13,corridor
2025/8/22 2:41:15,side
2025/8/22 2:42:14,corridor
2025/8/22 2:42:17,middle
2025/8/22 2:42:19,mid-sep
2025/8/22 2:42:25,middle
2025/8/22 2:42:27,corridor
2025/8/22 2:42:32,side
2025/8/22 3:17:22,corridor
2025/8/22 3:17:23,middle
2025/8/22 3:17:24,mid-sep
2025/8/22 3:17:42,middle
2025/8/22 3:18:22,mid-sep
2025/8/22 3:18:30,middle
2025/8/22 3:18:32,corridor
2025/8/22 3:18:35,side
2025/8/22 3:18:55,corridor
2025/8/22 3:18:56,middle
2025/8/22 3:18:57,mid-sep
2025/8/22 3:18:58,middle
2025/8/22 3:19:00,corridor
2025/8/22 3:19:00,side
2025/8/22 3:20:14,corridor
2025/8/22 3:20:16,middle
2025/8/22 3:20:17,mid-sep
2025/8/22 3:20:20,middle
2025/8/22 3:21:33,corridor
2025/8/22 3:21:34,side
2025/8/22 3:23:40,corridor
2025/8/22 3:23:41,middle
2025/8/22 3:23:42,mid-sep
2025/8/22 3:23:46,middle
2025/8/22 3:23:49,corridor
2025/8/22 3:23:50,side
2025/8/22 3:39:24,corridor
2025/8/22 3:39:27,middle
2025/8/22 3:39:27,mid-sep
2025/8/22 3:39:30,middle
2025/8/22 3:39:32,corridor
2025/8/22 3:39:34,side
2025/8/22 4:08:24,corridor
2025/8/22 4:08:24,middle
2025/8/22 4:08:25,mid-sep
2025/8/22 4:08:35,middle
2025/8/22 4:08:51,mid-sep
2025/8/22 4:09:06,middle
2025/8/22 4:09:09,corridor
2025/8/22 4:09:10,side
2025/8/22 4:10:01,corridor
2025/8/22 4:10:03,middle
2025/8/22 4:10:05,mid-sep
2025/8/22 4:10:08,middle
2025/8/22 4:10:10,corridor
2025/8/22 4:10:10,side
2025/8/22 4:33:15,corridor
2025/8/22 4:33:16,middle
2025/8/22 4:33:17,mid-sep
2025/8/22 4:33:23,middle
2025/8/22 4:33:27,corridor
2025/8/22 4:33:28,side
2025/8/22 4:33:57,corridor
2025/8/22 4:33:58,middle
2025/8/22 4:33:59,mid-sep
2025/8/22 4:34:21,middle
2025/8/22 4:34:32,corridor
2025/8/22 4:34:33,side
2025/8/22 4:42:57,corridor
2025/8/22 4:42:58,middle
2025/8/22 4:42:58,mid-sep
2025/8/22 4:43:00,middle
2025/8/22 4:43:04,corridor
2025/8/22 4:43:04,side
2025/8/22 5:06:57,corridor
2025/8/22 5:06:58,middle
2025/8/22 5:06:59,mid-sep
2025/8/22 5:07:02,middle
2025/8/22 5:07:04,corridor
2025/8/22 5:07:05,side
2025/8/22 5:35:24,corridor
2025/8/22 5:35:25,middle
2025/8/22 5:35:27,mid-sep
2025/8/22 5:35:33,middle
2025/8/22 5:35:43,mid-sep
2025/8/22 5:35:50,middle
2025/8/22 5:36:02,mid-sep
2025/8/22 5:36:08,middle
2025/8/22 5:36:10,corridor
2025/8/22 5:36:13,side
2025/8/22 5:36:51,corridor
2025/8/22 5:36:53,middle
2025/8/22 5:36:53,mid-sep
2025/8/22 5:36:54,middle
2025/8/22 5:36:56,corridor
2025/8/22 5:36:57,side
2025/8/22 5:52:47,corridor
2025/8/22 5:52:51,middle
2025/8/22 5:52:52,mid-sep
2025/8/22 5:53:37,middle
2025/8/22 5:53:40,corridor
2025/8/22 5:53:44,side
2025/8/22 5:54:00,corridor
2025/8/22 5:54:01,middle
2025/8/22 5:54:02,mid-sep
2025/8/22 5:54:02,middle
2025/8/22 5:54:03,corridor
2025/8/22 5:54:03,side
2025/8/22 5:55:50,corridor
2025/8/22 5:55:51,middle
2025/8/22 5:55:51,mid-sep
2025/8/22 5:55:51,middle
2025/8/22 5:55:52,corridor
2025/8/22 5:55:52,side
2025/8/22 5:58:16,corridor
2025/8/22 5:58:16,middle
2025/8/22 5:58:17,mid-sep
2025/8/22 5:58:37,middle
2025/8/22 5:58:48,corridor
2025/8/22 5:58:54,side
2025/8/22 5:59:51,corridor
2025/8/22 5:59:53,middle
2025/8/22 5:59:54,mid-sep
2025/8/22 6:00:00,middle
2025/8/22 6:00:02,corridor
2025/8/22 6:00:03,side
2025/8/22 6:03:44,corridor
2025/8/22 6:03:46,side
2025/8/22 6:10:23,corridor
2025/8/22 6:10:24,middle
2025/8/22 6:10:26,mid-sep
2025/8/22 6:10:29,middle
2025/8/22 6:10:33,corridor
2025/8/22 6:10:36,side
2025/8/22 6:16:57,corridor
2025/8/22 6:16:59,side
2025/8/22 6:19:38,corridor
2025/8/22 6:19:39,middle
2025/8/22 6:19:43,mid-sep
2025/8/22 6:19:47,middle
2025/8/22 6:19:56,corridor
2025/8/22 6:19:58,side
2025/8/22 6:23:55,corridor
2025/8/22 6:23:57,side
2025/8/22 6:29:12,corridor
2025/8/22 6:29:13,middle
2025/8/22 6:29:13,mid-sep
2025/8/22 6:29:18,middle
2025/8/22 6:29:21,corridor
2025/8/22 6:29:22,side
2025/8/22 6:35:01,corridor
2025/8/22 6:35:01,middle
2025/8/22 6:35:02,mid-sep
2025/8/22 6:35:06,middle
2025/8/22 6:36:04,corridor
2025/8/22 6:36:06,side
2025/8/22 6:46:12,corridor
2025/8/22 6:46:13,middle
2025/8/22 6:46:14,mid-sep
2025/8/22 6:46:47,middle
2025/8/22 6:46:49,corridor
2025/8/22 6:46:51,side
2025/8/22 6:55:35,corridor
2025/8/22 6:55:35,middle
2025/8/22 6:55:36,mid-sep
2025/8/22 6:55:41,middle
2025/8/22 6:55:58,mid-sep
2025/8/22 6:55:59,middle
2025/8/22 6:56:02,corridor
2025/8/22 6:56:08,middle
2025/8/22 6:56:09,mid-sep
2025/8/22 6:56:13,middle
2025/8/22 6:56:25,mid-sep
2025/8/22 6:57:05,middle
2025/8/22 6:57:38,mid-sep
2025/8/22 6:57:54,middle
2025/8/22 6:58:21,mid-sep
2025/8/22 6:58:52,middle
2025/8/22 6:59:07,mid-sep
2025/8/22 6:59:28,middle
2025/8/22 6:59:40,corridor
2025/8/22 6:59:41,side
2025/8/22 7:01:27,corridor
2025/8/22 7:01:27,middle
2025/8/22 7:01:28,mid-sep
2025/8/22 7:01:31,middle
2025/8/22 7:01:32,corridor
2025/8/22 7:01:33,side
2025/8/22 7:01:57,corridor
2025/8/22 7:01:58,middle
2025/8/22 7:02:00,mid-sep
2025/8/22 7:02:34,middle
2025/8/22 7:02:36,corridor
2025/8/22 7:02:37,side
2025/8/22 7:05:37,corridor
2025/8/22 7:05:37,middle
2025/8/22 7:05:39,mid-sep
2025/8/22 7:05:45,middle
2025/8/22 7:06:15,mid-sep
2025/8/22 7:06:26,middle
2025/8/22 7:08:08,mid-sep
2025/8/22 7:08:42,middle
2025/8/22 7:08:56,corridor
2025/8/22 7:08:58,side
2025/8/22 7:09:49,corridor
2025/8/22 7:09:50,middle
2025/8/22 7:09:51,mid-sep
2025/8/22 7:10:00,middle
2025/8/22 7:10:09,mid-sep
2025/8/22 7:10:34,middle
2025/8/22 7:10:38,corridor
2025/8/22 7:10:39,side
2025/8/22 7:12:55,corridor
2025/8/22 7:12:55,middle
2025/8/22 7:12:56,mid-sep
2025/8/22 7:12:57,middle
2025/8/22 7:13:06,corridor
2025/8/22 7:13:09,side
2025/8/22 7:18:35,corridor
2025/8/22 7:18:36,middle
2025/8/22 7:18:37,mid-sep
2025/8/22 7:18:40,middle
2025/8/22 7:18:52,mid-sep
2025/8/22 7:19:25,middle
2025/8/22 7:21:05,mid-sep
2025/8/22 7:21:57,middle
2025/8/22 7:21:59,corridor
2025/8/22 7:22:02,side
2025/8/22 7:22:19,corridor
2025/8/22 7:22:20,middle
2025/8/22 7:22:22,mid-sep
2025/8/22 7:23:12,middle
2025/8/22 7:23:21,corridor
2025/8/22 7:23:22,side
2025/8/22 7:27:42,corridor
2025/8/22 7:27:45,middle
2025/8/22 7:27:51,corridor
2025/8/22 7:27:52,side
2025/8/22 7:27:53,corridor
2025/8/22 7:27:55,middle
2025/8/22 7:27:57,corridor
2025/8/22 7:27:58,middle
2025/8/22 7:27:58,mid-sep
2025/8/22 7:27:59,middle
2025/8/22 7:28:02,corridor
2025/8/22 7:28:02,side
2025/8/22 7:28:03,corridor
2025/8/22 7:28:04,middle
2025/8/22 7:28:04,mid-sep
2025/8/22 7:28:05,middle
2025/8/22 7:28:09,corridor
2025/8/22 7:28:09,side
2025/8/22 7:28:10,corridor
2025/8/22 7:28:13,side
2025/8/22 7:28:31,corridor
2025/8/22 7:28:31,middle
2025/8/22 7:28:40,mid-sep
2025/8/22 7:28:50,middle
2025/8/22 7:28:58,corridor
2025/8/22 7:28:59,side
2025/8/22 8:21:51,corridor
2025/8/22 8:21:51,middle
2025/8/22 8:21:52,mid-sep
2025/8/22 8:22:10,middle
2025/8/22 8:22:29,corridor
2025/8/22 8:22:30,side
2025/8/22 8:22:34,corridor
2025/8/22 8:22:35,middle
2025/8/22 8:22:44,mid-sep
2025/8/22 8:22:55,middle
2025/8/22 8:23:06,corridor
2025/8/22 8:23:07,side
2025/8/22 8:27:04,corridor
2025/8/22 8:27:07,middle
2025/8/22 8:27:08,mid-sep
2025/8/22 8:27:08,middle
2025/8/22 8:27:10,corridor
2025/8/22 8:27:11,side
2025/8/22 9:14:37,corridor
2025/8/22 9:14:38,middle
2025/8/22 9:14:40,mid-sep
2025/8/22 9:14:41,middle
2025/8/22 9:15:20,corridor
2025/8/22 9:15:24,side
2025/8/22 9:15:36,corridor
2025/8/22 9:15:37,middle
2025/8/22 9:15:37,mid-sep
2025/8/22 9:15:42,middle
2025/8/22 9:15:45,corridor
2025/8/22 9:15:47,side
2025/8/22 9:16:21,corridor
2025/8/22 9:16:26,side
2025/8/22 9:20:44,corridor
2025/8/22 9:20:45,side
2025/8/22 9:21:50,corridor
2025/8/22 9:21:51,middle
2025/8/22 9:22:00,corridor
2025/8/22 9:22:07,middle
2025/8/22 9:22:07,mid-sep
2025/8/22 9:22:34,middle
2025/8/22 9:22:45,mid-sep
2025/8/22 9:22:47,middle
2025/8/22 9:23:21,mid-sep
2025/8/22 9:23:24,middle
2025/8/22 9:23:27,corridor
2025/8/22 9:23:28,middle
2025/8/22 9:23:51,corridor
2025/8/22 9:23:52,side
2025/8/22 9:24:35,corridor
2025/8/22 9:24:38,middle
2025/8/22 9:24:56,corridor
2025/8/22 9:24:58,middle
2025/8/22 9:24:59,mid-sep
2025/8/22 9:25:06,middle
2025/8/22 9:25:12,corridor
2025/8/22 9:25:12,side
2025/8/22 9:30:53,corridor
2025/8/22 9:30:57,middle
2025/8/22 9:31:02,corridor
2025/8/22 9:31:02,side
2025/8/22 9:31:04,corridor
2025/8/22 9:31:04,middle
2025/8/22 9:31:23,mid-sep
2025/8/22 9:31:29,middle
2025/8/22 9:31:49,corridor
2025/8/22 9:31:50,side
2025/8/22 11:19:34,corridor
2025/8/22 11:19:36,middle
2025/8/22 11:19:40,mid-sep
2025/8/22 11:20:06,middle
2025/8/22 11:20:24,corridor
2025/8/22 11:20:25,side
2025/8/22 11:23:53,corridor
2025/8/22 11:23:54,middle
2025/8/22 11:23:56,mid-sep
2025/8/22 11:24:17,middle
2025/8/22 11:24:22,corridor
2025/8/22 11:24:24,side
2025/8/22 11:25:07,corridor
2025/8/22 11:25:09,middle
2025/8/22 11:25:10,mid-sep
2025/8/22 11:25:23,middle
2025/8/22 11:25:43,corridor
2025/8/22 11:25:43,side
2025/8/22 11:32:03,corridor
2025/8/22 11:32:06,side
2025/8/22 11:32:43,corridor
2025/8/22 11:32:45,middle
2025/8/22 11:32:53,corridor
2025/8/22 11:32:54,side
2025/8/22 14:20:20,corridor
2025/8/22 14:20:23,middle
2025/8/22 14:20:25,mid-sep
2025/8/22 14:20:36,middle
2025/8/22 14:20:55,corridor
2025/8/22 14:20:56,side
2025/8/22 14:25:41,corridor
2025/8/22 14:25:42,middle
2025/8/22 14:25:45,mid-sep
2025/8/22 14:25:48,middle
2025/8/22 14:25:56,corridor
2025/8/22 14:25:57,side
2025/8/22 16:51:13,corridor
2025/8/22 16:51:14,middle
2025/8/22 16:51:15,mid-sep
2025/8/22 16:51:38,middle
2025/8/22 16:51:53,corridor
2025/8/22 16:51:55,side
2025/8/22 16:53:28,corridor
2025/8/22 16:53:31,middle
2025/8/22 16:53:32,mid-sep
2025/8/22 16:53:33,middle
2025/8/22 16:53:35,corridor
2025/8/22 16:53:36,side
2025/8/22 18:40:57,corridor
2025/8/22 18:40:59,middle
2025/8/22 18:41:00,mid-sep
2025/8/22 18:41:46,middle
2025/8/22 18:42:06,mid-sep
2025/8/22 18:42:07,middle
2025/8/22 18:42:11,corridor
2025/8/22 18:42:14,side
2025/8/22 18:42:26,corridor
2025/8/22 18:42:27,middle
2025/8/22 18:42:28,mid-sep
2025/8/22 18:42:43,middle
2025/8/22 18:42:52,corridor
2025/8/22 18:42:56,side
2025/8/22 18:43:02,corridor
2025/8/22 18:43:08,middle
2025/8/22 18:43:09,mid-sep
2025/8/22 18:43:18,middle
2025/8/22 18:43:20,corridor
2025/8/22 18:43:21,side
2025/8/22 18:45:56,corridor
2025/8/22 18:45:58,middle
2025/8/22 18:45:58,mid-sep
2025/8/22 18:45:59,middle
2025/8/22 18:46:00,corridor
2025/8/22 18:46:01,side
2025/8/22 18:46:52,corridor
2025/8/22 18:46:52,middle
2025/8/22 18:46:52,mid-sep
2025/8/22 18:46:53,middle
2025/8/22 18:48:54,corridor
2025/8/22 18:48:56,side
2025/8/22 18:52:53,corridor
2025/8/22 18:52:54,middle
2025/8/22 18:52:56,corridor
2025/8/22 18:52:57,side
2025/8/22 18:54:01,corridor
2025/8/22 18:54:01,middle
2025/8/22 18:54:02,corridor
2025/8/22 18:54:02,side
2025/8/22 18:58:44,corridor
2025/8/22 18:58:45,middle
2025/8/22 18:58:46,mid-sep
2025/8/22 18:58:48,middle
2025/8/22 18:58:51,corridor
2025/8/22 18:58:56,side
2025/8/22 19:01:43,corridor
2025/8/22 19:01:44,middle
2025/8/22 19:01:57,corridor
2025/8/22 19:01:59,side
2025/8/22 19:03:52,corridor
2025/8/22 19:03:53,middle
2025/8/22 19:03:56,corridor
2025/8/22 19:03:58,side
2025/8/22 19:08:26,corridor
2025/8/22 19:08:27,middle
2025/8/22 19:08:27,corridor
2025/8/22 19:08:28,side
2025/8/22 19:17:29,corridor
2025/8/22 19:17:30,middle
2025/8/22 19:17:31,mid-sep
2025/8/22 19:17:37,middle
2025/8/22 19:17:43,corridor
2025/8/22 19:18:53,side
2025/8/22 19:22:38,corridor
2025/8/22 19:22:38,middle
2025/8/22 19:22:39,mid-sep
2025/8/22 19:22:41,middle
2025/8/22 19:22:43,corridor
2025/8/22 19:22:49,side
2025/8/22 19:29:26,corridor
2025/8/22 19:29:27,middle
2025/8/22 19:29:28,mid-sep
2025/8/22 19:29:30,middle
2025/8/22 19:29:31,corridor
2025/8/22 19:29:34,side
2025/8/22 19:32:22,corridor
2025/8/22 19:32:23,middle
2025/8/22 19:32:24,mid-sep
2025/8/22 19:32:34,middle
2025/8/22 19:32:38,corridor
2025/8/22 19:32:42,side
2025/8/22 19:49:27,corridor
2025/8/22 19:49:27,middle
2025/8/22 19:49:28,mid-sep
2025/8/22 19:49:31,middle
2025/8/22 19:49:32,corridor
2025/8/22 19:49:32,side
2025/8/22 19:56:51,corridor
2025/8/22 19:56:51,middle
2025/8/22 19:56:53,corridor
2025/8/22 19:56:54,side
2025/8/22 20:04:48,corridor
2025/8/22 20:04:49,middle
2025/8/22 20:04:50,mid-sep
2025/8/22 20:05:02,middle
2025/8/22 20:05:21,corridor
2025/8/22 20:05:23,side
2025/8/22 20:10:50,corridor
2025/8/22 20:10:53,side
2025/8/22 20:13:49,corridor
2025/8/22 20:13:50,middle
2025/8/22 20:13:51,corridor
2025/8/22 20:13:52,side
2025/8/22 20:21:44,corridor
2025/8/22 20:21:44,middle
2025/8/22 20:21:45,mid-sep
2025/8/22 20:21:47,middle
2025/8/22 20:21:58,corridor
2025/8/22 20:22:00,side
2025/8/22 20:34:14,corridor
2025/8/22 20:34:15,middle
2025/8/22 20:34:16,mid-sep
2025/8/22 20:34:40,middle
2025/8/22 20:34:42,corridor
2025/8/22 20:34:48,side
2025/8/22 20:48:09,corridor
2025/8/22 20:48:10,middle
2025/8/22 20:48:15,corridor
2025/8/22 20:48:17,side
2025/8/22 21:03:00,corridor
2025/8/22 21:03:01,middle
2025/8/22 21:03:01,mid-sep
2025/8/22 21:03:04,middle
2025/8/22 21:03:05,corridor
2025/8/22 21:03:07,side
2025/8/22 21:07:25,corridor
2025/8/22 21:07:25,middle
2025/8/22 21:07:26,mid-sep
2025/8/22 21:07:27,middle
2025/8/22 21:07:45,corridor
2025/8/22 21:07:49,side
2025/8/22 21:18:01,corridor
2025/8/22 21:18:01,middle
2025/8/22 21:18:03,mid-sep
2025/8/22 21:18:10,middle
2025/8/22 21:18:20,corridor
2025/8/22 21:18:22,side
2025/8/22 21:25:42,corridor
2025/8/22 21:25:42,middle
2025/8/22 21:25:43,mid-sep
2025/8/22 21:25:45,middle
2025/8/22 21:25:54,corridor
2025/8/22 21:25:56,side
2025/8/22 21:27:58,corridor
2025/8/22 21:27:59,middle
2025/8/22 21:28:00,mid-sep
2025/8/22 21:28:03,middle
2025/8/22 21:29:01,mid-sep
2025/8/22 21:29:04,middle
2025/8/22 21:29:06,corridor
2025/8/22 21:29:08,side
2025/8/22 21:33:46,corridor
2025/8/22 21:33:46,middle
2025/8/22 21:33:51,corridor
2025/8/22 21:33:55,side
2025/8/22 21:42:12,corridor
2025/8/22 21:42:12,middle
2025/8/22 21:42:13,mid-sep
2025/8/22 21:42:14,middle
2025/8/22 21:42:21,corridor
2025/8/22 21:42:22,side
2025/8/22 21:48:15,corridor
2025/8/22 21:48:16,side
2025/8/22 21:57:06,corridor
2025/8/22 21:57:06,middle
2025/8/22 21:57:11,mid-sep
2025/8/22 21:57:12,middle
2025/8/22 21:57:18,corridor
2025/8/22 21:57:43,side
2025/8/22 22:04:42,corridor
2025/8/22 22:04:43,middle
2025/8/22 22:04:44,corridor
2025/8/22 22:04:45,side
2025/8/22 22:09:55,corridor
2025/8/22 22:09:56,middle
2025/8/22 22:09:59,corridor
2025/8/22 22:10:01,side
2025/8/22 22:21:11,corridor
2025/8/22 22:21:12,middle
2025/8/22 22:21:12,mid-sep
2025/8/22 22:21:16,middle
2025/8/22 22:21:32,corridor
2025/8/22 22:21:35,side
2025/8/22 22:30:26,corridor
2025/8/22 22:30:26,middle
2025/8/22 22:30:34,corridor
2025/8/22 22:30:36,side
2025/8/22 22:53:13,corridor
2025/8/22 22:53:14,middle
2025/8/22 22:53:16,mid-sep
2025/8/22 22:53:21,middle
2025/8/22 22:53:32,corridor
2025/8/22 22:53:40,side
2025/8/22 23:01:36,corridor
2025/8/22 23:01:37,middle
2025/8/22 23:01:39,corridor
2025/8/22 23:01:41,side
2025/8/22 23:11:28,corridor
2025/8/22 23:11:29,middle
2025/8/22 23:11:32,corridor
2025/8/22 23:11:34,side
2025/8/22 23:31:43,corridor
2025/8/22 23:31:44,middle
2025/8/22 23:31:45,mid-sep
2025/8/22 23:31:47,middle
2025/8/22 23:31:57,mid-sep
2025/8/22 23:32:00,middle
2025/8/22 23:32:03,corridor
2025/8/22 23:32:03,side
2025/8/23 0:10:45,corridor
2025/8/23 0:10:45,middle
2025/8/23 0:10:47,mid-sep
2025/8/23 0:10:53,middle
2025/8/23 0:11:00,mid-sep
2025/8/23 0:11:05,middle
2025/8/23 0:11:08,corridor
2025/8/23 0:11:09,side
2025/8/23 0:54:44,corridor
2025/8/23 0:54:44,middle
2025/8/23 0:54:45,mid-sep
2025/8/23 0:55:19,middle
2025/8/23 0:55:39,mid-sep
2025/8/23 0:55:40,middle
2025/8/23 0:56:00,corridor
2025/8/23 0:56:04,side
2025/8/23 0:56:50,corridor
2025/8/23 0:56:52,middle
2025/8/23 0:56:53,mid-sep
2025/8/23 0:56:58,middle
2025/8/23 0:56:59,corridor
2025/8/23 0:57:02,side
2025/8/23 1:22:18,corridor
2025/8/23 1:22:19,middle
2025/8/23 1:22:22,mid-sep
2025/8/23 1:22:29,middle
2025/8/23 1:22:37,mid-sep
2025/8/23 1:22:38,middle
2025/8/23 1:22:47,corridor
2025/8/23 1:22:49,side
2025/8/23 1:52:50,corridor
2025/8/23 1:52:50,middle
2025/8/23 1:52:55,mid-sep
2025/8/23 1:52:56,middle
2025/8/23 1:52:59,corridor
2025/8/23 1:53:01,side
2025/8/23 1:55:44,corridor
2025/8/23 1:55:46,side
2025/8/23 2:01:08,corridor
2025/8/23 2:01:08,middle
2025/8/23 2:01:10,mid-sep
2025/8/23 2:01:11,middle
2025/8/23 2:01:31,mid-sep
2025/8/23 2:01:35,middle
2025/8/23 2:01:57,corridor
2025/8/23 2:02:00,side
2025/8/23 2:11:30,corridor
2025/8/23 2:11:31,middle
2025/8/23 2:11:33,corridor
2025/8/23 2:11:33,side
2025/8/23 3:42:22,corridor
2025/8/23 3:42:23,middle
2025/8/23 3:42:24,mid-sep
2025/8/23 3:42:26,middle
2025/8/23 3:42:46,mid-sep
2025/8/23 3:42:55,middle
2025/8/23 3:42:59,corridor
2025/8/23 3:43:00,side
2025/8/23 3:48:58,corridor
2025/8/23 3:48:59,middle
2025/8/23 3:48:59,mid-sep
2025/8/23 3:49:00,middle
2025/8/23 3:49:01,corridor
2025/8/23 3:49:02,side
2025/8/23 5:16:29,corridor
2025/8/23 5:16:31,middle
2025/8/23 5:16:33,mid-sep
2025/8/23 5:16:42,middle
2025/8/23 5:16:43,corridor
2025/8/23 5:16:48,side
2025/8/23 5:22:57,corridor
2025/8/23 5:22:57,middle
2025/8/23 5:23:00,corridor
2025/8/23 5:23:01,side
2025/8/23 5:34:04,corridor
2025/8/23 5:34:05,middle
2025/8/23 5:34:06,mid-sep
2025/8/23 5:34:17,middle
2025/8/23 5:34:23,mid-sep
2025/8/23 5:34:28,middle
2025/8/23 5:34:46,corridor
2025/8/23 5:34:49,side
2025/8/23 6:06:29,corridor
2025/8/23 6:06:30,middle
2025/8/23 6:06:31,mid-sep
2025/8/23 6:06:35,middle
2025/8/23 6:06:41,corridor
2025/8/23 6:06:44,side
2025/8/23 6:09:13,corridor
2025/8/23 6:09:14,middle
2025/8/23 6:09:16,mid-sep
2025/8/23 6:09:24,middle
2025/8/23 6:09:34,corridor
2025/8/23 6:09:36,side
2025/8/23 6:12:42,corridor
2025/8/23 6:12:43,middle
2025/8/23 6:12:48,mid-sep
2025/8/23 6:13:05,middle
2025/8/23 6:13:22,mid-sep
2025/8/23 6:13:33,middle
2025/8/23 6:13:38,corridor
2025/8/23 6:13:41,side
2025/8/23 6:26:23,corridor
2025/8/23 6:26:24,middle
2025/8/23 6:26:25,corridor
2025/8/23 6:26:26,side
2025/8/23 6:41:17,corridor
2025/8/23 6:41:18,middle
2025/8/23 6:41:21,mid-sep
2025/8/23 6:41:29,middle
2025/8/23 6:41:38,mid-sep
2025/8/23 6:41:40,middle
2025/8/23 6:42:14,mid-sep
2025/8/23 6:42:16,middle
2025/8/23 6:42:17,corridor
2025/8/23 6:42:19,side
2025/8/23 6:42:28,corridor
2025/8/23 6:42:30,middle
2025/8/23 6:42:31,mid-sep
2025/8/23 6:42:39,middle
2025/8/23 6:42:46,corridor
2025/8/23 6:42:49,side
2025/8/23 6:49:45,corridor
2025/8/23 6:49:45,middle
2025/8/23 6:49:50,mid-sep
2025/8/23 6:49:58,middle
2025/8/23 6:50:03,corridor
2025/8/23 6:50:09,side
2025/8/23 6:58:19,corridor
2025/8/23 6:58:20,middle
2025/8/23 6:58:23,mid-sep
2025/8/23 6:58:29,middle
2025/8/23 6:58:34,corridor
2025/8/23 6:58:36,middle
2025/8/23 6:58:38,mid-sep
2025/8/23 6:58:47,middle
2025/8/23 6:58:55,corridor
2025/8/23 6:59:02,middle
2025/8/23 6:59:07,mid-sep
2025/8/23 6:59:08,middle
2025/8/23 6:59:20,corridor
2025/8/23 6:59:21,side
2025/8/23 6:59:22,corridor
2025/8/23 6:59:25,middle
2025/8/23 6:59:27,mid-sep
2025/8/23 6:59:29,middle
2025/8/23 6:59:33,corridor
2025/8/23 6:59:33,side
2025/8/23 6:59:38,corridor
2025/8/23 6:59:39,middle
2025/8/23 6:59:53,corridor
2025/8/23 6:59:54,side
2025/8/23 6:59:55,corridor
2025/8/23 6:59:59,middle
2025/8/23 7:00:00,mid-sep
2025/8/23 7:00:12,middle
2025/8/23 7:00:26,mid-sep
2025/8/23 7:00:52,middle
2025/8/23 7:01:35,corridor
2025/8/23 7:01:40,middle
2025/8/23 7:01:51,corridor
2025/8/23 7:01:54,side
2025/8/23 7:01:55,corridor
2025/8/23 7:01:56,middle
2025/8/23 7:02:22,mid-sep
2025/8/23 7:02:41,middle
2025/8/23 7:02:51,corridor
2025/8/23 7:02:52,side
2025/8/23 7:02:56,corridor
2025/8/23 7:02:58,middle
2025/8/23 7:03:02,mid-sep
2025/8/23 7:03:35,middle
2025/8/23 7:03:41,mid-sep
2025/8/23 7:04:08,middle
2025/8/23 7:04:38,corridor
2025/8/23 7:04:40,side
2025/8/23 7:08:42,corridor
2025/8/23 7:08:43,middle
2025/8/23 7:08:43,mid-sep
2025/8/23 7:08:48,middle
2025/8/23 7:08:51,corridor
2025/8/23 7:08:52,side
2025/8/23 7:58:13,corridor
2025/8/23 7:58:13,middle
2025/8/23 7:58:14,mid-sep
2025/8/23 7:58:17,middle
2025/8/23 7:58:37,corridor
2025/8/23 7:58:39,side
2025/8/23 8:00:21,corridor
2025/8/23 8:00:23,middle
2025/8/23 8:00:24,corridor
2025/8/23 8:00:28,side
2025/8/23 8:08:39,corridor
2025/8/23 8:08:40,middle
2025/8/23 8:08:40,mid-sep
2025/8/23 8:08:41,middle
2025/8/23 8:08:42,corridor
2025/8/23 8:08:43,side
2025/8/23 8:15:21,corridor
2025/8/23 8:15:21,middle
2025/8/23 8:15:33,corridor
2025/8/23 8:15:36,side
2025/8/23 8:47:37,corridor
2025/8/23 8:47:38,middle
2025/8/23 8:47:41,mid-sep
2025/8/23 8:47:43,middle
2025/8/23 8:48:11,corridor
2025/8/23 8:48:12,side
2025/8/23 9:34:22,corridor
2025/8/23 9:34:22,middle
2025/8/23 9:34:26,mid-sep
2025/8/23 9:34:37,middle
2025/8/23 9:34:47,corridor
2025/8/23 9:34:55,side
2025/8/23 9:39:34,corridor
2025/8/23 9:39:35,middle
2025/8/23 9:39:36,mid-sep
2025/8/23 9:39:45,middle
2025/8/23 9:39:53,mid-sep
2025/8/23 9:39:57,middle
2025/8/23 9:40:00,corridor
2025/8/23 9:40:01,side
2025/8/23 9:42:38,corridor
2025/8/23 9:42:39,middle
2025/8/23 9:43:05,mid-sep
2025/8/23 9:43:10,middle
2025/8/23 9:43:21,mid-sep
2025/8/23 9:43:36,middle
2025/8/23 9:43:37,corridor
2025/8/23 9:43:39,side
2025/8/23 9:43:49,corridor
2025/8/23 9:43:50,middle
2025/8/23 9:43:54,corridor
2025/8/23 9:43:54,side
2025/8/23 9:48:16,corridor
2025/8/23 9:48:16,middle
2025/8/23 9:48:25,corridor
2025/8/23 9:48:26,side
2025/8/23 9:53:42,corridor
2025/8/23 9:53:44,middle
2025/8/23 9:53:50,mid-sep
2025/8/23 9:53:56,middle
2025/8/23 9:54:06,mid-sep
2025/8/23 9:54:10,middle
2025/8/23 9:54:11,corridor
2025/8/23 9:54:13,side
2025/8/23 11:04:48,corridor
2025/8/23 11:04:50,middle
2025/8/23 11:04:50,mid-sep
2025/8/23 11:04:52,middle
2025/8/23 11:05:30,corridor
2025/8/23 11:05:31,side
2025/8/23 12:45:49,corridor
2025/8/23 12:45:50,middle
2025/8/23 12:45:59,mid-sep
2025/8/23 12:46:02,middle
2025/8/23 12:46:20,corridor
2025/8/23 12:46:22,side
2025/8/23 12:47:26,corridor
2025/8/23 12:47:29,middle
2025/8/23 12:47:30,corridor
2025/8/23 12:47:31,side
2025/8/23 14:22:40,corridor
2025/8/23 14:22:43,middle
2025/8/23 14:22:46,mid-sep
2025/8/23 14:22:51,middle
2025/8/23 14:22:59,corridor
2025/8/23 14:23:02,side
2025/8/23 15:56:09,corridor
2025/8/23 15:56:10,middle
2025/8/23 15:56:11,mid-sep
2025/8/23 15:56:12,middle
2025/8/23 15:56:16,corridor
2025/8/23 15:56:18,side
2025/8/23 17:37:57,corridor
2025/8/23 17:37:58,middle
2025/8/23 17:38:00,mid-sep
2025/8/23 17:38:10,middle
2025/8/23 17:38:14,mid-sep
2025/8/23 17:38:17,middle
2025/8/23 17:38:23,mid-sep
2025/8/23 17:38:25,middle
2025/8/23 17:38:29,corridor
2025/8/23 17:38:31,side
2025/8/23 18:33:48,corridor
2025/8/23 18:33:50,middle
2025/8/23 18:33:51,mid-sep
2025/8/23 18:33:55,middle
2025/8/23 18:34:08,corridor
2025/8/23 18:34:12,side
2025/8/23 18:39:12,corridor
2025/8/23 18:39:13,middle
2025/8/23 18:39:16,corridor
2025/8/23 18:39:18,side
2025/8/23 18:43:33,corridor
2025/8/23 18:43:33,middle
2025/8/23 18:43:34,mid-sep
2025/8/23 18:43:57,middle
2025/8/23 18:44:01,corridor
2025/8/23 18:44:05,side
2025/8/23 19:02:51,corridor
2025/8/23 19:02:52,middle
2025/8/23 19:02:53,corridor
2025/8/23 19:02:54,side
2025/8/23 19:19:52,corridor
2025/8/23 19:19:52,middle
2025/8/23 19:19:56,mid-sep
2025/8/23 19:20:07,middle
2025/8/23 19:20:10,corridor
2025/8/23 19:20:13,side
2025/8/23 19:27:07,corridor
2025/8/23 19:27:08,middle
2025/8/23 19:27:09,mid-sep
2025/8/23 19:27:14,middle
2025/8/23 19:27:27,mid-sep
2025/8/23 19:27:35,middle
2025/8/23 19:27:44,corridor
2025/8/23 19:27:47,side
2025/8/23 19:41:01,corridor
2025/8/23 19:41:01,middle
2025/8/23 19:41:02,corridor
2025/8/23 19:41:03,side
2025/8/23 20:03:32,corridor
2025/8/23 20:03:33,middle
2025/8/23 20:03:33,mid-sep
2025/8/23 20:03:34,middle
2025/8/23 20:03:35,corridor
2025/8/23 20:03:37,side
2025/8/23 20:11:14,corridor
2025/8/23 20:11:20,side
2025/8/23 20:25:26,corridor
2025/8/23 20:25:28,side
2025/8/23 20:56:00,corridor
2025/8/23 20:56:01,middle
2025/8/23 20:56:01,corridor
2025/8/23 20:56:02,side
2025/8/23 21:12:57,corridor
2025/8/23 21:12:57,middle
2025/8/23 21:12:58,mid-sep
2025/8/23 21:13:07,middle
2025/8/23 21:13:11,corridor
2025/8/23 21:13:13,side
2025/8/23 21:35:45,corridor
2025/8/23 21:35:46,middle
2025/8/23 21:35:50,mid-sep
2025/8/23 21:35:53,middle
2025/8/23 21:36:16,mid-sep
2025/8/23 21:36:18,middle
2025/8/23 21:36:25,corridor
2025/8/23 21:36:30,side
2025/8/23 22:08:28,corridor
2025/8/23 22:08:30,middle
2025/8/23 22:08:31,mid-sep
2025/8/23 22:08:39,middle
2025/8/23 22:08:42,corridor
2025/8/23 22:08:45,side
2025/8/23 22:36:06,corridor
2025/8/23 22:36:07,middle
2025/8/23 22:36:07,mid-sep
2025/8/23 22:36:14,middle
2025/8/23 22:36:33,corridor
2025/8/23 22:36:40,side
2025/8/23 23:02:08,corridor
2025/8/23 23:02:08,middle
2025/8/23 23:02:11,mid-sep
2025/8/23 23:02:17,middle
2025/8/23 23:02:30,mid-sep
2025/8/23 23:02:58,middle
2025/8/23 23:02:59,corridor
2025/8/23 23:03:01,side
2025/8/23 23:33:21,corridor
2025/8/23 23:33:22,middle
2025/8/23 23:33:22,mid-sep
2025/8/23 23:33:23,middle
2025/8/23 23:33:40,mid-sep
2025/8/23 23:33:45,middle
2025/8/23 23:34:00,corridor
2025/8/23 23:34:06,side
2025/8/24 0:53:18,corridor
2025/8/24 0:53:19,middle
2025/8/24 0:53:20,mid-sep
2025/8/24 0:53:23,middle
2025/8/24 0:53:30,mid-sep
2025/8/24 0:53:39,middle
2025/8/24 0:53:51,mid-sep
2025/8/24 0:53:55,middle
2025/8/24 0:53:58,corridor
2025/8/24 0:54:06,side
2025/8/24 0:54:36,corridor
2025/8/24 0:54:38,middle
2025/8/24 0:54:41,mid-sep
2025/8/24 0:55:08,middle
2025/8/24 0:55:27,mid-sep
2025/8/24 0:56:05,middle
2025/8/24 0:56:16,corridor
2025/8/24 0:56:17,side
2025/8/24 0:56:59,corridor
2025/8/24 0:56:59,middle
2025/8/24 0:57:00,mid-sep
2025/8/24 0:57:07,middle
2025/8/24 0:57:11,corridor
2025/8/24 0:57:15,side
2025/8/24 0:57:32,corridor
2025/8/24 0:57:34,middle
2025/8/24 0:57:37,mid-sep
2025/8/24 0:57:47,middle
2025/8/24 0:57:49,corridor
2025/8/24 0:57:50,side
2025/8/24 1:10:10,corridor
2025/8/24 1:10:10,middle
2025/8/24 1:10:11,mid-sep
2025/8/24 1:10:13,middle
2025/8/24 1:10:31,mid-sep
2025/8/24 1:10:35,middle
2025/8/24 1:10:44,mid-sep
2025/8/24 1:10:44,middle
2025/8/24 1:10:46,corridor
2025/8/24 1:10:48,side
2025/8/24 1:15:58,corridor
2025/8/24 1:15:59,middle
2025/8/24 1:15:59,mid-sep
2025/8/24 1:15:59,middle
2025/8/24 1:16:00,corridor
2025/8/24 1:16:06,side
2025/8/24 1:22:14,corridor
2025/8/24 1:22:15,middle
2025/8/24 1:22:18,mid-sep
2025/8/24 1:22:31,middle
2025/8/24 1:22:36,corridor
2025/8/24 1:22:39,side
2025/8/24 2:02:47,corridor
2025/8/24 2:02:48,middle
2025/8/24 2:02:48,mid-sep
2025/8/24 2:02:51,middle
2025/8/24 2:02:54,corridor
2025/8/24 2:02:57,side
2025/8/24 2:07:52,corridor
2025/8/24 2:07:52,middle
2025/8/24 2:07:54,corridor
2025/8/24 2:07:54,side
2025/8/24 2:22:22,corridor
2025/8/24 2:22:23,middle
2025/8/24 2:22:25,mid-sep
2025/8/24 2:22:39,middle
2025/8/24 2:22:41,corridor
2025/8/24 2:22:43,side
2025/8/24 2:52:52,corridor
2025/8/24 2:52:53,middle
2025/8/24 2:52:54,mid-sep
2025/8/24 2:52:56,middle
2025/8/24 2:52:57,corridor
2025/8/24 2:52:58,side
2025/8/24 4:03:43,corridor
2025/8/24 4:03:44,middle
2025/8/24 4:03:46,mid-sep
2025/8/24 4:03:58,middle
2025/8/24 4:03:59,corridor
2025/8/24 4:04:00,side
2025/8/24 4:09:35,corridor
2025/8/24 4:09:37,middle
2025/8/24 4:09:38,corridor
2025/8/24 4:09:40,side
2025/8/24 4:15:10,corridor
2025/8/24 4:15:12,middle
2025/8/24 4:15:12,mid-sep
2025/8/24 4:15:14,middle
2025/8/24 4:15:16,corridor
2025/8/24 4:15:20,side
2025/8/24 4:46:05,corridor
2025/8/24 4:46:07,middle
2025/8/24 4:46:08,mid-sep
2025/8/24 4:46:10,middle
2025/8/24 4:46:11,corridor
2025/8/24 4:46:17,side
2025/8/24 4:50:03,corridor
2025/8/24 4:50:04,middle
2025/8/24 4:50:07,mid-sep
2025/8/24 4:50:16,middle
2025/8/24 4:50:27,mid-sep
2025/8/24 4:50:37,middle
2025/8/24 4:50:41,corridor
2025/8/24 4:50:48,side
2025/8/24 5:56:59,corridor
2025/8/24 5:57:01,middle
2025/8/24 5:57:02,mid-sep
2025/8/24 5:57:32,middle
2025/8/24 5:57:34,corridor
2025/8/24 5:57:35,side
2025/8/24 5:58:55,corridor
2025/8/24 5:58:58,middle
2025/8/24 5:59:01,mid-sep
2025/8/24 5:59:20,middle
2025/8/24 5:59:23,corridor
2025/8/24 5:59:29,side
2025/8/24 6:01:14,corridor
2025/8/24 6:01:15,middle
2025/8/24 6:01:16,mid-sep
2025/8/24 6:01:17,middle
2025/8/24 6:01:17,corridor
2025/8/24 6:01:17,side
2025/8/24 6:09:19,corridor
2025/8/24 6:09:21,side
2025/8/24 6:10:07,corridor
2025/8/24 6:10:07,middle
2025/8/24 6:10:09,mid-sep
2025/8/24 6:10:12,middle
2025/8/24 6:10:20,mid-sep
2025/8/24 6:10:33,middle
2025/8/24 6:10:39,corridor
2025/8/24 6:10:41,side
2025/8/24 6:15:12,corridor
2025/8/24 6:15:13,middle
2025/8/24 6:15:14,corridor
2025/8/24 6:15:14,side
2025/8/24 6:20:08,corridor
2025/8/24 6:20:10,middle
2025/8/24 6:20:17,corridor
2025/8/24 6:20:20,side
2025/8/24 6:20:28,corridor
2025/8/24 6:20:29,middle
2025/8/24 6:20:44,corridor
2025/8/24 6:20:45,side
2025/8/24 6:24:11,corridor
2025/8/24 6:24:11,middle
2025/8/24 6:24:12,mid-sep
2025/8/24 6:24:22,middle
2025/8/24 6:24:33,corridor
2025/8/24 6:24:34,middle
2025/8/24 6:24:36,mid-sep
2025/8/24 6:24:49,middle
2025/8/24 6:24:55,mid-sep
2025/8/24 6:25:08,middle
2025/8/24 6:25:19,corridor
2025/8/24 6:25:21,side
2025/8/24 6:41:21,corridor
2025/8/24 6:41:22,middle
2025/8/24 6:41:23,corridor
2025/8/24 6:41:23,side
2025/8/24 6:41:34,corridor
2025/8/24 6:41:35,middle
2025/8/24 6:41:36,corridor
2025/8/24 6:41:39,side
2025/8/24 6:42:13,corridor
2025/8/24 6:42:14,middle
2025/8/24 6:42:15,mid-sep
2025/8/24 6:42:16,middle
2025/8/24 6:42:17,corridor
2025/8/24 6:42:18,side
2025/8/24 6:44:23,corridor
2025/8/24 6:44:23,middle
2025/8/24 6:44:25,mid-sep
2025/8/24 6:44:26,middle
2025/8/24 6:44:47,corridor
2025/8/24 6:44:49,side
2025/8/24 6:44:50,corridor
2025/8/24 6:44:51,middle
2025/8/24 6:44:52,mid-sep
2025/8/24 6:45:12,middle
2025/8/24 6:45:13,corridor
2025/8/24 6:45:18,side
2025/8/24 7:05:50,corridor
2025/8/24 7:05:52,middle
2025/8/24 7:05:53,mid-sep
2025/8/24 7:05:56,middle
2025/8/24 7:06:03,mid-sep
2025/8/24 7:06:07,middle
2025/8/24 7:06:47,corridor
2025/8/24 7:06:49,side
2025/8/24 7:09:14,corridor
2025/8/24 7:09:15,middle
2025/8/24 7:09:41,mid-sep
2025/8/24 7:09:45,middle
2025/8/24 7:09:48,corridor
2025/8/24 7:09:49,side
2025/8/24 7:11:20,corridor
2025/8/24 7:11:21,middle
2025/8/24 7:11:33,corridor
2025/8/24 7:11:35,middle
2025/8/24 7:11:38,mid-sep
2025/8/24 7:11:51,middle
2025/8/24 7:12:03,mid-sep
2025/8/24 7:12:31,middle
2025/8/24 7:12:35,mid-sep
2025/8/24 7:12:44,middle
2025/8/24 7:13:28,mid-sep
2025/8/24 7:13:45,middle
2025/8/24 7:14:08,corridor
2025/8/24 7:14:09,side
2025/8/24 7:14:50,corridor
2025/8/24 7:14:52,middle
2025/8/24 7:14:55,corridor
2025/8/24 7:14:55,side
2025/8/24 8:34:57,corridor
2025/8/24 8:34:58,middle
2025/8/24 8:35:00,mid-sep
2025/8/24 8:35:03,middle
2025/8/24 8:35:22,corridor
2025/8/24 8:35:29,side
2025/8/24 8:35:32,corridor
2025/8/24 8:35:37,middle
2025/8/24 8:35:43,mid-sep
2025/8/24 8:35:56,middle
2025/8/24 8:36:11,mid-sep
2025/8/24 8:36:36,middle
2025/8/24 8:36:39,corridor
2025/8/24 8:36:42,side
2025/8/24 8:37:39,corridor
2025/8/24 8:37:41,middle
2025/8/24 8:37:43,mid-sep
2025/8/24 8:38:06,middle
2025/8/24 8:38:56,mid-sep
2025/8/24 8:39:27,middle
2025/8/24 8:39:36,corridor
2025/8/24 8:39:37,side
2025/8/24 8:51:21,corridor
2025/8/24 8:51:25,middle
2025/8/24 8:51:53,corridor
2025/8/24 8:51:55,side
2025/8/24 8:51:58,corridor
2025/8/24 8:52:04,side
2025/8/24 8:52:14,corridor
2025/8/24 8:52:15,middle
2025/8/24 8:52:15,mid-sep
2025/8/24 8:52:17,middle
2025/8/24 8:52:27,corridor
2025/8/24 8:52:27,side
2025/8/24 8:52:43,corridor
2025/8/24 8:52:47,middle
2025/8/24 8:53:01,corridor
2025/8/24 8:53:02,side
2025/8/24 8:53:04,corridor
2025/8/24 8:53:06,middle
2025/8/24 8:53:07,mid-sep
2025/8/24 8:53:19,middle
2025/8/24 8:53:22,mid-sep
2025/8/24 8:53:49,middle
2025/8/24 8:54:02,mid-sep
2025/8/24 8:54:08,middle
2025/8/24 8:54:14,corridor
2025/8/24 8:54:18,side
2025/8/24 8:54:43,corridor
2025/8/24 8:54:44,middle
2025/8/24 8:54:57,mid-sep
2025/8/24 8:55:16,middle
2025/8/24 8:55:32,corridor
2025/8/24 8:55:33,side
2025/8/24 9:05:11,corridor
2025/8/24 9:05:12,middle
2025/8/24 9:05:14,corridor
2025/8/24 9:05:14,side
2025/8/24 9:05:26,corridor
2025/8/24 9:05:28,middle
2025/8/24 9:05:31,corridor
2025/8/24 9:05:32,side
2025/8/24 9:08:38,corridor
2025/8/24 9:08:40,side
2025/8/24 11:48:57,corridor
2025/8/24 11:48:57,middle
2025/8/24 11:49:00,mid-sep
2025/8/24 11:49:03,middle
2025/8/24 11:49:32,corridor
2025/8/24 11:49:33,side
2025/8/24 13:35:47,corridor
2025/8/24 13:35:49,middle
2025/8/24 13:35:50,mid-sep
2025/8/24 13:35:57,middle
2025/8/24 13:36:15,mid-sep
2025/8/24 13:36:17,middle
2025/8/24 13:36:18,corridor
2025/8/24 13:36:19,side
2025/8/24 15:47:22,corridor
2025/8/24 15:47:23,middle
2025/8/24 15:47:24,mid-sep
2025/8/24 15:47:29,middle
2025/8/24 15:47:50,corridor
2025/8/24 15:47:52,side
2025/8/24 17:52:18,corridor
2025/8/24 17:52:20,middle
2025/8/24 17:52:20,mid-sep
2025/8/24 17:52:21,middle
2025/8/24 17:52:28,corridor
2025/8/24 17:52:31,side
2025/8/24 17:52:53,corridor
2025/8/24 17:52:54,middle
2025/8/24 17:53:02,corridor
2025/8/24 17:53:04,side
2025/8/24 18:31:36,corridor
2025/8/24 18:31:37,middle
2025/8/24 18:31:37,mid-sep
2025/8/24 18:31:38,middle
2025/8/24 18:31:50,mid-sep
2025/8/24 18:32:00,middle
2025/8/24 18:32:05,mid-sep
2025/8/24 18:32:11,middle
2025/8/24 18:32:49,mid-sep
2025/8/24 18:34:06,middle
2025/8/24 18:34:58,corridor
2025/8/24 18:35:00,side
2025/8/24 18:36:07,corridor
2025/8/24 18:36:07,middle
2025/8/24 18:36:08,mid-sep
2025/8/24 18:36:19,middle
2025/8/24 18:38:06,mid-sep
2025/8/24 18:38:13,middle
2025/8/24 18:38:42,corridor
2025/8/24 18:38:43,side
2025/8/24 18:51:58,corridor
2025/8/24 18:51:58,middle
2025/8/24 18:51:59,mid-sep
2025/8/24 18:52:00,middle
2025/8/24 18:52:01,corridor
2025/8/24 18:52:02,side
2025/8/24 18:55:03,corridor
2025/8/24 18:55:04,middle
2025/8/24 18:55:05,corridor
2025/8/24 18:55:06,side
2025/8/24 19:13:03,corridor
2025/8/24 19:13:03,middle
2025/8/24 19:13:03,mid-sep
2025/8/24 19:13:04,middle
2025/8/24 19:13:04,corridor
2025/8/24 19:13:05,side
2025/8/24 19:18:00,corridor
2025/8/24 19:18:01,middle
2025/8/24 19:18:01,mid-sep
2025/8/24 19:18:03,middle
2025/8/24 19:18:04,corridor
2025/8/24 19:18:05,side
2025/8/24 19:33:11,corridor
2025/8/24 19:33:12,middle
2025/8/24 19:33:12,mid-sep
2025/8/24 19:33:15,middle
2025/8/24 19:33:23,corridor
2025/8/24 19:33:24,side
2025/8/24 19:43:45,corridor
2025/8/24 19:43:46,middle
2025/8/24 19:43:46,mid-sep
2025/8/24 19:43:47,middle
2025/8/24 19:43:49,corridor
2025/8/24 19:43:52,side
2025/8/24 20:17:02,corridor
2025/8/24 20:17:02,middle
2025/8/24 20:17:03,mid-sep
2025/8/24 20:17:06,middle
2025/8/24 20:17:20,mid-sep
2025/8/24 20:17:22,middle
2025/8/24 20:17:23,corridor
2025/8/24 20:17:27,side
2025/8/24 20:35:40,corridor
2025/8/24 20:35:40,middle
2025/8/24 20:35:42,mid-sep
2025/8/24 20:35:53,middle
2025/8/24 20:35:57,corridor
2025/8/24 20:36:01,side
2025/8/24 20:38:47,corridor
2025/8/24 20:38:48,side
2025/8/24 21:05:49,corridor
2025/8/24 21:05:49,middle
2025/8/24 21:05:50,corridor
2025/8/24 21:05:51,side
2025/8/24 21:22:24,corridor
2025/8/24 21:22:25,middle
2025/8/24 21:22:26,mid-sep
2025/8/24 21:22:28,middle
2025/8/24 21:22:52,corridor
2025/8/24 21:22:54,side
2025/8/24 21:39:07,corridor
2025/8/24 21:39:08,middle
2025/8/24 21:39:10,mid-sep
2025/8/24 21:39:37,middle
2025/8/24 21:39:43,corridor
2025/8/24 21:39:48,side
2025/8/24 21:49:45,corridor
2025/8/24 21:49:47,middle
2025/8/24 21:49:48,mid-sep
2025/8/24 21:49:50,middle
2025/8/24 21:49:52,corridor
2025/8/24 21:49:54,side
2025/8/24 22:15:17,corridor
2025/8/24 22:15:18,middle
2025/8/24 22:15:20,mid-sep
2025/8/24 22:15:51,middle
2025/8/24 22:15:57,corridor
2025/8/24 22:16:03,side
2025/8/24 22:23:03,corridor
2025/8/24 22:23:04,middle
2025/8/24 22:23:04,mid-sep
2025/8/24 22:23:05,middle
2025/8/24 22:23:06,corridor
2025/8/24 22:23:09,side
2025/8/24 22:33:40,corridor
2025/8/24 22:33:41,middle
2025/8/24 22:33:45,mid-sep
2025/8/24 22:34:21,middle
2025/8/24 22:34:41,mid-sep
2025/8/24 22:35:23,middle
2025/8/24 22:35:31,corridor
2025/8/24 22:35:35,side
2025/8/24 22:35:40,corridor
2025/8/24 22:35:40,middle
2025/8/24 22:35:44,mid-sep
2025/8/24 22:36:19,middle
2025/8/24 22:36:23,corridor
2025/8/24 22:36:26,side
2025/8/24 22:37:55,corridor
2025/8/24 22:37:56,middle
2025/8/24 22:38:08,mid-sep
2025/8/24 22:38:12,middle
2025/8/24 22:38:13,corridor
2025/8/24 22:38:16,side
2025/8/24 22:43:54,corridor
2025/8/24 22:43:54,middle
2025/8/24 22:43:55,mid-sep
2025/8/24 22:43:56,middle
2025/8/24 22:43:56,corridor
2025/8/24 22:43:57,side
2025/8/24 22:52:00,corridor
2025/8/24 22:52:02,middle
2025/8/24 22:52:03,mid-sep
2025/8/24 22:52:04,middle
2025/8/24 22:52:06,corridor
2025/8/24 22:52:08,side
2025/8/24 23:10:31,corridor
2025/8/24 23:10:32,middle
2025/8/24 23:10:32,mid-sep
2025/8/24 23:10:32,middle
2025/8/24 23:10:33,corridor
2025/8/24 23:10:34,side
2025/8/24 23:20:32,corridor
2025/8/24 23:20:32,middle
2025/8/24 23:20:33,mid-sep
2025/8/24 23:20:34,middle
2025/8/24 23:21:01,mid-sep
2025/8/24 23:21:08,middle
2025/8/24 23:21:11,corridor
2025/8/24 23:21:14,side
2025/8/24 23:34:16,corridor
2025/8/24 23:34:19,side
2025/8/24 23:44:53,corridor
2025/8/24 23:44:54,middle
2025/8/24 23:44:55,corridor
2025/8/24 23:44:56,side
2025/8/24 23:57:50,corridor
2025/8/24 23:57:51,middle
2025/8/24 23:57:51,mid-sep
2025/8/24 23:57:52,middle
2025/8/24 23:58:38,mid-sep
2025/8/24 23:58:43,middle
2025/8/24 23:58:44,corridor
2025/8/24 23:58:48,side
2025/8/25 0:10:58,corridor
2025/8/25 0:10:58,middle
2025/8/25 0:11:00,mid-sep
2025/8/25 0:11:19,middle
2025/8/25 0:11:34,mid-sep
2025/8/25 0:11:50,middle
2025/8/25 0:11:57,corridor
2025/8/25 0:12:00,side
2025/8/25 0:12:25,corridor
2025/8/25 0:12:25,middle
2025/8/25 0:12:26,mid-sep
2025/8/25 0:12:28,middle
2025/8/25 0:12:38,corridor
2025/8/25 0:12:38,side
2025/8/25 0:15:28,corridor
2025/8/25 0:15:28,middle
2025/8/25 0:15:30,mid-sep
2025/8/25 0:16:34,middle
2025/8/25 0:16:40,mid-sep
2025/8/25 0:18:43,middle
2025/8/25 0:18:49,corridor
2025/8/25 0:18:57,side
2025/8/25 0:19:04,corridor
2025/8/25 0:19:06,middle
2025/8/25 0:19:09,mid-sep
2025/8/25 0:19:42,middle
2025/8/25 0:19:44,corridor
2025/8/25 0:19:47,side
2025/8/25 0:20:15,corridor
2025/8/25 0:20:16,middle
2025/8/25 0:20:16,mid-sep
2025/8/25 0:20:17,middle
2025/8/25 0:20:21,corridor
2025/8/25 0:20:21,side
2025/8/25 0:26:58,corridor
2025/8/25 0:26:59,middle
2025/8/25 0:27:00,mid-sep
2025/8/25 0:27:01,middle
2025/8/25 0:27:07,mid-sep
2025/8/25 0:27:11,middle
2025/8/25 0:27:16,corridor
2025/8/25 0:27:17,side
2025/8/25 0:35:34,corridor
2025/8/25 0:35:34,middle
2025/8/25 0:35:35,mid-sep
2025/8/25 0:35:36,middle
2025/8/25 0:35:36,corridor
2025/8/25 0:35:36,side
2025/8/25 1:29:54,corridor
2025/8/25 1:29:55,middle
2025/8/25 1:29:58,mid-sep
2025/8/25 1:30:09,middle
2025/8/25 1:30:13,corridor
2025/8/25 1:30:15,side
2025/8/25 1:32:13,corridor
2025/8/25 1:32:14,middle
2025/8/25 1:32:22,mid-sep
2025/8/25 1:32:41,middle
2025/8/25 1:32:44,corridor
2025/8/25 1:32:45,side
2025/8/25 1:35:52,corridor
2025/8/25 1:35:53,middle
2025/8/25 1:35:54,mid-sep
2025/8/25 1:36:03,middle
2025/8/25 1:36:06,corridor
2025/8/25 1:36:07,side
2025/8/25 1:39:28,corridor
2025/8/25 1:39:28,middle
2025/8/25 1:39:30,mid-sep
2025/8/25 1:39:46,middle
2025/8/25 1:39:48,corridor
2025/8/25 1:39:49,side
2025/8/25 1:46:31,corridor
2025/8/25 1:46:31,middle
2025/8/25 1:46:32,mid-sep
2025/8/25 1:46:33,middle
2025/8/25 1:46:35,corridor
2025/8/25 1:46:35,side
2025/8/25 3:11:24,corridor
2025/8/25 3:11:24,middle
2025/8/25 3:11:26,mid-sep
2025/8/25 3:11:32,middle
2025/8/25 3:11:52,corridor
2025/8/25 3:11:54,side
2025/8/25 3:15:30,corridor
2025/8/25 3:15:30,middle
2025/8/25 3:15:31,mid-sep
2025/8/25 3:15:31,middle
2025/8/25 3:16:18,mid-sep
2025/8/25 3:17:00,middle
2025/8/25 3:17:14,mid-sep
2025/8/25 3:17:30,middle
2025/8/25 3:17:32,corridor
2025/8/25 3:17:44,side
2025/8/25 3:20:43,corridor
2025/8/25 3:20:44,middle
2025/8/25 3:20:44,mid-sep
2025/8/25 3:20:45,middle
2025/8/25 3:20:49,corridor
2025/8/25 3:20:50,side
2025/8/25 3:22:28,corridor
2025/8/25 3:22:28,middle
2025/8/25 3:22:29,mid-sep
2025/8/25 3:22:30,middle
2025/8/25 3:22:31,corridor
2025/8/25 3:22:33,side
2025/8/25 3:26:03,corridor
2025/8/25 3:26:05,side
2025/8/25 4:27:26,corridor
2025/8/25 4:27:27,middle
2025/8/25 4:27:30,mid-sep
2025/8/25 4:28:04,middle
2025/8/25 4:28:05,corridor
2025/8/25 4:28:06,side
2025/8/25 4:28:11,corridor
2025/8/25 4:28:12,middle
2025/8/25 4:28:16,mid-sep
2025/8/25 4:28:28,middle
2025/8/25 4:28:32,corridor
2025/8/25 4:28:50,side
2025/8/25 4:29:19,corridor
2025/8/25 4:29:19,middle
2025/8/25 4:29:34,mid-sep
2025/8/25 4:29:39,middle
2025/8/25 4:29:42,corridor
2025/8/25 4:29:43,side
2025/8/25 4:32:05,corridor
2025/8/25 4:32:05,middle
2025/8/25 4:32:06,mid-sep
2025/8/25 4:32:06,middle
2025/8/25 4:33:15,corridor
2025/8/25 4:33:17,side
2025/8/25 4:48:27,corridor
2025/8/25 4:48:28,side
2025/8/25 5:01:13,corridor
2025/8/25 5:01:14,middle
2025/8/25 5:01:15,mid-sep
2025/8/25 5:01:17,middle
2025/8/25 5:01:35,corridor
2025/8/25 5:01:35,side
2025/8/25 5:04:50,corridor
2025/8/25 5:04:51,middle
2025/8/25 5:04:53,corridor
2025/8/25 5:04:54,side
2025/8/25 6:09:22,corridor
2025/8/25 6:09:23,middle
2025/8/25 6:09:25,mid-sep
2025/8/25 6:10:00,middle
2025/8/25 6:10:08,mid-sep
2025/8/25 6:10:38,middle
2025/8/25 6:10:42,corridor
2025/8/25 6:10:46,side
2025/8/25 6:10:55,corridor
2025/8/25 6:10:56,middle
2025/8/25 6:10:57,mid-sep
2025/8/25 6:10:59,middle
2025/8/25 6:11:01,corridor
2025/8/25 6:11:04,side
2025/8/25 6:18:41,corridor
2025/8/25 6:18:42,middle
2025/8/25 6:18:43,mid-sep
2025/8/25 6:18:43,middle
2025/8/25 6:18:44,corridor
2025/8/25 6:18:45,side
2025/8/25 6:29:17,corridor
2025/8/25 6:29:17,middle
2025/8/25 6:29:18,mid-sep
2025/8/25 6:29:20,middle
2025/8/25 6:29:29,corridor
2025/8/25 6:29:29,side
2025/8/25 6:41:59,corridor
2025/8/25 6:42:00,middle
2025/8/25 6:42:01,corridor
2025/8/25 6:42:03,side
2025/8/25 6:51:02,corridor
2025/8/25 6:51:02,middle
2025/8/25 6:51:03,mid-sep
2025/8/25 6:51:15,middle
2025/8/25 6:51:21,mid-sep
2025/8/25 6:51:24,middle
2025/8/25 6:51:40,mid-sep
2025/8/25 6:51:41,middle
2025/8/25 6:51:47,corridor
2025/8/25 6:51:49,side
2025/8/25 6:55:27,corridor
2025/8/25 6:55:27,middle
2025/8/25 6:55:44,corridor
2025/8/25 6:55:45,side
2025/8/25 6:58:06,corridor
2025/8/25 6:58:06,middle
2025/8/25 6:58:29,mid-sep
2025/8/25 6:58:34,middle
2025/8/25 6:58:48,corridor
2025/8/25 6:58:50,side
2025/8/25 7:00:50,corridor
2025/8/25 7:00:55,side
2025/8/25 7:01:03,corridor
2025/8/25 7:01:03,middle
2025/8/25 7:01:17,mid-sep
2025/8/25 7:01:38,middle
2025/8/25 7:01:53,mid-sep
2025/8/25 7:01:54,middle
2025/8/25 7:02:09,corridor
2025/8/25 7:02:10,side
2025/8/25 7:06:08,corridor
2025/8/25 7:06:08,middle
2025/8/25 7:06:08,mid-sep
2025/8/25 7:06:10,middle
2025/8/25 7:06:15,corridor
2025/8/25 7:06:17,side
2025/8/25 7:08:19,corridor
2025/8/25 7:08:20,middle
2025/8/25 7:08:21,corridor
2025/8/25 7:08:21,side
2025/8/25 7:11:23,corridor
2025/8/25 7:11:24,middle
2025/8/25 7:11:24,mid-sep
2025/8/25 7:11:25,middle
2025/8/25 7:11:26,corridor
2025/8/25 7:11:26,side
2025/8/25 7:11:40,corridor
2025/8/25 7:11:41,middle
2025/8/25 7:11:42,mid-sep
2025/8/25 7:11:45,middle
2025/8/25 7:12:06,corridor
2025/8/25 7:12:07,side
2025/8/25 7:14:03,corridor
2025/8/25 7:14:03,middle
2025/8/25 7:14:16,corridor
2025/8/25 7:14:18,side
2025/8/25 8:49:55,corridor
2025/8/25 8:49:57,middle
2025/8/25 8:50:00,mid-sep
2025/8/25 8:50:19,middle
2025/8/25 8:50:22,corridor
2025/8/25 8:50:23,side
2025/8/25 8:51:20,corridor
2025/8/25 8:51:22,middle
2025/8/25 8:51:29,mid-sep
2025/8/25 8:51:41,middle
2025/8/25 8:51:46,mid-sep
2025/8/25 8:51:53,middle
2025/8/25 8:52:01,corridor
2025/8/25 8:52:02,side
2025/8/25 8:53:13,corridor
2025/8/25 8:53:16,middle
2025/8/25 8:53:16,mid-sep
2025/8/25 8:53:21,middle
2025/8/25 8:53:30,corridor
2025/8/25 8:53:31,side
2025/8/25 8:53:33,corridor
2025/8/25 8:53:33,middle
2025/8/25 8:53:58,mid-sep
2025/8/25 8:54:20,middle
2025/8/25 8:54:25,mid-sep
2025/8/25 8:54:29,middle
2025/8/25 8:54:44,corridor
2025/8/25 8:54:44,side
2025/8/25 8:54:53,corridor
2025/8/25 8:54:54,middle
2025/8/25 8:55:21,mid-sep
2025/8/25 8:55:50,middle
2025/8/25 8:56:02,mid-sep
2025/8/25 8:56:09,middle
2025/8/25 8:56:26,corridor
2025/8/25 8:56:27,middle
2025/8/25 8:56:40,corridor
2025/8/25 8:56:40,side
2025/8/25 8:59:03,corridor
2025/8/25 8:59:03,middle
2025/8/25 9:00:18,mid-sep
2025/8/25 9:00:22,middle
2025/8/25 9:00:32,corridor
2025/8/25 9:00:33,side
2025/8/25 9:00:43,corridor
2025/8/25 9:00:44,middle
2025/8/25 9:00:44,mid-sep
2025/8/25 9:00:45,middle
2025/8/25 9:00:49,corridor
2025/8/25 9:00:49,side
2025/8/25 9:01:34,corridor
2025/8/25 9:01:35,middle
2025/8/25 9:01:35,mid-sep
2025/8/25 9:01:36,middle
2025/8/25 9:01:38,corridor
2025/8/25 9:01:38,side
2025/8/25 9:02:44,corridor
2025/8/25 9:02:45,middle
2025/8/25 9:02:48,mid-sep
2025/8/25 9:02:56,middle
2025/8/25 9:03:04,corridor
2025/8/25 9:03:04,side
2025/8/25 9:08:55,corridor
2025/8/25 9:08:56,middle
2025/8/25 9:09:00,mid-sep
2025/8/25 9:09:01,middle
2025/8/25 9:09:14,corridor
2025/8/25 9:09:15,side
2025/8/25 9:09:39,corridor
2025/8/25 9:09:40,side
2025/8/25 9:10:27,corridor
2025/8/25 9:10:27,middle
2025/8/25 9:10:28,mid-sep
2025/8/25 9:10:29,middle
2025/8/25 9:11:12,corridor
2025/8/25 9:11:13,side
2025/8/25 9:16:46,corridor
2025/8/25 9:16:47,middle
2025/8/25 9:16:50,mid-sep
2025/8/25 9:16:59,middle
2025/8/25 9:17:24,corridor
2025/8/25 9:17:26,side
2025/8/25 9:17:54,corridor
2025/8/25 9:17:54,middle
2025/8/25 9:18:16,mid-sep
2025/8/25 9:18:32,middle
2025/8/25 9:18:38,mid-sep
2025/8/25 9:18:57,middle
2025/8/25 9:19:02,mid-sep
2025/8/25 9:19:23,middle
2025/8/25 9:19:32,mid-sep
2025/8/25 9:19:35,middle
2025/8/25 9:19:53,corridor
2025/8/25 9:19:54,side
2025/8/25 9:22:40,corridor
2025/8/25 9:22:41,middle
2025/8/25 9:22:52,corridor
2025/8/25 9:22:53,side
2025/8/25 10:35:23,corridor
2025/8/25 10:35:25,middle
2025/8/25 10:35:28,mid-sep
2025/8/25 10:35:54,middle
2025/8/25 10:36:05,mid-sep
2025/8/25 10:36:41,middle
2025/8/25 10:36:50,mid-sep
2025/8/25 10:37:11,middle
2025/8/25 10:37:30,mid-sep
2025/8/25 10:37:42,middle
2025/8/25 10:37:46,corridor
2025/8/25 10:37:51,side
2025/8/25 10:38:03,corridor
2025/8/25 10:38:03,middle
2025/8/25 10:38:27,mid-sep
2025/8/25 10:38:52,middle
2025/8/25 10:39:27,corridor
2025/8/25 10:39:33,middle
2025/8/25 10:39:34,mid-sep
2025/8/25 10:39:40,middle
2025/8/25 10:39:45,corridor
2025/8/25 10:39:46,side
2025/8/25 11:53:31,corridor
2025/8/25 11:53:31,middle
2025/8/25 11:53:32,mid-sep
2025/8/25 11:53:38,middle
2025/8/25 11:53:41,corridor
2025/8/25 11:53:42,side
2025/8/25 11:57:59,corridor
2025/8/25 11:58:00,middle
2025/8/25 11:58:00,mid-sep
2025/8/25 11:58:01,middle
2025/8/25 11:58:03,corridor
2025/8/25 11:58:04,side
2025/8/25 12:02:36,corridor
2025/8/25 12:02:37,middle
2025/8/25 12:02:38,corridor
2025/8/25 12:02:39,side
2025/8/25 12:06:06,corridor
2025/8/25 12:06:07,middle
2025/8/25 12:06:08,mid-sep
2025/8/25 12:06:10,middle
2025/8/25 12:06:21,mid-sep
2025/8/25 12:06:23,middle
2025/8/25 12:06:32,corridor
2025/8/25 12:06:33,side
2025/8/25 12:09:04,corridor
2025/8/25 12:09:04,middle
2025/8/25 12:09:05,mid-sep
2025/8/25 12:09:12,middle
2025/8/25 12:09:22,corridor
2025/8/25 12:09:22,side
2025/8/25 13:23:57,corridor
2025/8/25 13:23:58,middle
2025/8/25 13:24:00,mid-sep
2025/8/25 13:24:09,middle
2025/8/25 13:24:55,corridor
2025/8/25 13:24:56,side
2025/8/25 15:32:09,corridor
2025/8/25 15:32:10,middle
2025/8/25 15:32:14,mid-sep
2025/8/25 15:32:16,middle
2025/8/25 15:32:30,mid-sep
2025/8/25 15:32:40,middle
2025/8/25 15:32:49,corridor
2025/8/25 15:32:50,side
2025/8/25 15:33:57,corridor
2025/8/25 15:33:59,middle
2025/8/25 15:34:00,corridor
2025/8/25 15:34:01,side
2025/8/25 15:36:12,corridor
2025/8/25 15:36:13,side
2025/8/25 15:37:54,corridor
2025/8/25 15:37:54,middle
2025/8/25 15:37:55,corridor
2025/8/25 15:37:56,side
2025/8/25 15:39:18,corridor
2025/8/25 15:39:18,middle
2025/8/25 15:39:19,corridor
2025/8/25 15:39:19,side
2025/8/25 15:39:39,corridor
2025/8/25 15:39:39,side
2025/8/25 15:40:12,corridor
2025/8/25 15:40:14,middle
2025/8/25 15:40:14,mid-sep
2025/8/25 15:40:15,middle
2025/8/25 15:40:26,corridor
2025/8/25 15:40:27,side
2025/8/25 15:41:29,corridor
2025/8/25 15:41:30,middle
2025/8/25 15:41:31,corridor
2025/8/25 15:41:31,side
2025/8/25 15:41:46,corridor
2025/8/25 15:41:47,middle
2025/8/25 15:41:47,corridor
2025/8/25 15:41:47,side
2025/8/25 15:42:12,corridor
2025/8/25 15:42:13,middle
2025/8/25 15:42:14,corridor
2025/8/25 15:42:14,side
2025/8/25 15:42:32,corridor
2025/8/25 15:42:32,middle
2025/8/25 15:42:34,corridor
2025/8/25 15:42:34,side
2025/8/25 15:44:07,corridor
2025/8/25 15:44:10,middle
2025/8/25 15:44:11,corridor
2025/8/25 15:44:11,side
2025/8/25 15:46:47,corridor
2025/8/25 15:46:48,middle
2025/8/25 15:46:48,corridor
2025/8/25 15:46:49,side
2025/8/25 15:47:59,corridor
2025/8/25 15:48:00,side
2025/8/25 15:48:11,corridor
2025/8/25 15:48:12,middle
2025/8/25 15:48:13,corridor
2025/8/25 15:48:13,side
2025/8/25 15:48:27,corridor
2025/8/25 15:48:28,middle
2025/8/25 15:48:28,corridor
2025/8/25 15:48:29,side
2025/8/25 15:51:51,corridor
2025/8/25 15:51:51,middle
2025/8/25 15:51:51,corridor
2025/8/25 15:51:51,side
2025/8/25 16:47:25,corridor
2025/8/25 16:47:26,middle
2025/8/25 16:47:26,mid-sep
2025/8/25 16:47:34,middle
2025/8/25 16:47:39,corridor
2025/8/25 16:47:41,side
2025/8/25 17:42:45,corridor
2025/8/25 17:42:45,middle
2025/8/25 17:42:46,corridor
2025/8/25 17:42:46,side
2025/8/25 17:49:22,corridor
2025/8/25 17:49:23,middle
2025/8/25 17:49:23,mid-sep
2025/8/25 17:49:25,middle
2025/8/25 17:49:27,corridor
2025/8/25 17:49:29,side
2025/8/25 17:50:55,corridor
2025/8/25 17:50:55,middle
2025/8/25 17:50:56,corridor
2025/8/25 17:50:57,side
2025/8/25 18:21:32,corridor
2025/8/25 18:21:33,middle
2025/8/25 18:21:33,mid-sep
2025/8/25 18:21:39,middle
2025/8/25 18:21:41,corridor
2025/8/25 18:21:43,side
2025/8/25 18:44:08,corridor
2025/8/25 18:44:09,middle
2025/8/25 18:44:50,mid-sep
2025/8/25 18:45:24,middle
2025/8/25 18:45:26,corridor
2025/8/25 18:45:27,side
2025/8/25 18:46:01,corridor
2025/8/25 18:46:01,middle
2025/8/25 18:46:06,corridor
2025/8/25 18:46:07,side
2025/8/25 18:46:12,corridor
2025/8/25 18:46:13,middle
2025/8/25 18:46:13,mid-sep
2025/8/25 18:46:25,middle
2025/8/25 18:46:41,corridor
2025/8/25 18:46:42,side
2025/8/25 18:53:13,corridor
2025/8/25 18:53:14,middle
2025/8/25 18:53:14,mid-sep
2025/8/25 18:53:15,middle
2025/8/25 18:53:16,corridor
2025/8/25 18:53:16,side
2025/8/25 19:03:14,corridor
2025/8/25 19:03:14,middle
2025/8/25 19:03:24,mid-sep
2025/8/25 19:03:27,middle
2025/8/25 19:03:37,corridor
2025/8/25 19:03:40,side
2025/8/25 19:17:33,corridor
2025/8/25 19:17:34,middle
2025/8/25 19:17:36,mid-sep
2025/8/25 19:17:37,middle
2025/8/25 19:17:48,mid-sep
2025/8/25 19:17:57,middle
2025/8/25 19:17:59,corridor
2025/8/25 19:18:01,side
2025/8/25 19:22:26,corridor
2025/8/25 19:22:29,side
2025/8/25 19:42:14,corridor
2025/8/25 19:42:14,middle
2025/8/25 19:42:15,mid-sep
2025/8/25 19:42:15,middle
2025/8/25 19:42:15,corridor
2025/8/25 19:42:16,side
2025/8/25 20:03:10,corridor
2025/8/25 20:03:11,middle
2025/8/25 20:03:11,corridor
2025/8/25 20:03:12,side
2025/8/25 20:10:41,corridor
2025/8/25 20:10:41,middle
2025/8/25 20:10:41,mid-sep
2025/8/25 20:10:42,middle
2025/8/25 20:10:42,corridor
2025/8/25 20:10:43,side
2025/8/25 20:25:12,corridor
2025/8/25 20:25:13,middle
2025/8/25 20:25:14,corridor
2025/8/25 20:25:15,side
2025/8/25 20:35:48,corridor
2025/8/25 20:35:48,middle
2025/8/25 20:35:48,mid-sep
2025/8/25 20:35:50,middle
2025/8/25 20:36:04,mid-sep
2025/8/25 20:36:12,middle
2025/8/25 20:36:14,corridor
2025/8/25 20:36:17,side
2025/8/25 20:39:36,corridor
2025/8/25 20:39:41,middle
2025/8/25 20:39:43,corridor
2025/8/25 20:39:45,side
2025/8/25 21:00:02,corridor
2025/8/25 21:00:05,middle
2025/8/25 21:00:08,corridor
2025/8/25 21:00:10,side
2025/8/25 21:14:56,corridor
2025/8/25 21:14:56,middle
2025/8/25 21:15:00,mid-sep
2025/8/25 21:15:24,middle
2025/8/25 21:15:28,corridor
2025/8/25 21:15:42,side
2025/8/25 21:24:09,corridor
2025/8/25 21:24:09,middle
2025/8/25 21:24:10,mid-sep
2025/8/25 21:24:12,middle
2025/8/25 21:24:54,corridor
2025/8/25 21:24:55,side
2025/8/25 21:36:46,corridor
2025/8/25 21:36:48,middle
2025/8/25 21:36:50,mid-sep
2025/8/25 21:36:56,middle
2025/8/25 21:36:58,corridor
2025/8/25 21:37:00,side
2025/8/25 21:38:41,corridor
2025/8/25 21:38:42,middle
2025/8/25 21:38:50,mid-sep
2025/8/25 21:38:56,middle
2025/8/25 21:38:58,corridor
2025/8/25 21:38:59,side
2025/8/25 21:51:00,corridor
2025/8/25 21:51:01,middle
2025/8/25 21:51:02,mid-sep
2025/8/25 21:51:02,middle
2025/8/25 21:51:07,corridor
2025/8/25 21:51:09,side
2025/8/25 22:02:52,corridor
2025/8/25 22:02:53,middle
2025/8/25 22:02:55,mid-sep
2025/8/25 22:02:57,middle
2025/8/25 22:02:59,corridor
2025/8/25 22:03:00,side
2025/8/25 22:10:29,corridor
2025/8/25 22:10:29,middle
2025/8/25 22:10:29,mid-sep
2025/8/25 22:10:30,middle
2025/8/25 22:10:31,corridor
2025/8/25 22:10:33,side
2025/8/25 22:16:33,corridor
2025/8/25 22:16:35,side
2025/8/25 22:30:04,corridor
2025/8/25 22:30:05,middle
2025/8/25 22:30:06,mid-sep
2025/8/25 22:30:06,middle
2025/8/25 22:30:07,corridor
2025/8/25 22:30:10,side
2025/8/25 22:37:06,corridor
2025/8/25 22:37:08,middle
2025/8/25 22:37:10,mid-sep
2025/8/25 22:37:11,middle
2025/8/25 22:37:11,corridor
2025/8/25 22:37:12,side
2025/8/25 22:48:23,corridor
2025/8/25 22:48:25,middle
2025/8/25 22:48:25,mid-sep
2025/8/25 22:48:33,middle
2025/8/25 22:48:34,corridor
2025/8/25 22:48:35,side
2025/8/25 23:00:21,corridor
2025/8/25 23:00:21,middle
2025/8/25 23:00:21,mid-sep
2025/8/25 23:00:33,middle
2025/8/25 23:00:39,corridor
2025/8/25 23:00:43,middle
2025/8/25 23:00:44,mid-sep
2025/8/25 23:00:46,middle
2025/8/25 23:00:49,corridor
2025/8/25 23:00:53,side
2025/8/25 23:01:34,corridor
2025/8/25 23:01:35,middle
2025/8/25 23:01:35,mid-sep
2025/8/25 23:01:45,middle
2025/8/25 23:01:52,mid-sep
2025/8/25 23:02:02,middle
2025/8/25 23:02:03,corridor
2025/8/25 23:02:06,side
2025/8/25 23:02:09,corridor
2025/8/25 23:02:10,middle
2025/8/25 23:02:10,mid-sep
2025/8/25 23:02:15,middle
2025/8/25 23:02:31,corridor
2025/8/25 23:02:33,side
2025/8/25 23:10:48,corridor
2025/8/25 23:10:48,middle
2025/8/25 23:10:49,mid-sep
2025/8/25 23:10:50,middle
2025/8/25 23:11:03,mid-sep
2025/8/25 23:11:13,middle
2025/8/25 23:11:18,corridor
2025/8/25 23:11:19,side
2025/8/26 0:37:00,corridor
2025/8/26 0:37:01,middle
2025/8/26 0:37:02,mid-sep
2025/8/26 0:37:20,middle
2025/8/26 0:37:22,corridor
2025/8/26 0:37:23,side
2025/8/26 0:37:32,corridor
2025/8/26 0:37:34,middle
2025/8/26 0:37:35,mid-sep
2025/8/26 0:37:38,middle
2025/8/26 0:37:39,corridor
2025/8/26 0:37:40,side
2025/8/26 0:40:44,corridor
2025/8/26 0:40:44,middle
2025/8/26 0:40:46,mid-sep
2025/8/26 0:41:14,middle
2025/8/26 0:41:15,corridor
2025/8/26 0:41:16,side
2025/8/26 0:42:35,corridor
2025/8/26 0:42:37,middle
2025/8/26 0:42:37,mid-sep
2025/8/26 0:42:51,middle
2025/8/26 0:43:00,corridor
2025/8/26 0:43:02,middle
2025/8/26 0:43:18,corridor
2025/8/26 0:43:21,side
2025/8/26 0:43:52,corridor
2025/8/26 0:43:52,middle
2025/8/26 0:43:57,mid-sep
2025/8/26 0:44:15,middle
2025/8/26 0:44:33,mid-sep
2025/8/26 0:44:42,middle
2025/8/26 0:44:45,corridor
2025/8/26 0:44:46,side
2025/8/26 0:45:46,corridor
2025/8/26 0:45:47,middle
2025/8/26 0:45:47,mid-sep
2025/8/26 0:45:48,middle
2025/8/26 0:45:51,corridor
2025/8/26 0:45:52,side
2025/8/26 0:46:17,corridor
2025/8/26 0:46:18,middle
2025/8/26 0:46:22,mid-sep
2025/8/26 0:46:44,middle
2025/8/26 0:47:18,corridor
2025/8/26 0:47:20,side
2025/8/26 0:47:54,corridor
2025/8/26 0:47:54,middle
2025/8/26 0:48:05,corridor
2025/8/26 0:48:06,side
2025/8/26 0:48:38,corridor
2025/8/26 0:48:39,middle
2025/8/26 0:48:42,corridor
2025/8/26 0:48:43,side
2025/8/26 0:49:47,corridor
2025/8/26 0:49:47,middle
2025/8/26 0:49:47,mid-sep
2025/8/26 0:49:48,middle
2025/8/26 0:49:50,corridor
2025/8/26 0:49:51,side
2025/8/26 0:50:15,corridor
2025/8/26 0:50:15,middle
2025/8/26 0:50:16,corridor
2025/8/26 0:50:17,side
2025/8/26 0:50:28,corridor
2025/8/26 0:50:29,middle
2025/8/26 0:50:29,mid-sep
2025/8/26 0:50:30,middle
2025/8/26 0:50:30,corridor
2025/8/26 0:50:32,side
2025/8/26 0:50:42,corridor
2025/8/26 0:50:42,middle
2025/8/26 0:50:43,corridor
2025/8/26 0:50:43,side
2025/8/26 0:51:26,corridor
2025/8/26 0:51:29,middle
2025/8/26 0:51:30,mid-sep
2025/8/26 0:51:31,middle
2025/8/26 0:51:41,corridor
2025/8/26 0:51:42,side
2025/8/26 0:51:45,corridor
2025/8/26 0:51:45,middle
2025/8/26 0:51:47,corridor
2025/8/26 0:51:48,side
2025/8/26 0:53:15,corridor
2025/8/26 0:53:16,middle
2025/8/26 0:53:16,mid-sep
2025/8/26 0:53:18,middle
2025/8/26 0:53:34,mid-sep
2025/8/26 0:53:37,middle
2025/8/26 0:53:52,corridor
2025/8/26 0:53:53,side
2025/8/26 0:54:23,corridor
2025/8/26 0:54:23,middle
2025/8/26 0:54:24,mid-sep
2025/8/26 0:54:37,middle
2025/8/26 0:54:41,corridor
2025/8/26 0:54:42,middle
2025/8/26 0:54:46,corridor
2025/8/26 0:54:47,side
2025/8/26 0:55:29,corridor
2025/8/26 0:55:29,middle
2025/8/26 0:55:34,mid-sep
2025/8/26 0:55:52,middle
2025/8/26 0:55:56,corridor
2025/8/26 0:55:57,side
2025/8/26 0:57:11,corridor
2025/8/26 0:57:12,middle
2025/8/26 0:57:15,mid-sep
2025/8/26 0:57:16,middle
2025/8/26 0:57:23,corridor
2025/8/26 0:57:24,side
2025/8/26 1:04:00,corridor
2025/8/26 1:04:01,middle
2025/8/26 1:04:01,corridor
2025/8/26 1:04:04,side
2025/8/26 1:06:02,corridor
2025/8/26 1:06:02,middle
2025/8/26 1:06:02,mid-sep
2025/8/26 1:06:18,middle
2025/8/26 1:06:19,corridor
2025/8/26 1:06:22,side
2025/8/26 1:08:05,corridor
2025/8/26 1:08:05,middle
2025/8/26 1:08:05,mid-sep
2025/8/26 1:08:18,middle
2025/8/26 1:08:22,mid-sep
2025/8/26 1:08:23,middle
2025/8/26 1:08:28,corridor
2025/8/26 1:08:32,side
2025/8/26 1:10:26,corridor
2025/8/26 1:10:28,middle
2025/8/26 1:10:29,mid-sep
2025/8/26 1:10:30,middle
2025/8/26 1:10:32,corridor
2025/8/26 1:10:33,side
2025/8/26 1:23:58,corridor
2025/8/26 1:23:59,middle
2025/8/26 1:24:00,mid-sep
2025/8/26 1:24:01,middle
2025/8/26 1:24:20,corridor
2025/8/26 1:24:24,side
2025/8/26 1:26:26,corridor
2025/8/26 1:26:26,middle
2025/8/26 1:26:27,mid-sep
2025/8/26 1:26:30,middle
2025/8/26 1:26:31,corridor
2025/8/26 1:26:33,side
2025/8/26 1:26:37,corridor
2025/8/26 1:26:38,middle
2025/8/26 1:26:38,mid-sep
2025/8/26 1:26:39,middle
2025/8/26 1:26:39,corridor
2025/8/26 1:26:40,side
2025/8/26 2:06:38,corridor
2025/8/26 2:06:39,middle
2025/8/26 2:06:40,mid-sep
2025/8/26 2:07:22,middle
2025/8/26 2:07:29,corridor
2025/8/26 2:07:35,side
2025/8/26 2:10:01,corridor
2025/8/26 2:10:01,middle
2025/8/26 2:10:01,mid-sep
2025/8/26 2:10:02,middle
2025/8/26 2:10:03,corridor
2025/8/26 2:10:03,side
2025/8/26 2:10:16,corridor
2025/8/26 2:10:16,middle
2025/8/26 2:10:17,mid-sep
2025/8/26 2:10:18,middle
2025/8/26 2:10:18,corridor
2025/8/26 2:10:18,side
2025/8/26 2:10:39,corridor
2025/8/26 2:10:40,middle
2025/8/26 2:10:41,mid-sep
2025/8/26 2:10:44,middle
2025/8/26 2:11:02,corridor
2025/8/26 2:11:03,side
2025/8/26 2:14:09,corridor
2025/8/26 2:14:09,middle
2025/8/26 2:14:11,mid-sep
2025/8/26 2:14:28,middle
2025/8/26 2:14:41,corridor
2025/8/26 2:14:42,side
2025/8/26 2:17:05,corridor
2025/8/26 2:17:06,middle
2025/8/26 2:17:06,mid-sep
2025/8/26 2:17:24,middle
2025/8/26 2:17:31,mid-sep
2025/8/26 2:17:49,middle
2025/8/26 2:17:51,corridor
2025/8/26 2:17:52,side
2025/8/26 3:12:41,corridor
2025/8/26 3:12:41,middle
2025/8/26 3:12:42,mid-sep
2025/8/26 3:12:42,middle
2025/8/26 3:12:43,corridor
2025/8/26 3:12:44,side
2025/8/26 3:15:56,corridor
2025/8/26 3:15:57,middle
2025/8/26 3:15:57,mid-sep
2025/8/26 3:15:57,middle
2025/8/26 3:15:58,corridor
2025/8/26 3:15:58,side
2025/8/26 3:54:16,corridor
2025/8/26 3:54:17,middle
2025/8/26 3:54:18,mid-sep
2025/8/26 3:54:30,middle
2025/8/26 3:54:45,mid-sep
2025/8/26 3:54:52,middle
2025/8/26 3:54:55,corridor
2025/8/26 3:54:58,side
2025/8/26 3:55:01,corridor
2025/8/26 3:55:01,middle
2025/8/26 3:55:03,mid-sep
2025/8/26 3:55:06,middle
2025/8/26 3:55:07,corridor
2025/8/26 3:55:08,side
2025/8/26 4:37:10,corridor
2025/8/26 4:37:11,middle
2025/8/26 4:37:12,mid-sep
2025/8/26 4:37:13,middle
2025/8/26 4:37:14,corridor
2025/8/26 4:37:15,side
2025/8/26 4:51:27,corridor
2025/8/26 4:51:28,middle
2025/8/26 4:51:30,mid-sep
2025/8/26 4:51:33,middle
2025/8/26 4:51:34,corridor
2025/8/26 4:51:35,side
2025/8/26 4:52:06,corridor
2025/8/26 4:52:07,middle
2025/8/26 4:52:08,mid-sep
2025/8/26 4:52:13,middle
2025/8/26 4:52:14,corridor
2025/8/26 4:52:15,side
2025/8/26 4:58:37,corridor
2025/8/26 4:58:39,side
2025/8/26 5:01:08,corridor
2025/8/26 5:01:09,middle
2025/8/26 5:01:10,mid-sep
2025/8/26 5:01:11,middle
2025/8/26 5:01:12,corridor
2025/8/26 5:01:15,side
2025/8/26 5:17:13,corridor
2025/8/26 5:17:14,middle
2025/8/26 5:17:20,mid-sep
2025/8/26 5:17:49,middle
2025/8/26 5:17:50,corridor
2025/8/26 5:17:54,side
2025/8/26 5:18:28,corridor
2025/8/26 5:18:28,middle
2025/8/26 5:18:47,mid-sep
2025/8/26 5:18:49,middle
2025/8/26 5:18:51,corridor
2025/8/26 5:18:53,side
2025/8/26 5:20:56,corridor
2025/8/26 5:20:57,middle
2025/8/26 5:20:58,corridor
2025/8/26 5:20:59,side
2025/8/26 5:23:23,corridor
2025/8/26 5:23:24,middle
2025/8/26 5:23:24,mid-sep
2025/8/26 5:23:26,middle
2025/8/26 5:23:47,mid-sep
2025/8/26 5:23:59,middle
2025/8/26 5:24:02,corridor
2025/8/26 5:24:12,side
2025/8/26 6:08:24,corridor
2025/8/26 6:08:25,middle
2025/8/26 6:08:30,mid-sep
2025/8/26 6:09:06,middle
2025/8/26 6:09:11,corridor
2025/8/26 6:09:12,side
2025/8/26 6:09:21,corridor
2025/8/26 6:09:22,middle
2025/8/26 6:09:27,mid-sep
2025/8/26 6:10:44,middle
2025/8/26 6:11:12,corridor
2025/8/26 6:11:15,side
2025/8/26 6:12:27,corridor
2025/8/26 6:12:27,middle
2025/8/26 6:12:30,mid-sep
2025/8/26 6:12:31,middle
2025/8/26 6:12:31,corridor
2025/8/26 6:12:32,side
2025/8/26 6:16:27,corridor
2025/8/26 6:16:27,middle
2025/8/26 6:16:28,mid-sep
2025/8/26 6:16:29,middle
2025/8/26 6:16:48,corridor
2025/8/26 6:16:50,side
2025/8/26 6:20:48,corridor
2025/8/26 6:20:49,middle
2025/8/26 6:20:50,corridor
2025/8/26 6:20:51,side
2025/8/26 6:26:21,corridor
2025/8/26 6:26:21,middle
2025/8/26 6:26:22,corridor
2025/8/26 6:26:28,side
2025/8/26 6:28:50,corridor
2025/8/26 6:28:50,middle
2025/8/26 6:28:52,mid-sep
2025/8/26 6:28:58,middle
2025/8/26 6:28:58,corridor
2025/8/26 6:29:00,side
2025/8/26 6:35:47,corridor
2025/8/26 6:35:50,middle
2025/8/26 6:35:52,mid-sep
2025/8/26 6:35:53,middle
2025/8/26 6:35:57,corridor
2025/8/26 6:36:00,side
2025/8/26 6:40:03,corridor
2025/8/26 6:40:03,middle
2025/8/26 6:40:19,mid-sep
2025/8/26 6:40:39,mid-sep
2025/8/26 6:40:41,middle
2025/8/26 6:40:43,corridor
2025/8/26 6:40:44,side
2025/8/26 6:49:04,corridor
2025/8/26 6:49:09,side
2025/8/26 6:50:53,corridor
2025/8/26 6:50:54,middle
2025/8/26 6:50:55,mid-sep
2025/8/26 6:51:03,middle
2025/8/26 6:52:19,corridor
2025/8/26 6:52:21,side
2025/8/26 6:52:22,corridor
2025/8/26 6:52:30,side
2025/8/26 6:52:30,corridor
2025/8/26 6:52:31,middle
2025/8/26 6:52:32,mid-sep
2025/8/26 6:52:35,middle
2025/8/26 6:52:48,mid-sep
2025/8/26 6:53:28,middle
2025/8/26 6:53:42,corridor
2025/8/26 6:53:43,side
2025/8/26 6:55:03,corridor
2025/8/26 6:55:04,middle
2025/8/26 6:55:04,mid-sep
2025/8/26 6:55:04,middle
2025/8/26 6:55:07,corridor
2025/8/26 6:55:08,side
2025/8/26 7:02:34,corridor
2025/8/26 7:02:34,middle
2025/8/26 7:02:36,mid-sep
2025/8/26 7:02:54,middle
2025/8/26 7:03:06,corridor
2025/8/26 7:03:08,side
2025/8/26 7:05:01,corridor
2025/8/26 7:05:01,middle
2025/8/26 7:05:02,mid-sep
2025/8/26 7:05:02,middle
2025/8/26 7:05:05,corridor
2025/8/26 7:05:05,side
2025/8/26 7:06:40,corridor
2025/8/26 7:06:40,middle
2025/8/26 7:06:41,mid-sep
2025/8/26 7:06:41,middle
2025/8/26 7:06:42,corridor
2025/8/26 7:06:42,side
2025/8/26 7:09:04,corridor
2025/8/26 7:09:06,middle
2025/8/26 7:09:10,mid-sep
2025/8/26 7:09:11,middle
2025/8/26 7:09:18,corridor
2025/8/26 7:09:20,side
2025/8/26 7:09:29,corridor
2025/8/26 7:09:35,middle
2025/8/26 7:09:40,mid-sep
2025/8/26 7:10:10,middle
2025/8/26 7:10:34,corridor
2025/8/26 7:10:35,side
2025/8/26 7:16:50,corridor
2025/8/26 7:16:51,middle
2025/8/26 7:16:56,corridor
2025/8/26 7:16:57,side
2025/8/26 7:17:06,corridor
2025/8/26 7:17:06,middle
2025/8/26 7:17:07,corridor
2025/8/26 7:17:08,side
2025/8/26 8:14:15,corridor
2025/8/26 8:14:16,middle
2025/8/26 8:14:17,mid-sep
2025/8/26 8:14:31,middle
2025/8/26 8:14:34,corridor
2025/8/26 8:14:35,side
2025/8/26 8:14:41,corridor
2025/8/26 8:14:43,middle
2025/8/26 8:14:47,mid-sep
2025/8/26 8:14:52,middle
2025/8/26 8:14:57,mid-sep
2025/8/26 8:15:13,middle
2025/8/26 8:15:14,corridor
2025/8/26 8:15:15,side
2025/8/26 8:16:21,corridor
2025/8/26 8:16:21,middle
2025/8/26 8:16:40,mid-sep
2025/8/26 8:16:45,middle
2025/8/26 8:17:00,corridor
2025/8/26 8:17:01,side
2025/8/26 8:17:46,corridor
2025/8/26 8:17:46,middle
2025/8/26 8:18:14,mid-sep
2025/8/26 8:18:16,middle
2025/8/26 8:19:25,corridor
2025/8/26 8:19:29,middle
2025/8/26 8:19:33,mid-sep
2025/8/26 8:19:50,middle
2025/8/26 8:19:59,corridor
2025/8/26 8:20:00,side
2025/8/26 8:20:31,corridor
2025/8/26 8:20:34,middle
2025/8/26 8:20:53,corridor
2025/8/26 8:20:55,middle
2025/8/26 8:21:01,corridor
2025/8/26 8:21:01,side
2025/8/26 8:21:04,corridor
2025/8/26 8:21:04,middle
2025/8/26 8:21:06,mid-sep
2025/8/26 8:21:18,middle
2025/8/26 8:21:26,mid-sep
2025/8/26 8:21:35,middle
2025/8/26 8:21:37,mid-sep
2025/8/26 8:22:24,middle
2025/8/26 8:22:29,mid-sep
2025/8/26 8:22:54,mid-sep
2025/8/26 8:23:00,middle
2025/8/26 8:23:06,corridor
2025/8/26 8:23:07,side
2025/8/26 8:23:32,corridor
2025/8/26 8:23:32,middle
2025/8/26 8:23:34,mid-sep
2025/8/26 8:23:41,middle
2025/8/26 8:23:56,corridor
2025/8/26 8:23:56,side
2025/8/26 8:23:59,corridor
2025/8/26 8:24:00,middle
2025/8/26 8:24:25,mid-sep
2025/8/26 8:24:54,middle
2025/8/26 8:25:13,mid-sep
2025/8/26 8:25:43,middle
2025/8/26 8:26:12,corridor
2025/8/26 8:26:13,side
2025/8/26 8:27:25,corridor
2025/8/26 8:27:25,middle
2025/8/26 8:27:30,corridor
2025/8/26 8:27:32,side
2025/8/26 8:27:55,corridor
2025/8/26 8:27:57,middle
2025/8/26 8:28:13,corridor
2025/8/26 8:28:14,side
2025/8/26 8:35:12,corridor
2025/8/26 8:35:12,middle
2025/8/26 8:35:12,mid-sep
2025/8/26 8:35:13,middle
2025/8/26 8:35:16,corridor
2025/8/26 8:35:18,side
2025/8/26 8:35:51,corridor
2025/8/26 8:35:53,side
2025/8/26 8:37:48,corridor
2025/8/26 8:37:48,middle
2025/8/26 8:37:52,corridor
2025/8/26 8:38:05,side
2025/8/26 8:38:30,corridor
2025/8/26 8:38:41,middle
2025/8/26 8:38:42,corridor
2025/8/26 8:38:44,side
2025/8/26 8:39:09,corridor
2025/8/26 8:39:10,middle
2025/8/26 8:39:19,mid-sep
2025/8/26 8:39:29,middle
2025/8/26 8:39:48,corridor
2025/8/26 8:40:12,side
2025/8/26 8:43:08,corridor
2025/8/26 8:43:11,middle
2025/8/26 8:43:34,mid-sep
2025/8/26 8:43:42,middle
2025/8/26 8:43:54,mid-sep
2025/8/26 8:44:02,middle
2025/8/26 8:44:22,corridor
2025/8/26 8:44:30,middle
2025/8/26 8:44:31,mid-sep
2025/8/26 8:44:35,middle
2025/8/26 8:44:48,corridor
2025/8/26 8:44:48,side
2025/8/26 8:46:48,corridor
2025/8/26 8:46:50,middle
2025/8/26 8:47:29,mid-sep
2025/8/26 8:48:21,middle
2025/8/26 8:48:30,mid-sep
2025/8/26 8:48:31,middle
2025/8/26 8:48:51,mid-sep
2025/8/26 8:49:06,middle
2025/8/26 8:49:25,mid-sep
2025/8/26 8:49:35,middle
2025/8/26 8:49:50,corridor
2025/8/26 8:49:53,side
2025/8/26 8:55:50,corridor
2025/8/26 8:55:50,middle
2025/8/26 8:55:51,corridor
2025/8/26 8:56:00,side
2025/8/26 8:58:03,corridor
2025/8/26 8:58:04,middle
2025/8/26 8:58:34,mid-sep
2025/8/26 8:58:39,middle
2025/8/26 8:58:45,mid-sep
2025/8/26 8:58:58,middle
2025/8/26 8:59:16,mid-sep
2025/8/26 8:59:17,middle
2025/8/26 8:59:30,corridor
2025/8/26 8:59:35,side
2025/8/26 9:26:53,corridor
2025/8/26 9:26:53,middle
2025/8/26 9:27:00,mid-sep
2025/8/26 9:27:45,middle
2025/8/26 9:27:48,corridor
2025/8/26 9:27:55,middle
2025/8/26 9:27:57,mid-sep
2025/8/26 9:28:04,middle
2025/8/26 9:28:14,mid-sep
2025/8/26 9:28:41,middle
2025/8/26 9:28:47,corridor
2025/8/26 9:29:02,side
2025/8/26 10:59:08,corridor
2025/8/26 10:59:08,middle
2025/8/26 10:59:10,mid-sep
2025/8/26 10:59:18,middle
2025/8/26 10:59:23,corridor
2025/8/26 10:59:30,middle
2025/8/26 10:59:33,corridor
2025/8/26 10:59:50,side
2025/8/26 11:00:55,corridor
2025/8/26 11:01:00,middle
2025/8/26 11:01:08,mid-sep
2025/8/26 11:01:09,middle
2025/8/26 11:01:33,mid-sep
2025/8/26 11:01:54,middle
2025/8/26 11:02:14,mid-sep
2025/8/26 11:02:18,middle
2025/8/26 11:02:21,corridor
2025/8/26 11:02:48,side
2025/8/26 11:05:46,corridor
2025/8/26 11:05:46,middle
2025/8/26 11:05:51,corridor
2025/8/26 11:05:54,side
2025/8/26 11:12:10,corridor
2025/8/26 11:12:13,middle
2025/8/26 11:12:17,corridor
2025/8/26 11:12:30,side
2025/8/26 11:14:46,corridor
2025/8/26 11:14:46,middle
2025/8/26 11:14:50,corridor
2025/8/26 11:14:51,side
2025/8/26 11:15:25,corridor
2025/8/26 11:15:28,middle
2025/8/26 11:15:28,mid-sep
2025/8/26 11:15:31,middle
2025/8/26 11:16:30,mid-sep
2025/8/26 11:16:34,middle
2025/8/26 11:16:52,corridor
2025/8/26 11:16:55,side
2025/8/26 13:51:46,corridor
2025/8/26 13:51:47,middle
2025/8/26 13:51:49,mid-sep
2025/8/26 13:51:52,middle
2025/8/26 13:51:52,corridor
2025/8/26 13:52:04,side
2025/8/26 13:59:44,corridor
2025/8/26 13:59:47,middle
2025/8/26 13:59:51,mid-sep
2025/8/26 13:59:52,middle
2025/8/26 13:59:54,corridor
2025/8/26 14:00:01,side
2025/8/26 14:01:36,corridor
2025/8/26 14:01:38,middle
2025/8/26 14:01:41,mid-sep
2025/8/26 14:01:43,middle
2025/8/26 14:01:49,corridor
2025/8/26 14:01:51,middle
2025/8/26 14:01:55,corridor
2025/8/26 14:01:56,side
2025/8/26 14:06:08,corridor
2025/8/26 14:06:10,middle
2025/8/26 14:06:22,mid-sep
2025/8/26 14:06:23,middle
2025/8/26 14:06:58,mid-sep
2025/8/26 14:07:02,middle
2025/8/26 14:07:31,corridor
2025/8/26 14:07:35,side
2025/8/26 16:01:43,corridor
2025/8/26 16:01:46,middle
2025/8/26 16:01:48,mid-sep
2025/8/26 16:03:11,middle
2025/8/26 16:03:12,corridor
2025/8/26 16:03:23,middle
2025/8/26 16:03:25,corridor
2025/8/26 16:03:30,side
2025/8/26 16:05:57,corridor
2025/8/26 16:05:59,middle
2025/8/26 16:06:00,mid-sep
2025/8/26 16:06:45,middle
2025/8/26 16:06:50,corridor
2025/8/26 16:06:54,side
2025/8/26 17:34:55,corridor
2025/8/26 17:34:56,middle
2025/8/26 17:34:59,mid-sep
2025/8/26 17:35:06,middle
2025/8/26 17:35:07,corridor
2025/8/26 17:35:12,side
2025/8/26 17:42:19,corridor
2025/8/26 17:42:20,middle
2025/8/26 17:42:21,corridor
2025/8/26 17:42:26,side
2025/8/26 18:29:50,corridor
2025/8/26 18:29:50,middle
2025/8/26 18:29:51,mid-sep
2025/8/26 18:30:15,middle
2025/8/26 18:30:20,mid-sep
2025/8/26 18:30:29,middle
2025/8/26 18:30:36,corridor
2025/8/26 18:30:39,side
2025/8/26 18:31:02,corridor
2025/8/26 18:31:02,middle
2025/8/26 18:31:03,mid-sep
2025/8/26 18:31:10,middle
2025/8/26 18:31:12,corridor
2025/8/26 18:31:24,side
2025/8/26 18:31:28,corridor
2025/8/26 18:31:28,middle
2025/8/26 18:31:28,mid-sep
2025/8/26 18:31:28,middle
2025/8/26 18:31:29,corridor
2025/8/26 18:31:37,side
2025/8/26 18:32:21,corridor
2025/8/26 18:32:21,middle
2025/8/26 18:32:21,mid-sep
2025/8/26 18:32:21,middle
2025/8/26 18:32:56,mid-sep
2025/8/26 18:33:37,middle
2025/8/26 18:33:47,mid-sep
2025/8/26 18:34:36,middle
2025/8/26 18:34:48,mid-sep
2025/8/26 18:35:09,middle
2025/8/26 18:35:12,corridor
2025/8/26 18:35:13,side
2025/8/26 18:46:33,corridor
2025/8/26 18:46:33,middle
2025/8/26 18:46:46,corridor
2025/8/26 18:46:52,side
2025/8/26 18:48:08,corridor
2025/8/26 18:48:08,middle
2025/8/26 18:48:10,mid-sep
2025/8/26 18:48:12,middle
2025/8/26 18:48:14,corridor
2025/8/26 18:48:17,side
2025/8/26 18:48:24,corridor
2025/8/26 18:48:25,middle
2025/8/26 18:48:25,corridor
2025/8/26 18:48:26,side
2025/8/26 18:48:47,corridor
2025/8/26 18:48:48,middle
2025/8/26 18:48:53,corridor
2025/8/26 18:48:56,side
2025/8/26 18:53:25,corridor
2025/8/26 18:53:26,middle
2025/8/26 18:53:26,mid-sep
2025/8/26 18:53:26,middle
2025/8/26 18:53:27,corridor
2025/8/26 18:53:30,side
2025/8/26 18:57:03,corridor
2025/8/26 18:57:03,middle
2025/8/26 18:57:03,corridor
2025/8/26 18:57:04,side
2025/8/26 19:00:11,corridor
2025/8/26 19:00:16,side
2025/8/26 19:07:35,corridor
2025/8/26 19:07:35,middle
2025/8/26 19:07:35,mid-sep
2025/8/26 19:07:46,middle
2025/8/26 19:08:02,mid-sep
2025/8/26 19:08:21,middle
2025/8/26 19:08:23,corridor
2025/8/26 19:08:26,side
2025/8/26 19:10:22,corridor
2025/8/26 19:10:22,middle
2025/8/26 19:10:23,mid-sep
2025/8/26 19:10:24,middle
2025/8/26 19:10:25,corridor
2025/8/26 19:10:25,side
2025/8/26 19:14:08,corridor
2025/8/26 19:14:09,middle
2025/8/26 19:14:09,mid-sep
2025/8/26 19:14:11,middle
2025/8/26 19:14:13,corridor
2025/8/26 19:14:16,side
2025/8/26 19:17:23,corridor
2025/8/26 19:17:23,middle
2025/8/26 19:17:24,corridor
2025/8/26 19:17:26,side
2025/8/26 19:23:41,corridor
2025/8/26 19:23:42,middle
2025/8/26 19:23:43,mid-sep
2025/8/26 19:23:47,middle
2025/8/26 19:23:48,corridor
2025/8/26 19:23:54,side
2025/8/26 19:28:41,corridor
2025/8/26 19:28:41,middle
2025/8/26 19:28:41,mid-sep
2025/8/26 19:28:42,middle
2025/8/26 19:28:47,corridor
2025/8/26 19:29:00,side
2025/8/26 19:35:12,corridor
2025/8/26 19:35:13,middle
2025/8/26 19:35:13,mid-sep
2025/8/26 19:35:14,middle
2025/8/26 19:35:21,corridor
2025/8/26 19:35:41,side
2025/8/26 19:53:59,corridor
2025/8/26 19:53:59,middle
2025/8/26 19:53:59,mid-sep
2025/8/26 19:54:01,middle
2025/8/26 19:54:15,corridor
2025/8/26 19:54:21,side
2025/8/26 19:57:52,corridor
2025/8/26 19:57:55,side
2025/8/26 20:04:12,corridor
2025/8/26 20:04:12,middle
2025/8/26 20:04:13,mid-sep
2025/8/26 20:04:15,middle
2025/8/26 20:04:25,corridor
2025/8/26 20:04:33,side
2025/8/26 20:04:49,corridor
2025/8/26 20:04:49,middle
2025/8/26 20:04:49,mid-sep
2025/8/26 20:04:50,middle
2025/8/26 20:05:03,corridor
2025/8/26 20:05:05,side
2025/8/26 20:20:18,corridor
2025/8/26 20:20:18,middle
2025/8/26 20:20:19,mid-sep
2025/8/26 20:20:20,middle
2025/8/26 20:20:20,corridor
2025/8/26 20:20:22,side
2025/8/26 20:21:38,corridor
2025/8/26 20:21:38,middle
2025/8/26 20:21:38,mid-sep
2025/8/26 20:21:46,middle
2025/8/26 20:21:48,corridor
2025/8/26 20:21:53,side
2025/8/26 20:22:23,corridor
2025/8/26 20:22:24,middle
2025/8/26 20:22:24,mid-sep
2025/8/26 20:22:25,middle
2025/8/26 20:22:50,mid-sep
2025/8/26 20:22:51,middle
2025/8/26 20:22:52,corridor
2025/8/26 20:22:52,side
2025/8/26 20:39:44,corridor
2025/8/26 20:39:47,side
2025/8/26 20:44:22,corridor
2025/8/26 20:44:22,middle
2025/8/26 20:44:24,mid-sep
2025/8/26 20:44:37,middle
2025/8/26 20:44:38,corridor
2025/8/26 20:44:39,side
2025/8/26 20:56:05,corridor
2025/8/26 20:56:06,middle
2025/8/26 20:56:06,mid-sep
2025/8/26 20:56:06,middle
2025/8/26 20:56:07,corridor
2025/8/26 20:56:11,side
2025/8/26 20:57:57,corridor
2025/8/26 20:57:57,middle
2025/8/26 20:57:58,mid-sep
2025/8/26 20:58:07,middle
2025/8/26 20:58:09,corridor
2025/8/26 20:58:12,side
2025/8/26 21:09:34,corridor
2025/8/26 21:09:34,middle
2025/8/26 21:09:35,mid-sep
2025/8/26 21:09:36,middle
2025/8/26 21:10:24,mid-sep
2025/8/26 21:10:39,middle
2025/8/26 21:10:42,corridor
2025/8/26 21:10:44,side
2025/8/26 21:18:02,corridor
2025/8/26 21:18:03,middle
2025/8/26 21:18:03,mid-sep
2025/8/26 21:18:04,middle
2025/8/26 21:18:05,corridor
2025/8/26 21:18:08,side
2025/8/26 21:20:35,corridor
2025/8/26 21:20:36,middle
2025/8/26 21:20:36,mid-sep
2025/8/26 21:20:37,middle
2025/8/26 21:20:37,corridor
2025/8/26 21:20:38,side
2025/8/26 21:22:32,corridor
2025/8/26 21:22:33,middle
2025/8/26 21:22:33,mid-sep
2025/8/26 21:22:34,middle
2025/8/26 21:23:07,corridor
2025/8/26 21:23:14,side
2025/8/26 21:29:02,corridor
2025/8/26 21:29:02,middle
2025/8/26 21:29:18,mid-sep
2025/8/26 21:29:21,middle
2025/8/26 21:29:38,corridor
2025/8/26 21:29:40,side
2025/8/26 21:32:24,corridor
2025/8/26 21:32:27,side
2025/8/26 21:40:22,corridor
2025/8/26 21:40:23,middle
2025/8/26 21:40:23,mid-sep
2025/8/26 21:40:24,middle
2025/8/26 21:42:06,corridor
2025/8/26 21:42:08,side
2025/8/26 21:48:15,corridor
2025/8/26 21:48:15,middle
2025/8/26 21:48:18,corridor
2025/8/26 21:48:20,side
2025/8/26 21:49:18,corridor
2025/8/26 21:49:19,middle
2025/8/26 21:49:19,mid-sep
2025/8/26 21:49:21,middle
2025/8/26 21:50:11,corridor
2025/8/26 21:50:21,side
2025/8/26 21:50:46,corridor
2025/8/26 21:50:47,middle
2025/8/26 21:50:47,mid-sep
2025/8/26 21:50:49,middle
2025/8/26 21:50:53,corridor
2025/8/26 21:50:55,side
2025/8/26 21:52:32,corridor
2025/8/26 21:52:35,middle
2025/8/26 21:52:36,mid-sep
2025/8/26 21:52:49,middle
2025/8/26 21:52:56,corridor
2025/8/26 21:52:57,side
2025/8/26 22:04:45,corridor
2025/8/26 22:04:45,middle
2025/8/26 22:04:48,mid-sep
2025/8/26 22:04:58,middle
2025/8/26 22:05:04,corridor
2025/8/26 22:05:06,side
2025/8/26 22:06:39,corridor
2025/8/26 22:06:39,middle
2025/8/26 22:06:44,corridor
2025/8/26 22:06:47,side
2025/8/26 22:06:53,corridor
2025/8/26 22:06:53,middle
2025/8/26 22:06:53,mid-sep
2025/8/26 22:06:54,middle
2025/8/26 22:06:55,corridor
2025/8/26 22:07:03,side
2025/8/26 22:10:15,corridor
2025/8/26 22:10:16,middle
2025/8/26 22:10:17,mid-sep
2025/8/26 22:10:19,middle
2025/8/26 22:10:20,corridor
2025/8/26 22:10:22,side
2025/8/26 22:28:43,corridor
2025/8/26 22:28:44,middle
2025/8/26 22:28:45,mid-sep
2025/8/26 22:29:08,middle
2025/8/26 22:29:23,mid-sep
2025/8/26 22:29:32,middle
2025/8/26 22:29:35,corridor
2025/8/26 22:29:37,side
2025/8/26 23:35:36,corridor
2025/8/26 23:35:37,middle
2025/8/26 23:35:38,mid-sep
2025/8/26 23:35:42,middle
2025/8/26 23:35:43,corridor
2025/8/26 23:35:45,side
2025/8/26 23:35:57,corridor
2025/8/26 23:35:58,middle
2025/8/26 23:36:00,corridor
2025/8/26 23:36:03,side
2025/8/26 23:36:16,corridor
2025/8/26 23:36:16,middle
2025/8/26 23:36:17,corridor
2025/8/26 23:36:18,side
2025/8/26 23:36:50,corridor
2025/8/26 23:36:51,middle
2025/8/26 23:36:53,mid-sep
2025/8/26 23:37:18,middle
2025/8/26 23:37:39,mid-sep
2025/8/26 23:37:41,middle
2025/8/26 23:41:52,mid-sep
2025/8/26 23:42:10,middle
2025/8/26 23:42:29,mid-sep
2025/8/26 23:43:41,middle
2025/8/26 23:43:44,corridor
2025/8/26 23:43:46,side
2025/8/26 23:45:10,corridor
2025/8/26 23:45:11,middle
2025/8/26 23:45:12,mid-sep
2025/8/26 23:45:19,middle
2025/8/26 23:45:33,mid-sep
2025/8/26 23:45:47,middle
2025/8/26 23:46:26,corridor
2025/8/26 23:46:27,side
2025/8/26 23:50:51,corridor
2025/8/26 23:50:52,middle
2025/8/26 23:50:55,mid-sep
2025/8/26 23:50:56,middle
2025/8/26 23:50:56,corridor
2025/8/26 23:50:57,side
2025/8/27 0:00:31,corridor
2025/8/27 0:00:32,middle
2025/8/27 0:00:33,mid-sep
2025/8/27 0:00:34,middle
2025/8/27 0:01:46,mid-sep
2025/8/27 0:01:48,middle
2025/8/27 0:01:51,corridor
2025/8/27 0:01:54,side
2025/8/27 0:06:03,corridor
2025/8/27 0:06:04,middle
2025/8/27 0:06:07,mid-sep
2025/8/27 0:06:17,middle
2025/8/27 0:06:19,corridor
2025/8/27 0:06:21,side
2025/8/27 0:06:40,corridor
2025/8/27 0:06:40,middle
2025/8/27 0:06:41,corridor
2025/8/27 0:06:43,side
2025/8/27 0:10:39,corridor
2025/8/27 0:10:41,middle
2025/8/27 0:10:42,mid-sep
2025/8/27 0:10:43,middle
2025/8/27 0:13:04,corridor
2025/8/27 0:13:08,side
2025/8/27 0:31:54,corridor
2025/8/27 0:31:56,middle
2025/8/27 0:31:57,mid-sep
2025/8/27 0:32:05,middle
2025/8/27 0:33:42,mid-sep
2025/8/27 0:34:51,middle
2025/8/27 0:35:13,mid-sep
2025/8/27 0:36:15,middle
2025/8/27 0:36:16,corridor
2025/8/27 0:36:17,side
2025/8/27 0:36:23,corridor
2025/8/27 0:36:23,middle
2025/8/27 0:36:25,mid-sep
2025/8/27 0:37:09,middle
2025/8/27 0:37:16,mid-sep
2025/8/27 0:38:17,middle
2025/8/27 0:38:19,corridor
2025/8/27 0:38:21,side
2025/8/27 0:39:27,corridor
2025/8/27 0:39:27,middle
2025/8/27 0:39:50,mid-sep
2025/8/27 0:39:57,middle
2025/8/27 0:40:16,corridor
2025/8/27 0:40:20,side
2025/8/27 0:40:25,corridor
2025/8/27 0:40:26,middle
2025/8/27 0:40:31,corridor
2025/8/27 0:40:32,side
2025/8/27 0:42:32,corridor
2025/8/27 0:42:32,middle
2025/8/27 0:42:41,corridor
2025/8/27 0:42:41,side
2025/8/27 0:45:21,corridor
2025/8/27 0:45:23,middle
2025/8/27 0:45:56,corridor
2025/8/27 0:46:03,side
2025/8/27 1:05:09,corridor
2025/8/27 1:05:10,middle
2025/8/27 1:05:12,mid-sep
2025/8/27 1:05:22,middle
2025/8/27 1:09:23,mid-sep
2025/8/27 1:09:36,middle
2025/8/27 1:09:37,corridor
2025/8/27 1:09:41,side
2025/8/27 1:51:39,corridor
2025/8/27 1:51:40,middle
2025/8/27 1:51:43,mid-sep
2025/8/27 1:52:08,middle
2025/8/27 1:52:11,corridor
2025/8/27 1:52:16,side
2025/8/27 1:52:20,corridor
2025/8/27 1:52:21,middle
2025/8/27 1:52:23,mid-sep
2025/8/27 1:52:28,middle
2025/8/27 1:52:55,mid-sep
2025/8/27 1:53:01,middle
2025/8/27 1:53:09,corridor
2025/8/27 1:53:12,side
2025/8/27 1:55:17,corridor
2025/8/27 1:55:18,middle
2025/8/27 1:55:19,mid-sep
2025/8/27 1:55:20,middle
2025/8/27 1:55:53,corridor
2025/8/27 1:55:54,side
2025/8/27 1:58:01,corridor
2025/8/27 1:58:02,middle
2025/8/27 1:59:19,mid-sep
2025/8/27 1:59:21,middle
2025/8/27 1:59:23,corridor
2025/8/27 1:59:24,side
2025/8/27 2:53:05,corridor
2025/8/27 2:53:07,middle
2025/8/27 2:53:08,mid-sep
2025/8/27 2:53:20,middle
2025/8/27 2:53:33,mid-sep
2025/8/27 2:53:37,middle
2025/8/27 2:56:27,corridor
2025/8/27 2:56:31,side
2025/8/27 2:58:48,corridor
2025/8/27 2:58:49,side
2025/8/27 3:05:56,corridor
2025/8/27 3:05:57,middle
2025/8/27 3:05:57,mid-sep
2025/8/27 3:05:58,middle
2025/8/27 3:05:59,corridor
2025/8/27 3:06:00,side
2025/8/27 3:17:27,corridor
2025/8/27 3:17:28,middle
2025/8/27 3:17:28,mid-sep
2025/8/27 3:17:30,middle
2025/8/27 3:17:31,corridor
2025/8/27 3:17:33,side
2025/8/27 3:17:44,corridor
2025/8/27 3:17:45,middle
2025/8/27 3:17:46,mid-sep
2025/8/27 3:17:48,middle
2025/8/27 3:20:49,corridor
2025/8/27 3:20:55,side
2025/8/27 3:32:33,corridor
2025/8/27 3:32:36,middle
2025/8/27 3:32:37,mid-sep
2025/8/27 3:32:38,middle
2025/8/27 3:32:42,corridor
2025/8/27 3:32:44,side
2025/8/27 3:36:37,corridor
2025/8/27 3:36:37,middle
2025/8/27 3:36:38,mid-sep
2025/8/27 3:36:51,middle
2025/8/27 3:36:59,mid-sep
2025/8/27 3:37:14,middle
2025/8/27 3:37:40,mid-sep
2025/8/27 3:37:56,middle
2025/8/27 3:38:01,corridor
2025/8/27 3:38:03,side
2025/8/27 3:50:06,corridor
2025/8/27 3:50:07,side
2025/8/27 4:03:05,corridor
2025/8/27 4:03:06,middle
2025/8/27 4:03:11,mid-sep
2025/8/27 4:03:12,middle
2025/8/27 4:03:31,mid-sep
2025/8/27 4:03:44,middle
2025/8/27 4:03:46,corridor
2025/8/27 4:03:49,side
2025/8/27 4:08:41,corridor
2025/8/27 4:08:43,middle
2025/8/27 4:08:43,mid-sep
2025/8/27 4:08:49,middle
2025/8/27 4:10:52,mid-sep
2025/8/27 4:11:27,middle
2025/8/27 4:11:27,corridor
2025/8/27 4:11:30,side
2025/8/27 4:20:55,corridor
2025/8/27 4:20:56,middle
2025/8/27 4:21:25,mid-sep
2025/8/27 4:21:26,middle
2025/8/27 4:21:29,corridor
2025/8/27 4:21:31,side
2025/8/27 5:36:02,corridor
2025/8/27 5:36:05,middle
2025/8/27 5:36:05,mid-sep
2025/8/27 5:36:07,middle
2025/8/27 5:36:14,corridor
2025/8/27 5:36:17,side
2025/8/27 5:36:32,corridor
2025/8/27 5:36:33,middle
2025/8/27 5:36:33,mid-sep
2025/8/27 5:36:36,middle
2025/8/27 5:40:08,mid-sep
2025/8/27 5:40:12,middle
2025/8/27 5:40:13,corridor
2025/8/27 5:40:14,side
2025/8/27 5:51:47,corridor
2025/8/27 5:51:52,side
2025/8/27 5:55:17,corridor
2025/8/27 5:55:17,middle
2025/8/27 5:55:18,mid-sep
2025/8/27 5:55:25,middle
2025/8/27 5:58:54,mid-sep
2025/8/27 5:58:58,middle
2025/8/27 5:58:58,corridor
2025/8/27 5:59:00,side
2025/8/27 6:08:14,corridor
2025/8/27 6:08:15,middle
2025/8/27 6:08:45,mid-sep
2025/8/27 6:08:54,middle
2025/8/27 6:09:14,mid-sep
2025/8/27 6:09:15,middle
2025/8/27 6:09:18,corridor
2025/8/27 6:09:21,side
2025/8/27 6:09:23,corridor
2025/8/27 6:09:29,side
2025/8/27 6:20:42,corridor
2025/8/27 6:20:43,middle
2025/8/27 6:24:42,mid-sep
2025/8/27 6:24:47,middle
2025/8/27 6:24:50,corridor
2025/8/27 6:24:53,side
2025/8/27 6:24:59,corridor
2025/8/27 6:25:04,middle
2025/8/27 6:25:05,mid-sep
2025/8/27 6:25:18,middle
2025/8/27 6:25:25,mid-sep
2025/8/27 6:25:30,middle
2025/8/27 6:25:31,corridor
2025/8/27 6:25:32,side
2025/8/27 6:32:36,corridor
2025/8/27 6:32:37,middle
2025/8/27 6:32:37,mid-sep
2025/8/27 6:32:38,middle
2025/8/27 6:32:41,corridor
2025/8/27 6:32:42,side
2025/8/27 6:39:04,corridor
2025/8/27 6:39:05,side
2025/8/27 6:40:21,corridor
2025/8/27 6:40:22,middle
2025/8/27 6:41:40,corridor
2025/8/27 6:41:40,side
2025/8/27 6:45:00,corridor
2025/8/27 6:45:02,middle
2025/8/27 6:45:03,mid-sep
2025/8/27 6:45:05,middle
2025/8/27 6:45:21,corridor
2025/8/27 6:45:31,side
2025/8/27 6:51:06,corridor
2025/8/27 6:51:07,middle
2025/8/27 6:51:07,mid-sep
2025/8/27 6:51:24,middle
2025/8/27 6:51:41,mid-sep
2025/8/27 6:51:51,middle
2025/8/27 6:52:01,mid-sep
2025/8/27 6:52:04,middle
2025/8/27 6:54:56,mid-sep
2025/8/27 6:55:04,middle
2025/8/27 6:55:12,mid-sep
2025/8/27 6:55:15,middle
2025/8/27 6:55:21,corridor
2025/8/27 6:55:30,side
2025/8/27 6:56:59,corridor
2025/8/27 6:56:59,middle
2025/8/27 6:57:00,mid-sep
2025/8/27 6:57:04,middle
2025/8/27 6:57:06,corridor
2025/8/27 6:57:07,side
2025/8/27 6:58:11,corridor
2025/8/27 6:58:12,middle
2025/8/27 6:58:14,mid-sep
2025/8/27 6:58:21,middle
2025/8/27 6:59:14,corridor
2025/8/27 6:59:23,side
2025/8/27 8:15:23,corridor
2025/8/27 8:15:23,middle
2025/8/27 8:15:24,mid-sep
2025/8/27 8:15:26,middle
2025/8/27 8:19:11,mid-sep
2025/8/27 8:19:29,middle
2025/8/27 8:20:05,mid-sep
2025/8/27 8:20:11,middle
2025/8/27 8:22:15,corridor
2025/8/27 8:22:18,side
2025/8/27 8:22:39,corridor
2025/8/27 8:22:41,middle
2025/8/27 8:22:43,mid-sep
2025/8/27 8:22:53,middle
2025/8/27 8:23:11,corridor
2025/8/27 8:23:13,side
2025/8/27 8:24:03,corridor
2025/8/27 8:24:06,middle
2025/8/27 8:24:08,mid-sep
2025/8/27 8:24:28,middle
2025/8/27 8:24:55,mid-sep
2025/8/27 8:25:10,middle
2025/8/27 8:26:08,mid-sep
2025/8/27 8:26:10,middle
2025/8/27 8:26:22,corridor
2025/8/27 8:26:22,side
2025/8/27 8:26:24,corridor
2025/8/27 8:26:25,middle
2025/8/27 8:26:33,mid-sep
2025/8/27 8:26:43,middle
2025/8/27 8:26:57,mid-sep
2025/8/27 8:27:16,middle
2025/8/27 8:27:33,corridor
2025/8/27 8:27:33,side
2025/8/27 8:28:24,corridor
2025/8/27 8:28:30,middle
2025/8/27 8:28:51,corridor
2025/8/27 8:28:52,side
2025/8/27 8:28:56,corridor
2025/8/27 8:28:57,middle
2025/8/27 8:29:01,mid-sep
2025/8/27 8:29:02,middle
2025/8/27 8:29:07,corridor
2025/8/27 8:29:08,side
2025/8/27 8:29:42,corridor
2025/8/27 8:29:42,middle
2025/8/27 8:29:46,corridor
2025/8/27 8:29:47,side
2025/8/27 8:30:19,corridor
2025/8/27 8:30:19,middle
2025/8/27 8:30:20,mid-sep
2025/8/27 8:30:23,middle
2025/8/27 8:30:41,corridor
2025/8/27 8:30:43,side
2025/8/27 8:33:01,corridor
2025/8/27 8:33:01,middle
2025/8/27 8:33:01,mid-sep
2025/8/27 8:33:02,middle
2025/8/27 8:33:06,corridor
2025/8/27 8:33:09,side
2025/8/27 8:33:30,corridor
2025/8/27 8:33:31,middle
2025/8/27 8:33:47,mid-sep
2025/8/27 8:33:47,middle
2025/8/27 8:33:51,mid-sep
2025/8/27 8:34:07,middle
2025/8/27 8:34:10,mid-sep
2025/8/27 8:34:11,middle
2025/8/27 8:34:19,corridor
2025/8/27 8:34:20,side
2025/8/27 8:39:01,corridor
2025/8/27 8:39:01,middle
2025/8/27 8:39:01,mid-sep
2025/8/27 8:39:02,middle
2025/8/27 8:39:08,corridor
2025/8/27 8:39:08,side
2025/8/27 8:42:05,corridor
2025/8/27 8:42:05,middle
2025/8/27 8:42:05,mid-sep
2025/8/27 8:42:06,middle
2025/8/27 8:42:08,corridor
2025/8/27 8:42:12,side
2025/8/27 8:43:16,corridor
2025/8/27 8:43:16,middle
2025/8/27 8:43:16,mid-sep
2025/8/27 8:43:17,middle
2025/8/27 8:43:26,mid-sep
2025/8/27 8:43:29,middle
2025/8/27 8:43:48,corridor
2025/8/27 8:43:48,side
2025/8/27 8:44:52,corridor
2025/8/27 8:44:53,middle
2025/8/27 8:44:53,mid-sep
2025/8/27 8:44:55,middle
2025/8/27 8:45:51,corridor
2025/8/27 8:45:53,side
2025/8/27 8:48:31,corridor
2025/8/27 8:48:31,middle
2025/8/27 8:48:31,mid-sep
2025/8/27 8:48:31,middle
2025/8/27 8:48:33,corridor
2025/8/27 8:48:34,side
2025/8/27 8:48:46,corridor
2025/8/27 8:48:46,middle
2025/8/27 8:48:46,mid-sep
2025/8/27 8:48:46,middle
2025/8/27 8:48:47,corridor
2025/8/27 8:48:48,side
2025/8/27 8:49:38,corridor
2025/8/27 8:49:40,middle
2025/8/27 8:49:49,mid-sep
2025/8/27 8:49:51,middle
2025/8/27 8:49:57,mid-sep
2025/8/27 8:50:16,middle
2025/8/27 8:50:50,corridor
2025/8/27 8:50:51,side
2025/8/27 9:52:09,corridor
2025/8/27 9:52:10,middle
2025/8/27 9:52:13,mid-sep
2025/8/27 9:52:23,middle
2025/8/27 9:52:26,mid-sep
2025/8/27 9:52:27,middle
2025/8/27 9:53:33,corridor
2025/8/27 9:53:35,side
2025/8/27 9:53:46,corridor
2025/8/27 9:53:47,middle
2025/8/27 9:53:48,mid-sep
2025/8/27 9:53:50,middle
2025/8/27 9:53:51,corridor
2025/8/27 9:53:57,side
2025/8/27 9:54:13,corridor
2025/8/27 9:54:16,side
2025/8/27 9:55:58,corridor
2025/8/27 9:55:58,middle
2025/8/27 9:56:01,corridor
2025/8/27 9:56:01,side
2025/8/27 9:58:29,corridor
2025/8/27 9:58:30,middle
2025/8/27 9:58:31,corridor
2025/8/27 9:58:31,side
2025/8/27 10:01:19,corridor
2025/8/27 10:01:19,middle
2025/8/27 10:01:21,corridor
2025/8/27 10:01:25,side
2025/8/27 10:01:40,corridor
2025/8/27 10:01:40,middle
2025/8/27 10:02:08,corridor
2025/8/27 10:02:12,side
2025/8/27 10:02:27,corridor
2025/8/27 10:02:28,side
2025/8/27 11:57:47,corridor
2025/8/27 11:57:48,middle
2025/8/27 11:57:51,mid-sep
2025/8/27 11:57:53,middle
2025/8/27 11:58:07,corridor
2025/8/27 11:58:09,side
2025/8/27 11:58:25,corridor
2025/8/27 11:58:26,middle
2025/8/27 11:58:28,mid-sep
2025/8/27 11:58:28,middle
2025/8/27 11:58:43,mid-sep
2025/8/27 11:58:45,middle
2025/8/27 12:00:22,corridor
2025/8/27 12:00:23,side
2025/8/27 12:02:50,corridor
2025/8/27 12:02:50,middle
2025/8/27 12:02:51,corridor
2025/8/27 12:02:51,side
2025/8/27 12:04:49,corridor
2025/8/27 12:04:53,middle
2025/8/27 12:05:00,corridor
2025/8/27 12:05:01,side
2025/8/27 12:05:55,corridor
2025/8/27 12:05:56,middle
2025/8/27 12:05:58,corridor
2025/8/27 12:05:59,side
2025/8/27 12:09:04,corridor
2025/8/27 12:09:04,middle
2025/8/27 12:09:05,corridor
2025/8/27 12:09:06,side
2025/8/27 12:12:32,corridor
2025/8/27 12:12:32,middle
2025/8/27 12:12:32,mid-sep
2025/8/27 12:12:33,middle
2025/8/27 12:12:33,corridor
2025/8/27 12:12:34,side
2025/8/27 13:17:31,corridor
2025/8/27 13:17:31,middle
2025/8/27 13:17:32,mid-sep
2025/8/27 13:18:02,middle
2025/8/27 13:18:08,mid-sep
2025/8/27 13:18:12,middle
2025/8/27 13:18:52,corridor
2025/8/27 13:18:53,side
2025/8/27 13:21:54,corridor
2025/8/27 13:21:55,middle
2025/8/27 13:21:57,corridor
2025/8/27 13:21:58,side
2025/8/27 15:41:48,corridor
2025/8/27 15:41:49,middle
2025/8/27 15:41:50,mid-sep
2025/8/27 15:42:23,middle
2025/8/27 15:42:39,corridor
2025/8/27 15:42:40,side
2025/8/27 15:44:52,corridor
2025/8/27 15:44:53,middle
2025/8/27 15:44:53,mid-sep
2025/8/27 15:44:53,middle
2025/8/27 15:44:54,corridor
2025/8/27 15:44:58,side
2025/8/27 15:48:42,corridor
2025/8/27 15:48:42,middle
2025/8/27 15:48:46,corridor
2025/8/27 15:48:48,side
2025/8/27 15:48:53,corridor
2025/8/27 15:48:53,middle
2025/8/27 15:48:54,mid-sep
2025/8/27 15:48:55,middle
2025/8/27 15:48:55,corridor
2025/8/27 15:48:58,side
2025/8/27 15:50:23,corridor
2025/8/27 15:50:24,middle
2025/8/27 15:50:24,corridor
2025/8/27 15:50:24,side
2025/8/27 15:52:22,corridor
2025/8/27 15:52:22,middle
2025/8/27 15:52:25,corridor
2025/8/27 15:52:25,side
2025/8/27 15:52:36,corridor
2025/8/27 15:52:36,middle
2025/8/27 15:53:02,corridor
2025/8/27 15:53:03,side
2025/8/27 16:35:29,corridor
2025/8/27 16:35:29,middle
2025/8/27 16:35:30,mid-sep
2025/8/27 16:35:34,middle
2025/8/27 16:35:55,corridor
2025/8/27 16:35:56,side
2025/8/27 17:22:40,corridor
2025/8/27 17:22:42,middle
2025/8/27 17:22:43,mid-sep
2025/8/27 17:22:47,middle
2025/8/27 17:22:52,mid-sep
2025/8/27 17:23:03,middle
2025/8/27 17:23:10,corridor
2025/8/27 17:23:11,side
2025/8/27 18:00:59,corridor
2025/8/27 18:00:59,middle
2025/8/27 18:01:02,mid-sep
2025/8/27 18:01:03,middle
2025/8/27 18:01:08,corridor
2025/8/27 18:01:10,side
2025/8/27 18:04:32,corridor
2025/8/27 18:04:33,middle
2025/8/27 18:04:34,mid-sep
2025/8/27 18:04:34,middle
2025/8/27 18:04:41,mid-sep
2025/8/27 18:04:43,middle
2025/8/27 18:04:43,corridor
2025/8/27 18:04:44,side
2025/8/27 18:26:30,corridor
2025/8/27 18:26:30,middle
2025/8/27 18:26:31,mid-sep
2025/8/27 18:26:32,middle
2025/8/27 18:26:38,mid-sep
2025/8/27 18:26:42,middle
2025/8/27 18:27:11,corridor
2025/8/27 18:27:13,side
2025/8/27 18:27:52,corridor
2025/8/27 18:27:55,middle
2025/8/27 18:27:55,mid-sep
2025/8/27 18:28:09,middle
2025/8/27 18:28:41,corridor
2025/8/27 18:28:42,side
2025/8/27 18:49:17,corridor
2025/8/27 18:49:17,middle
2025/8/27 18:49:18,mid-sep
2025/8/27 18:49:21,middle
2025/8/27 18:49:47,mid-sep
2025/8/27 18:50:02,middle
2025/8/27 18:50:45,mid-sep
2025/8/27 18:50:51,middle
2025/8/27 18:50:53,corridor
2025/8/27 18:50:55,side
2025/8/27 18:51:18,corridor
2025/8/27 18:51:19,middle
2025/8/27 18:51:19,mid-sep
2025/8/27 18:51:21,middle
2025/8/27 18:51:21,corridor
2025/8/27 18:51:23,side
2025/8/27 18:52:33,corridor
2025/8/27 18:52:34,side
2025/8/27 18:55:23,corridor
2025/8/27 18:55:24,middle
2025/8/27 18:55:24,mid-sep
2025/8/27 18:55:24,middle
2025/8/27 18:55:25,corridor
2025/8/27 18:55:25,side
2025/8/27 18:59:45,corridor
2025/8/27 18:59:45,middle
2025/8/27 18:59:46,corridor
2025/8/27 18:59:48,side
2025/8/27 19:09:39,corridor
2025/8/27 19:09:39,middle
2025/8/27 19:09:41,mid-sep
2025/8/27 19:09:42,middle
2025/8/27 19:09:42,corridor
2025/8/27 19:09:45,side
2025/8/27 19:13:39,corridor
2025/8/27 19:13:39,middle
2025/8/27 19:13:39,mid-sep
2025/8/27 19:13:39,middle
2025/8/27 19:13:39,corridor
2025/8/27 19:13:40,side
2025/8/27 19:20:07,corridor
2025/8/27 19:20:07,middle
2025/8/27 19:20:08,corridor
2025/8/27 19:20:10,side
2025/8/27 19:29:58,corridor
2025/8/27 19:29:59,middle
2025/8/27 19:29:59,mid-sep
2025/8/27 19:30:00,middle
2025/8/27 19:30:01,corridor
2025/8/27 19:30:02,side
2025/8/27 19:38:24,corridor
2025/8/27 19:38:25,middle
2025/8/27 19:38:26,corridor
2025/8/27 19:38:31,side
2025/8/27 19:46:58,corridor
2025/8/27 19:46:59,middle
2025/8/27 19:47:02,mid-sep
2025/8/27 19:47:15,middle
2025/8/27 19:47:17,corridor
2025/8/27 19:47:18,side
2025/8/27 19:56:09,corridor
2025/8/27 19:56:09,middle
2025/8/27 19:56:09,mid-sep
2025/8/27 19:56:09,middle
2025/8/27 19:56:10,corridor
2025/8/27 19:56:14,side
2025/8/27 20:05:41,corridor
2025/8/27 20:05:41,middle
2025/8/27 20:05:45,mid-sep
2025/8/27 20:05:49,middle
2025/8/27 20:05:50,corridor
2025/8/27 20:05:55,side
2025/8/27 20:11:26,corridor
2025/8/27 20:11:27,middle
2025/8/27 20:11:28,mid-sep
2025/8/27 20:11:29,middle
2025/8/27 20:11:29,corridor
2025/8/27 20:11:31,side
2025/8/27 20:12:32,corridor
2025/8/27 20:12:33,side
2025/8/27 20:18:30,corridor
2025/8/27 20:18:31,middle
2025/8/27 20:18:33,corridor
2025/8/27 20:18:39,side
2025/8/27 20:36:42,corridor
2025/8/27 20:36:42,middle
2025/8/27 20:36:44,mid-sep
2025/8/27 20:36:48,middle
2025/8/27 20:37:04,corridor
2025/8/27 20:37:06,side
2025/8/27 20:54:10,corridor
2025/8/27 20:54:10,middle
2025/8/27 20:54:11,mid-sep
2025/8/27 20:54:11,middle
2025/8/27 20:54:11,corridor
2025/8/27 20:54:25,side
2025/8/27 21:04:21,corridor
2025/8/27 21:04:22,middle
2025/8/27 21:04:23,corridor
2025/8/27 21:04:27,side
2025/8/27 21:20:52,corridor
2025/8/27 21:20:53,middle
2025/8/27 21:20:54,mid-sep
2025/8/27 21:20:55,middle
2025/8/27 21:21:02,corridor
2025/8/27 21:21:36,side
2025/8/27 21:40:45,corridor
2025/8/27 21:40:47,middle
2025/8/27 21:40:47,mid-sep
2025/8/27 21:40:48,middle
2025/8/27 21:40:48,corridor
2025/8/27 21:40:50,middle
2025/8/27 21:40:58,mid-sep
2025/8/27 21:41:06,middle
2025/8/27 21:41:11,mid-sep
2025/8/27 21:41:18,middle
2025/8/27 21:41:19,corridor
2025/8/27 21:41:21,side
2025/8/27 21:42:17,corridor
2025/8/27 21:42:18,middle
2025/8/27 21:42:18,corridor
2025/8/27 21:42:22,side
2025/8/27 21:54:14,corridor
2025/8/27 21:54:14,middle
2025/8/27 21:54:17,mid-sep
2025/8/27 21:54:19,middle
2025/8/27 21:54:20,corridor
2025/8/27 21:55:23,side
2025/8/27 22:03:31,corridor
2025/8/27 22:03:32,middle
2025/8/27 22:03:33,corridor
2025/8/27 22:03:53,side
2025/8/27 22:07:28,corridor
2025/8/27 22:07:29,middle
2025/8/27 22:07:31,mid-sep
2025/8/27 22:07:34,middle
2025/8/27 22:07:36,corridor
2025/8/27 22:07:37,side
2025/8/27 22:14:29,corridor
2025/8/27 22:14:30,middle
2025/8/27 22:14:30,mid-sep
2025/8/27 22:14:32,middle
2025/8/27 22:14:34,corridor
2025/8/27 22:14:36,side
2025/8/27 22:17:40,corridor
2025/8/27 22:17:40,middle
2025/8/27 22:17:41,mid-sep
2025/8/27 22:18:00,middle
2025/8/27 22:18:03,corridor
2025/8/27 22:18:05,side
2025/8/27 22:18:35,corridor
2025/8/27 22:18:35,middle
2025/8/27 22:18:38,corridor
2025/8/27 22:18:42,side
2025/8/27 22:22:26,corridor
2025/8/27 22:22:26,middle
2025/8/27 22:22:26,mid-sep
2025/8/27 22:22:27,middle
2025/8/27 22:22:27,corridor
2025/8/27 22:22:29,side
2025/8/27 22:22:34,corridor
2025/8/27 22:22:34,middle
2025/8/27 22:22:34,mid-sep
2025/8/27 22:22:34,middle
2025/8/27 22:22:35,corridor
2025/8/27 22:22:35,side
2025/8/27 22:25:17,corridor
2025/8/27 22:25:17,middle
2025/8/27 22:25:17,mid-sep
2025/8/27 22:25:18,middle
2025/8/27 22:25:24,corridor
2025/8/27 22:25:24,side
2025/8/27 22:30:33,corridor
2025/8/27 22:30:33,middle
2025/8/27 22:30:33,mid-sep
2025/8/27 22:30:34,middle
2025/8/27 22:30:42,corridor
2025/8/27 22:30:50,side
2025/8/27 22:34:01,corridor
2025/8/27 22:34:02,middle
2025/8/27 22:34:02,mid-sep
2025/8/27 22:34:30,middle
2025/8/27 22:34:31,corridor
2025/8/27 22:34:34,side
2025/8/27 22:43:16,corridor
2025/8/27 22:43:16,middle
2025/8/27 22:43:16,mid-sep
2025/8/27 22:45:29,middle
2025/8/27 22:45:33,mid-sep
2025/8/27 22:46:24,middle
2025/8/27 22:46:33,mid-sep
2025/8/27 22:46:55,middle
2025/8/27 22:46:56,corridor
2025/8/27 22:46:59,side
2025/8/27 22:47:21,corridor
2025/8/27 22:47:22,middle
2025/8/27 22:47:25,mid-sep
2025/8/27 22:47:37,middle
2025/8/27 22:47:38,corridor
2025/8/27 22:47:40,side
2025/8/27 22:57:29,corridor
2025/8/27 22:57:29,mid-sep
2025/8/27 22:57:29,middle
2025/8/27 22:57:30,corridor
2025/8/27 22:57:30,side
2025/8/27 22:57:40,corridor
2025/8/27 22:57:40,middle
2025/8/27 22:57:40,mid-sep
2025/8/27 22:57:48,middle
2025/8/27 22:57:54,corridor
2025/8/27 22:57:58,side
2025/8/27 22:58:18,corridor
2025/8/27 22:58:19,middle
2025/8/27 22:58:19,mid-sep
2025/8/27 22:58:23,middle
2025/8/27 22:58:35,corridor
2025/8/27 22:58:36,side
2025/8/27 22:59:16,corridor
2025/8/27 22:59:16,middle
2025/8/27 22:59:16,mid-sep
2025/8/27 22:59:16,middle
2025/8/27 22:59:17,corridor
2025/8/27 22:59:18,side
2025/8/27 23:00:17,corridor
2025/8/27 23:00:17,middle
2025/8/27 23:00:40,corridor
2025/8/27 23:01:10,side
2025/8/27 23:01:14,corridor
2025/8/27 23:01:15,middle
2025/8/27 23:01:15,mid-sep
2025/8/27 23:01:16,middle
2025/8/27 23:01:17,corridor
2025/8/27 23:01:20,side
2025/8/27 23:01:37,corridor
2025/8/27 23:01:37,middle
2025/8/27 23:01:38,mid-sep
2025/8/27 23:01:38,middle
2025/8/27 23:01:39,corridor
2025/8/27 23:01:40,side
2025/8/27 23:02:00,corridor
2025/8/27 23:02:00,middle
2025/8/27 23:02:00,mid-sep
2025/8/27 23:02:08,middle
2025/8/27 23:02:16,corridor
2025/8/27 23:02:17,side
2025/8/27 23:02:58,corridor
2025/8/27 23:02:59,middle
2025/8/27 23:03:00,mid-sep
2025/8/27 23:03:03,middle
2025/8/27 23:03:10,corridor
2025/8/27 23:03:11,side
2025/8/27 23:55:10,corridor
2025/8/27 23:55:12,middle
2025/8/27 23:55:13,mid-sep
2025/8/27 23:55:18,middle
2025/8/27 23:55:20,mid-sep
2025/8/27 23:55:21,middle
2025/8/27 23:55:31,corridor
2025/8/27 23:55:33,side
2025/8/27 23:57:31,corridor
2025/8/27 23:57:32,middle
2025/8/27 23:57:33,mid-sep
2025/8/27 23:57:33,middle
2025/8/27 23:57:37,corridor
2025/8/27 23:57:38,side
2025/8/27 23:57:48,corridor
2025/8/27 23:57:48,middle
2025/8/27 23:57:49,corridor
2025/8/27 23:57:50,side
2025/8/27 23:58:02,corridor
2025/8/27 23:58:06,middle
2025/8/27 23:58:06,mid-sep
2025/8/27 23:58:07,middle
2025/8/27 23:58:08,corridor
2025/8/27 23:58:10,side
2025/8/27 23:58:32,corridor
2025/8/27 23:58:32,middle
2025/8/27 23:58:33,corridor
2025/8/27 23:58:34,side
2025/8/28 0:00:23,corridor
2025/8/28 0:00:23,middle
2025/8/28 0:00:24,mid-sep
2025/8/28 0:00:26,middle
2025/8/28 0:00:27,corridor
2025/8/28 0:00:28,side
2025/8/28 0:09:47,corridor
2025/8/28 0:09:48,middle
2025/8/28 0:09:48,mid-sep
2025/8/28 0:09:51,middle
2025/8/28 0:10:06,mid-sep
2025/8/28 0:10:18,middle
2025/8/28 0:10:24,corridor
2025/8/28 0:10:25,side
2025/8/28 0:10:29,corridor
2025/8/28 0:10:30,middle
2025/8/28 0:10:31,mid-sep
2025/8/28 0:10:34,middle
2025/8/28 0:10:39,corridor
2025/8/28 0:10:40,side
2025/8/28 0:10:42,corridor
2025/8/28 0:10:44,middle
2025/8/28 0:11:02,mid-sep
2025/8/28 0:11:07,middle
2025/8/28 0:11:18,corridor
2025/8/28 0:11:18,side
2025/8/28 0:11:26,corridor
2025/8/28 0:11:26,middle
2025/8/28 0:11:29,corridor
2025/8/28 0:11:29,side
2025/8/28 0:11:31,corridor
2025/8/28 0:11:32,middle
2025/8/28 0:11:32,mid-sep
2025/8/28 0:11:33,middle
2025/8/28 0:11:34,corridor
2025/8/28 0:11:34,side
2025/8/28 0:11:50,corridor
2025/8/28 0:11:51,middle
2025/8/28 0:11:52,mid-sep
2025/8/28 0:11:53,middle
2025/8/28 0:11:55,corridor
2025/8/28 0:11:56,side
2025/8/28 0:49:50,corridor
2025/8/28 0:49:51,middle
2025/8/28 0:49:53,mid-sep
2025/8/28 0:49:54,middle
2025/8/28 0:49:55,corridor
2025/8/28 0:49:56,side
2025/8/28 0:53:29,corridor
2025/8/28 0:53:31,middle
2025/8/28 0:53:31,mid-sep
2025/8/28 0:53:48,middle
2025/8/28 0:53:49,corridor
2025/8/28 0:53:53,side
2025/8/28 0:55:21,corridor
2025/8/28 0:55:23,side
2025/8/28 0:59:19,corridor
2025/8/28 0:59:20,middle
2025/8/28 0:59:20,mid-sep
2025/8/28 0:59:21,middle
2025/8/28 0:59:21,corridor
2025/8/28 0:59:21,side
2025/8/28 1:05:03,corridor
2025/8/28 1:05:06,side
2025/8/28 1:09:34,corridor
2025/8/28 1:09:34,side
2025/8/28 1:12:41,corridor
2025/8/28 1:12:42,side
2025/8/28 1:15:16,corridor
2025/8/28 1:15:16,middle
2025/8/28 1:15:17,mid-sep
2025/8/28 1:15:17,middle
2025/8/28 1:15:18,corridor
2025/8/28 1:15:19,side
2025/8/28 1:21:03,corridor
2025/8/28 1:21:04,middle
2025/8/28 1:21:04,mid-sep
2025/8/28 1:21:06,middle
2025/8/28 1:21:07,corridor
2025/8/28 1:21:10,side
2025/8/28 1:35:02,corridor
2025/8/28 1:35:02,middle
2025/8/28 1:35:02,mid-sep
2025/8/28 1:35:05,middle
2025/8/28 1:35:06,corridor
2025/8/28 1:35:09,side
2025/8/28 1:40:32,corridor
2025/8/28 1:40:33,middle
2025/8/28 1:40:33,mid-sep
2025/8/28 1:40:44,middle
2025/8/28 1:40:45,corridor
2025/8/28 1:40:47,side
2025/8/28 1:44:48,corridor
2025/8/28 1:44:48,middle
2025/8/28 1:45:30,mid-sep
2025/8/28 1:45:51,middle
2025/8/28 1:45:56,mid-sep
2025/8/28 1:46:25,middle
2025/8/28 1:46:46,corridor
2025/8/28 1:46:48,side
2025/8/28 1:54:35,corridor
2025/8/28 1:54:35,middle
2025/8/28 1:54:37,corridor
2025/8/28 1:54:38,side
2025/8/28 2:00:58,corridor
2025/8/28 2:00:58,middle
2025/8/28 2:01:00,mid-sep
2025/8/28 2:01:01,middle
2025/8/28 2:01:01,corridor
2025/8/28 2:01:05,side
2025/8/28 2:01:36,corridor
2025/8/28 2:01:36,middle
2025/8/28 2:01:36,mid-sep
2025/8/28 2:01:37,middle
2025/8/28 2:01:50,corridor
2025/8/28 2:01:52,side
2025/8/28 2:04:44,corridor
2025/8/28 2:04:44,middle
2025/8/28 2:04:48,mid-sep
2025/8/28 2:04:52,middle
2025/8/28 2:04:55,corridor
2025/8/28 2:04:56,side
2025/8/28 2:08:22,corridor
2025/8/28 2:08:22,middle
2025/8/28 2:08:23,mid-sep
2025/8/28 2:08:26,middle
2025/8/28 2:08:27,corridor
2025/8/28 2:08:28,side
2025/8/28 3:55:55,corridor
2025/8/28 3:55:57,middle
2025/8/28 3:55:58,mid-sep
2025/8/28 3:55:59,middle
2025/8/28 3:56:00,corridor
2025/8/28 3:56:02,side
2025/8/28 3:56:08,corridor
2025/8/28 3:56:08,middle
2025/8/28 3:56:08,mid-sep
2025/8/28 3:56:09,middle
2025/8/28 3:56:09,corridor
2025/8/28 3:56:10,side
2025/8/28 3:56:32,corridor
2025/8/28 3:56:32,middle
2025/8/28 3:56:33,mid-sep
2025/8/28 3:56:33,middle
2025/8/28 3:56:34,corridor
2025/8/28 3:56:35,side
2025/8/28 4:37:49,corridor
2025/8/28 4:37:50,middle
2025/8/28 4:37:53,mid-sep
2025/8/28 4:38:06,middle
2025/8/28 4:38:10,corridor
2025/8/28 4:38:11,side
2025/8/28 4:42:34,corridor
2025/8/28 4:42:35,middle
2025/8/28 4:42:36,mid-sep
2025/8/28 4:42:40,middle
2025/8/28 4:42:41,corridor
2025/8/28 4:42:43,side
2025/8/28 4:45:21,corridor
2025/8/28 4:45:22,middle
2025/8/28 4:45:22,mid-sep
2025/8/28 4:45:22,middle
2025/8/28 4:45:23,corridor
2025/8/28 4:45:24,side
2025/8/28 4:48:29,corridor
2025/8/28 4:48:30,middle
2025/8/28 4:48:30,mid-sep
2025/8/28 4:48:30,middle
2025/8/28 4:48:30,corridor
2025/8/28 4:48:33,side
2025/8/28 4:53:58,corridor
2025/8/28 4:53:59,side
2025/8/28 4:56:26,corridor
2025/8/28 4:56:28,middle
2025/8/28 4:56:29,corridor
2025/8/28 4:56:30,side
2025/8/28 4:58:49,corridor
2025/8/28 4:58:50,middle
2025/8/28 4:58:50,mid-sep
2025/8/28 4:58:51,middle
2025/8/28 4:59:37,corridor
2025/8/28 4:59:38,side
2025/8/28 4:59:50,corridor
2025/8/28 4:59:52,middle
2025/8/28 4:59:53,mid-sep
2025/8/28 4:59:55,middle
2025/8/28 5:00:03,corridor
2025/8/28 5:00:04,side
2025/8/28 5:06:12,corridor
2025/8/28 5:06:13,middle
2025/8/28 5:06:13,corridor
2025/8/28 5:06:14,side
2025/8/28 5:11:05,corridor
2025/8/28 5:11:05,middle
2025/8/28 5:11:07,mid-sep
2025/8/28 5:11:08,middle
2025/8/28 5:11:08,corridor
2025/8/28 5:11:11,side
2025/8/28 5:12:11,corridor
2025/8/28 5:12:11,middle
2025/8/28 5:12:11,mid-sep
2025/8/28 5:12:12,middle
2025/8/28 5:12:36,corridor
2025/8/28 5:12:41,side
2025/8/28 5:16:28,corridor
2025/8/28 5:16:28,middle
2025/8/28 5:16:56,mid-sep
2025/8/28 5:17:35,middle
2025/8/28 5:17:36,corridor
2025/8/28 5:17:37,side
2025/8/28 5:25:22,corridor
2025/8/28 5:25:23,middle
2025/8/28 5:25:30,mid-sep
2025/8/28 5:25:46,middle
2025/8/28 5:25:47,corridor
2025/8/28 5:25:50,side
2025/8/28 5:30:23,corridor
2025/8/28 5:30:24,middle
2025/8/28 5:30:25,mid-sep
2025/8/28 5:30:27,middle
2025/8/28 5:30:41,corridor
2025/8/28 5:30:43,side
2025/8/28 6:24:44,corridor
2025/8/28 6:24:49,middle
2025/8/28 6:24:53,mid-sep
2025/8/28 6:25:00,middle
2025/8/28 6:25:01,corridor
2025/8/28 6:25:03,side
2025/8/28 6:26:27,corridor
2025/8/28 6:26:28,middle
2025/8/28 6:26:30,mid-sep
2025/8/28 6:26:52,middle
2025/8/28 6:27:03,corridor
2025/8/28 6:27:08,side
2025/8/28 6:27:38,corridor
2025/8/28 6:27:40,middle
2025/8/28 6:27:42,mid-sep
2025/8/28 6:27:52,middle
2025/8/28 6:27:53,corridor
2025/8/28 6:27:59,side
2025/8/28 6:29:58,corridor
2025/8/28 6:29:59,middle
2025/8/28 6:30:00,mid-sep
2025/8/28 6:30:01,middle
2025/8/28 6:30:02,corridor
2025/8/28 6:30:03,side
2025/8/28 6:34:34,corridor
2025/8/28 6:34:34,middle
2025/8/28 6:34:37,corridor
2025/8/28 6:34:40,side
2025/8/28 6:37:02,corridor
2025/8/28 6:37:03,middle
2025/8/28 6:37:03,corridor
2025/8/28 6:37:05,side
2025/8/28 6:41:30,corridor
2025/8/28 6:41:30,middle
2025/8/28 6:41:30,mid-sep
2025/8/28 6:41:31,middle
2025/8/28 6:41:41,mid-sep
2025/8/28 6:41:55,middle
2025/8/28 6:41:56,corridor
2025/8/28 6:41:58,side
2025/8/28 6:42:35,corridor
2025/8/28 6:42:36,middle
2025/8/28 6:42:37,corridor
2025/8/28 6:42:39,side
2025/8/28 6:43:43,corridor
2025/8/28 6:43:43,middle
2025/8/28 6:43:43,mid-sep
2025/8/28 6:43:45,middle
2025/8/28 6:43:46,corridor
2025/8/28 6:43:48,side
2025/8/28 6:50:14,corridor
2025/8/28 6:50:15,middle
2025/8/28 6:50:16,mid-sep
2025/8/28 6:50:29,middle
2025/8/28 6:50:34,corridor
2025/8/28 6:50:37,side
2025/8/28 6:53:33,corridor
2025/8/28 6:53:34,middle
2025/8/28 6:53:35,mid-sep
2025/8/28 6:53:46,middle
2025/8/28 6:54:14,corridor
2025/8/28 6:54:16,side
2025/8/28 6:57:36,corridor
2025/8/28 6:57:37,middle
2025/8/28 6:57:39,mid-sep
2025/8/28 6:57:51,middle
2025/8/28 6:58:08,mid-sep
2025/8/28 6:58:30,middle
2025/8/28 6:58:36,mid-sep
2025/8/28 6:58:51,middle
2025/8/28 6:59:24,mid-sep
2025/8/28 6:59:31,middle
2025/8/28 6:59:37,mid-sep
2025/8/28 6:59:57,middle
2025/8/28 7:00:13,mid-sep
2025/8/28 7:00:59,middle
2025/8/28 7:01:12,corridor
2025/8/28 7:01:15,side
2025/8/28 7:06:50,corridor
2025/8/28 7:06:51,middle
2025/8/28 7:06:53,corridor
2025/8/28 7:06:56,side
2025/8/28 7:12:03,corridor
2025/8/28 7:12:04,middle
2025/8/28 7:12:04,mid-sep
2025/8/28 7:12:07,middle
2025/8/28 7:12:22,mid-sep
2025/8/28 7:12:25,middle
2025/8/28 7:12:42,corridor
2025/8/28 7:12:44,side
2025/8/28 8:45:12,corridor
2025/8/28 8:45:13,middle
2025/8/28 8:45:14,mid-sep
2025/8/28 8:45:32,middle
2025/8/28 8:45:50,corridor
2025/8/28 8:46:00,side
2025/8/28 8:46:13,corridor
2025/8/28 8:46:16,middle
2025/8/28 8:46:43,corridor
2025/8/28 8:46:44,side
2025/8/28 8:48:29,corridor
2025/8/28 8:48:30,middle
2025/8/28 8:48:30,mid-sep
2025/8/28 8:48:30,middle
2025/8/28 8:48:31,corridor
2025/8/28 8:48:36,side
2025/8/28 8:49:23,corridor
2025/8/28 8:49:23,middle
2025/8/28 8:49:23,mid-sep
2025/8/28 8:49:24,middle
2025/8/28 8:49:24,corridor
2025/8/28 8:49:25,side
2025/8/28 8:51:25,corridor
2025/8/28 8:51:26,middle
2025/8/28 8:51:29,corridor
2025/8/28 8:51:30,side
2025/8/28 8:52:19,corridor
2025/8/28 8:52:20,middle
2025/8/28 8:52:20,mid-sep
2025/8/28 8:52:21,middle
2025/8/28 8:56:27,mid-sep
2025/8/28 8:56:39,middle
2025/8/28 8:57:34,mid-sep
2025/8/28 8:57:39,middle
2025/8/28 8:57:59,corridor
2025/8/28 8:58:01,side
2025/8/28 8:58:52,corridor
2025/8/28 8:58:54,middle
2025/8/28 8:58:54,mid-sep
2025/8/28 8:58:56,middle
2025/8/28 8:59:15,corridor
2025/8/28 8:59:19,side
2025/8/28 9:00:33,corridor
2025/8/28 9:00:33,middle
2025/8/28 9:00:33,mid-sep
2025/8/28 9:00:35,middle
2025/8/28 9:00:38,corridor
2025/8/28 9:00:40,side
2025/8/28 9:01:39,corridor
2025/8/28 9:01:42,middle
2025/8/28 9:01:42,mid-sep
2025/8/28 9:01:44,middle
2025/8/28 9:01:50,corridor
2025/8/28 9:01:51,side
2025/8/28 9:01:59,corridor
2025/8/28 9:01:59,middle
2025/8/28 9:02:16,mid-sep
2025/8/28 9:03:27,middle
2025/8/28 9:03:47,mid-sep
2025/8/28 9:04:04,middle
2025/8/28 9:04:12,mid-sep
2025/8/28 9:04:29,middle
2025/8/28 9:05:19,mid-sep
2025/8/28 9:06:53,middle
2025/8/28 9:08:46,corridor
2025/8/28 9:08:48,side
2025/8/28 9:10:31,mid-sep
2025/8/28 9:10:32,middle
2025/8/28 9:11:30,mid-sep
2025/8/28 9:11:45,middle
2025/8/28 9:12:17,mid-sep
2025/8/28 9:12:51,middle
2025/8/28 9:18:13,mid-sep
2025/8/28 9:18:14,middle
2025/8/28 9:18:40,corridor
2025/8/28 9:18:46,side
2025/8/28 9:19:35,corridor
2025/8/28 9:19:36,middle
2025/8/28 9:19:39,corridor
2025/8/28 9:19:44,side
2025/8/28 9:20:00,corridor
2025/8/28 9:20:02,side
2025/8/28 9:30:14,corridor
2025/8/28 9:30:16,middle
2025/8/28 9:30:18,mid-sep
2025/8/28 9:30:23,middle
2025/8/28 9:30:25,corridor
2025/8/28 9:30:33,middle
2025/8/28 9:30:36,mid-sep
2025/8/28 9:30:53,middle
2025/8/28 9:31:40,corridor
2025/8/28 9:31:48,side
2025/8/28 10:41:41,corridor
2025/8/28 10:41:46,middle
2025/8/28 10:41:50,mid-sep
2025/8/28 10:42:03,middle
2025/8/28 10:42:07,corridor
2025/8/28 10:42:09,middle
2025/8/28 10:42:14,mid-sep
2025/8/28 10:42:24,middle
2025/8/28 10:42:27,corridor
2025/8/28 10:42:44,middle
2025/8/28 10:42:46,corridor
2025/8/28 10:43:24,side
2025/8/28 10:47:02,corridor
2025/8/28 10:47:03,middle
2025/8/28 10:47:04,corridor
2025/8/28 10:47:13,side
2025/8/28 10:47:51,corridor
2025/8/28 10:47:59,side
2025/8/28 10:51:04,corridor
2025/8/28 10:51:05,middle
2025/8/28 10:51:06,corridor
2025/8/28 10:51:13,side
2025/8/28 10:53:10,corridor
2025/8/28 10:53:10,middle
2025/8/28 10:53:16,mid-sep
2025/8/28 10:54:14,middle
2025/8/28 10:54:32,mid-sep
2025/8/28 10:54:37,middle
2025/8/28 10:55:09,mid-sep
2025/8/28 10:55:42,middle
2025/8/28 10:55:50,mid-sep
2025/8/28 10:57:14,middle
2025/8/28 10:57:20,mid-sep
2025/8/28 10:57:46,middle
2025/8/28 10:57:52,mid-sep
2025/8/28 10:57:58,middle
2025/8/28 10:58:03,mid-sep
2025/8/28 10:58:25,middle
2025/8/28 10:58:32,mid-sep
2025/8/28 10:58:36,middle
2025/8/28 10:59:07,corridor
2025/8/28 10:59:15,side
2025/8/28 12:27:34,corridor
2025/8/28 12:27:35,middle
2025/8/28 12:27:36,mid-sep
2025/8/28 12:27:45,middle
2025/8/28 12:28:00,mid-sep
2025/8/28 12:28:07,middle
2025/8/28 12:28:14,corridor
2025/8/28 12:28:16,side
2025/8/28 14:27:22,corridor
2025/8/28 14:27:22,middle
2025/8/28 14:27:23,mid-sep
2025/8/28 14:27:28,middle
2025/8/28 14:27:47,mid-sep
2025/8/28 14:27:48,middle
2025/8/28 14:27:53,corridor
2025/8/28 14:28:01,side
2025/8/28 14:30:35,corridor
2025/8/28 14:30:35,middle
2025/8/28 14:30:35,mid-sep
2025/8/28 14:30:36,middle
2025/8/28 14:30:38,corridor
2025/8/28 14:30:40,side
2025/8/28 14:35:00,corridor
2025/8/28 14:35:00,middle
2025/8/28 14:35:00,mid-sep
2025/8/28 14:35:01,middle
2025/8/28 14:35:02,corridor
2025/8/28 14:35:04,side
2025/8/28 14:36:57,corridor
2025/8/28 14:36:57,middle
2025/8/28 14:36:58,corridor
2025/8/28 14:36:58,side
2025/8/28 16:12:02,corridor
2025/8/28 16:12:02,middle
2025/8/28 16:12:04,mid-sep
2025/8/28 16:13:16,middle
2025/8/28 16:13:19,corridor
2025/8/28 16:13:23,side
2025/8/28 16:17:46,corridor
2025/8/28 16:17:46,middle
2025/8/28 16:17:48,corridor
2025/8/28 16:17:50,side
2025/8/28 17:16:39,corridor
2025/8/28 17:16:41,middle
2025/8/28 17:16:42,mid-sep
2025/8/28 17:16:44,middle
2025/8/28 17:16:45,corridor
2025/8/28 17:16:48,side
2025/8/28 17:17:07,corridor
2025/8/28 17:17:08,middle
2025/8/28 17:17:10,mid-sep
2025/8/28 17:17:11,middle
2025/8/28 17:17:12,corridor
2025/8/28 17:17:14,side
2025/8/28 17:18:52,corridor
2025/8/28 17:18:52,middle
2025/8/28 17:18:52,mid-sep
2025/8/28 17:18:53,middle
2025/8/28 17:18:53,corridor
2025/8/28 17:18:54,side
2025/8/28 17:24:23,corridor
2025/8/28 17:24:24,middle
2025/8/28 17:24:25,mid-sep
2025/8/28 17:24:30,middle
2025/8/28 17:24:36,corridor
2025/8/28 17:24:37,side
2025/8/28 18:15:38,corridor
2025/8/28 18:15:40,middle
2025/8/28 18:15:41,mid-sep
2025/8/28 18:15:47,middle
2025/8/28 18:15:52,mid-sep
2025/8/28 18:15:54,middle
2025/8/28 18:15:56,corridor
2025/8/28 18:16:01,side
2025/8/28 18:29:44,corridor
2025/8/28 18:29:45,middle
2025/8/28 18:29:45,mid-sep
2025/8/28 18:29:45,middle
2025/8/28 18:29:58,corridor
2025/8/28 18:30:01,side
2025/8/28 18:33:38,corridor
2025/8/28 18:33:39,middle
2025/8/28 18:33:40,mid-sep
2025/8/28 18:33:50,middle
2025/8/28 18:34:33,mid-sep
2025/8/28 18:34:34,middle
2025/8/28 18:34:37,corridor
2025/8/28 18:34:39,side
2025/8/28 18:35:39,corridor
2025/8/28 18:35:39,middle
2025/8/28 18:35:47,mid-sep
2025/8/28 18:35:49,middle
2025/8/28 18:35:51,corridor
2025/8/28 18:35:52,side
2025/8/28 18:39:19,corridor
2025/8/28 18:39:19,middle
2025/8/28 18:39:19,mid-sep
2025/8/28 18:39:20,middle
2025/8/28 18:39:33,corridor
2025/8/28 18:39:36,side
2025/8/28 18:51:57,corridor
2025/8/28 18:51:58,mid-sep
2025/8/28 18:51:58,middle
2025/8/28 18:51:59,corridor
2025/8/28 18:52:00,side
2025/8/28 18:52:45,corridor
2025/8/28 18:52:46,side
2025/8/28 18:54:17,corridor
2025/8/28 18:54:18,middle
2025/8/28 18:54:18,mid-sep
2025/8/28 18:54:18,middle
2025/8/28 18:54:19,corridor
2025/8/28 18:54:19,side
2025/8/28 18:56:18,corridor
2025/8/28 18:56:18,middle
2025/8/28 18:56:19,corridor
2025/8/28 18:56:21,side
2025/8/28 19:01:36,corridor
2025/8/28 19:01:37,middle
2025/8/28 19:01:37,mid-sep
2025/8/28 19:01:37,middle
2025/8/28 19:01:37,corridor
2025/8/28 19:01:38,side
2025/8/28 19:04:50,corridor
2025/8/28 19:04:52,middle
2025/8/28 19:04:52,mid-sep
2025/8/28 19:04:54,middle
2025/8/28 19:04:54,corridor
2025/8/28 19:04:55,side
2025/8/28 19:12:36,corridor
2025/8/28 19:12:53,side
2025/8/28 19:15:45,corridor
2025/8/28 19:15:45,side
2025/8/28 19:25:41,corridor
2025/8/28 19:25:42,side
2025/8/28 19:31:35,corridor
2025/8/28 19:31:36,middle
2025/8/28 19:31:36,mid-sep
2025/8/28 19:31:36,middle
2025/8/28 19:31:37,corridor
2025/8/28 19:31:38,side
2025/8/28 19:37:48,corridor
2025/8/28 19:37:49,middle
2025/8/28 19:37:49,mid-sep
2025/8/28 19:37:51,middle
2025/8/28 19:37:52,corridor
2025/8/28 19:37:55,side
2025/8/28 19:40:45,corridor
2025/8/28 19:40:45,middle
2025/8/28 19:40:45,mid-sep
2025/8/28 19:40:46,middle
2025/8/28 19:40:46,corridor
2025/8/28 19:40:46,side
2025/8/28 19:55:01,corridor
2025/8/28 19:55:01,middle
2025/8/28 19:55:01,mid-sep
2025/8/28 19:55:23,middle
2025/8/28 19:55:25,corridor
2025/8/28 19:55:27,side
2025/8/28 20:02:35,corridor
2025/8/28 20:02:36,middle
2025/8/28 20:02:37,mid-sep
2025/8/28 20:02:37,middle
2025/8/28 20:02:38,corridor
2025/8/28 20:02:41,side
2025/8/28 20:06:58,corridor
2025/8/28 20:06:59,middle
2025/8/28 20:06:59,mid-sep
2025/8/28 20:07:04,middle
2025/8/28 20:07:07,corridor
2025/8/28 20:07:09,side
2025/8/28 20:24:48,corridor
2025/8/28 20:24:49,middle
2025/8/28 20:24:59,corridor
2025/8/28 20:25:01,side
2025/8/28 20:31:12,corridor
2025/8/28 20:31:13,middle
2025/8/28 20:31:13,mid-sep
2025/8/28 20:31:14,middle
2025/8/28 20:31:15,corridor
2025/8/28 20:31:15,side
2025/8/28 20:49:56,corridor
2025/8/28 20:49:56,middle
2025/8/28 20:49:57,mid-sep
2025/8/28 20:50:08,middle
2025/8/28 20:50:09,corridor
2025/8/28 20:50:11,side
2025/8/28 20:52:44,corridor
2025/8/28 20:52:47,side
2025/8/28 21:01:38,corridor
2025/8/28 21:01:40,side
2025/8/28 21:05:27,corridor
2025/8/28 21:05:28,middle
2025/8/28 21:05:28,corridor
2025/8/28 21:05:35,side
2025/8/28 21:11:53,corridor
2025/8/28 21:11:54,middle
2025/8/28 21:11:56,mid-sep
2025/8/28 21:12:01,middle
2025/8/28 21:12:06,mid-sep
2025/8/28 21:12:10,middle
2025/8/28 21:12:11,corridor
2025/8/28 21:12:13,side
2025/8/28 21:13:11,corridor
2025/8/28 21:13:11,middle
2025/8/28 21:13:25,mid-sep
2025/8/28 21:13:26,middle
2025/8/28 21:13:28,corridor
2025/8/28 21:13:30,side
2025/8/28 21:18:44,corridor
2025/8/28 21:18:44,middle
2025/8/28 21:18:45,mid-sep
2025/8/28 21:18:46,middle
2025/8/28 21:18:48,corridor
2025/8/28 21:18:49,side
2025/8/28 21:25:07,corridor
2025/8/28 21:25:07,middle
2025/8/28 21:25:08,mid-sep
2025/8/28 21:25:11,middle
2025/8/28 21:25:16,corridor
2025/8/28 21:25:18,side
2025/8/28 21:31:30,corridor
2025/8/28 21:31:31,middle
2025/8/28 21:31:32,mid-sep
2025/8/28 21:31:40,middle
2025/8/28 21:31:46,corridor
2025/8/28 21:31:48,side
2025/8/28 21:40:22,corridor
2025/8/28 21:40:23,middle
2025/8/28 21:40:23,mid-sep
2025/8/28 21:40:24,middle
2025/8/28 21:40:30,corridor
2025/8/28 21:40:33,side
2025/8/28 23:01:22,corridor
2025/8/28 23:01:24,middle
2025/8/28 23:01:28,mid-sep
2025/8/28 23:02:22,middle
2025/8/28 23:02:33,mid-sep
2025/8/28 23:03:54,middle
2025/8/28 23:04:05,mid-sep
2025/8/28 23:04:06,middle
2025/8/28 23:04:15,corridor
2025/8/28 23:04:19,side
2025/8/28 23:04:28,corridor
2025/8/28 23:04:29,middle
2025/8/28 23:04:32,mid-sep
2025/8/28 23:05:34,middle
2025/8/28 23:05:35,corridor
2025/8/28 23:05:41,middle
2025/8/28 23:05:43,mid-sep
2025/8/28 23:05:57,middle
2025/8/28 23:06:02,corridor
2025/8/28 23:06:04,side
2025/8/28 23:11:35,corridor
2025/8/28 23:11:35,middle
2025/8/28 23:11:36,mid-sep
2025/8/28 23:11:37,middle
2025/8/28 23:11:38,corridor
2025/8/28 23:11:40,side
2025/8/28 23:16:47,corridor
2025/8/28 23:16:50,side
2025/8/28 23:18:14,corridor
2025/8/28 23:18:15,middle
2025/8/28 23:18:15,mid-sep
2025/8/28 23:18:15,middle
2025/8/28 23:18:15,corridor
2025/8/28 23:18:16,side
2025/8/28 23:21:04,corridor
2025/8/28 23:21:05,middle
2025/8/28 23:21:05,mid-sep
2025/8/28 23:21:09,middle
2025/8/28 23:21:17,corridor
2025/8/28 23:21:19,side
2025/8/28 23:21:31,corridor
2025/8/28 23:21:31,middle
2025/8/28 23:21:32,mid-sep
2025/8/28 23:21:33,middle
2025/8/28 23:21:45,corridor
2025/8/28 23:21:46,side
2025/8/28 23:28:06,corridor
2025/8/28 23:28:07,middle
2025/8/28 23:28:12,mid-sep
2025/8/28 23:28:42,middle
2025/8/28 23:28:45,corridor
2025/8/28 23:28:45,side
2025/8/28 23:29:21,corridor
2025/8/28 23:29:22,middle
2025/8/28 23:29:26,corridor
2025/8/28 23:29:27,side
2025/8/28 23:30:23,corridor
2025/8/28 23:30:23,middle
2025/8/28 23:30:23,mid-sep
2025/8/28 23:30:36,middle
2025/8/28 23:30:42,corridor
2025/8/28 23:30:43,side
2025/8/28 23:32:23,corridor
2025/8/28 23:32:23,middle
2025/8/28 23:32:57,mid-sep
2025/8/28 23:33:13,middle
2025/8/28 23:36:24,mid-sep
2025/8/28 23:36:48,middle
2025/8/28 23:36:50,corridor
2025/8/28 23:36:52,side
2025/8/28 23:38:46,corridor
2025/8/28 23:38:47,middle
2025/8/28 23:41:43,mid-sep
2025/8/28 23:41:53,middle
2025/8/28 23:42:07,corridor
2025/8/28 23:42:10,side
2025/8/28 23:42:17,corridor
2025/8/28 23:42:17,middle
2025/8/28 23:42:17,mid-sep
2025/8/28 23:43:04,middle
2025/8/28 23:43:31,mid-sep
2025/8/28 23:43:49,middle
2025/8/28 23:44:49,corridor
2025/8/28 23:44:50,side
2025/8/28 23:49:42,corridor
2025/8/28 23:49:43,middle
2025/8/28 23:49:43,mid-sep
2025/8/28 23:49:44,middle
2025/8/28 23:50:17,corridor
2025/8/28 23:50:20,side
2025/8/28 23:50:32,corridor
2025/8/28 23:50:33,middle
2025/8/28 23:50:35,corridor
2025/8/28 23:50:39,side
2025/8/28 23:51:34,corridor
2025/8/28 23:51:34,middle
2025/8/28 23:51:45,mid-sep
2025/8/28 23:51:46,middle
2025/8/28 23:51:50,corridor
2025/8/28 23:51:53,side
2025/8/28 23:53:25,corridor
2025/8/28 23:53:25,middle
2025/8/28 23:54:00,corridor
2025/8/28 23:54:02,side
2025/8/28 23:54:25,corridor
2025/8/28 23:54:26,middle
2025/8/28 23:55:11,corridor
2025/8/28 23:55:12,side
2025/8/28 23:59:59,side
